[
 {
   "dataName": "Resist",
   "friendlyName": "Resist",
   "nationalAIOption": false,
   "factionName": "ResistCouncil",
   "economySetting": 2,
   "welfareSetting": 1,
   "knowledgeSetting": 2,
   "unitySetting": null,
   "militarySetting": 3,
   "armySetting": 1,
   "spoilsSetting": 1,
   "spaceProgramSetting": 3,
   "boostSetting": 3,
   "missionControlSetting": 3,
   "nuclearProgramSetting": null,
   "spaceDefenseSetting": 3
 },
 {
   "dataName": "Destroy",
   "friendlyName": "Destroy",
   "nationalAIOption": false,
   "factionName": "DestroyCouncil",
   "economySetting": 2,
   "welfareSetting": null,
   "knowledgeSetting": 2,
   "unitySetting": 2,
   "militarySetting": 3,
   "armySetting": 3,
   "spoilsSetting": 2,
   "spaceProgramSetting": 2,
   "boostSetting": 3,
   "missionControlSetting": 3,
   "nuclearProgramSetting": 3,
   "spaceDefenseSetting": 3
 },
 {
   "dataName": "Escape",
   "friendlyName": "Escape",
   "nationalAIOption": false,
   "factionName": "EscapeCouncil",
   "economySetting": 1,
   "welfareSetting": null,
   "knowledgeSetting": 2,
   "unitySetting": null,
   "militarySetting": null,
   "armySetting": null,
   "spoilsSetting": 1,
   "spaceProgramSetting": 3,
   "boostSetting": 3,
   "missionControlSetting": 3,
   "nuclearProgramSetting": null,
   "spaceDefenseSetting": 1
 },
 {
   "dataName": "Cooperate",
   "friendlyName": "Cooperate",
   "nationalAIOption": false,
   "factionName": "CooperateCouncil",
   "economySetting": 2,
   "welfareSetting": 2,
   "knowledgeSetting": 3,
   "unitySetting": null,
   "militarySetting": null,
   "armySetting": null,
   "spoilsSetting": 2,
   "spaceProgramSetting": 2,
   "boostSetting": 3,
   "missionControlSetting": 3,
   "nuclearProgramSetting": null,
   "spaceDefenseSetting": 2
 },
 {
   "dataName": "Appease",
   "friendlyName": "Appease",
   "nationalAIOption": false,
   "factionName": "AppeaseCouncil",
   "economySetting": 2,
   "welfareSetting": 2,
   "knowledgeSetting": 2,
   "unitySetting": 1,
   "militarySetting": 2,
   "armySetting": 1,
   "spoilsSetting": 2,
   "spaceProgramSetting": null,
   "boostSetting": 2,
   "missionControlSetting": 3,
   "nuclearProgramSetting": null,
   "spaceDefenseSetting": 2
 },
 {
   "dataName": "Submit",
   "friendlyName": "Submit",
   "nationalAIOption": false,
   "factionName": "SubmitCouncil",
   "economySetting": 2,
   "welfareSetting": 3,
   "knowledgeSetting": 2,
   "unitySetting": 3,
   "militarySetting": 3,
   "armySetting": 3,
   "spoilsSetting": null,
   "spaceProgramSetting": 2,
   "boostSetting": 3,
   "missionControlSetting": 3,
   "nuclearProgramSetting": 1,
   "spaceDefenseSetting": 2
 },
 {
   "dataName": "Exploit",
   "friendlyName": "Exploit",
   "nationalAIOption": false,
   "factionName": "ExploitCouncil",
   "economySetting": 1,
   "welfareSetting": null,
   "knowledgeSetting": 2,
   "unitySetting": null,
   "militarySetting": 2,
   "armySetting": null,
   "spoilsSetting": 3,
   "spaceProgramSetting": 3,
   "boostSetting": 3,
   "missionControlSetting": 3,
   "nuclearProgramSetting": 1,
   "spaceDefenseSetting": 2
 },
 {
   "dataName": "Kleptocratic",
   "friendlyName": "Kleptocratic",
   "nationalAIOption": true,
   "factionName": "",
   "economySetting": null,
   "welfareSetting": null,
   "knowledgeSetting": null,
   "unitySetting": null,
   "militarySetting": null,
   "armySetting": null,
   "spoilsSetting": 1,
   "spaceProgramSetting": null,
   "boostSetting": null,
   "missionControlSetting": null,
   "nuclearProgramSetting": null,
   "spaceDefenseSetting": null
 },
 {
   "dataName": "Subsistence",
   "friendlyName": "Subsistence",
   "nationalAIOption": true,
   "factionName": "",
   "economySetting": null,
   "welfareSetting": null,
   "knowledgeSetting": null,
   "unitySetting": null,
   "militarySetting": 1,
   "armySetting": null,
   "spoilsSetting": 3,
   "spaceProgramSetting": null,
   "boostSetting": null,
   "missionControlSetting": null,
   "nuclearProgramSetting": null,
   "spaceDefenseSetting": null
 },
 {
   "dataName": "Stability",
   "friendlyName": "Stability",
   "nationalAIOption": true,
   "factionName": "",
   "economySetting": 1,
   "welfareSetting": 1,
   "knowledgeSetting": null,
   "unitySetting": 1,
   "militarySetting": 3,
   "armySetting": null,
   "spoilsSetting": 3,
   "spaceProgramSetting": null,
   "boostSetting": null,
   "missionControlSetting": null,
   "nuclearProgramSetting": null,
   "spaceDefenseSetting": null
 },
 {
   "dataName": "Developing",
   "friendlyName": "Developing",
   "nationalAIOption": true,
   "factionName": "",
   "economySetting": 2,
   "welfareSetting": null,
   "knowledgeSetting": null,
   "unitySetting": null,
   "militarySetting": 1,
   "armySetting": null,
   "spoilsSetting": 3,
   "spaceProgramSetting": null,
   "boostSetting": null,
   "missionControlSetting": null,
   "nuclearProgramSetting": null,
   "spaceDefenseSetting": null
 },
 {
   "dataName": "Industrialization",
   "friendlyName": "Industrialization",
   "nationalAIOption": true,
   "factionName": "",
   "economySetting": 2,
   "welfareSetting": 1,
   "knowledgeSetting": 1,
   "unitySetting": null,
   "militarySetting": 2,
   "armySetting": null,
   "spoilsSetting": 3,
   "spaceProgramSetting": null,
   "boostSetting": null,
   "missionControlSetting": null,
   "nuclearProgramSetting": null,
   "spaceDefenseSetting": null
 },
 {
   "dataName": "Modernization",
   "friendlyName": "Modernization",
   "nationalAIOption": true,
   "factionName": "",
   "economySetting": 3,
   "welfareSetting": 1,
   "knowledgeSetting": 2,
   "unitySetting": null,
   "militarySetting": 2,
   "armySetting": null,
   "spoilsSetting": 3,
   "spaceProgramSetting": 1,
   "boostSetting": null,
   "missionControlSetting": null,
   "nuclearProgramSetting": null,
   "spaceDefenseSetting": null
 },
 {
   "dataName": "Digitalization",
   "friendlyName": "Digitalization",
   "nationalAIOption": true,
   "factionName": "",
   "economySetting": 3,
   "welfareSetting": 1,
   "knowledgeSetting": 2,
   "unitySetting": null,
   "militarySetting": 2,
   "armySetting": null,
   "spoilsSetting": 2,
   "spaceProgramSetting": 1,
   "boostSetting": 1,
   "missionControlSetting": null,
   "nuclearProgramSetting": null,
   "spaceDefenseSetting": null
 },
 {
   "dataName": "Exploratory",
   "friendlyName": "Exploratory",
   "nationalAIOption": true,
   "factionName": "",
   "economySetting": 3,
   "welfareSetting": null,
   "knowledgeSetting": 2,
   "unitySetting": null,
   "militarySetting": 1,
   "armySetting": null,
   "spoilsSetting": 2,
   "spaceProgramSetting": 2,
   "boostSetting": 3,
   "missionControlSetting": 2,
   "nuclearProgramSetting": null,
   "spaceDefenseSetting": null
 },
 {
   "dataName": "Populist",
   "friendlyName": "Populist",
   "nationalAIOption": true,
   "factionName": "",
   "economySetting": null,
   "welfareSetting": 3,
   "knowledgeSetting": null,
   "unitySetting": 1,
   "militarySetting": 3,
   "armySetting": null,
   "spoilsSetting": 3,
   "spaceProgramSetting": null,
   "boostSetting": null,
   "missionControlSetting": null,
   "nuclearProgramSetting": null,
   "spaceDefenseSetting": null
 },
 {
   "dataName": "Reactionary",
   "friendlyName": "Reactionary",
   "nationalAIOption": true,
   "factionName": "",
   "economySetting": null,
   "welfareSetting": null,
   "knowledgeSetting": null,
   "unitySetting": 1,
   "militarySetting": 3,
   "armySetting": 3,
   "spoilsSetting": 3,
   "spaceProgramSetting": null,
   "boostSetting": null,
   "missionControlSetting": null,
   "nuclearProgramSetting": null,
   "spaceDefenseSetting": null
 },
 {
   "dataName": "Authoritarian",
   "friendlyName": "Authoritarian",
   "nationalAIOption": true,
   "factionName": "",
   "economySetting": 2,
   "welfareSetting": null,
   "knowledgeSetting": null,
   "unitySetting": 1,
   "militarySetting": 3,
   "armySetting": null,
   "spoilsSetting": 3,
   "spaceProgramSetting": null,
   "boostSetting": null,
   "missionControlSetting": null,
   "nuclearProgramSetting": null,
   "spaceDefenseSetting": null
 },
 {
   "dataName": "Totalitarian",
   "friendlyName": "Totalitarian",
   "nationalAIOption": true,
   "factionName": "",
   "economySetting": 1,
   "welfareSetting": null,
   "knowledgeSetting": null,
   "unitySetting": 3,
   "militarySetting": 3,
   "armySetting": null,
   "spoilsSetting": 3,
   "spaceProgramSetting": null,
   "boostSetting": null,
   "missionControlSetting": null,
   "nuclearProgramSetting": null,
   "spaceDefenseSetting": null
 },
 {
   "dataName": "Militarist",
   "friendlyName": "Militarist",
   "nationalAIOption": true,
   "factionName": "",
   "economySetting": null,
   "welfareSetting": null,
   "knowledgeSetting": null,
   "unitySetting": 2,
   "militarySetting": 3,
   "armySetting": 3,
   "spoilsSetting": 2,
   "spaceProgramSetting": 1,
   "boostSetting": 2,
   "missionControlSetting": 1,
   "nuclearProgramSetting": 3,
   "spaceDefenseSetting": null
 },
 {
   "dataName": "Survival",
   "friendlyName": "Survival",
   "nationalAIOption": true,
   "factionName": "",
   "economySetting": null,
   "welfareSetting": null,
   "knowledgeSetting": null,
   "unitySetting": null,
   "militarySetting": 3,
   "armySetting": 3,
   "spoilsSetting": 2,
   "spaceProgramSetting": null,
   "boostSetting": null,
   "missionControlSetting": null,
   "nuclearProgramSetting": null,
   "spaceDefenseSetting": null
 },
 {
   "dataName": "Expansionist",
   "friendlyName": "Expansionist",
   "nationalAIOption": true,
   "factionName": "",
   "economySetting": null,
   "welfareSetting": null,
   "knowledgeSetting": null,
   "unitySetting": null,
   "militarySetting": 3,
   "armySetting": 3,
   "spoilsSetting": 3,
   "spaceProgramSetting": 1,
   "boostSetting": 2,
   "missionControlSetting": 1,
   "nuclearProgramSetting": null,
   "spaceDefenseSetting": 1
 },
 {
   "dataName": "Imperial",
   "friendlyName": "Imperial",
   "nationalAIOption": true,
   "factionName": "",
   "economySetting": 1,
   "welfareSetting": null,
   "knowledgeSetting": 1,
   "unitySetting": 1,
   "militarySetting": 2,
   "armySetting": 1,
   "spoilsSetting": 1,
   "spaceProgramSetting": 1,
   "boostSetting": 2,
   "missionControlSetting": 1,
   "nuclearProgramSetting": null,
   "spaceDefenseSetting": 1
 },
 {
   "dataName": "Libertarian",
   "friendlyName": "Libertarian",
   "nationalAIOption": true,
   "factionName": "",
   "economySetting": 3,
   "welfareSetting": null,
   "knowledgeSetting": null,
   "unitySetting": null,
   "militarySetting": 1,
   "armySetting": null,
   "spoilsSetting": 3,
   "spaceProgramSetting": null,
   "boostSetting": null,
   "missionControlSetting": null,
   "nuclearProgramSetting": null,
   "spaceDefenseSetting": null
 },
 {
   "dataName": "Conservative",
   "friendlyName": "Conservative",
   "nationalAIOption": true,
   "factionName": "",
   "economySetting": 3,
   "welfareSetting": null,
   "knowledgeSetting": 1,
   "unitySetting": null,
   "militarySetting": 3,
   "armySetting": null,
   "spoilsSetting": 2,
   "spaceProgramSetting": null,
   "boostSetting": null,
   "missionControlSetting": null,
   "nuclearProgramSetting": null,
   "spaceDefenseSetting": null
 },
 {
   "dataName": "Centrist",
   "friendlyName": "Centrist",
   "nationalAIOption": true,
   "factionName": "",
   "economySetting": 3,
   "welfareSetting": 1,
   "knowledgeSetting": 2,
   "unitySetting": null,
   "militarySetting": 2,
   "armySetting": null,
   "spoilsSetting": 2,
   "spaceProgramSetting": null,
   "boostSetting": null,
   "missionControlSetting": null,
   "nuclearProgramSetting": null,
   "spaceDefenseSetting": null
 },
 {
   "dataName": "Liberal",
   "friendlyName": "Liberal",
   "nationalAIOption": true,
   "factionName": "",
   "economySetting": 3,
   "welfareSetting": 2,
   "knowledgeSetting": 2,
   "unitySetting": null,
   "militarySetting": 1,
   "armySetting": null,
   "spoilsSetting": 2,
   "spaceProgramSetting": null,
   "boostSetting": null,
   "missionControlSetting": null,
   "nuclearProgramSetting": null,
   "spaceDefenseSetting": null
 },
 {
   "dataName": "Technocratic",
   "friendlyName": "Technocratic",
   "nationalAIOption": true,
   "factionName": "",
   "economySetting": 1,
   "welfareSetting": 1,
   "knowledgeSetting": 1,
   "unitySetting": null,
   "militarySetting": null,
   "armySetting": null,
   "spoilsSetting": 1,
   "spaceProgramSetting": 1,
   "boostSetting": null,
   "missionControlSetting": null,
   "nuclearProgramSetting": null,
   "spaceDefenseSetting": null
 },
 {
   "dataName": "Peaceful",
   "friendlyName": "Peaceful",
   "nationalAIOption": true,
   "factionName": "",
   "economySetting": 3,
   "welfareSetting": 2,
   "knowledgeSetting": 2,
   "unitySetting": null,
   "militarySetting": null,
   "armySetting": null,
   "spoilsSetting": 2,
   "spaceProgramSetting": null,
   "boostSetting": null,
   "missionControlSetting": null,
   "nuclearProgramSetting": null,
   "spaceDefenseSetting": null
 },
 {
   "dataName": "Socialist",
   "friendlyName": "Socialist",
   "nationalAIOption": true,
   "factionName": "",
   "economySetting": 2,
   "welfareSetting": 3,
   "knowledgeSetting": 2,
   "unitySetting": null,
   "militarySetting": null,
   "armySetting": null,
   "spoilsSetting": 2,
   "spaceProgramSetting": null,
   "boostSetting": null,
   "missionControlSetting": null,
   "nuclearProgramSetting": null,
   "spaceDefenseSetting": null
 },
 {
   "dataName": "Green",
   "friendlyName": "Green",
   "nationalAIOption": true,
   "factionName": "",
   "economySetting": 1,
   "welfareSetting": 3,
   "knowledgeSetting": 1,
   "unitySetting": null,
   "militarySetting": null,
   "armySetting": null,
   "spoilsSetting": 1,
   "spaceProgramSetting": null,
   "boostSetting": null,
   "missionControlSetting": null,
   "nuclearProgramSetting": null,
   "spaceDefenseSetting": null
 },
 {
   "dataName": "Marxist",
   "friendlyName": "Marxist",
   "nationalAIOption": true,
   "factionName": "",
   "economySetting": 1,
   "welfareSetting": 2,
   "knowledgeSetting": 1,
   "unitySetting": 1,
   "militarySetting": null,
   "armySetting": null,
   "spoilsSetting": null,
   "spaceProgramSetting": null,
   "boostSetting": null,
   "missionControlSetting": null,
   "nuclearProgramSetting": null,
   "spaceDefenseSetting": null
 },
 {
   "dataName": "Communist",
   "friendlyName": "Communist",
   "nationalAIOption": true,
   "factionName": "",
   "economySetting": 1,
   "welfareSetting": 2,
   "knowledgeSetting": 1,
   "unitySetting": 2,
   "militarySetting": 3,
   "armySetting": 1,
   "spoilsSetting": 3,
   "spaceProgramSetting": null,
   "boostSetting": null,
   "missionControlSetting": null,
   "nuclearProgramSetting": null,
   "spaceDefenseSetting": null
 },
 {
   "dataName": "Heinleinian",
   "friendlyName": "Heinleinian",
   "nationalAIOption": false,
   "factionName": "",
   "economySetting": 3,
   "welfareSetting": null,
   "knowledgeSetting": null,
   "unitySetting": null,
   "militarySetting": 1,
   "armySetting": null,
   "spoilsSetting": 3,
   "spaceProgramSetting": 3,
   "boostSetting": 3,
   "missionControlSetting": 2,
   "nuclearProgramSetting": null,
   "spaceDefenseSetting": 1
 },
 {
   "dataName": "Pournellian",
   "friendlyName": "Pournellian",
   "nationalAIOption": false,
   "factionName": "",
   "economySetting": 3,
   "welfareSetting": null,
   "knowledgeSetting": 1,
   "unitySetting": null,
   "militarySetting": 3,
   "armySetting": null,
   "spoilsSetting": 3,
   "spaceProgramSetting": 3,
   "boostSetting": 3,
   "missionControlSetting": 3,
   "nuclearProgramSetting": null,
   "spaceDefenseSetting": 2
 },
 {
   "dataName": "Clarkean",
   "friendlyName": "Clarkean",
   "nationalAIOption": false,
   "factionName": "",
   "economySetting": 3,
   "welfareSetting": 1,
   "knowledgeSetting": 1,
   "unitySetting": null,
   "militarySetting": 2,
   "armySetting": null,
   "spoilsSetting": 3,
   "spaceProgramSetting": 3,
   "boostSetting": 3,
   "missionControlSetting": 2,
   "nuclearProgramSetting": null,
   "spaceDefenseSetting": 1
 },
 {
   "dataName": "Kennedyian",
   "friendlyName": "Kennedyian",
   "nationalAIOption": false,
   "factionName": "",
   "economySetting": 3,
   "welfareSetting": 2,
   "knowledgeSetting": 1,
   "unitySetting": null,
   "militarySetting": 1,
   "armySetting": null,
   "spoilsSetting": 2,
   "spaceProgramSetting": 3,
   "boostSetting": 3,
   "missionControlSetting": 2,
   "nuclearProgramSetting": null,
   "spaceDefenseSetting": 1
 },
 {
   "dataName": "Roddenberrian",
   "friendlyName": "Roddenberrian",
   "nationalAIOption": false,
   "factionName": "",
   "economySetting": 3,
   "welfareSetting": 3,
   "knowledgeSetting": 2,
   "unitySetting": null,
   "militarySetting": null,
   "armySetting": null,
   "spoilsSetting": 1,
   "spaceProgramSetting": 3,
   "boostSetting": 3,
   "missionControlSetting": 3,
   "nuclearProgramSetting": null,
   "spaceDefenseSetting": null
 },
 {
   "dataName": "Asimovian",
   "friendlyName": "Asimovian",
   "nationalAIOption": false,
   "factionName": "",
   "economySetting": 2,
   "welfareSetting": 1,
   "knowledgeSetting": 3,
   "unitySetting": null,
   "militarySetting": null,
   "armySetting": null,
   "spoilsSetting": 1,
   "spaceProgramSetting": 3,
   "boostSetting": 3,
   "missionControlSetting": 3,
   "nuclearProgramSetting": null,
   "spaceDefenseSetting": null
 },
 {
   "dataName": "Baenian",
   "friendlyName": "Baenian",
   "nationalAIOption": false,
   "factionName": "",
   "economySetting": 1,
   "welfareSetting": null,
   "knowledgeSetting": null,
   "unitySetting": null,
   "militarySetting": 3,
   "armySetting": 3,
   "spoilsSetting": 1,
   "spaceProgramSetting": 3,
   "boostSetting": 3,
   "missionControlSetting": 2,
   "nuclearProgramSetting": 2,
   "spaceDefenseSetting": 3
 },
 {
   "dataName": "Robinsonian",
   "friendlyName": "Robinsonian",
   "nationalAIOption": false,
   "factionName": "",
   "economySetting": 1,
   "welfareSetting": 3,
   "knowledgeSetting": 1,
   "unitySetting": null,
   "militarySetting": null,
   "armySetting": null,
   "spoilsSetting": null,
   "spaceProgramSetting": 3,
   "boostSetting": 3,
   "missionControlSetting": 2,
   "nuclearProgramSetting": null,
   "spaceDefenseSetting": null
 },
 {
   "dataName": "Banksian",
   "friendlyName": "Banksian",
   "nationalAIOption": false,
   "factionName": "",
   "economySetting": null,
   "welfareSetting": 3,
   "knowledgeSetting": 2,
   "unitySetting": 1,
   "militarySetting": null,
   "armySetting": null,
   "spoilsSetting": null,
   "spaceProgramSetting": 3,
   "boostSetting": 3,
   "missionControlSetting": 2,
   "nuclearProgramSetting": null,
   "spaceDefenseSetting": null
 },
 {
   "dataName": "Alien",
   "friendlyName": "Alien",
   "nationalAIOption": false,
   "factionName": "AlienCouncil",
   "economySetting": null,
   "welfareSetting": null,
   "knowledgeSetting": null,
   "unitySetting": 1,
   "militarySetting": 1,
   "armySetting": 1,
   "spoilsSetting": null,
   "spaceProgramSetting": null,
   "boostSetting": null,
   "missionControlSetting": null,
   "nuclearProgramSetting": null,
   "spaceDefenseSetting": 1
 },
 {
   "dataName": "Morganic_PVC",
   "friendlyName": "Morganic",
   "nationalAIOption": true,
   "factionName": "",
   "economySetting": 3,
   "welfareSetting": 0,
   "resettlementSetting": 1,
   "knowledgeSetting": 1,
   "unitySetting": 1,
   "militarySetting": 1,
   "armySetting": 1,
   "spoilsSetting": 3,
   "spaceProgramSetting": 3,
   "boostSetting": 3,
   "missionControlSetting": 2,
   "nuclearProgramSetting": 1,
   "spaceDefenseSetting": 1
 },
 {
   "dataName": "Communist_PVC",
   "friendlyName": "Communist",
   "nationalAIOption": true,
   "factionName": "",
   "economySetting": 2,
   "welfareSetting": 3,
   "resettlementSetting": 2,
   "knowledgeSetting": 2,
   "unitySetting": 3,
   "militarySetting": 2,
   "armySetting": 1,
   "spoilsSetting": 1,
   "spaceProgramSetting": 1,
   "boostSetting": 3,
   "missionControlSetting": 3,
   "nuclearProgramSetting": 1,
   "spaceDefenseSetting": 1
 },
 {
   "dataName": "Liberalizing_PVC",
   "friendlyName": "Liberalizing",
   "nationalAIOption": true,
   "factionName": "",
   "economySetting": 2,
   "welfareSetting": 2,
   "resettlementSetting": 3,
   "knowledgeSetting": 3,
   "unitySetting": 0,
   "militarySetting": 1,
   "armySetting": 0,
   "spoilsSetting": 0,
   "spaceProgramSetting": 2,
   "boostSetting": 3,
   "missionControlSetting": 0,
   "nuclearProgramSetting": 0,
   "spaceDefenseSetting": 1
 },
 {
   "dataName": "Academician_PVC",
   "friendlyName": "Academician",
   "nationalAIOption": true,
   "factionName": "",
   "economySetting": 3,
   "welfareSetting": 1,
   "resettlementSetting": 2,
   "knowledgeSetting": 3,
   "unitySetting": 0,
   "militarySetting": 2,
   "armySetting": 0,
   "spoilsSetting": 1,
   "spaceProgramSetting": 3,
   "boostSetting": 3,
   "missionControlSetting": 3,
   "nuclearProgramSetting": 2,
   "spaceDefenseSetting": 2
 },
 {
   "dataName": "Interventionist_PVC",
   "friendlyName": "Interventionist",
   "nationalAIOption": true,
   "factionName": "",
   "economySetting": 2,
   "welfareSetting": 2,
   "resettlementSetting": 1,
   "knowledgeSetting": 1,
   "unitySetting": 2,
   "militarySetting": 3,
   "armySetting": 3,
   "spoilsSetting": 2,
   "spaceProgramSetting": 1,
   "boostSetting": 3,
   "missionControlSetting": 1,
   "nuclearProgramSetting": 1,
   "spaceDefenseSetting": 2
 },
 {
   "dataName": "Revolutionary_PVC",
   "friendlyName": "Revolutionary",
   "nationalAIOption": true,
   "factionName": "",
   "economySetting": 1,
   "welfareSetting": 1,
   "resettlementSetting": 0,
   "knowledgeSetting": 0,
   "unitySetting": 3,
   "militarySetting": 3,
   "armySetting": 2,
   "spoilsSetting": 1,
   "spaceProgramSetting": 0,
   "boostSetting": 3,
   "missionControlSetting": 0,
   "nuclearProgramSetting": 2,
   "spaceDefenseSetting": 2
 },
 {
   "dataName": "Expansionist_PVC",
   "friendlyName": "Expansionist",
   "nationalAIOption": true,
   "factionName": "",
   "economySetting": 3,
   "welfareSetting": 1,
   "resettlementSetting": 3,
   "knowledgeSetting": 1,
   "unitySetting": 2,
   "militarySetting": 3,
   "armySetting": 3,
   "spoilsSetting": 2,
   "spaceProgramSetting": 1,
   "boostSetting": 3,
   "missionControlSetting": 2,
   "nuclearProgramSetting": 2,
   "spaceDefenseSetting": 3
 },
 {
   "dataName": "Disruptive_PVC",
   "friendlyName": "Disruptive",
   "nationalAIOption": true,
   "factionName": "",
   "economySetting": 1,
   "welfareSetting": 0,
   "resettlementSetting": 0,
   "knowledgeSetting": 0,
   "unitySetting": 3,
   "militarySetting": 2,
   "armySetting": 1,
   "spoilsSetting": 3,
   "spaceProgramSetting": 0,
   "boostSetting": 3,
   "missionControlSetting": 3,
   "nuclearProgramSetting": 3,
   "spaceDefenseSetting": 2
 },
 {
   "dataName": "Peacekeeping_PVC",
   "friendlyName": "Peacekeeping",
   "nationalAIOption": true,
   "factionName": "",
   "economySetting": 2,
   "welfareSetting": 3,
   "resettlementSetting": 3,
   "knowledgeSetting": 2,
   "unitySetting": 1,
   "militarySetting": 1,
   "armySetting": 1,
   "spoilsSetting": 0,
   "spaceProgramSetting": 3,
   "boostSetting": 3,
   "missionControlSetting": 0,
   "nuclearProgramSetting": 0,
   "spaceDefenseSetting": 0
 },
 {
   "dataName": "Stabilizing_PVC",
   "friendlyName": "Stabilizing",
   "nationalAIOption": true,
   "factionName": "",
   "economySetting": 2,
   "welfareSetting": 2,
   "resettlementSetting": 2,
   "knowledgeSetting": 1,
   "unitySetting": 0,
   "militarySetting": 1,
   "armySetting": 0,
   "spoilsSetting": 1,
   "spaceProgramSetting": 0,
   "boostSetting": 3,
   "missionControlSetting": 0,
   "nuclearProgramSetting": 0,
   "spaceDefenseSetting": 0
 },
 {
   "dataName": "DOMESTICATE_PVC",
   "friendlyName": "DOMESTICATE",
   "nationalAIOption": false,
   "factionName": "DomesticateCouncil",
   "economySetting": 2,
   "welfareSetting": 3,
   "resettlementSetting": 2,
   "knowledgeSetting": 1,
   "unitySetting": 3,
   "militarySetting": 3,
   "armySetting": 2,
   "spoilsSetting": 1,
   "spaceProgramSetting": 1,
   "boostSetting": 3,
   "missionControlSetting": 2,
   "nuclearProgramSetting": 2,
   "spaceDefenseSetting": 2
 },
 {
   "dataName": "DISREGARD_PVC",
   "friendlyName": "DISREGARD",
   "nationalAIOption": false,
   "factionName": "DisregardCouncil",
   "economySetting": 3,
   "welfareSetting": 0,
   "resettlementSetting": -1,
   "knowledgeSetting": 1,
   "unitySetting": 1,
   "militarySetting": 3,
   "armySetting": 2,
   "spoilsSetting": 3,
   "spaceProgramSetting": 0,
   "boostSetting": 3,
   "missionControlSetting": 2,
   "nuclearProgramSetting": 2,
   "spaceDefenseSetting": 2
 },
 {
   "dataName": "CHALLENGE_PVC",
   "friendlyName": "CHALLENGE",
   "nationalAIOption": false,
   "factionName": "ChallengeCouncil",
   "economySetting": 3,
   "welfareSetting": 1,
   "resettlementSetting": 1,
   "knowledgeSetting": 2,
   "unitySetting": 0,
   "militarySetting": 3,
   "armySetting": 2,
   "spoilsSetting": 2,
   "spaceProgramSetting": 1,
   "boostSetting": 3,
   "missionControlSetting": 2,
   "nuclearProgramSetting": 2,
   "spaceDefenseSetting": 2
 },
 {
   "dataName": "SELF-SUSTAIN_PVC",
   "friendlyName": "SELF-SUSTAIN",
   "nationalAIOption": false,
   "factionName": "SelfSustainCouncil",
   "economySetting": 2,
   "welfareSetting": 2,
   "resettlementSetting": 2,
   "knowledgeSetting": 3,
   "unitySetting": -1,
   "militarySetting": 3,
   "armySetting": 2,
   "spoilsSetting": 0,
   "spaceProgramSetting": 2,
   "boostSetting": 3,
   "missionControlSetting": 2,
   "nuclearProgramSetting": 2,
   "spaceDefenseSetting": 2
 },
 {
   "dataName": "ENLIGHTEN_PVC",
   "friendlyName": "ENLIGHTEN",
   "nationalAIOption": false,
   "factionName": "EnlightenCouncil",
   "economySetting": 2,
   "welfareSetting": 3,
   "resettlementSetting": 3,
   "knowledgeSetting": 3,
   "unitySetting": 1,
   "militarySetting": 2,
   "armySetting": 2,
   "spoilsSetting": -1,
   "spaceProgramSetting": 3,
   "boostSetting": 3,
   "missionControlSetting": 2,
   "nuclearProgramSetting": 2,
   "spaceDefenseSetting": 2
 },
 {
   "dataName": "ANTAGONIST_PVC",
   "friendlyName": "ANTAGONIST",
   "nationalAIOption": false,
   "factionName": "AntagonistCouncil",
   "economySetting": -1,
   "welfareSetting": -1,
   "resettlementSetting": -1,
   "knowledgeSetting": -1,
   "unitySetting": -1,
   "militarySetting": 3,
   "armySetting": 3,
   "spoilsSetting": 3,
   "spaceProgramSetting": -1,
   "boostSetting": 3,
   "missionControlSetting": 3,
   "nuclearProgramSetting": 3,
   "spaceDefenseSetting": 3
 }
]