<?xml version="1.0" encoding="UTF-8"?>
<objects serializationModel="Studio.02.01.00">
	<object class="Event" id="{00010a83-8aca-4983-bc31-67eb46f733a6}">
		<property name="name">
			<value>Failure</value>
		</property>
		<property name="outputFormat">
			<value>0</value>
		</property>
		<relationship name="folder">
			<destination>{bcb05354-2d8c-48d1-bfca-b53faf6aca0d}</destination>
		</relationship>
		<relationship name="mixer">
			<destination>{290694d4-6b0c-4d89-aa5a-d65e31fcbcd5}</destination>
		</relationship>
		<relationship name="masterTrack">
			<destination>{3efe5acd-6300-497c-8b26-1934fcb8b327}</destination>
		</relationship>
		<relationship name="mixerInput">
			<destination>{f4d153ab-a053-493a-8512-955189605447}</destination>
		</relationship>
		<relationship name="automatableProperties">
			<destination>{290b9f06-c96f-4b7f-9ce2-63b40795ba3a}</destination>
		</relationship>
		<relationship name="markerTracks">
			<destination>{71bec3bb-6749-47f1-9a80-a3efdfa72723}</destination>
		</relationship>
		<relationship name="groupTracks">
			<destination>{c8809150-0cfc-49bd-a3c8-9f821c4d24d1}</destination>
		</relationship>
		<relationship name="timeline">
			<destination>{667b3de2-edda-451d-b150-ceb2d7dfa8c7}</destination>
		</relationship>
		<relationship name="banks">
			<destination>{8c3f9de4-14c8-4279-a712-2040780fff61}</destination>
		</relationship>
	</object>
	<object class="EventMixer" id="{290694d4-6b0c-4d89-aa5a-d65e31fcbcd5}">
		<relationship name="masterBus">
			<destination>{907a6612-383c-433d-9882-50de3d442734}</destination>
		</relationship>
	</object>
	<object class="MasterTrack" id="{3efe5acd-6300-497c-8b26-1934fcb8b327}">
		<relationship name="mixerGroup">
			<destination>{907a6612-383c-433d-9882-50de3d442734}</destination>
		</relationship>
	</object>
	<object class="MixerInput" id="{f4d153ab-a053-493a-8512-955189605447}">
		<relationship name="effectChain">
			<destination>{5e74ff32-8bae-4fb0-917b-33ac5d944bdd}</destination>
		</relationship>
		<relationship name="panner">
			<destination>{29b518a6-a233-4bec-8cda-07abd7ce19ce}</destination>
		</relationship>
		<relationship name="output">
			<destination>{a74bdffc-cbb2-488b-ae3c-038020e1273d}</destination>
		</relationship>
	</object>
	<object class="EventAutomatableProperties" id="{290b9f06-c96f-4b7f-9ce2-63b40795ba3a}" />
	<object class="MarkerTrack" id="{71bec3bb-6749-47f1-9a80-a3efdfa72723}" />
	<object class="GroupTrack" id="{c8809150-0cfc-49bd-a3c8-9f821c4d24d1}">
		<relationship name="modules">
			<destination>{bd01ccd9-2cff-49ba-adfe-d8a258294176}</destination>
		</relationship>
		<relationship name="mixerGroup">
			<destination>{069247c8-51f2-4b02-a57b-d792a599695c}</destination>
		</relationship>
	</object>
	<object class="Timeline" id="{667b3de2-edda-451d-b150-ceb2d7dfa8c7}">
		<relationship name="modules">
			<destination>{bd01ccd9-2cff-49ba-adfe-d8a258294176}</destination>
		</relationship>
	</object>
	<object class="EventMixerMaster" id="{907a6612-383c-433d-9882-50de3d442734}">
		<relationship name="effectChain">
			<destination>{b4bffbcf-dba2-4c42-9e29-3f8df38c9102}</destination>
		</relationship>
		<relationship name="panner">
			<destination>{ef35e7fc-40bc-4f4e-8459-c465dd746ac7}</destination>
		</relationship>
		<relationship name="mixer">
			<destination>{290694d4-6b0c-4d89-aa5a-d65e31fcbcd5}</destination>
		</relationship>
	</object>
	<object class="MixerBusEffectChain" id="{5e74ff32-8bae-4fb0-917b-33ac5d944bdd}">
		<relationship name="effects">
			<destination>{4d8b9501-7215-4b0e-b4b4-b6564edfe526}</destination>
		</relationship>
	</object>
	<object class="MixerBusPanner" id="{29b518a6-a233-4bec-8cda-07abd7ce19ce}" />
	<object class="MultiSound" id="{bd01ccd9-2cff-49ba-adfe-d8a258294176}">
		<property name="length">
			<value>2.2124999999999999</value>
		</property>
	</object>
	<object class="EventMixerGroup" id="{069247c8-51f2-4b02-a57b-d792a599695c}">
		<property name="name">
			<value>Audio 1</value>
		</property>
		<relationship name="effectChain">
			<destination>{0e44398e-3b7c-4128-abbc-5ca688bbaa1a}</destination>
		</relationship>
		<relationship name="panner">
			<destination>{12cec671-260b-4d4c-bd5d-e09aa8f29f2d}</destination>
		</relationship>
		<relationship name="output">
			<destination>{907a6612-383c-433d-9882-50de3d442734}</destination>
		</relationship>
	</object>
	<object class="MixerBusEffectChain" id="{b4bffbcf-dba2-4c42-9e29-3f8df38c9102}">
		<relationship name="effects">
			<destination>{a8ca1bea-21c4-46f9-ab79-09b983e82423}</destination>
		</relationship>
	</object>
	<object class="MixerBusPanner" id="{ef35e7fc-40bc-4f4e-8459-c465dd746ac7}" />
	<object class="MixerBusFader" id="{4d8b9501-7215-4b0e-b4b4-b6564edfe526}" />
	<object class="MixerBusEffectChain" id="{0e44398e-3b7c-4128-abbc-5ca688bbaa1a}">
		<relationship name="effects">
			<destination>{3512aeb0-33db-408d-b1c5-8422744d036a}</destination>
		</relationship>
	</object>
	<object class="MixerBusPanner" id="{12cec671-260b-4d4c-bd5d-e09aa8f29f2d}" />
	<object class="MixerBusFader" id="{a8ca1bea-21c4-46f9-ab79-09b983e82423}" />
	<object class="MixerBusFader" id="{3512aeb0-33db-408d-b1c5-8422744d036a}" />
</objects>
