<?xml version="1.0" encoding="UTF-8"?>
<objects serializationModel="Studio.02.01.00">
	<object class="Event" id="{000c4e96-3d47-42f9-aa75-f23017d001b8}">
		<property name="name">
			<value>Success</value>
		</property>
		<property name="outputFormat">
			<value>0</value>
		</property>
		<relationship name="folder">
			<destination>{173f68cc-1fbc-4e87-871e-a23cec1bcde3}</destination>
		</relationship>
		<relationship name="mixer">
			<destination>{dc2282a0-3b2a-4e28-955d-02f1e1aba592}</destination>
		</relationship>
		<relationship name="masterTrack">
			<destination>{abf5f771-0279-4008-b4af-39754c231e00}</destination>
		</relationship>
		<relationship name="mixerInput">
			<destination>{6f7343bd-211c-4305-b3f5-e134f83f30df}</destination>
		</relationship>
		<relationship name="automatableProperties">
			<destination>{ba19aa02-661c-4e4e-86cb-4775b7050cdb}</destination>
		</relationship>
		<relationship name="markerTracks">
			<destination>{9a8d3f37-c583-4009-b5bb-4ad0d4d71eba}</destination>
		</relationship>
		<relationship name="groupTracks">
			<destination>{bb50d459-fa90-4178-afb8-57dd9322e4af}</destination>
		</relationship>
		<relationship name="timeline">
			<destination>{2bd5198f-481f-4f26-90f3-bf2608f00293}</destination>
		</relationship>
		<relationship name="banks">
			<destination>{8c3f9de4-14c8-4279-a712-2040780fff61}</destination>
		</relationship>
	</object>
	<object class="EventMixer" id="{dc2282a0-3b2a-4e28-955d-02f1e1aba592}">
		<relationship name="masterBus">
			<destination>{42408883-388d-445e-bae6-f6617d03c972}</destination>
		</relationship>
	</object>
	<object class="MasterTrack" id="{abf5f771-0279-4008-b4af-39754c231e00}">
		<relationship name="mixerGroup">
			<destination>{42408883-388d-445e-bae6-f6617d03c972}</destination>
		</relationship>
	</object>
	<object class="MixerInput" id="{6f7343bd-211c-4305-b3f5-e134f83f30df}">
		<relationship name="effectChain">
			<destination>{200224be-8e54-415d-9b8a-3802da6b7a0f}</destination>
		</relationship>
		<relationship name="panner">
			<destination>{5dac6ad7-f3da-46a7-88a8-dd8e3d2bc4b8}</destination>
		</relationship>
		<relationship name="output">
			<destination>{a74bdffc-cbb2-488b-ae3c-038020e1273d}</destination>
		</relationship>
	</object>
	<object class="EventAutomatableProperties" id="{ba19aa02-661c-4e4e-86cb-4775b7050cdb}" />
	<object class="MarkerTrack" id="{9a8d3f37-c583-4009-b5bb-4ad0d4d71eba}" />
	<object class="GroupTrack" id="{bb50d459-fa90-4178-afb8-57dd9322e4af}">
		<relationship name="modules">
			<destination>{c7696e68-3a00-4c77-b184-4072c0af71cf}</destination>
		</relationship>
		<relationship name="mixerGroup">
			<destination>{4d2520ec-4221-4d9c-8827-fd931eaac94c}</destination>
		</relationship>
	</object>
	<object class="Timeline" id="{2bd5198f-481f-4f26-90f3-bf2608f00293}">
		<relationship name="modules">
			<destination>{c7696e68-3a00-4c77-b184-4072c0af71cf}</destination>
		</relationship>
	</object>
	<object class="EventMixerMaster" id="{42408883-388d-445e-bae6-f6617d03c972}">
		<relationship name="effectChain">
			<destination>{484c8a80-c0fc-4eef-acb5-2ac24ee54037}</destination>
		</relationship>
		<relationship name="panner">
			<destination>{2acc9385-1656-4a59-b576-b485f686477f}</destination>
		</relationship>
		<relationship name="mixer">
			<destination>{dc2282a0-3b2a-4e28-955d-02f1e1aba592}</destination>
		</relationship>
	</object>
	<object class="MixerBusEffectChain" id="{200224be-8e54-415d-9b8a-3802da6b7a0f}">
		<relationship name="effects">
			<destination>{ebae98da-7555-4eda-8fd2-496cfe64d006}</destination>
		</relationship>
	</object>
	<object class="MixerBusPanner" id="{5dac6ad7-f3da-46a7-88a8-dd8e3d2bc4b8}" />
	<object class="MultiSound" id="{c7696e68-3a00-4c77-b184-4072c0af71cf}">
		<property name="length">
			<value>1.8577083333333333</value>
		</property>
		<relationship name="sounds">
			<destination>{c24ba7bb-0ea4-4998-a761-bed37ec2250c}</destination>
			<destination>{77cbbb23-3a2d-4e5d-98ea-a288ed3e4fbf}</destination>
			<destination>{d1c437c0-9795-43e7-bb6c-4952622d89b2}</destination>
		</relationship>
	</object>
	<object class="EventMixerGroup" id="{4d2520ec-4221-4d9c-8827-fd931eaac94c}">
		<property name="name">
			<value>Audio 1</value>
		</property>
		<relationship name="effectChain">
			<destination>{2611bc05-c14a-4950-953e-0f489455fcdf}</destination>
		</relationship>
		<relationship name="panner">
			<destination>{7bceb36d-0147-4251-aed9-81072b446bf0}</destination>
		</relationship>
		<relationship name="output">
			<destination>{42408883-388d-445e-bae6-f6617d03c972}</destination>
		</relationship>
	</object>
	<object class="MixerBusEffectChain" id="{484c8a80-c0fc-4eef-acb5-2ac24ee54037}">
		<relationship name="effects">
			<destination>{36ad8b2a-3c64-45c8-8f2c-6d6b2ec215d1}</destination>
		</relationship>
	</object>
	<object class="MixerBusPanner" id="{2acc9385-1656-4a59-b576-b485f686477f}" />
	<object class="MixerBusFader" id="{ebae98da-7555-4eda-8fd2-496cfe64d006}" />
	<object class="SingleSound" id="{c24ba7bb-0ea4-4998-a761-bed37ec2250c}">
		<relationship name="audioFile">
			<destination>{81cde1aa-ea13-4a88-b9bf-70ae9e1e2b6b}</destination>
		</relationship>
	</object>
	<object class="SingleSound" id="{77cbbb23-3a2d-4e5d-98ea-a288ed3e4fbf}">
		<relationship name="audioFile">
			<destination>{549cbdc2-0d5c-4da2-9fb0-706f572d3feb}</destination>
		</relationship>
	</object>
	<object class="SingleSound" id="{d1c437c0-9795-43e7-bb6c-4952622d89b2}">
		<relationship name="audioFile">
			<destination>{abddf6c7-a4d6-4f42-a693-0595cc8fc0e9}</destination>
		</relationship>
	</object>
	<object class="MixerBusEffectChain" id="{2611bc05-c14a-4950-953e-0f489455fcdf}">
		<relationship name="effects">
			<destination>{369cffca-fe0b-47c4-8f16-b96a3246eed7}</destination>
		</relationship>
	</object>
	<object class="MixerBusPanner" id="{7bceb36d-0147-4251-aed9-81072b446bf0}" />
	<object class="MixerBusFader" id="{36ad8b2a-3c64-45c8-8f2c-6d6b2ec215d1}" />
	<object class="MixerBusFader" id="{369cffca-fe0b-47c4-8f16-b96a3246eed7}" />
</objects>
