<?xml version="1.0" encoding="UTF-8"?>
<objects serializationModel="Studio.02.01.00">
	<object class="Event" id="{00192091-10ed-43c1-958d-11857a065d9d}">
		<property name="name">
			<value>Success</value>
		</property>
		<property name="outputFormat">
			<value>0</value>
		</property>
		<relationship name="folder">
			<destination>{e622a7c6-cb03-4ec0-b0e7-80e78d8e116b}</destination>
		</relationship>
		<relationship name="mixer">
			<destination>{6a1bf0f3-f195-4823-b312-d1e5010e931c}</destination>
		</relationship>
		<relationship name="masterTrack">
			<destination>{f732368a-536e-4571-b1bb-71f4cd60c647}</destination>
		</relationship>
		<relationship name="mixerInput">
			<destination>{8de00537-6e32-459e-802b-4e463acb62f8}</destination>
		</relationship>
		<relationship name="automatableProperties">
			<destination>{7d4cf253-c7a8-4f83-856d-99f6fb379ff1}</destination>
		</relationship>
		<relationship name="markerTracks">
			<destination>{5e731d93-27f0-4678-ada6-dbdd94b2d9b0}</destination>
		</relationship>
		<relationship name="groupTracks">
			<destination>{938611dc-ad8f-4ce8-80e9-63ee37856909}</destination>
		</relationship>
		<relationship name="timeline">
			<destination>{3caee858-3e51-4e44-85d4-2f3749c16180}</destination>
		</relationship>
		<relationship name="banks">
			<destination>{8c3f9de4-14c8-4279-a712-2040780fff61}</destination>
		</relationship>
	</object>
	<object class="EventMixer" id="{6a1bf0f3-f195-4823-b312-d1e5010e931c}">
		<relationship name="masterBus">
			<destination>{175f89c1-5578-44fc-986e-1ba9e7b87462}</destination>
		</relationship>
	</object>
	<object class="MasterTrack" id="{f732368a-536e-4571-b1bb-71f4cd60c647}">
		<relationship name="mixerGroup">
			<destination>{175f89c1-5578-44fc-986e-1ba9e7b87462}</destination>
		</relationship>
	</object>
	<object class="MixerInput" id="{8de00537-6e32-459e-802b-4e463acb62f8}">
		<relationship name="effectChain">
			<destination>{e4a80cc7-bcca-40a6-83b6-78e27e10a476}</destination>
		</relationship>
		<relationship name="panner">
			<destination>{82ffcb76-5a44-401a-8060-a634900b6f13}</destination>
		</relationship>
		<relationship name="output">
			<destination>{a74bdffc-cbb2-488b-ae3c-038020e1273d}</destination>
		</relationship>
	</object>
	<object class="EventAutomatableProperties" id="{7d4cf253-c7a8-4f83-856d-99f6fb379ff1}" />
	<object class="MarkerTrack" id="{5e731d93-27f0-4678-ada6-dbdd94b2d9b0}" />
	<object class="GroupTrack" id="{938611dc-ad8f-4ce8-80e9-63ee37856909}">
		<relationship name="modules">
			<destination>{7a65b23b-99f6-4734-9dbe-a45961d8b81b}</destination>
		</relationship>
		<relationship name="mixerGroup">
			<destination>{af633c16-2435-49c3-859d-b851fac41525}</destination>
		</relationship>
	</object>
	<object class="Timeline" id="{3caee858-3e51-4e44-85d4-2f3749c16180}">
		<relationship name="modules">
			<destination>{7a65b23b-99f6-4734-9dbe-a45961d8b81b}</destination>
		</relationship>
	</object>
	<object class="EventMixerMaster" id="{175f89c1-5578-44fc-986e-1ba9e7b87462}">
		<relationship name="effectChain">
			<destination>{bb8f4411-9cfb-4944-a0c5-6059b748689e}</destination>
		</relationship>
		<relationship name="panner">
			<destination>{6b0dd628-1e0d-4b63-9e47-6ea734437af0}</destination>
		</relationship>
		<relationship name="mixer">
			<destination>{6a1bf0f3-f195-4823-b312-d1e5010e931c}</destination>
		</relationship>
	</object>
	<object class="MixerBusEffectChain" id="{e4a80cc7-bcca-40a6-83b6-78e27e10a476}">
		<relationship name="effects">
			<destination>{7453975c-e286-4d02-94d2-ef619a21e38a}</destination>
		</relationship>
	</object>
	<object class="MixerBusPanner" id="{82ffcb76-5a44-401a-8060-a634900b6f13}" />
	<object class="MultiSound" id="{7a65b23b-99f6-4734-9dbe-a45961d8b81b}">
		<property name="length">
			<value>1.6059583333333334</value>
		</property>
		<relationship name="sounds">
			<destination>{182aac92-bccf-42ad-ad41-de63f96cc824}</destination>
			<destination>{5ccf2698-b0e2-4485-b8aa-fa770d5542b1}</destination>
		</relationship>
	</object>
	<object class="EventMixerGroup" id="{af633c16-2435-49c3-859d-b851fac41525}">
		<property name="name">
			<value>Audio 1</value>
		</property>
		<relationship name="effectChain">
			<destination>{821b9a08-c44f-4c42-b04d-756f70419b62}</destination>
		</relationship>
		<relationship name="panner">
			<destination>{af22d263-8974-4d00-98e5-e7c7de5f9c3e}</destination>
		</relationship>
		<relationship name="output">
			<destination>{175f89c1-5578-44fc-986e-1ba9e7b87462}</destination>
		</relationship>
	</object>
	<object class="MixerBusEffectChain" id="{bb8f4411-9cfb-4944-a0c5-6059b748689e}">
		<relationship name="effects">
			<destination>{24460992-ed6f-48c9-b3c6-44ab6329abea}</destination>
		</relationship>
	</object>
	<object class="MixerBusPanner" id="{6b0dd628-1e0d-4b63-9e47-6ea734437af0}" />
	<object class="MixerBusFader" id="{7453975c-e286-4d02-94d2-ef619a21e38a}" />
	<object class="SingleSound" id="{182aac92-bccf-42ad-ad41-de63f96cc824}">
		<relationship name="audioFile">
			<destination>{e8289821-b6a1-4ce1-acd8-3f901e0a8614}</destination>
		</relationship>
	</object>
	<object class="SingleSound" id="{5ccf2698-b0e2-4485-b8aa-fa770d5542b1}">
		<relationship name="audioFile">
			<destination>{63029725-5e66-4c0b-bff3-cc5bd8df08c6}</destination>
		</relationship>
	</object>
	<object class="MixerBusEffectChain" id="{821b9a08-c44f-4c42-b04d-756f70419b62}">
		<relationship name="effects">
			<destination>{5c8136d3-2c2b-4ff6-8d15-c7b59ad64040}</destination>
		</relationship>
	</object>
	<object class="MixerBusPanner" id="{af22d263-8974-4d00-98e5-e7c7de5f9c3e}" />
	<object class="MixerBusFader" id="{24460992-ed6f-48c9-b3c6-44ab6329abea}" />
	<object class="MixerBusFader" id="{5c8136d3-2c2b-4ff6-8d15-c7b59ad64040}" />
</objects>
