<?xml version="1.0" encoding="UTF-8"?>
<objects serializationModel="Studio.02.01.00">
	<object class="Event" id="{002c7b1a-dc6a-43f9-8538-3a98e7ac5301}">
		<property name="name">
			<value>Assigned</value>
		</property>
		<property name="outputFormat">
			<value>0</value>
		</property>
		<relationship name="folder">
			<destination>{16d7e104-51c3-4998-b260-d842b45a6e29}</destination>
		</relationship>
		<relationship name="mixer">
			<destination>{58968181-e718-4a3b-a4bb-d6baca9c52e3}</destination>
		</relationship>
		<relationship name="masterTrack">
			<destination>{7df80626-80e8-4c71-b9d5-6720045a1469}</destination>
		</relationship>
		<relationship name="mixerInput">
			<destination>{6d363c7c-028d-4c34-874c-9d0ae141239e}</destination>
		</relationship>
		<relationship name="automatableProperties">
			<destination>{f41da94d-d2ba-4aff-8551-377cfddbcd97}</destination>
		</relationship>
		<relationship name="markerTracks">
			<destination>{e3efaf9f-d798-412b-a53b-76a90e02d83f}</destination>
		</relationship>
		<relationship name="groupTracks">
			<destination>{8c13e039-a0a1-46e1-9c70-4c9e9d975d10}</destination>
		</relationship>
		<relationship name="timeline">
			<destination>{3139891b-0d55-4f78-90ad-1962afa97845}</destination>
		</relationship>
		<relationship name="banks">
			<destination>{8c3f9de4-14c8-4279-a712-2040780fff61}</destination>
		</relationship>
	</object>
	<object class="EventMixer" id="{58968181-e718-4a3b-a4bb-d6baca9c52e3}">
		<relationship name="masterBus">
			<destination>{4d2df007-228e-471e-b770-86b027ffc59c}</destination>
		</relationship>
	</object>
	<object class="MasterTrack" id="{7df80626-80e8-4c71-b9d5-6720045a1469}">
		<relationship name="mixerGroup">
			<destination>{4d2df007-228e-471e-b770-86b027ffc59c}</destination>
		</relationship>
	</object>
	<object class="MixerInput" id="{6d363c7c-028d-4c34-874c-9d0ae141239e}">
		<relationship name="effectChain">
			<destination>{0fec0ed7-28c0-410e-8a80-76aaf8273e5d}</destination>
		</relationship>
		<relationship name="panner">
			<destination>{622ce3c0-8bcf-4d1a-9a78-e6a252e50507}</destination>
		</relationship>
		<relationship name="output">
			<destination>{a74bdffc-cbb2-488b-ae3c-038020e1273d}</destination>
		</relationship>
	</object>
	<object class="EventAutomatableProperties" id="{f41da94d-d2ba-4aff-8551-377cfddbcd97}" />
	<object class="MarkerTrack" id="{e3efaf9f-d798-412b-a53b-76a90e02d83f}" />
	<object class="GroupTrack" id="{8c13e039-a0a1-46e1-9c70-4c9e9d975d10}">
		<relationship name="modules">
			<destination>{5b9f454d-2f23-472b-856c-e7510327029a}</destination>
		</relationship>
		<relationship name="mixerGroup">
			<destination>{c9e35da8-91a0-4f21-b5f7-086e6dc55602}</destination>
		</relationship>
	</object>
	<object class="Timeline" id="{3139891b-0d55-4f78-90ad-1962afa97845}">
		<relationship name="modules">
			<destination>{5b9f454d-2f23-472b-856c-e7510327029a}</destination>
		</relationship>
	</object>
	<object class="EventMixerMaster" id="{4d2df007-228e-471e-b770-86b027ffc59c}">
		<relationship name="effectChain">
			<destination>{6384b587-80a8-4bbb-aaab-9c04d6839fb9}</destination>
		</relationship>
		<relationship name="panner">
			<destination>{a51da44e-be8d-4152-9da2-7a3253a03010}</destination>
		</relationship>
		<relationship name="mixer">
			<destination>{58968181-e718-4a3b-a4bb-d6baca9c52e3}</destination>
		</relationship>
	</object>
	<object class="MixerBusEffectChain" id="{0fec0ed7-28c0-410e-8a80-76aaf8273e5d}">
		<relationship name="effects">
			<destination>{18868dee-6a07-4701-a3e4-907615decc91}</destination>
		</relationship>
	</object>
	<object class="MixerBusPanner" id="{622ce3c0-8bcf-4d1a-9a78-e6a252e50507}" />
	<object class="MultiSound" id="{5b9f454d-2f23-472b-856c-e7510327029a}">
		<property name="length">
			<value>1.8920833333333333</value>
		</property>
		<relationship name="sounds">
			<destination>{cc8ceb4b-e1f4-44da-8dd7-c29296bd4672}</destination>
			<destination>{4eb514bf-26b9-4841-a16a-421ce19abcdd}</destination>
		</relationship>
	</object>
	<object class="EventMixerGroup" id="{c9e35da8-91a0-4f21-b5f7-086e6dc55602}">
		<property name="name">
			<value>Audio 1</value>
		</property>
		<relationship name="effectChain">
			<destination>{0d68dcba-4b62-4867-9e84-1a487bd6c800}</destination>
		</relationship>
		<relationship name="panner">
			<destination>{2730f6b4-19fd-4534-936c-4712f543ab08}</destination>
		</relationship>
		<relationship name="output">
			<destination>{4d2df007-228e-471e-b770-86b027ffc59c}</destination>
		</relationship>
	</object>
	<object class="MixerBusEffectChain" id="{6384b587-80a8-4bbb-aaab-9c04d6839fb9}">
		<relationship name="effects">
			<destination>{4dc04fe8-2c3b-4fef-af03-b4896444481c}</destination>
		</relationship>
	</object>
	<object class="MixerBusPanner" id="{a51da44e-be8d-4152-9da2-7a3253a03010}" />
	<object class="MixerBusFader" id="{18868dee-6a07-4701-a3e4-907615decc91}" />
	<object class="SingleSound" id="{cc8ceb4b-e1f4-44da-8dd7-c29296bd4672}">
		<relationship name="audioFile">
			<destination>{0091176a-be50-4ae2-b232-80e36697534d}</destination>
		</relationship>
	</object>
	<object class="SingleSound" id="{4eb514bf-26b9-4841-a16a-421ce19abcdd}">
		<relationship name="audioFile">
			<destination>{657ab440-b92e-4181-8785-2479c27f67bb}</destination>
		</relationship>
	</object>
	<object class="MixerBusEffectChain" id="{0d68dcba-4b62-4867-9e84-1a487bd6c800}">
		<relationship name="effects">
			<destination>{5aed44a9-8d43-43b3-a327-f9b4ee66fbc5}</destination>
		</relationship>
	</object>
	<object class="MixerBusPanner" id="{2730f6b4-19fd-4534-936c-4712f543ab08}" />
	<object class="MixerBusFader" id="{4dc04fe8-2c3b-4fef-af03-b4896444481c}" />
	<object class="MixerBusFader" id="{5aed44a9-8d43-43b3-a327-f9b4ee66fbc5}" />
</objects>
