<?xml version="1.0" encoding="UTF-8"?>
<objects serializationModel="Studio.02.01.00">
	<object class="Event" id="{003e8dd7-72da-44e2-a01c-8570f113de16}">
		<property name="name">
			<value>Success</value>
		</property>
		<property name="outputFormat">
			<value>0</value>
		</property>
		<relationship name="folder">
			<destination>{4b782988-82ae-46f4-865e-22e499a9444b}</destination>
		</relationship>
		<relationship name="mixer">
			<destination>{3addbebf-e417-4ec0-8557-c6fea6e283d8}</destination>
		</relationship>
		<relationship name="masterTrack">
			<destination>{88a70069-41a4-4b29-b8e9-2c8f990ca967}</destination>
		</relationship>
		<relationship name="mixerInput">
			<destination>{b8e7c860-86f0-4fca-ba7e-6030de1031a2}</destination>
		</relationship>
		<relationship name="automatableProperties">
			<destination>{d3d74cb5-92a1-43af-b207-2980cf0952b1}</destination>
		</relationship>
		<relationship name="markerTracks">
			<destination>{8b398426-218f-4e8b-b4bd-f4d278df2871}</destination>
		</relationship>
		<relationship name="groupTracks">
			<destination>{d3e18b4e-3733-4509-8d92-6df0cabee0b0}</destination>
		</relationship>
		<relationship name="timeline">
			<destination>{86aec64a-f72f-4ab5-ab18-c53b9c6be8a1}</destination>
		</relationship>
		<relationship name="banks">
			<destination>{8c3f9de4-14c8-4279-a712-2040780fff61}</destination>
		</relationship>
	</object>
	<object class="EventMixer" id="{3addbebf-e417-4ec0-8557-c6fea6e283d8}">
		<relationship name="masterBus">
			<destination>{be44dd73-de5b-491f-9b31-eb855407abdb}</destination>
		</relationship>
	</object>
	<object class="MasterTrack" id="{88a70069-41a4-4b29-b8e9-2c8f990ca967}">
		<relationship name="mixerGroup">
			<destination>{be44dd73-de5b-491f-9b31-eb855407abdb}</destination>
		</relationship>
	</object>
	<object class="MixerInput" id="{b8e7c860-86f0-4fca-ba7e-6030de1031a2}">
		<relationship name="effectChain">
			<destination>{741796e4-cbbc-478f-a7e1-abd924db94b2}</destination>
		</relationship>
		<relationship name="panner">
			<destination>{b351ea98-c36e-4273-b60d-b963df7908b8}</destination>
		</relationship>
		<relationship name="output">
			<destination>{a74bdffc-cbb2-488b-ae3c-038020e1273d}</destination>
		</relationship>
	</object>
	<object class="EventAutomatableProperties" id="{d3d74cb5-92a1-43af-b207-2980cf0952b1}" />
	<object class="MarkerTrack" id="{8b398426-218f-4e8b-b4bd-f4d278df2871}" />
	<object class="GroupTrack" id="{d3e18b4e-3733-4509-8d92-6df0cabee0b0}">
		<relationship name="modules">
			<destination>{2f327640-2cbc-482f-bccf-ad0a62023031}</destination>
		</relationship>
		<relationship name="mixerGroup">
			<destination>{a20be7e3-302c-4620-a0cc-34627d09c4a0}</destination>
		</relationship>
	</object>
	<object class="Timeline" id="{86aec64a-f72f-4ab5-ab18-c53b9c6be8a1}">
		<relationship name="modules">
			<destination>{2f327640-2cbc-482f-bccf-ad0a62023031}</destination>
		</relationship>
	</object>
	<object class="EventMixerMaster" id="{be44dd73-de5b-491f-9b31-eb855407abdb}">
		<relationship name="effectChain">
			<destination>{7db171ae-0575-4fb4-b9c1-47dd85c74a5e}</destination>
		</relationship>
		<relationship name="panner">
			<destination>{d244f8ee-5bab-4b6f-b128-b508516f040c}</destination>
		</relationship>
		<relationship name="mixer">
			<destination>{3addbebf-e417-4ec0-8557-c6fea6e283d8}</destination>
		</relationship>
	</object>
	<object class="MixerBusEffectChain" id="{741796e4-cbbc-478f-a7e1-abd924db94b2}">
		<relationship name="effects">
			<destination>{e3d64a74-e92c-42c6-a0df-5698e5901be6}</destination>
		</relationship>
	</object>
	<object class="MixerBusPanner" id="{b351ea98-c36e-4273-b60d-b963df7908b8}" />
	<object class="MultiSound" id="{2f327640-2cbc-482f-bccf-ad0a62023031}">
		<property name="length">
			<value>2.5703749999999999</value>
		</property>
		<relationship name="sounds">
			<destination>{06ced84e-a880-4cf9-a3d0-67b581a859e0}</destination>
			<destination>{6847c74d-fe25-4ad7-a139-c857c179ff65}</destination>
		</relationship>
	</object>
	<object class="EventMixerGroup" id="{a20be7e3-302c-4620-a0cc-34627d09c4a0}">
		<property name="name">
			<value>Audio 1</value>
		</property>
		<relationship name="effectChain">
			<destination>{e856ccc9-06d7-4580-8091-1d1165f760c6}</destination>
		</relationship>
		<relationship name="panner">
			<destination>{e707c24c-0dd4-4881-9701-443e60ef2ae6}</destination>
		</relationship>
		<relationship name="output">
			<destination>{be44dd73-de5b-491f-9b31-eb855407abdb}</destination>
		</relationship>
	</object>
	<object class="MixerBusEffectChain" id="{7db171ae-0575-4fb4-b9c1-47dd85c74a5e}">
		<relationship name="effects">
			<destination>{2af844e7-a2f7-4f30-8cbe-06831f0cd6bc}</destination>
		</relationship>
	</object>
	<object class="MixerBusPanner" id="{d244f8ee-5bab-4b6f-b128-b508516f040c}" />
	<object class="MixerBusFader" id="{e3d64a74-e92c-42c6-a0df-5698e5901be6}" />
	<object class="SingleSound" id="{06ced84e-a880-4cf9-a3d0-67b581a859e0}">
		<relationship name="audioFile">
			<destination>{11872cfd-5097-4867-9910-5ff821133a55}</destination>
		</relationship>
	</object>
	<object class="SingleSound" id="{6847c74d-fe25-4ad7-a139-c857c179ff65}">
		<relationship name="audioFile">
			<destination>{44581399-413f-4940-a21c-50ade8a21571}</destination>
		</relationship>
	</object>
	<object class="MixerBusEffectChain" id="{e856ccc9-06d7-4580-8091-1d1165f760c6}">
		<relationship name="effects">
			<destination>{e15f46f8-1d89-49b7-b095-91cb872c5c2e}</destination>
		</relationship>
	</object>
	<object class="MixerBusPanner" id="{e707c24c-0dd4-4881-9701-443e60ef2ae6}" />
	<object class="MixerBusFader" id="{2af844e7-a2f7-4f30-8cbe-06831f0cd6bc}" />
	<object class="MixerBusFader" id="{e15f46f8-1d89-49b7-b095-91cb872c5c2e}" />
</objects>
