<?xml version="1.0" encoding="UTF-8"?>
<objects serializationModel="Studio.02.01.00">
	<object class="Event" id="{0041d250-2ad0-433a-a575-9ce27b49c228}">
		<property name="name">
			<value>Failure</value>
		</property>
		<property name="outputFormat">
			<value>0</value>
		</property>
		<relationship name="folder">
			<destination>{6396e8b4-66f7-472e-a373-f3b8cfaee022}</destination>
		</relationship>
		<relationship name="mixer">
			<destination>{7c314b6f-4660-4c23-8b94-64af91e49401}</destination>
		</relationship>
		<relationship name="masterTrack">
			<destination>{45f13fc8-1234-42bc-9df5-4e5f8151af17}</destination>
		</relationship>
		<relationship name="mixerInput">
			<destination>{3fc30449-24a9-4621-89a7-85f5b9c99e2b}</destination>
		</relationship>
		<relationship name="automatableProperties">
			<destination>{12d93d75-efa0-46a9-98b8-4f3a4ecbc59d}</destination>
		</relationship>
		<relationship name="markerTracks">
			<destination>{33538ca6-88e5-45a1-a3d5-a9050da23bdc}</destination>
		</relationship>
		<relationship name="groupTracks">
			<destination>{d1d97391-417e-4c83-a691-c2e678d3b42f}</destination>
		</relationship>
		<relationship name="timeline">
			<destination>{914ddeb7-7cdc-4e41-9694-879b571f2f31}</destination>
		</relationship>
		<relationship name="banks">
			<destination>{8c3f9de4-14c8-4279-a712-2040780fff61}</destination>
		</relationship>
	</object>
	<object class="EventMixer" id="{7c314b6f-4660-4c23-8b94-64af91e49401}">
		<relationship name="masterBus">
			<destination>{48d3a496-625a-4fc3-8d49-bfa17d185d4b}</destination>
		</relationship>
	</object>
	<object class="MasterTrack" id="{45f13fc8-1234-42bc-9df5-4e5f8151af17}">
		<relationship name="mixerGroup">
			<destination>{48d3a496-625a-4fc3-8d49-bfa17d185d4b}</destination>
		</relationship>
	</object>
	<object class="MixerInput" id="{3fc30449-24a9-4621-89a7-85f5b9c99e2b}">
		<relationship name="effectChain">
			<destination>{da0a1a2a-748a-4199-83a3-767b4ee4e5ae}</destination>
		</relationship>
		<relationship name="panner">
			<destination>{23ee0aa9-3faa-4e07-aa2b-f0a0130e7ee2}</destination>
		</relationship>
		<relationship name="output">
			<destination>{a74bdffc-cbb2-488b-ae3c-038020e1273d}</destination>
		</relationship>
	</object>
	<object class="EventAutomatableProperties" id="{12d93d75-efa0-46a9-98b8-4f3a4ecbc59d}" />
	<object class="MarkerTrack" id="{33538ca6-88e5-45a1-a3d5-a9050da23bdc}" />
	<object class="GroupTrack" id="{d1d97391-417e-4c83-a691-c2e678d3b42f}">
		<relationship name="modules">
			<destination>{e666d183-8304-4e51-81bf-9aed6dbd1177}</destination>
		</relationship>
		<relationship name="mixerGroup">
			<destination>{7566bff6-ee87-4e7d-b61c-e93ddc1664e5}</destination>
		</relationship>
	</object>
	<object class="Timeline" id="{914ddeb7-7cdc-4e41-9694-879b571f2f31}">
		<relationship name="modules">
			<destination>{e666d183-8304-4e51-81bf-9aed6dbd1177}</destination>
		</relationship>
	</object>
	<object class="EventMixerMaster" id="{48d3a496-625a-4fc3-8d49-bfa17d185d4b}">
		<relationship name="effectChain">
			<destination>{96d7e9e1-03c3-4a07-8d81-0bb1817c51ed}</destination>
		</relationship>
		<relationship name="panner">
			<destination>{79cdc9cf-cb42-4895-88e9-e599ed6863f6}</destination>
		</relationship>
		<relationship name="mixer">
			<destination>{7c314b6f-4660-4c23-8b94-64af91e49401}</destination>
		</relationship>
	</object>
	<object class="MixerBusEffectChain" id="{da0a1a2a-748a-4199-83a3-767b4ee4e5ae}">
		<relationship name="effects">
			<destination>{28d31fbd-4e00-46b5-b29c-25f39ecfbfd0}</destination>
		</relationship>
	</object>
	<object class="MixerBusPanner" id="{23ee0aa9-3faa-4e07-aa2b-f0a0130e7ee2}" />
	<object class="MultiSound" id="{e666d183-8304-4e51-81bf-9aed6dbd1177}">
		<property name="length">
			<value>2.8485</value>
		</property>
		<relationship name="sounds">
			<destination>{d4f362da-3b2a-48b5-a457-141605b5e239}</destination>
			<destination>{324853eb-97e8-4357-82af-b8ccfa96df32}</destination>
		</relationship>
	</object>
	<object class="EventMixerGroup" id="{7566bff6-ee87-4e7d-b61c-e93ddc1664e5}">
		<property name="name">
			<value>Audio 1</value>
		</property>
		<relationship name="effectChain">
			<destination>{c4aa67ae-701a-4588-9a83-ed880bc5e376}</destination>
		</relationship>
		<relationship name="panner">
			<destination>{2d33b878-f991-481f-89ab-a36be082248b}</destination>
		</relationship>
		<relationship name="output">
			<destination>{48d3a496-625a-4fc3-8d49-bfa17d185d4b}</destination>
		</relationship>
	</object>
	<object class="MixerBusEffectChain" id="{96d7e9e1-03c3-4a07-8d81-0bb1817c51ed}">
		<relationship name="effects">
			<destination>{6885f1d9-3896-48bf-a1bf-5be4039ed247}</destination>
		</relationship>
	</object>
	<object class="MixerBusPanner" id="{79cdc9cf-cb42-4895-88e9-e599ed6863f6}" />
	<object class="MixerBusFader" id="{28d31fbd-4e00-46b5-b29c-25f39ecfbfd0}" />
	<object class="SingleSound" id="{d4f362da-3b2a-48b5-a457-141605b5e239}">
		<relationship name="audioFile">
			<destination>{64ea3e44-f180-40ff-bf0e-a25e4c4c90ae}</destination>
		</relationship>
	</object>
	<object class="SingleSound" id="{324853eb-97e8-4357-82af-b8ccfa96df32}">
		<relationship name="audioFile">
			<destination>{55880fbe-748d-49f9-89bf-2b9a74516cbd}</destination>
		</relationship>
	</object>
	<object class="MixerBusEffectChain" id="{c4aa67ae-701a-4588-9a83-ed880bc5e376}">
		<relationship name="effects">
			<destination>{687f7591-6ae3-470a-8743-d7f37d7b9e35}</destination>
		</relationship>
	</object>
	<object class="MixerBusPanner" id="{2d33b878-f991-481f-89ab-a36be082248b}" />
	<object class="MixerBusFader" id="{6885f1d9-3896-48bf-a1bf-5be4039ed247}" />
	<object class="MixerBusFader" id="{687f7591-6ae3-470a-8743-d7f37d7b9e35}" />
</objects>
