<?xml version="1.0" encoding="UTF-8"?>
<objects serializationModel="Studio.02.01.00">
	<object class="Event" id="{008b6dc4-f8e2-4895-8daa-e567f7a25582}">
		<property name="name">
			<value>Failure</value>
		</property>
		<property name="outputFormat">
			<value>0</value>
		</property>
		<relationship name="folder">
			<destination>{c9a506ce-5b71-4cca-8c2d-dc6a65845f9f}</destination>
		</relationship>
		<relationship name="mixer">
			<destination>{5997d662-176c-406e-b00b-a63352517fb6}</destination>
		</relationship>
		<relationship name="masterTrack">
			<destination>{f11f947f-dd4e-4d0f-9a0a-e10c11b9841a}</destination>
		</relationship>
		<relationship name="mixerInput">
			<destination>{fe75658a-8e22-47c6-b7d1-ce588e6f62c5}</destination>
		</relationship>
		<relationship name="automatableProperties">
			<destination>{a352662f-62ea-42aa-81f6-82f42deba37f}</destination>
		</relationship>
		<relationship name="markerTracks">
			<destination>{2b99b2f3-6da1-4de6-a46f-1a6d28d911d4}</destination>
		</relationship>
		<relationship name="groupTracks">
			<destination>{a0575f40-35d7-4b1b-bd7c-f9efa3231842}</destination>
		</relationship>
		<relationship name="timeline">
			<destination>{8f71d26b-a4a0-4def-a61e-91da2f3b1f4c}</destination>
		</relationship>
		<relationship name="banks">
			<destination>{8c3f9de4-14c8-4279-a712-2040780fff61}</destination>
		</relationship>
	</object>
	<object class="EventMixer" id="{5997d662-176c-406e-b00b-a63352517fb6}">
		<relationship name="masterBus">
			<destination>{328954d4-e6c0-4acd-9c2f-62034366b4ac}</destination>
		</relationship>
	</object>
	<object class="MasterTrack" id="{f11f947f-dd4e-4d0f-9a0a-e10c11b9841a}">
		<relationship name="mixerGroup">
			<destination>{328954d4-e6c0-4acd-9c2f-62034366b4ac}</destination>
		</relationship>
	</object>
	<object class="MixerInput" id="{fe75658a-8e22-47c6-b7d1-ce588e6f62c5}">
		<relationship name="effectChain">
			<destination>{756291ff-ba51-4aaf-bae5-3855c7b57ac5}</destination>
		</relationship>
		<relationship name="panner">
			<destination>{81e53d0a-26db-4bd4-9c6e-43d11260137d}</destination>
		</relationship>
		<relationship name="output">
			<destination>{a74bdffc-cbb2-488b-ae3c-038020e1273d}</destination>
		</relationship>
	</object>
	<object class="EventAutomatableProperties" id="{a352662f-62ea-42aa-81f6-82f42deba37f}" />
	<object class="MarkerTrack" id="{2b99b2f3-6da1-4de6-a46f-1a6d28d911d4}" />
	<object class="GroupTrack" id="{a0575f40-35d7-4b1b-bd7c-f9efa3231842}">
		<relationship name="modules">
			<destination>{2e25ce93-5c0a-4906-bc02-f4547008c99b}</destination>
		</relationship>
		<relationship name="mixerGroup">
			<destination>{a86fe667-6b77-4d6a-91ce-796499478fe1}</destination>
		</relationship>
	</object>
	<object class="Timeline" id="{8f71d26b-a4a0-4def-a61e-91da2f3b1f4c}">
		<relationship name="modules">
			<destination>{2e25ce93-5c0a-4906-bc02-f4547008c99b}</destination>
		</relationship>
	</object>
	<object class="EventMixerMaster" id="{328954d4-e6c0-4acd-9c2f-62034366b4ac}">
		<relationship name="effectChain">
			<destination>{6672b73c-bf47-4966-8ebf-fe624d9dd733}</destination>
		</relationship>
		<relationship name="panner">
			<destination>{61d94121-f563-4078-950e-854c897f9fb3}</destination>
		</relationship>
		<relationship name="mixer">
			<destination>{5997d662-176c-406e-b00b-a63352517fb6}</destination>
		</relationship>
	</object>
	<object class="MixerBusEffectChain" id="{756291ff-ba51-4aaf-bae5-3855c7b57ac5}">
		<relationship name="effects">
			<destination>{e49179e3-94ab-4519-a9c0-b73472bf34dc}</destination>
		</relationship>
	</object>
	<object class="MixerBusPanner" id="{81e53d0a-26db-4bd4-9c6e-43d11260137d}" />
	<object class="MultiSound" id="{2e25ce93-5c0a-4906-bc02-f4547008c99b}">
		<property name="length">
			<value>3.3967499999999999</value>
		</property>
		<relationship name="sounds">
			<destination>{0d64277c-12ff-4b5b-9831-7ac29ca37040}</destination>
			<destination>{2a893311-47dc-4622-ba95-7668b34bd109}</destination>
			<destination>{000d6a0e-8c1a-47aa-a521-c5a77ba220c8}</destination>
		</relationship>
	</object>
	<object class="EventMixerGroup" id="{a86fe667-6b77-4d6a-91ce-796499478fe1}">
		<property name="name">
			<value>Audio 1</value>
		</property>
		<relationship name="effectChain">
			<destination>{7209173b-e683-4532-990e-c1ac36c04b72}</destination>
		</relationship>
		<relationship name="panner">
			<destination>{4f391f8c-2912-4b7e-92d9-a61b535bfddb}</destination>
		</relationship>
		<relationship name="output">
			<destination>{328954d4-e6c0-4acd-9c2f-62034366b4ac}</destination>
		</relationship>
	</object>
	<object class="MixerBusEffectChain" id="{6672b73c-bf47-4966-8ebf-fe624d9dd733}">
		<relationship name="effects">
			<destination>{1c780a30-9076-440b-bbac-a841e62dde89}</destination>
		</relationship>
	</object>
	<object class="MixerBusPanner" id="{61d94121-f563-4078-950e-854c897f9fb3}" />
	<object class="MixerBusFader" id="{e49179e3-94ab-4519-a9c0-b73472bf34dc}" />
	<object class="SingleSound" id="{0d64277c-12ff-4b5b-9831-7ac29ca37040}">
		<relationship name="audioFile">
			<destination>{3bf9243c-386c-4d7d-81f7-8931050fdf9a}</destination>
		</relationship>
	</object>
	<object class="SingleSound" id="{2a893311-47dc-4622-ba95-7668b34bd109}">
		<relationship name="audioFile">
			<destination>{51b5d710-fe4c-4fea-ba39-253948ff6695}</destination>
		</relationship>
	</object>
	<object class="SingleSound" id="{000d6a0e-8c1a-47aa-a521-c5a77ba220c8}">
		<relationship name="audioFile">
			<destination>{31b09f65-94cd-453a-8a5c-55a1290eef77}</destination>
		</relationship>
	</object>
	<object class="MixerBusEffectChain" id="{7209173b-e683-4532-990e-c1ac36c04b72}">
		<relationship name="effects">
			<destination>{e636381c-d476-4e88-ad21-e7419fbfa830}</destination>
		</relationship>
	</object>
	<object class="MixerBusPanner" id="{4f391f8c-2912-4b7e-92d9-a61b535bfddb}" />
	<object class="MixerBusFader" id="{1c780a30-9076-440b-bbac-a841e62dde89}" />
	<object class="MixerBusFader" id="{e636381c-d476-4e88-ad21-e7419fbfa830}" />
</objects>
