<?xml version="1.0" encoding="UTF-8"?>
<objects serializationModel="Studio.02.01.00">
	<object class="Event" id="{00c5e595-e2e5-40c6-a994-f309af993c88}">
		<property name="name">
			<value>Success</value>
		</property>
		<property name="outputFormat">
			<value>0</value>
		</property>
		<relationship name="folder">
			<destination>{61e03a19-5c04-4b94-b099-36cbd35c35d8}</destination>
		</relationship>
		<relationship name="mixer">
			<destination>{2dec9d06-f6d3-4f85-a48e-ef69aa8ba0e1}</destination>
		</relationship>
		<relationship name="masterTrack">
			<destination>{dcc38ce7-57d9-4174-9484-561730e32185}</destination>
		</relationship>
		<relationship name="mixerInput">
			<destination>{3af4bdbb-359a-4a4b-9fa9-fb13ad33dedc}</destination>
		</relationship>
		<relationship name="automatableProperties">
			<destination>{cc73cd30-6ef8-4c72-8b9e-0e96f8c8edc2}</destination>
		</relationship>
		<relationship name="markerTracks">
			<destination>{c8e15ef7-fce2-454a-b875-c60903ef4616}</destination>
		</relationship>
		<relationship name="groupTracks">
			<destination>{88fd9783-c60b-4c04-99cb-aa9b2be70580}</destination>
		</relationship>
		<relationship name="timeline">
			<destination>{47ab22ce-1f34-4ca8-91aa-10a9d56beb08}</destination>
		</relationship>
		<relationship name="banks">
			<destination>{8c3f9de4-14c8-4279-a712-2040780fff61}</destination>
		</relationship>
	</object>
	<object class="EventMixer" id="{2dec9d06-f6d3-4f85-a48e-ef69aa8ba0e1}">
		<relationship name="masterBus">
			<destination>{4bec4856-c725-4b50-9ed8-6042dbe11a49}</destination>
		</relationship>
	</object>
	<object class="MasterTrack" id="{dcc38ce7-57d9-4174-9484-561730e32185}">
		<relationship name="mixerGroup">
			<destination>{4bec4856-c725-4b50-9ed8-6042dbe11a49}</destination>
		</relationship>
	</object>
	<object class="MixerInput" id="{3af4bdbb-359a-4a4b-9fa9-fb13ad33dedc}">
		<relationship name="effectChain">
			<destination>{6653f0c0-a8d4-47f5-a15c-1b548408e0b2}</destination>
		</relationship>
		<relationship name="panner">
			<destination>{1df5d21e-3953-469c-b5ca-463c8f72a367}</destination>
		</relationship>
		<relationship name="output">
			<destination>{a74bdffc-cbb2-488b-ae3c-038020e1273d}</destination>
		</relationship>
	</object>
	<object class="EventAutomatableProperties" id="{cc73cd30-6ef8-4c72-8b9e-0e96f8c8edc2}" />
	<object class="MarkerTrack" id="{c8e15ef7-fce2-454a-b875-c60903ef4616}" />
	<object class="GroupTrack" id="{88fd9783-c60b-4c04-99cb-aa9b2be70580}">
		<relationship name="modules">
			<destination>{b25758b6-0387-4c35-a375-034a25c4c73c}</destination>
		</relationship>
		<relationship name="mixerGroup">
			<destination>{637b3d8a-cf18-4770-961e-93525e529e8e}</destination>
		</relationship>
	</object>
	<object class="Timeline" id="{47ab22ce-1f34-4ca8-91aa-10a9d56beb08}">
		<relationship name="modules">
			<destination>{b25758b6-0387-4c35-a375-034a25c4c73c}</destination>
		</relationship>
	</object>
	<object class="EventMixerMaster" id="{4bec4856-c725-4b50-9ed8-6042dbe11a49}">
		<relationship name="effectChain">
			<destination>{e0ad22a9-c5ce-488a-b9e7-e2f5d2a0364a}</destination>
		</relationship>
		<relationship name="panner">
			<destination>{463f10ce-e409-42b8-a094-b7473600bb02}</destination>
		</relationship>
		<relationship name="mixer">
			<destination>{2dec9d06-f6d3-4f85-a48e-ef69aa8ba0e1}</destination>
		</relationship>
	</object>
	<object class="MixerBusEffectChain" id="{6653f0c0-a8d4-47f5-a15c-1b548408e0b2}">
		<relationship name="effects">
			<destination>{aa94c8f5-37da-47e2-9ceb-be0e8128b8ed}</destination>
		</relationship>
	</object>
	<object class="MixerBusPanner" id="{1df5d21e-3953-469c-b5ca-463c8f72a367}" />
	<object class="MultiSound" id="{b25758b6-0387-4c35-a375-034a25c4c73c}">
		<property name="length">
			<value>1.2797708333333333</value>
		</property>
		<relationship name="sounds">
			<destination>{1a20c9ee-719c-422a-8913-24a5f583ed7d}</destination>
			<destination>{f89537a5-4a64-4c03-8e6f-7d66191cedb8}</destination>
			<destination>{c3c29b3d-4c54-492a-a805-a2ff2f478664}</destination>
		</relationship>
	</object>
	<object class="EventMixerGroup" id="{637b3d8a-cf18-4770-961e-93525e529e8e}">
		<property name="name">
			<value>Audio 1</value>
		</property>
		<relationship name="effectChain">
			<destination>{552c66d5-e3da-42b8-81d7-2e8d309d422a}</destination>
		</relationship>
		<relationship name="panner">
			<destination>{7e2bc4a6-f3cb-434a-908a-f51ea51b7e9c}</destination>
		</relationship>
		<relationship name="output">
			<destination>{4bec4856-c725-4b50-9ed8-6042dbe11a49}</destination>
		</relationship>
	</object>
	<object class="MixerBusEffectChain" id="{e0ad22a9-c5ce-488a-b9e7-e2f5d2a0364a}">
		<relationship name="effects">
			<destination>{f802e049-ccc5-4c28-8c5b-34544c7721a5}</destination>
		</relationship>
	</object>
	<object class="MixerBusPanner" id="{463f10ce-e409-42b8-a094-b7473600bb02}" />
	<object class="MixerBusFader" id="{aa94c8f5-37da-47e2-9ceb-be0e8128b8ed}" />
	<object class="SingleSound" id="{1a20c9ee-719c-422a-8913-24a5f583ed7d}">
		<relationship name="audioFile">
			<destination>{e154b78c-c434-49fd-9b05-947c08fb8622}</destination>
		</relationship>
	</object>
	<object class="SingleSound" id="{f89537a5-4a64-4c03-8e6f-7d66191cedb8}">
		<relationship name="audioFile">
			<destination>{0b79b5d3-0d1e-44e8-a4bd-f55d5b8dbfde}</destination>
		</relationship>
	</object>
	<object class="SingleSound" id="{c3c29b3d-4c54-492a-a805-a2ff2f478664}">
		<relationship name="audioFile">
			<destination>{b3f338f7-b52a-4558-a760-7dfb6e488a5d}</destination>
		</relationship>
	</object>
	<object class="MixerBusEffectChain" id="{552c66d5-e3da-42b8-81d7-2e8d309d422a}">
		<relationship name="effects">
			<destination>{e16f31c1-3743-4764-a736-0306944454aa}</destination>
		</relationship>
	</object>
	<object class="MixerBusPanner" id="{7e2bc4a6-f3cb-434a-908a-f51ea51b7e9c}" />
	<object class="MixerBusFader" id="{f802e049-ccc5-4c28-8c5b-34544c7721a5}" />
	<object class="MixerBusFader" id="{e16f31c1-3743-4764-a736-0306944454aa}" />
</objects>
