<?xml version="1.0" encoding="UTF-8"?>
<objects serializationModel="Studio.02.01.00">
	<object class="Event" id="{00f8a670-7f17-4055-aa07-d259efdd70fe}">
		<property name="name">
			<value>Assigned</value>
		</property>
		<property name="outputFormat">
			<value>0</value>
		</property>
		<relationship name="folder">
			<destination>{fd717915-3d23-44f6-af04-b7299a78cf51}</destination>
		</relationship>
		<relationship name="mixer">
			<destination>{8a140575-6cf1-42d0-9ef5-bb0e62f02796}</destination>
		</relationship>
		<relationship name="masterTrack">
			<destination>{4b5f7ad3-ee34-4638-8ef1-c6ae6be1c06d}</destination>
		</relationship>
		<relationship name="mixerInput">
			<destination>{643c80c5-521f-470d-9620-e773dd54763f}</destination>
		</relationship>
		<relationship name="automatableProperties">
			<destination>{6b55d73f-7489-473b-a8c2-1fbb6b99cfe7}</destination>
		</relationship>
		<relationship name="markerTracks">
			<destination>{8876688d-dbb4-4b04-b5d8-359d78624e97}</destination>
		</relationship>
		<relationship name="groupTracks">
			<destination>{a87a2964-d94b-4f17-bbc7-d7c73f17459b}</destination>
		</relationship>
		<relationship name="timeline">
			<destination>{884dfd61-c4f9-4a3b-b4fa-826fc1498bc8}</destination>
		</relationship>
		<relationship name="banks">
			<destination>{8c3f9de4-14c8-4279-a712-2040780fff61}</destination>
		</relationship>
	</object>
	<object class="EventMixer" id="{8a140575-6cf1-42d0-9ef5-bb0e62f02796}">
		<relationship name="masterBus">
			<destination>{c7095a62-4592-411e-a878-cab500dfe133}</destination>
		</relationship>
	</object>
	<object class="MasterTrack" id="{4b5f7ad3-ee34-4638-8ef1-c6ae6be1c06d}">
		<relationship name="mixerGroup">
			<destination>{c7095a62-4592-411e-a878-cab500dfe133}</destination>
		</relationship>
	</object>
	<object class="MixerInput" id="{643c80c5-521f-470d-9620-e773dd54763f}">
		<relationship name="effectChain">
			<destination>{cbb309d6-a410-4591-ab03-e428f3f489ff}</destination>
		</relationship>
		<relationship name="panner">
			<destination>{34a2d281-9a51-4d69-b1c8-88f317676af2}</destination>
		</relationship>
		<relationship name="output">
			<destination>{a74bdffc-cbb2-488b-ae3c-038020e1273d}</destination>
		</relationship>
	</object>
	<object class="EventAutomatableProperties" id="{6b55d73f-7489-473b-a8c2-1fbb6b99cfe7}" />
	<object class="MarkerTrack" id="{8876688d-dbb4-4b04-b5d8-359d78624e97}" />
	<object class="GroupTrack" id="{a87a2964-d94b-4f17-bbc7-d7c73f17459b}">
		<relationship name="modules">
			<destination>{47ef167a-83ba-489e-b3f3-ee83a6d0ef21}</destination>
		</relationship>
		<relationship name="mixerGroup">
			<destination>{aadaedf9-aec8-4a3e-8a75-f6c31f6ef486}</destination>
		</relationship>
	</object>
	<object class="Timeline" id="{884dfd61-c4f9-4a3b-b4fa-826fc1498bc8}">
		<relationship name="modules">
			<destination>{47ef167a-83ba-489e-b3f3-ee83a6d0ef21}</destination>
		</relationship>
	</object>
	<object class="EventMixerMaster" id="{c7095a62-4592-411e-a878-cab500dfe133}">
		<relationship name="effectChain">
			<destination>{24d9849d-43c1-4592-9060-22eb4b941aec}</destination>
		</relationship>
		<relationship name="panner">
			<destination>{264517d5-0fd1-41d6-a2eb-8eb167256f49}</destination>
		</relationship>
		<relationship name="mixer">
			<destination>{8a140575-6cf1-42d0-9ef5-bb0e62f02796}</destination>
		</relationship>
	</object>
	<object class="MixerBusEffectChain" id="{cbb309d6-a410-4591-ab03-e428f3f489ff}">
		<relationship name="effects">
			<destination>{083fde7b-bdad-4447-abc5-985464eeaeba}</destination>
		</relationship>
	</object>
	<object class="MixerBusPanner" id="{34a2d281-9a51-4d69-b1c8-88f317676af2}" />
	<object class="MultiSound" id="{47ef167a-83ba-489e-b3f3-ee83a6d0ef21}">
		<property name="length">
			<value>1.9402916666666667</value>
		</property>
		<relationship name="sounds">
			<destination>{ac96917b-a824-4722-bda7-9b65698d4875}</destination>
			<destination>{4aeaa0c8-2f2f-4112-8913-9f63277937e2}</destination>
			<destination>{fac4bb76-169b-4ed6-821c-d6880f25c26a}</destination>
		</relationship>
	</object>
	<object class="EventMixerGroup" id="{aadaedf9-aec8-4a3e-8a75-f6c31f6ef486}">
		<property name="name">
			<value>Audio 1</value>
		</property>
		<relationship name="effectChain">
			<destination>{8e1b3aa5-ffbb-4496-b916-929165df075f}</destination>
		</relationship>
		<relationship name="panner">
			<destination>{a590ac0e-3e8b-42dd-add7-aa8b6d1cb995}</destination>
		</relationship>
		<relationship name="output">
			<destination>{c7095a62-4592-411e-a878-cab500dfe133}</destination>
		</relationship>
	</object>
	<object class="MixerBusEffectChain" id="{24d9849d-43c1-4592-9060-22eb4b941aec}">
		<relationship name="effects">
			<destination>{599e8a5c-7409-46ff-a8e7-3f5ccf7f70bc}</destination>
		</relationship>
	</object>
	<object class="MixerBusPanner" id="{264517d5-0fd1-41d6-a2eb-8eb167256f49}" />
	<object class="MixerBusFader" id="{083fde7b-bdad-4447-abc5-985464eeaeba}" />
	<object class="SingleSound" id="{ac96917b-a824-4722-bda7-9b65698d4875}">
		<relationship name="audioFile">
			<destination>{8c53591e-0fb9-4dd2-ac17-7748b0223358}</destination>
		</relationship>
	</object>
	<object class="SingleSound" id="{4aeaa0c8-2f2f-4112-8913-9f63277937e2}">
		<relationship name="audioFile">
			<destination>{514e68f7-c243-43a0-9d86-91d17545c63d}</destination>
		</relationship>
	</object>
	<object class="SingleSound" id="{fac4bb76-169b-4ed6-821c-d6880f25c26a}">
		<relationship name="audioFile">
			<destination>{ef5f1945-7550-4872-b2ff-cb430e131a65}</destination>
		</relationship>
	</object>
	<object class="MixerBusEffectChain" id="{8e1b3aa5-ffbb-4496-b916-929165df075f}">
		<relationship name="effects">
			<destination>{eec98e94-3b52-4ceb-be10-c193baecdc0b}</destination>
		</relationship>
	</object>
	<object class="MixerBusPanner" id="{a590ac0e-3e8b-42dd-add7-aa8b6d1cb995}" />
	<object class="MixerBusFader" id="{599e8a5c-7409-46ff-a8e7-3f5ccf7f70bc}" />
	<object class="MixerBusFader" id="{eec98e94-3b52-4ceb-be10-c193baecdc0b}" />
</objects>
