<?xml version="1.0" encoding="UTF-8"?>
<objects serializationModel="Studio.02.01.00">
	<object class="Event" id="{011507f4-8fa5-416f-9d7f-201e32635144}">
		<property name="name">
			<value>Success</value>
		</property>
		<property name="outputFormat">
			<value>0</value>
		</property>
		<relationship name="folder">
			<destination>{0623fe05-0fdd-4cba-a681-2fdc89929c62}</destination>
		</relationship>
		<relationship name="mixer">
			<destination>{1bb4eeb8-4a6d-4d94-83ce-9543e706c33c}</destination>
		</relationship>
		<relationship name="masterTrack">
			<destination>{13b53608-df92-4910-8b05-3441ee5d1373}</destination>
		</relationship>
		<relationship name="mixerInput">
			<destination>{0d009609-744a-4d9d-aca8-af7b81303467}</destination>
		</relationship>
		<relationship name="automatableProperties">
			<destination>{70f6f562-53b4-49d1-be1f-3d953424bf5b}</destination>
		</relationship>
		<relationship name="markerTracks">
			<destination>{8e9c58f0-07d0-4840-8dfd-3b0207238638}</destination>
		</relationship>
		<relationship name="groupTracks">
			<destination>{cf2896c0-ee26-437b-acaa-f01ffcbc9fe8}</destination>
		</relationship>
		<relationship name="timeline">
			<destination>{3d0223e6-f176-4785-ba17-c692e45c7414}</destination>
		</relationship>
		<relationship name="banks">
			<destination>{8c3f9de4-14c8-4279-a712-2040780fff61}</destination>
		</relationship>
	</object>
	<object class="EventMixer" id="{1bb4eeb8-4a6d-4d94-83ce-9543e706c33c}">
		<relationship name="masterBus">
			<destination>{cda52f2c-1083-4e57-b931-b197217cbd69}</destination>
		</relationship>
	</object>
	<object class="MasterTrack" id="{13b53608-df92-4910-8b05-3441ee5d1373}">
		<relationship name="mixerGroup">
			<destination>{cda52f2c-1083-4e57-b931-b197217cbd69}</destination>
		</relationship>
	</object>
	<object class="MixerInput" id="{0d009609-744a-4d9d-aca8-af7b81303467}">
		<relationship name="effectChain">
			<destination>{ba900d92-fe33-4205-8627-a4f03b19d523}</destination>
		</relationship>
		<relationship name="panner">
			<destination>{c51014e5-d378-4332-b450-ea583d979b38}</destination>
		</relationship>
		<relationship name="output">
			<destination>{a74bdffc-cbb2-488b-ae3c-038020e1273d}</destination>
		</relationship>
	</object>
	<object class="EventAutomatableProperties" id="{70f6f562-53b4-49d1-be1f-3d953424bf5b}" />
	<object class="MarkerTrack" id="{8e9c58f0-07d0-4840-8dfd-3b0207238638}" />
	<object class="GroupTrack" id="{cf2896c0-ee26-437b-acaa-f01ffcbc9fe8}">
		<relationship name="modules">
			<destination>{bac6ff19-bda9-4659-a4b0-7858aa66337b}</destination>
		</relationship>
		<relationship name="mixerGroup">
			<destination>{189b79de-c9a3-4d30-af35-39fb882dc08e}</destination>
		</relationship>
	</object>
	<object class="Timeline" id="{3d0223e6-f176-4785-ba17-c692e45c7414}">
		<relationship name="modules">
			<destination>{bac6ff19-bda9-4659-a4b0-7858aa66337b}</destination>
		</relationship>
	</object>
	<object class="EventMixerMaster" id="{cda52f2c-1083-4e57-b931-b197217cbd69}">
		<relationship name="effectChain">
			<destination>{82696900-5c5c-4f9e-b59b-1a04ee71f24e}</destination>
		</relationship>
		<relationship name="panner">
			<destination>{2f72a8bf-560f-4804-85c9-4dc33f1d8568}</destination>
		</relationship>
		<relationship name="mixer">
			<destination>{1bb4eeb8-4a6d-4d94-83ce-9543e706c33c}</destination>
		</relationship>
	</object>
	<object class="MixerBusEffectChain" id="{ba900d92-fe33-4205-8627-a4f03b19d523}">
		<relationship name="effects">
			<destination>{e4ac9324-dc54-42b2-8af3-24a31c451f3e}</destination>
		</relationship>
	</object>
	<object class="MixerBusPanner" id="{c51014e5-d378-4332-b450-ea583d979b38}" />
	<object class="MultiSound" id="{bac6ff19-bda9-4659-a4b0-7858aa66337b}">
		<property name="length">
			<value>2.2133958333333332</value>
		</property>
		<relationship name="sounds">
			<destination>{f564710a-b027-4496-af1e-263ea8e4bbb9}</destination>
			<destination>{80209a9e-abf7-4a01-9f6a-1672795a2577}</destination>
			<destination>{e4b53103-4309-4160-9a60-e6d2a4f9fcd2}</destination>
			<destination>{e3eca4c5-931e-4619-9bcd-44c53834b77c}</destination>
		</relationship>
	</object>
	<object class="EventMixerGroup" id="{189b79de-c9a3-4d30-af35-39fb882dc08e}">
		<property name="name">
			<value>Audio 1</value>
		</property>
		<relationship name="effectChain">
			<destination>{f77ce915-8a8c-4679-9ca5-54f81441b1b7}</destination>
		</relationship>
		<relationship name="panner">
			<destination>{1171e135-0688-4603-a46a-b5e7fb8d271f}</destination>
		</relationship>
		<relationship name="output">
			<destination>{cda52f2c-1083-4e57-b931-b197217cbd69}</destination>
		</relationship>
	</object>
	<object class="MixerBusEffectChain" id="{82696900-5c5c-4f9e-b59b-1a04ee71f24e}">
		<relationship name="effects">
			<destination>{e5f00a0b-7bc2-47cf-ac5f-17f493df1356}</destination>
		</relationship>
	</object>
	<object class="MixerBusPanner" id="{2f72a8bf-560f-4804-85c9-4dc33f1d8568}" />
	<object class="MixerBusFader" id="{e4ac9324-dc54-42b2-8af3-24a31c451f3e}" />
	<object class="SingleSound" id="{f564710a-b027-4496-af1e-263ea8e4bbb9}">
		<relationship name="audioFile">
			<destination>{116d0cb5-aa58-4751-b837-f56b2243eebf}</destination>
		</relationship>
	</object>
	<object class="SingleSound" id="{80209a9e-abf7-4a01-9f6a-1672795a2577}">
		<relationship name="audioFile">
			<destination>{1827f93e-4e59-40ed-9c22-903707ba75d7}</destination>
		</relationship>
	</object>
	<object class="SingleSound" id="{e4b53103-4309-4160-9a60-e6d2a4f9fcd2}">
		<relationship name="audioFile">
			<destination>{45d25dea-2e0b-4483-bfa0-eac6b36dfde9}</destination>
		</relationship>
	</object>
	<object class="SingleSound" id="{e3eca4c5-931e-4619-9bcd-44c53834b77c}">
		<relationship name="audioFile">
			<destination>{b11f5a37-2b39-4404-9fb5-0e2bf69f05fc}</destination>
		</relationship>
	</object>
	<object class="MixerBusEffectChain" id="{f77ce915-8a8c-4679-9ca5-54f81441b1b7}">
		<relationship name="effects">
			<destination>{807e8042-530e-49a8-ad7a-2820984d6416}</destination>
		</relationship>
	</object>
	<object class="MixerBusPanner" id="{1171e135-0688-4603-a46a-b5e7fb8d271f}" />
	<object class="MixerBusFader" id="{e5f00a0b-7bc2-47cf-ac5f-17f493df1356}" />
	<object class="MixerBusFader" id="{807e8042-530e-49a8-ad7a-2820984d6416}" />
</objects>
