<?xml version="1.0" encoding="UTF-8"?>
<objects serializationModel="Studio.02.01.00">
	<object class="Event" id="{0123350b-a660-4564-91ae-26e601a7ed7c}">
		<property name="name">
			<value>Failure</value>
		</property>
		<property name="outputFormat">
			<value>0</value>
		</property>
		<relationship name="folder">
			<destination>{93c5192b-7f8c-4050-9850-209029ba1b8d}</destination>
		</relationship>
		<relationship name="mixer">
			<destination>{ff310625-422f-4754-b8e3-2461fbeb1e96}</destination>
		</relationship>
		<relationship name="masterTrack">
			<destination>{776f47fc-b7f5-4216-b1bc-588c9806abc0}</destination>
		</relationship>
		<relationship name="mixerInput">
			<destination>{35bb30cf-defd-40dd-89e8-a39288ab289d}</destination>
		</relationship>
		<relationship name="automatableProperties">
			<destination>{3ec26995-5c4d-45aa-8215-52df23b7bdae}</destination>
		</relationship>
		<relationship name="markerTracks">
			<destination>{e74b96d5-c9c9-45c2-b551-90aa29f3185f}</destination>
		</relationship>
		<relationship name="groupTracks">
			<destination>{c3f35251-6968-4f42-8164-04ffd9f7173f}</destination>
		</relationship>
		<relationship name="timeline">
			<destination>{bffee0ef-bcd6-45cd-aa0b-29f64a19c792}</destination>
		</relationship>
		<relationship name="banks">
			<destination>{8c3f9de4-14c8-4279-a712-2040780fff61}</destination>
		</relationship>
	</object>
	<object class="EventMixer" id="{ff310625-422f-4754-b8e3-2461fbeb1e96}">
		<relationship name="masterBus">
			<destination>{ad1879c6-9325-4ae5-a3c5-838e280c57d1}</destination>
		</relationship>
	</object>
	<object class="MasterTrack" id="{776f47fc-b7f5-4216-b1bc-588c9806abc0}">
		<relationship name="mixerGroup">
			<destination>{ad1879c6-9325-4ae5-a3c5-838e280c57d1}</destination>
		</relationship>
	</object>
	<object class="MixerInput" id="{35bb30cf-defd-40dd-89e8-a39288ab289d}">
		<relationship name="effectChain">
			<destination>{51edcee3-fb07-477c-8b12-0036eef8df75}</destination>
		</relationship>
		<relationship name="panner">
			<destination>{592ea845-7441-4035-9c01-71dcb367e983}</destination>
		</relationship>
		<relationship name="output">
			<destination>{a74bdffc-cbb2-488b-ae3c-038020e1273d}</destination>
		</relationship>
	</object>
	<object class="EventAutomatableProperties" id="{3ec26995-5c4d-45aa-8215-52df23b7bdae}" />
	<object class="MarkerTrack" id="{e74b96d5-c9c9-45c2-b551-90aa29f3185f}" />
	<object class="GroupTrack" id="{c3f35251-6968-4f42-8164-04ffd9f7173f}">
		<relationship name="modules">
			<destination>{f1f447f6-dd71-4a50-9694-f62c0b806d8a}</destination>
		</relationship>
		<relationship name="mixerGroup">
			<destination>{bea718b9-b76c-41c1-91e8-e2883bf90eb3}</destination>
		</relationship>
	</object>
	<object class="Timeline" id="{bffee0ef-bcd6-45cd-aa0b-29f64a19c792}">
		<relationship name="modules">
			<destination>{f1f447f6-dd71-4a50-9694-f62c0b806d8a}</destination>
		</relationship>
	</object>
	<object class="EventMixerMaster" id="{ad1879c6-9325-4ae5-a3c5-838e280c57d1}">
		<relationship name="effectChain">
			<destination>{a15aec7b-1cc6-4b01-bafd-d9ced3ce78b5}</destination>
		</relationship>
		<relationship name="panner">
			<destination>{b6c0bc69-28dd-4977-b9be-dd4f609ace03}</destination>
		</relationship>
		<relationship name="mixer">
			<destination>{ff310625-422f-4754-b8e3-2461fbeb1e96}</destination>
		</relationship>
	</object>
	<object class="MixerBusEffectChain" id="{51edcee3-fb07-477c-8b12-0036eef8df75}">
		<relationship name="effects">
			<destination>{358d8959-57b6-4dc9-be41-bac6ba2a8449}</destination>
		</relationship>
	</object>
	<object class="MixerBusPanner" id="{592ea845-7441-4035-9c01-71dcb367e983}" />
	<object class="MultiSound" id="{f1f447f6-dd71-4a50-9694-f62c0b806d8a}">
		<property name="length">
			<value>2.8485</value>
		</property>
		<relationship name="sounds">
			<destination>{31427540-580f-423f-8662-84ff79c8ed0a}</destination>
			<destination>{41131532-fd21-4969-9ee1-371043fc8810}</destination>
		</relationship>
	</object>
	<object class="EventMixerGroup" id="{bea718b9-b76c-41c1-91e8-e2883bf90eb3}">
		<property name="name">
			<value>Audio 1</value>
		</property>
		<relationship name="effectChain">
			<destination>{045dbe47-ef9b-49b7-ac23-656429cdf54b}</destination>
		</relationship>
		<relationship name="panner">
			<destination>{af071697-842f-4189-a397-4d0a1f629059}</destination>
		</relationship>
		<relationship name="output">
			<destination>{ad1879c6-9325-4ae5-a3c5-838e280c57d1}</destination>
		</relationship>
	</object>
	<object class="MixerBusEffectChain" id="{a15aec7b-1cc6-4b01-bafd-d9ced3ce78b5}">
		<relationship name="effects">
			<destination>{f5bd0219-329e-4e32-bdb3-95ae5e318d68}</destination>
		</relationship>
	</object>
	<object class="MixerBusPanner" id="{b6c0bc69-28dd-4977-b9be-dd4f609ace03}" />
	<object class="MixerBusFader" id="{358d8959-57b6-4dc9-be41-bac6ba2a8449}" />
	<object class="SingleSound" id="{31427540-580f-423f-8662-84ff79c8ed0a}">
		<relationship name="audioFile">
			<destination>{7f58f400-3306-408c-84db-7863a4fee7c3}</destination>
		</relationship>
	</object>
	<object class="SingleSound" id="{41131532-fd21-4969-9ee1-371043fc8810}">
		<relationship name="audioFile">
			<destination>{59808a6f-4086-48bb-a77a-f4b49aedbef0}</destination>
		</relationship>
	</object>
	<object class="MixerBusEffectChain" id="{045dbe47-ef9b-49b7-ac23-656429cdf54b}">
		<relationship name="effects">
			<destination>{67667efb-aca5-4bf3-920c-ac4f92c275eb}</destination>
		</relationship>
	</object>
	<object class="MixerBusPanner" id="{af071697-842f-4189-a397-4d0a1f629059}" />
	<object class="MixerBusFader" id="{f5bd0219-329e-4e32-bdb3-95ae5e318d68}" />
	<object class="MixerBusFader" id="{67667efb-aca5-4bf3-920c-ac4f92c275eb}" />
</objects>
