<?xml version="1.0" encoding="UTF-8"?>
<objects serializationModel="Studio.02.01.00">
	<object class="Event" id="{013e7aef-519f-4513-8bd2-91b1f31e3a92}">
		<property name="name">
			<value>Assigned</value>
		</property>
		<property name="outputFormat">
			<value>0</value>
		</property>
		<relationship name="folder">
			<destination>{729d408e-64ee-473f-96ed-a9c5683993cd}</destination>
		</relationship>
		<relationship name="mixer">
			<destination>{8f72fc68-df3d-4e62-90af-286d60c8f005}</destination>
		</relationship>
		<relationship name="masterTrack">
			<destination>{305c6e89-c75f-441f-81ea-7c965df0d53d}</destination>
		</relationship>
		<relationship name="mixerInput">
			<destination>{db0d2545-1cee-4df2-940a-bc9edd0b06fd}</destination>
		</relationship>
		<relationship name="automatableProperties">
			<destination>{f4751474-d7bc-4cec-8980-c461de103c42}</destination>
		</relationship>
		<relationship name="markerTracks">
			<destination>{b634398d-fd4c-4c49-9ff4-2a50e4223839}</destination>
		</relationship>
		<relationship name="groupTracks">
			<destination>{d77bca78-c11d-4dea-b13c-32088a219a1e}</destination>
		</relationship>
		<relationship name="timeline">
			<destination>{0a892af0-fe00-4c18-8641-f0c8cdf82bd3}</destination>
		</relationship>
		<relationship name="banks">
			<destination>{8c3f9de4-14c8-4279-a712-2040780fff61}</destination>
		</relationship>
	</object>
	<object class="EventMixer" id="{8f72fc68-df3d-4e62-90af-286d60c8f005}">
		<relationship name="masterBus">
			<destination>{239c8cda-cdf3-4695-ad13-5445339a6791}</destination>
		</relationship>
	</object>
	<object class="MasterTrack" id="{305c6e89-c75f-441f-81ea-7c965df0d53d}">
		<relationship name="mixerGroup">
			<destination>{239c8cda-cdf3-4695-ad13-5445339a6791}</destination>
		</relationship>
	</object>
	<object class="MixerInput" id="{db0d2545-1cee-4df2-940a-bc9edd0b06fd}">
		<relationship name="effectChain">
			<destination>{ce1e7b3e-ee19-487b-8b5d-87198608529f}</destination>
		</relationship>
		<relationship name="panner">
			<destination>{cc4886bc-338c-4d4b-b188-9fbae461c024}</destination>
		</relationship>
		<relationship name="output">
			<destination>{a74bdffc-cbb2-488b-ae3c-038020e1273d}</destination>
		</relationship>
	</object>
	<object class="EventAutomatableProperties" id="{f4751474-d7bc-4cec-8980-c461de103c42}" />
	<object class="MarkerTrack" id="{b634398d-fd4c-4c49-9ff4-2a50e4223839}" />
	<object class="GroupTrack" id="{d77bca78-c11d-4dea-b13c-32088a219a1e}">
		<relationship name="modules">
			<destination>{d37541b7-acc6-4b8d-b9b6-7137abd66326}</destination>
		</relationship>
		<relationship name="mixerGroup">
			<destination>{952fcd0e-b9d1-4ee3-8978-3bee94689540}</destination>
		</relationship>
	</object>
	<object class="Timeline" id="{0a892af0-fe00-4c18-8641-f0c8cdf82bd3}">
		<relationship name="modules">
			<destination>{d37541b7-acc6-4b8d-b9b6-7137abd66326}</destination>
		</relationship>
	</object>
	<object class="EventMixerMaster" id="{239c8cda-cdf3-4695-ad13-5445339a6791}">
		<relationship name="effectChain">
			<destination>{592ff065-5826-4e34-a7b7-e8aef6a62983}</destination>
		</relationship>
		<relationship name="panner">
			<destination>{1ad44d76-96b6-4b8f-9b3f-f693b423133b}</destination>
		</relationship>
		<relationship name="mixer">
			<destination>{8f72fc68-df3d-4e62-90af-286d60c8f005}</destination>
		</relationship>
	</object>
	<object class="MixerBusEffectChain" id="{ce1e7b3e-ee19-487b-8b5d-87198608529f}">
		<relationship name="effects">
			<destination>{9c6fc88a-bad9-4dd8-b780-595a67d54d30}</destination>
		</relationship>
	</object>
	<object class="MixerBusPanner" id="{cc4886bc-338c-4d4b-b188-9fbae461c024}" />
	<object class="MultiSound" id="{d37541b7-acc6-4b8d-b9b6-7137abd66326}">
		<property name="length">
			<value>2.3918750000000002</value>
		</property>
		<relationship name="sounds">
			<destination>{a3ab8cf8-f78e-4ce9-af7a-841f96521650}</destination>
			<destination>{bbff43a3-4ea9-484a-8f98-46353408a9dc}</destination>
			<destination>{c47cbd0a-0a4f-410a-930e-b3c80f6eaab8}</destination>
			<destination>{a7c0b5c3-78db-4924-88e5-c7359a9ba7e2}</destination>
		</relationship>
	</object>
	<object class="EventMixerGroup" id="{952fcd0e-b9d1-4ee3-8978-3bee94689540}">
		<property name="name">
			<value>Audio 1</value>
		</property>
		<relationship name="effectChain">
			<destination>{d9881ca2-7a61-437e-9227-d035f5a9978d}</destination>
		</relationship>
		<relationship name="panner">
			<destination>{dabcc239-0a1e-476a-80a5-d26d3ca80e11}</destination>
		</relationship>
		<relationship name="output">
			<destination>{239c8cda-cdf3-4695-ad13-5445339a6791}</destination>
		</relationship>
	</object>
	<object class="MixerBusEffectChain" id="{592ff065-5826-4e34-a7b7-e8aef6a62983}">
		<relationship name="effects">
			<destination>{581ad370-80ad-4f96-b710-ec9acb67945f}</destination>
		</relationship>
	</object>
	<object class="MixerBusPanner" id="{1ad44d76-96b6-4b8f-9b3f-f693b423133b}" />
	<object class="MixerBusFader" id="{9c6fc88a-bad9-4dd8-b780-595a67d54d30}" />
	<object class="SingleSound" id="{a3ab8cf8-f78e-4ce9-af7a-841f96521650}">
		<relationship name="audioFile">
			<destination>{eed06c04-7522-4b5a-acfb-2d604c7f3e09}</destination>
		</relationship>
	</object>
	<object class="SingleSound" id="{bbff43a3-4ea9-484a-8f98-46353408a9dc}">
		<relationship name="audioFile">
			<destination>{db547c07-45ea-4b40-98a2-0b01f3f54c06}</destination>
		</relationship>
	</object>
	<object class="SingleSound" id="{c47cbd0a-0a4f-410a-930e-b3c80f6eaab8}">
		<relationship name="audioFile">
			<destination>{08da43e9-53c7-4c24-a8d3-395db3645472}</destination>
		</relationship>
	</object>
	<object class="SingleSound" id="{a7c0b5c3-78db-4924-88e5-c7359a9ba7e2}">
		<relationship name="audioFile">
			<destination>{ff505dcb-b5bd-4556-9fbc-fa6dff3d5dbe}</destination>
		</relationship>
	</object>
	<object class="MixerBusEffectChain" id="{d9881ca2-7a61-437e-9227-d035f5a9978d}">
		<relationship name="effects">
			<destination>{0865db91-962f-4898-b0b1-9bf41167bd43}</destination>
		</relationship>
	</object>
	<object class="MixerBusPanner" id="{dabcc239-0a1e-476a-80a5-d26d3ca80e11}" />
	<object class="MixerBusFader" id="{581ad370-80ad-4f96-b710-ec9acb67945f}" />
	<object class="MixerBusFader" id="{0865db91-962f-4898-b0b1-9bf41167bd43}" />
</objects>
