<?xml version="1.0" encoding="UTF-8"?>
<objects serializationModel="Studio.02.01.00">
	<object class="Event" id="{014f9653-9f07-4776-b35d-a814ed1ccee4}">
		<property name="name">
			<value>MissionAssignmentPhase</value>
		</property>
		<property name="outputFormat">
			<value>0</value>
		</property>
		<relationship name="folder">
			<destination>{6f52721e-5071-4dff-acc7-9f6ad141d87a}</destination>
		</relationship>
		<relationship name="mixer">
			<destination>{d39f1d9f-989a-42e1-b3ad-4bc603c55c70}</destination>
		</relationship>
		<relationship name="masterTrack">
			<destination>{5647687f-bcde-4c14-be23-1d505672f181}</destination>
		</relationship>
		<relationship name="mixerInput">
			<destination>{6df9b05d-bc59-4d8e-a333-f5111e6c6f3d}</destination>
		</relationship>
		<relationship name="automatableProperties">
			<destination>{b6770706-d9ff-4565-9c3a-c651e0beec1b}</destination>
		</relationship>
		<relationship name="markerTracks">
			<destination>{ad206603-f00b-41c2-b575-c0fdade60cf0}</destination>
		</relationship>
		<relationship name="groupTracks">
			<destination>{c9ba1d66-659f-48d3-b81f-1d147b2f1674}</destination>
		</relationship>
		<relationship name="timeline">
			<destination>{5b417431-4130-4a19-9b93-7e9253c29d48}</destination>
		</relationship>
		<relationship name="banks">
			<destination>{8c3f9de4-14c8-4279-a712-2040780fff61}</destination>
		</relationship>
	</object>
	<object class="EventMixer" id="{d39f1d9f-989a-42e1-b3ad-4bc603c55c70}">
		<relationship name="masterBus">
			<destination>{8a51bcdf-52bd-4f95-9c44-cb4843532e4e}</destination>
		</relationship>
	</object>
	<object class="MasterTrack" id="{5647687f-bcde-4c14-be23-1d505672f181}">
		<relationship name="mixerGroup">
			<destination>{8a51bcdf-52bd-4f95-9c44-cb4843532e4e}</destination>
		</relationship>
	</object>
	<object class="MixerInput" id="{6df9b05d-bc59-4d8e-a333-f5111e6c6f3d}">
		<relationship name="effectChain">
			<destination>{5d5cc3f7-b394-4ee7-83ff-88744c423242}</destination>
		</relationship>
		<relationship name="panner">
			<destination>{b311c936-9c9b-419d-9c1e-5cb29ec2367d}</destination>
		</relationship>
		<relationship name="output">
			<destination>{a74bdffc-cbb2-488b-ae3c-038020e1273d}</destination>
		</relationship>
	</object>
	<object class="EventAutomatableProperties" id="{b6770706-d9ff-4565-9c3a-c651e0beec1b}" />
	<object class="MarkerTrack" id="{ad206603-f00b-41c2-b575-c0fdade60cf0}" />
	<object class="GroupTrack" id="{c9ba1d66-659f-48d3-b81f-1d147b2f1674}">
		<relationship name="modules">
			<destination>{adafc345-33b6-43d2-9e6a-a033ef7eb51d}</destination>
		</relationship>
		<relationship name="mixerGroup">
			<destination>{ff12fbd8-8149-465f-8484-1bc0164a4281}</destination>
		</relationship>
	</object>
	<object class="Timeline" id="{5b417431-4130-4a19-9b93-7e9253c29d48}">
		<relationship name="modules">
			<destination>{adafc345-33b6-43d2-9e6a-a033ef7eb51d}</destination>
		</relationship>
	</object>
	<object class="EventMixerMaster" id="{8a51bcdf-52bd-4f95-9c44-cb4843532e4e}">
		<relationship name="effectChain">
			<destination>{d642734e-494f-4a55-8220-4c48abc1c667}</destination>
		</relationship>
		<relationship name="panner">
			<destination>{36799dc8-b6c5-43a5-a7ff-62c447b5e43c}</destination>
		</relationship>
		<relationship name="mixer">
			<destination>{d39f1d9f-989a-42e1-b3ad-4bc603c55c70}</destination>
		</relationship>
	</object>
	<object class="MixerBusEffectChain" id="{5d5cc3f7-b394-4ee7-83ff-88744c423242}">
		<relationship name="effects">
			<destination>{52380b9e-2600-4db1-9c52-adde160e3f3a}</destination>
		</relationship>
	</object>
	<object class="MixerBusPanner" id="{b311c936-9c9b-419d-9c1e-5cb29ec2367d}" />
	<object class="MultiSound" id="{adafc345-33b6-43d2-9e6a-a033ef7eb51d}">
		<property name="length">
			<value>1.8206875</value>
		</property>
		<relationship name="sounds">
			<destination>{127805da-57fd-43b6-b1a9-338016e797e2}</destination>
			<destination>{34aac0ae-ce1c-4ca9-8b86-dc51335cbd26}</destination>
			<destination>{787928e4-8e7b-47ce-ae6a-e427f82cff29}</destination>
			<destination>{dd42ce10-4096-493a-9502-f32c4890834e}</destination>
			<destination>{ba970a35-eceb-4a62-b72a-4943fed88d18}</destination>
			<destination>{9a9533ad-af38-4923-b068-391951e50ff1}</destination>
			<destination>{d1df2d7a-418d-4443-b97d-088ecfe901b9}</destination>
			<destination>{63972f4d-dbf4-4662-9daa-a9b721e9ae75}</destination>
			<destination>{aac7d6e4-9c1e-4bde-9528-93e370f0ddd1}</destination>
			<destination>{c2868e3e-c1d0-4a75-a353-5065a3492f0b}</destination>
			<destination>{a1b67ed5-fccb-40e9-84b6-9343c627f4cd}</destination>
			<destination>{6de19d7a-e22d-420a-a650-48a6311416cb}</destination>
			<destination>{74d2a33c-d556-4b13-b661-56e2518cde85}</destination>
			<destination>{93633e7b-686e-43b4-88bd-6567b35d10a1}</destination>
		</relationship>
	</object>
	<object class="EventMixerGroup" id="{ff12fbd8-8149-465f-8484-1bc0164a4281}">
		<property name="name">
			<value>Audio 1</value>
		</property>
		<relationship name="effectChain">
			<destination>{339efe7b-d5cf-4177-b1f5-0fa55b7c42b9}</destination>
		</relationship>
		<relationship name="panner">
			<destination>{6c9956df-e495-42b3-ab70-ff766a7dd05c}</destination>
		</relationship>
		<relationship name="output">
			<destination>{8a51bcdf-52bd-4f95-9c44-cb4843532e4e}</destination>
		</relationship>
	</object>
	<object class="MixerBusEffectChain" id="{d642734e-494f-4a55-8220-4c48abc1c667}">
		<relationship name="effects">
			<destination>{867ab0dc-803f-40e5-aec9-141af4a0d3e9}</destination>
		</relationship>
	</object>
	<object class="MixerBusPanner" id="{36799dc8-b6c5-43a5-a7ff-62c447b5e43c}" />
	<object class="MixerBusFader" id="{52380b9e-2600-4db1-9c52-adde160e3f3a}" />
	<object class="SingleSound" id="{127805da-57fd-43b6-b1a9-338016e797e2}">
		<relationship name="audioFile">
			<destination>{fc8da63f-9c20-414a-b8bc-73f7fdb438d5}</destination>
		</relationship>
	</object>
	<object class="SingleSound" id="{34aac0ae-ce1c-4ca9-8b86-dc51335cbd26}">
		<relationship name="audioFile">
			<destination>{ed4bbc50-fb11-49d3-98bc-6911976c9a45}</destination>
		</relationship>
	</object>
	<object class="SingleSound" id="{787928e4-8e7b-47ce-ae6a-e427f82cff29}">
		<relationship name="audioFile">
			<destination>{2d13cb66-1439-482e-b2f0-a6eae8e2c278}</destination>
		</relationship>
	</object>
	<object class="SingleSound" id="{dd42ce10-4096-493a-9502-f32c4890834e}">
		<relationship name="audioFile">
			<destination>{561b5153-b06d-416b-ae0b-35625e6e9187}</destination>
		</relationship>
	</object>
	<object class="SingleSound" id="{ba970a35-eceb-4a62-b72a-4943fed88d18}">
		<relationship name="audioFile">
			<destination>{f9c27368-71b7-4121-b9e1-bac7a2a51301}</destination>
		</relationship>
	</object>
	<object class="SingleSound" id="{9a9533ad-af38-4923-b068-391951e50ff1}">
		<relationship name="audioFile">
			<destination>{c7e71f0e-8665-416d-8a1f-61c06ac1bed2}</destination>
		</relationship>
	</object>
	<object class="SingleSound" id="{d1df2d7a-418d-4443-b97d-088ecfe901b9}">
		<relationship name="audioFile">
			<destination>{24d6dedd-b1eb-462f-86af-331d3f1bfd65}</destination>
		</relationship>
	</object>
	<object class="SingleSound" id="{63972f4d-dbf4-4662-9daa-a9b721e9ae75}">
		<relationship name="audioFile">
			<destination>{d8f42359-487a-4dd9-b6bb-36638112df88}</destination>
		</relationship>
	</object>
	<object class="SingleSound" id="{aac7d6e4-9c1e-4bde-9528-93e370f0ddd1}">
		<relationship name="audioFile">
			<destination>{cdcbcf39-172c-4797-bc03-a07fddfb7fb1}</destination>
		</relationship>
	</object>
	<object class="SingleSound" id="{c2868e3e-c1d0-4a75-a353-5065a3492f0b}">
		<relationship name="audioFile">
			<destination>{27ee54a9-cfc6-461e-b636-12fe03c32025}</destination>
		</relationship>
	</object>
	<object class="SingleSound" id="{a1b67ed5-fccb-40e9-84b6-9343c627f4cd}">
		<relationship name="audioFile">
			<destination>{28e30bea-f410-421c-a3c2-63a244141150}</destination>
		</relationship>
	</object>
	<object class="SingleSound" id="{6de19d7a-e22d-420a-a650-48a6311416cb}">
		<relationship name="audioFile">
			<destination>{4707b98b-493e-4c68-8d93-2d4832fe2078}</destination>
		</relationship>
	</object>
	<object class="SingleSound" id="{74d2a33c-d556-4b13-b661-56e2518cde85}">
		<relationship name="audioFile">
			<destination>{d315094b-7bc6-4319-af42-4a0647972b7f}</destination>
		</relationship>
	</object>
	<object class="SingleSound" id="{93633e7b-686e-43b4-88bd-6567b35d10a1}">
		<relationship name="audioFile">
			<destination>{9f9a3dc6-0a4c-44ba-910c-8158a4e82400}</destination>
		</relationship>
	</object>
	<object class="MixerBusEffectChain" id="{339efe7b-d5cf-4177-b1f5-0fa55b7c42b9}">
		<relationship name="effects">
			<destination>{11725feb-7554-4665-9406-bc18746f959f}</destination>
		</relationship>
	</object>
	<object class="MixerBusPanner" id="{6c9956df-e495-42b3-ab70-ff766a7dd05c}" />
	<object class="MixerBusFader" id="{867ab0dc-803f-40e5-aec9-141af4a0d3e9}" />
	<object class="MixerBusFader" id="{11725feb-7554-4665-9406-bc18746f959f}" />
</objects>
