<?xml version="1.0" encoding="UTF-8"?>
<objects serializationModel="Studio.02.01.00">
	<object class="Event" id="{01490640-c54f-418b-8df0-b7e3097e3dbb}">
		<property name="name">
			<value>Assigned</value>
		</property>
		<property name="outputFormat">
			<value>0</value>
		</property>
		<relationship name="folder">
			<destination>{51c0dead-0716-44d2-8530-6d4aeebe27b4}</destination>
		</relationship>
		<relationship name="mixer">
			<destination>{09957fbf-5f5c-489b-b720-2b2fb8782121}</destination>
		</relationship>
		<relationship name="masterTrack">
			<destination>{8e312cf1-3f7b-4313-9aff-296a325883e2}</destination>
		</relationship>
		<relationship name="mixerInput">
			<destination>{55c4440a-c222-4a7e-83f4-4ea741296e5a}</destination>
		</relationship>
		<relationship name="automatableProperties">
			<destination>{305ae6f4-d559-4421-bad6-8254866daab0}</destination>
		</relationship>
		<relationship name="markerTracks">
			<destination>{0c65877c-a2be-4757-bfb4-b1a999ed3f95}</destination>
		</relationship>
		<relationship name="groupTracks">
			<destination>{3f631c8b-6195-4a7d-84ef-12bd630d2aa8}</destination>
		</relationship>
		<relationship name="timeline">
			<destination>{df6e4345-4be1-402f-a2c0-1c50fbc12113}</destination>
		</relationship>
		<relationship name="banks">
			<destination>{8c3f9de4-14c8-4279-a712-2040780fff61}</destination>
		</relationship>
	</object>
	<object class="EventMixer" id="{09957fbf-5f5c-489b-b720-2b2fb8782121}">
		<relationship name="masterBus">
			<destination>{441364e3-b9a0-45ed-9e7e-c321846a3872}</destination>
		</relationship>
	</object>
	<object class="MasterTrack" id="{8e312cf1-3f7b-4313-9aff-296a325883e2}">
		<relationship name="mixerGroup">
			<destination>{441364e3-b9a0-45ed-9e7e-c321846a3872}</destination>
		</relationship>
	</object>
	<object class="MixerInput" id="{55c4440a-c222-4a7e-83f4-4ea741296e5a}">
		<relationship name="effectChain">
			<destination>{863c9fca-dc0a-42d5-84cc-0b87fa1c2d1b}</destination>
		</relationship>
		<relationship name="panner">
			<destination>{8ed284c6-76a9-4b68-9c38-a8ee0580a3e0}</destination>
		</relationship>
		<relationship name="output">
			<destination>{a74bdffc-cbb2-488b-ae3c-038020e1273d}</destination>
		</relationship>
	</object>
	<object class="EventAutomatableProperties" id="{305ae6f4-d559-4421-bad6-8254866daab0}" />
	<object class="MarkerTrack" id="{0c65877c-a2be-4757-bfb4-b1a999ed3f95}" />
	<object class="GroupTrack" id="{3f631c8b-6195-4a7d-84ef-12bd630d2aa8}">
		<relationship name="modules">
			<destination>{6e41e5d7-a946-4944-8b16-84c80f1dab4a}</destination>
		</relationship>
		<relationship name="mixerGroup">
			<destination>{25d53148-9d0d-426e-bd44-9874667b869b}</destination>
		</relationship>
	</object>
	<object class="Timeline" id="{df6e4345-4be1-402f-a2c0-1c50fbc12113}">
		<relationship name="modules">
			<destination>{6e41e5d7-a946-4944-8b16-84c80f1dab4a}</destination>
		</relationship>
	</object>
	<object class="EventMixerMaster" id="{441364e3-b9a0-45ed-9e7e-c321846a3872}">
		<relationship name="effectChain">
			<destination>{67056d04-d947-4075-861e-00f558bd51e7}</destination>
		</relationship>
		<relationship name="panner">
			<destination>{d511e4eb-4882-4970-b954-ed24bf1381da}</destination>
		</relationship>
		<relationship name="mixer">
			<destination>{09957fbf-5f5c-489b-b720-2b2fb8782121}</destination>
		</relationship>
	</object>
	<object class="MixerBusEffectChain" id="{863c9fca-dc0a-42d5-84cc-0b87fa1c2d1b}">
		<relationship name="effects">
			<destination>{2b2f5f9f-61f9-431b-9d9d-f5503c1f5e00}</destination>
		</relationship>
	</object>
	<object class="MixerBusPanner" id="{8ed284c6-76a9-4b68-9c38-a8ee0580a3e0}" />
	<object class="MultiSound" id="{6e41e5d7-a946-4944-8b16-84c80f1dab4a}">
		<property name="length">
			<value>2.34775</value>
		</property>
		<relationship name="sounds">
			<destination>{9c9c1644-6841-4919-bbe1-1b03560bf338}</destination>
			<destination>{21edaefc-972f-473c-b397-659a1a57845d}</destination>
			<destination>{789ef7aa-30b4-466b-ac77-0e92a8db2fc2}</destination>
			<destination>{532862eb-1384-4e2c-9d43-7d04b4d6cfeb}</destination>
			<destination>{b7897c0c-f285-47a0-b08d-fbcf33073d98}</destination>
			<destination>{e113c61d-d814-48c1-b9cf-02487b02f237}</destination>
		</relationship>
	</object>
	<object class="EventMixerGroup" id="{25d53148-9d0d-426e-bd44-9874667b869b}">
		<property name="name">
			<value>Audio 1</value>
		</property>
		<relationship name="effectChain">
			<destination>{d233af8a-1e07-4765-a3b5-3a27d377be4e}</destination>
		</relationship>
		<relationship name="panner">
			<destination>{9e28031d-2987-42a6-8abc-9653da81aac4}</destination>
		</relationship>
		<relationship name="output">
			<destination>{441364e3-b9a0-45ed-9e7e-c321846a3872}</destination>
		</relationship>
	</object>
	<object class="MixerBusEffectChain" id="{67056d04-d947-4075-861e-00f558bd51e7}">
		<relationship name="effects">
			<destination>{70fcf7a9-ae62-4c19-ba85-c5021c192809}</destination>
		</relationship>
	</object>
	<object class="MixerBusPanner" id="{d511e4eb-4882-4970-b954-ed24bf1381da}" />
	<object class="MixerBusFader" id="{2b2f5f9f-61f9-431b-9d9d-f5503c1f5e00}" />
	<object class="SingleSound" id="{9c9c1644-6841-4919-bbe1-1b03560bf338}">
		<relationship name="audioFile">
			<destination>{df801973-7d0a-4e68-a3af-e1a6fbdd92c2}</destination>
		</relationship>
	</object>
	<object class="SingleSound" id="{21edaefc-972f-473c-b397-659a1a57845d}">
		<relationship name="audioFile">
			<destination>{f9e22cb2-a093-4ce3-b5e0-f6bce7dc0800}</destination>
		</relationship>
	</object>
	<object class="SingleSound" id="{789ef7aa-30b4-466b-ac77-0e92a8db2fc2}">
		<relationship name="audioFile">
			<destination>{ec96f862-97c1-458e-bab9-4270bee413b1}</destination>
		</relationship>
	</object>
	<object class="SingleSound" id="{532862eb-1384-4e2c-9d43-7d04b4d6cfeb}">
		<relationship name="audioFile">
			<destination>{4bfb21ee-5791-4d3c-99ce-304bad70ca09}</destination>
		</relationship>
	</object>
	<object class="SingleSound" id="{b7897c0c-f285-47a0-b08d-fbcf33073d98}">
		<relationship name="audioFile">
			<destination>{afe419cf-cebd-4ca9-8f05-90e5f92dd113}</destination>
		</relationship>
	</object>
	<object class="SingleSound" id="{e113c61d-d814-48c1-b9cf-02487b02f237}">
		<relationship name="audioFile">
			<destination>{c6a82194-bea7-405d-a553-d267e11fd753}</destination>
		</relationship>
	</object>
	<object class="MixerBusEffectChain" id="{d233af8a-1e07-4765-a3b5-3a27d377be4e}">
		<relationship name="effects">
			<destination>{487d2af2-b233-4e4b-b798-e8116bdb55fb}</destination>
		</relationship>
	</object>
	<object class="MixerBusPanner" id="{9e28031d-2987-42a6-8abc-9653da81aac4}" />
	<object class="MixerBusFader" id="{70fcf7a9-ae62-4c19-ba85-c5021c192809}" />
	<object class="MixerBusFader" id="{487d2af2-b233-4e4b-b798-e8116bdb55fb}" />
</objects>
