<?xml version="1.0" encoding="UTF-8"?>
<objects serializationModel="Studio.02.01.00">
	<object class="Event" id="{014f8e8d-cf78-4a04-b290-7c2a9025f58c}">
		<property name="name">
			<value>MissionAssignmentPhase</value>
		</property>
		<property name="outputFormat">
			<value>0</value>
		</property>
		<relationship name="folder">
			<destination>{0e87f71f-7cb7-47e2-a5bc-4bfeab0f9240}</destination>
		</relationship>
		<relationship name="mixer">
			<destination>{1e85acec-d526-4765-a455-0e30d9760fa2}</destination>
		</relationship>
		<relationship name="masterTrack">
			<destination>{ee9d37b7-6c4f-45b5-9889-6350caeb3319}</destination>
		</relationship>
		<relationship name="mixerInput">
			<destination>{d2020a6d-3732-4a9c-8699-0c3b16394b2f}</destination>
		</relationship>
		<relationship name="automatableProperties">
			<destination>{7caa362f-4593-45b0-bcbc-f772e98beb37}</destination>
		</relationship>
		<relationship name="markerTracks">
			<destination>{a637ad47-63b7-483c-b0d2-e86e4ed82fdd}</destination>
		</relationship>
		<relationship name="groupTracks">
			<destination>{095138a5-8250-4750-8050-1276db943dec}</destination>
		</relationship>
		<relationship name="timeline">
			<destination>{f8f4a795-ed23-4295-8e1b-a01d20fb231d}</destination>
		</relationship>
		<relationship name="banks">
			<destination>{8c3f9de4-14c8-4279-a712-2040780fff61}</destination>
		</relationship>
	</object>
	<object class="EventMixer" id="{1e85acec-d526-4765-a455-0e30d9760fa2}">
		<relationship name="masterBus">
			<destination>{b8d07980-928c-4d37-a718-01e36f554ad2}</destination>
		</relationship>
	</object>
	<object class="MasterTrack" id="{ee9d37b7-6c4f-45b5-9889-6350caeb3319}">
		<relationship name="mixerGroup">
			<destination>{b8d07980-928c-4d37-a718-01e36f554ad2}</destination>
		</relationship>
	</object>
	<object class="MixerInput" id="{d2020a6d-3732-4a9c-8699-0c3b16394b2f}">
		<relationship name="effectChain">
			<destination>{fcdbc2fc-790c-4df9-b6c5-e196dfa309d1}</destination>
		</relationship>
		<relationship name="panner">
			<destination>{5f712c2d-43b2-4868-a825-7dbfd01aa431}</destination>
		</relationship>
		<relationship name="output">
			<destination>{a74bdffc-cbb2-488b-ae3c-038020e1273d}</destination>
		</relationship>
	</object>
	<object class="EventAutomatableProperties" id="{7caa362f-4593-45b0-bcbc-f772e98beb37}" />
	<object class="MarkerTrack" id="{a637ad47-63b7-483c-b0d2-e86e4ed82fdd}" />
	<object class="GroupTrack" id="{095138a5-8250-4750-8050-1276db943dec}">
		<relationship name="modules">
			<destination>{45612e2d-b532-4944-ae88-107e09800e92}</destination>
		</relationship>
		<relationship name="mixerGroup">
			<destination>{e13259a9-4e20-44a0-b682-ae54ecb6b92b}</destination>
		</relationship>
	</object>
	<object class="Timeline" id="{f8f4a795-ed23-4295-8e1b-a01d20fb231d}">
		<relationship name="modules">
			<destination>{45612e2d-b532-4944-ae88-107e09800e92}</destination>
		</relationship>
	</object>
	<object class="EventMixerMaster" id="{b8d07980-928c-4d37-a718-01e36f554ad2}">
		<relationship name="effectChain">
			<destination>{2e441ceb-9e64-4267-8243-14faeefca193}</destination>
		</relationship>
		<relationship name="panner">
			<destination>{85a76118-bdd3-42be-8be9-2e8664b9e0db}</destination>
		</relationship>
		<relationship name="mixer">
			<destination>{1e85acec-d526-4765-a455-0e30d9760fa2}</destination>
		</relationship>
	</object>
	<object class="MixerBusEffectChain" id="{fcdbc2fc-790c-4df9-b6c5-e196dfa309d1}">
		<relationship name="effects">
			<destination>{292d5b84-0414-4947-bed7-098e1c764297}</destination>
		</relationship>
	</object>
	<object class="MixerBusPanner" id="{5f712c2d-43b2-4868-a825-7dbfd01aa431}" />
	<object class="MultiSound" id="{45612e2d-b532-4944-ae88-107e09800e92}">
		<property name="length">
			<value>1.5639583333333333</value>
		</property>
		<relationship name="sounds">
			<destination>{8665bf85-3965-46a2-aa3b-069c60d919c6}</destination>
			<destination>{c94370a9-7133-4e0d-acba-02041a1a4d97}</destination>
			<destination>{8df3dae1-ed34-4575-a448-797f07b5056c}</destination>
			<destination>{5204babf-2223-43b4-b312-7b5202a902f8}</destination>
			<destination>{e3a003ed-5a05-4cb8-8807-0f8fa1068427}</destination>
			<destination>{01a3b614-94d8-459e-a465-083da94919cf}</destination>
			<destination>{16c86f6b-0769-4bb8-9ec7-05b9f240cbba}</destination>
			<destination>{fdee306e-fc73-4335-9a7a-baaaeb5ae70c}</destination>
			<destination>{ccd77bf2-3fb2-4c5e-bc57-6ff3f7f14b41}</destination>
			<destination>{34b90766-cbaa-4e84-970f-647751719f7b}</destination>
			<destination>{69ee86cd-9a2f-4e52-8169-0f511143d1a7}</destination>
			<destination>{aeeb894c-939f-4a8b-8bee-f712c1b3f92b}</destination>
			<destination>{af387f24-3c71-4d63-b3de-ed3f13b0a41a}</destination>
			<destination>{85a099df-c04e-47ca-b9f6-16121dc6bdee}</destination>
		</relationship>
	</object>
	<object class="EventMixerGroup" id="{e13259a9-4e20-44a0-b682-ae54ecb6b92b}">
		<property name="name">
			<value>Audio 1</value>
		</property>
		<relationship name="effectChain">
			<destination>{286c58cb-ddd8-439e-a4ef-f7dbbcf63613}</destination>
		</relationship>
		<relationship name="panner">
			<destination>{aa6e4c33-5629-4553-9de2-669d450a682d}</destination>
		</relationship>
		<relationship name="output">
			<destination>{b8d07980-928c-4d37-a718-01e36f554ad2}</destination>
		</relationship>
	</object>
	<object class="MixerBusEffectChain" id="{2e441ceb-9e64-4267-8243-14faeefca193}">
		<relationship name="effects">
			<destination>{1dd03c40-d819-489d-ad7c-d02f1c2c7cb1}</destination>
		</relationship>
	</object>
	<object class="MixerBusPanner" id="{85a76118-bdd3-42be-8be9-2e8664b9e0db}" />
	<object class="MixerBusFader" id="{292d5b84-0414-4947-bed7-098e1c764297}" />
	<object class="SingleSound" id="{8665bf85-3965-46a2-aa3b-069c60d919c6}">
		<relationship name="audioFile">
			<destination>{a5563e11-a628-467b-8ba6-13f49fa71ca8}</destination>
		</relationship>
	</object>
	<object class="SingleSound" id="{c94370a9-7133-4e0d-acba-02041a1a4d97}">
		<relationship name="audioFile">
			<destination>{675fcbb3-4f85-467d-a139-3899b714824d}</destination>
		</relationship>
	</object>
	<object class="SingleSound" id="{8df3dae1-ed34-4575-a448-797f07b5056c}">
		<relationship name="audioFile">
			<destination>{1366cd1c-e6e5-48e7-a2ec-08e87ba3533d}</destination>
		</relationship>
	</object>
	<object class="SingleSound" id="{5204babf-2223-43b4-b312-7b5202a902f8}">
		<relationship name="audioFile">
			<destination>{66cb2c51-836a-4919-b87f-0896d4419a63}</destination>
		</relationship>
	</object>
	<object class="SingleSound" id="{e3a003ed-5a05-4cb8-8807-0f8fa1068427}">
		<relationship name="audioFile">
			<destination>{04b3497e-c2f6-4002-821c-770b9cdfc314}</destination>
		</relationship>
	</object>
	<object class="SingleSound" id="{01a3b614-94d8-459e-a465-083da94919cf}">
		<relationship name="audioFile">
			<destination>{605916be-62ec-44a0-88fa-e22f6b321219}</destination>
		</relationship>
	</object>
	<object class="SingleSound" id="{16c86f6b-0769-4bb8-9ec7-05b9f240cbba}">
		<relationship name="audioFile">
			<destination>{bae2f9e9-2eb0-4571-8c60-f30bd5208877}</destination>
		</relationship>
	</object>
	<object class="SingleSound" id="{fdee306e-fc73-4335-9a7a-baaaeb5ae70c}">
		<relationship name="audioFile">
			<destination>{6b0277de-c92a-454e-bc78-032d0e59b5de}</destination>
		</relationship>
	</object>
	<object class="SingleSound" id="{ccd77bf2-3fb2-4c5e-bc57-6ff3f7f14b41}">
		<relationship name="audioFile">
			<destination>{d50646c6-ff94-44fd-adb0-ae882b02f325}</destination>
		</relationship>
	</object>
	<object class="SingleSound" id="{34b90766-cbaa-4e84-970f-647751719f7b}">
		<relationship name="audioFile">
			<destination>{d0ff858e-7123-4311-b963-cbcb6b4d8894}</destination>
		</relationship>
	</object>
	<object class="SingleSound" id="{69ee86cd-9a2f-4e52-8169-0f511143d1a7}">
		<relationship name="audioFile">
			<destination>{f87a2db4-325d-470c-bec4-43391a1fa967}</destination>
		</relationship>
	</object>
	<object class="SingleSound" id="{aeeb894c-939f-4a8b-8bee-f712c1b3f92b}">
		<relationship name="audioFile">
			<destination>{3b9699df-c219-422f-b7c7-caa5638f6221}</destination>
		</relationship>
	</object>
	<object class="SingleSound" id="{af387f24-3c71-4d63-b3de-ed3f13b0a41a}">
		<relationship name="audioFile">
			<destination>{4feea431-9af4-4b69-803b-99c9f056a2af}</destination>
		</relationship>
	</object>
	<object class="SingleSound" id="{85a099df-c04e-47ca-b9f6-16121dc6bdee}">
		<relationship name="audioFile">
			<destination>{6a90e47e-13bf-485a-8f95-e18e8cee364b}</destination>
		</relationship>
	</object>
	<object class="MixerBusEffectChain" id="{286c58cb-ddd8-439e-a4ef-f7dbbcf63613}">
		<relationship name="effects">
			<destination>{1ed0282f-4f4c-4de6-ac4b-b87a7e6fe92d}</destination>
		</relationship>
	</object>
	<object class="MixerBusPanner" id="{aa6e4c33-5629-4553-9de2-669d450a682d}" />
	<object class="MixerBusFader" id="{1dd03c40-d819-489d-ad7c-d02f1c2c7cb1}" />
	<object class="MixerBusFader" id="{1ed0282f-4f4c-4de6-ac4b-b87a7e6fe92d}" />
</objects>
