<?xml version="1.0" encoding="UTF-8"?>
<objects serializationModel="Studio.02.01.00">
	<object class="Event" id="{0177cf64-0982-4d91-8284-5530f5350831}">
		<property name="name">
			<value>Faction_ObjectiveQuote_Appease_14</value>
		</property>
		<property name="outputFormat">
			<value>0</value>
		</property>
		<relationship name="folder">
			<destination>{158ad337-8269-4a32-865c-d3c458683eff}</destination>
		</relationship>
		<relationship name="mixer">
			<destination>{3528222a-e0c2-4168-8ef2-aff8ef1ec9f6}</destination>
		</relationship>
		<relationship name="masterTrack">
			<destination>{89dd9df7-018d-45e5-a465-dc49d3c33bb5}</destination>
		</relationship>
		<relationship name="mixerInput">
			<destination>{2d334a51-e93a-4b10-9896-1a68789d3979}</destination>
		</relationship>
		<relationship name="automatableProperties">
			<destination>{4cbeeb77-9aea-4747-afe4-d0c8a48f36d1}</destination>
		</relationship>
		<relationship name="markerTracks">
			<destination>{e89610a2-c9ca-4180-af68-5b44028b4f6a}</destination>
		</relationship>
		<relationship name="groupTracks">
			<destination>{e1391ad6-a902-47ce-9095-1e21725c1d31}</destination>
		</relationship>
		<relationship name="timeline">
			<destination>{aff38323-a656-4807-be0d-69dc734c85e5}</destination>
		</relationship>
		<relationship name="banks">
			<destination>{8c3f9de4-14c8-4279-a712-2040780fff61}</destination>
		</relationship>
	</object>
	<object class="EventMixer" id="{3528222a-e0c2-4168-8ef2-aff8ef1ec9f6}">
		<relationship name="masterBus">
			<destination>{2664d6e4-55e1-4c83-8b6b-f1255421fb6f}</destination>
		</relationship>
	</object>
	<object class="MasterTrack" id="{89dd9df7-018d-45e5-a465-dc49d3c33bb5}">
		<relationship name="mixerGroup">
			<destination>{2664d6e4-55e1-4c83-8b6b-f1255421fb6f}</destination>
		</relationship>
	</object>
	<object class="MixerInput" id="{2d334a51-e93a-4b10-9896-1a68789d3979}">
		<relationship name="effectChain">
			<destination>{50cac6db-24ad-4adc-83fb-cb8d85e38ee1}</destination>
		</relationship>
		<relationship name="panner">
			<destination>{b6053f73-d6e7-4e8f-8966-483e1d4a6958}</destination>
		</relationship>
		<relationship name="output">
			<destination>{a74bdffc-cbb2-488b-ae3c-038020e1273d}</destination>
		</relationship>
	</object>
	<object class="EventAutomatableProperties" id="{4cbeeb77-9aea-4747-afe4-d0c8a48f36d1}" />
	<object class="MarkerTrack" id="{e89610a2-c9ca-4180-af68-5b44028b4f6a}" />
	<object class="GroupTrack" id="{e1391ad6-a902-47ce-9095-1e21725c1d31}">
		<relationship name="modules">
			<destination>{7184d679-ced3-4b06-8b33-022681fa2ac8}</destination>
		</relationship>
		<relationship name="mixerGroup">
			<destination>{d32c65a6-a56d-4f1b-8a37-2c382901ee2e}</destination>
		</relationship>
	</object>
	<object class="Timeline" id="{aff38323-a656-4807-be0d-69dc734c85e5}">
		<relationship name="modules">
			<destination>{7184d679-ced3-4b06-8b33-022681fa2ac8}</destination>
		</relationship>
	</object>
	<object class="EventMixerMaster" id="{2664d6e4-55e1-4c83-8b6b-f1255421fb6f}">
		<relationship name="effectChain">
			<destination>{1e8bbd18-b9ca-49ee-9cd6-dcce90244c4a}</destination>
		</relationship>
		<relationship name="panner">
			<destination>{effc2a9f-ad80-493b-812a-db35667ca342}</destination>
		</relationship>
		<relationship name="mixer">
			<destination>{3528222a-e0c2-4168-8ef2-aff8ef1ec9f6}</destination>
		</relationship>
	</object>
	<object class="MixerBusEffectChain" id="{50cac6db-24ad-4adc-83fb-cb8d85e38ee1}">
		<relationship name="effects">
			<destination>{806469be-e87d-4956-8cc3-edee8ffa6c41}</destination>
		</relationship>
	</object>
	<object class="MixerBusPanner" id="{b6053f73-d6e7-4e8f-8966-483e1d4a6958}" />
	<object class="SingleSound" id="{7184d679-ced3-4b06-8b33-022681fa2ac8}">
		<property name="length">
			<value>3.0115625000000001</value>
		</property>
		<relationship name="audioFile">
			<destination>{6936b043-31f5-4bb3-b1e8-4a267a7a877e}</destination>
		</relationship>
	</object>
	<object class="EventMixerGroup" id="{d32c65a6-a56d-4f1b-8a37-2c382901ee2e}">
		<property name="name">
			<value>Audio 1</value>
		</property>
		<relationship name="effectChain">
			<destination>{9ab7565a-2b79-49e8-9684-d996e9a19f34}</destination>
		</relationship>
		<relationship name="panner">
			<destination>{641d7a92-0920-49aa-afae-a3d19e218389}</destination>
		</relationship>
		<relationship name="output">
			<destination>{2664d6e4-55e1-4c83-8b6b-f1255421fb6f}</destination>
		</relationship>
	</object>
	<object class="MixerBusEffectChain" id="{1e8bbd18-b9ca-49ee-9cd6-dcce90244c4a}">
		<relationship name="effects">
			<destination>{d655d807-56fa-4a41-a76a-b0ba32ab4584}</destination>
		</relationship>
	</object>
	<object class="MixerBusPanner" id="{effc2a9f-ad80-493b-812a-db35667ca342}" />
	<object class="MixerBusFader" id="{806469be-e87d-4956-8cc3-edee8ffa6c41}" />
	<object class="MixerBusEffectChain" id="{9ab7565a-2b79-49e8-9684-d996e9a19f34}">
		<relationship name="effects">
			<destination>{8488869b-e069-458a-ad8d-bf9e4bda697d}</destination>
		</relationship>
	</object>
	<object class="MixerBusPanner" id="{641d7a92-0920-49aa-afae-a3d19e218389}" />
	<object class="MixerBusFader" id="{d655d807-56fa-4a41-a76a-b0ba32ab4584}" />
	<object class="MixerBusFader" id="{8488869b-e069-458a-ad8d-bf9e4bda697d}" />
</objects>
