<?xml version="1.0" encoding="UTF-8"?>
<objects serializationModel="Studio.02.01.00">
	<object class="Event" id="{01741af8-fb74-412e-93e5-9b25d9107bca}">
		<property name="name">
			<value>Assigned</value>
		</property>
		<property name="outputFormat">
			<value>0</value>
		</property>
		<relationship name="folder">
			<destination>{f5a87483-9250-4db9-84fe-5220fbc4e3a6}</destination>
		</relationship>
		<relationship name="mixer">
			<destination>{85b6c40d-23d6-4cb9-985c-a0e6fe4e5419}</destination>
		</relationship>
		<relationship name="masterTrack">
			<destination>{880a7cb0-2f98-4e6b-bbec-d95b2539926c}</destination>
		</relationship>
		<relationship name="mixerInput">
			<destination>{4f731f59-d88c-4b6c-a3c9-afa870671178}</destination>
		</relationship>
		<relationship name="automatableProperties">
			<destination>{c46c21d7-f66e-4749-9a18-123deea8f845}</destination>
		</relationship>
		<relationship name="markerTracks">
			<destination>{0cab044e-3951-47dc-9a98-8ab538a6506c}</destination>
		</relationship>
		<relationship name="groupTracks">
			<destination>{e2422e8d-8f2e-4da1-bb8d-565b3ece52e5}</destination>
		</relationship>
		<relationship name="timeline">
			<destination>{dab77ea6-a1d9-493c-b474-309287bed845}</destination>
		</relationship>
		<relationship name="banks">
			<destination>{8c3f9de4-14c8-4279-a712-2040780fff61}</destination>
		</relationship>
	</object>
	<object class="EventMixer" id="{85b6c40d-23d6-4cb9-985c-a0e6fe4e5419}">
		<relationship name="masterBus">
			<destination>{4705b4b6-556c-4492-9e08-07eef7e6dd5d}</destination>
		</relationship>
	</object>
	<object class="MasterTrack" id="{880a7cb0-2f98-4e6b-bbec-d95b2539926c}">
		<relationship name="mixerGroup">
			<destination>{4705b4b6-556c-4492-9e08-07eef7e6dd5d}</destination>
		</relationship>
	</object>
	<object class="MixerInput" id="{4f731f59-d88c-4b6c-a3c9-afa870671178}">
		<relationship name="effectChain">
			<destination>{99ac7562-16ba-4e23-8bc8-9f28e80f58dc}</destination>
		</relationship>
		<relationship name="panner">
			<destination>{4f619220-a280-4513-97d3-021729b936fd}</destination>
		</relationship>
		<relationship name="output">
			<destination>{a74bdffc-cbb2-488b-ae3c-038020e1273d}</destination>
		</relationship>
	</object>
	<object class="EventAutomatableProperties" id="{c46c21d7-f66e-4749-9a18-123deea8f845}" />
	<object class="MarkerTrack" id="{0cab044e-3951-47dc-9a98-8ab538a6506c}" />
	<object class="GroupTrack" id="{e2422e8d-8f2e-4da1-bb8d-565b3ece52e5}">
		<relationship name="modules">
			<destination>{f92dce88-1615-45cf-897e-15315d808eab}</destination>
		</relationship>
		<relationship name="mixerGroup">
			<destination>{b23c6099-02a4-4f1d-9496-2ca4abc7da5e}</destination>
		</relationship>
	</object>
	<object class="Timeline" id="{dab77ea6-a1d9-493c-b474-309287bed845}">
		<relationship name="modules">
			<destination>{f92dce88-1615-45cf-897e-15315d808eab}</destination>
		</relationship>
	</object>
	<object class="EventMixerMaster" id="{4705b4b6-556c-4492-9e08-07eef7e6dd5d}">
		<relationship name="effectChain">
			<destination>{01891366-a722-4a6a-a0b6-1d040331b42b}</destination>
		</relationship>
		<relationship name="panner">
			<destination>{60ba7760-205d-42af-bcc9-e46206ecc302}</destination>
		</relationship>
		<relationship name="mixer">
			<destination>{85b6c40d-23d6-4cb9-985c-a0e6fe4e5419}</destination>
		</relationship>
	</object>
	<object class="MixerBusEffectChain" id="{99ac7562-16ba-4e23-8bc8-9f28e80f58dc}">
		<relationship name="effects">
			<destination>{b5bb01de-faf6-4846-9c70-2b56e9d46984}</destination>
		</relationship>
	</object>
	<object class="MixerBusPanner" id="{4f619220-a280-4513-97d3-021729b936fd}" />
	<object class="MultiSound" id="{f92dce88-1615-45cf-897e-15315d808eab}">
		<property name="length">
			<value>1.6876249999999999</value>
		</property>
		<relationship name="sounds">
			<destination>{41cb58e3-d4e4-4bb0-b1f1-0ad200c2f4bc}</destination>
			<destination>{7d84dd3a-53dc-4263-bdae-0363638d139c}</destination>
			<destination>{d5786c7c-f95c-4445-bc50-77c3e2e7cfc5}</destination>
			<destination>{757e5669-9873-41ea-a5ba-6793699b4e8e}</destination>
			<destination>{b7e6618d-0954-479e-8339-19d4bb6f95d1}</destination>
		</relationship>
	</object>
	<object class="EventMixerGroup" id="{b23c6099-02a4-4f1d-9496-2ca4abc7da5e}">
		<property name="name">
			<value>Audio 1</value>
		</property>
		<relationship name="effectChain">
			<destination>{519fea95-ba4f-4815-82f5-ed686e6275ab}</destination>
		</relationship>
		<relationship name="panner">
			<destination>{8274f032-edc2-4712-a7f4-67782e1c5fa6}</destination>
		</relationship>
		<relationship name="output">
			<destination>{4705b4b6-556c-4492-9e08-07eef7e6dd5d}</destination>
		</relationship>
	</object>
	<object class="MixerBusEffectChain" id="{01891366-a722-4a6a-a0b6-1d040331b42b}">
		<relationship name="effects">
			<destination>{e61c6229-4ffb-458f-8d2e-b580575219da}</destination>
		</relationship>
	</object>
	<object class="MixerBusPanner" id="{60ba7760-205d-42af-bcc9-e46206ecc302}" />
	<object class="MixerBusFader" id="{b5bb01de-faf6-4846-9c70-2b56e9d46984}" />
	<object class="SingleSound" id="{41cb58e3-d4e4-4bb0-b1f1-0ad200c2f4bc}">
		<relationship name="audioFile">
			<destination>{e39c9721-909d-4b86-900a-970f65d17005}</destination>
		</relationship>
	</object>
	<object class="SingleSound" id="{7d84dd3a-53dc-4263-bdae-0363638d139c}">
		<relationship name="audioFile">
			<destination>{f723b073-8817-4237-9f21-ee4e8a8156fc}</destination>
		</relationship>
	</object>
	<object class="SingleSound" id="{d5786c7c-f95c-4445-bc50-77c3e2e7cfc5}">
		<relationship name="audioFile">
			<destination>{8c5f3a76-a14a-48f1-af4b-995ed25da293}</destination>
		</relationship>
	</object>
	<object class="SingleSound" id="{757e5669-9873-41ea-a5ba-6793699b4e8e}">
		<relationship name="audioFile">
			<destination>{2fdbb9a6-2c6a-44c3-a962-d019f26c3390}</destination>
		</relationship>
	</object>
	<object class="SingleSound" id="{b7e6618d-0954-479e-8339-19d4bb6f95d1}">
		<relationship name="audioFile">
			<destination>{e961b5bf-b111-42f4-a43e-49406f4e19f7}</destination>
		</relationship>
	</object>
	<object class="MixerBusEffectChain" id="{519fea95-ba4f-4815-82f5-ed686e6275ab}">
		<relationship name="effects">
			<destination>{1d150066-50c7-4f4c-a9ef-ec910ee12e31}</destination>
		</relationship>
	</object>
	<object class="MixerBusPanner" id="{8274f032-edc2-4712-a7f4-67782e1c5fa6}" />
	<object class="MixerBusFader" id="{e61c6229-4ffb-458f-8d2e-b580575219da}" />
	<object class="MixerBusFader" id="{1d150066-50c7-4f4c-a9ef-ec910ee12e31}" />
</objects>
