<?xml version="1.0" encoding="UTF-8"?>
<objects serializationModel="Studio.02.01.00">
	<object class="Event" id="{017a2556-a8f4-4d5d-b344-c5a314525def}">
		<property name="name">
			<value>Assigned</value>
		</property>
		<property name="outputFormat">
			<value>0</value>
		</property>
		<relationship name="folder">
			<destination>{4d2abb41-bdc4-45a1-913b-c35bcabfeb68}</destination>
		</relationship>
		<relationship name="mixer">
			<destination>{3f155041-6aaf-45ce-a931-95785dd677b8}</destination>
		</relationship>
		<relationship name="masterTrack">
			<destination>{25242ed2-a5b8-4d06-b71e-72e096cd47b0}</destination>
		</relationship>
		<relationship name="mixerInput">
			<destination>{a8cd8937-6a6a-4b51-8778-f3b6c0d88ba9}</destination>
		</relationship>
		<relationship name="automatableProperties">
			<destination>{d556c597-8aec-46e7-b987-71e97e7d75f6}</destination>
		</relationship>
		<relationship name="markerTracks">
			<destination>{c2593612-eb5a-4ac1-b1f6-6d945954ee4c}</destination>
		</relationship>
		<relationship name="groupTracks">
			<destination>{fc60f1ad-4dfc-4a84-ba86-c95dc842695c}</destination>
		</relationship>
		<relationship name="timeline">
			<destination>{50f8bfab-f3da-4cfd-9f56-c7b9b02c90ed}</destination>
		</relationship>
		<relationship name="banks">
			<destination>{8c3f9de4-14c8-4279-a712-2040780fff61}</destination>
		</relationship>
	</object>
	<object class="EventMixer" id="{3f155041-6aaf-45ce-a931-95785dd677b8}">
		<relationship name="masterBus">
			<destination>{cf8bc548-bc55-45bb-8249-2c8a56bb19dd}</destination>
		</relationship>
	</object>
	<object class="MasterTrack" id="{25242ed2-a5b8-4d06-b71e-72e096cd47b0}">
		<relationship name="mixerGroup">
			<destination>{cf8bc548-bc55-45bb-8249-2c8a56bb19dd}</destination>
		</relationship>
	</object>
	<object class="MixerInput" id="{a8cd8937-6a6a-4b51-8778-f3b6c0d88ba9}">
		<relationship name="effectChain">
			<destination>{0bfce3db-6fbe-45e4-ae22-0413dd4d7986}</destination>
		</relationship>
		<relationship name="panner">
			<destination>{03d2a91a-3397-4a80-a85c-53a0d656abb7}</destination>
		</relationship>
		<relationship name="output">
			<destination>{a74bdffc-cbb2-488b-ae3c-038020e1273d}</destination>
		</relationship>
	</object>
	<object class="EventAutomatableProperties" id="{d556c597-8aec-46e7-b987-71e97e7d75f6}" />
	<object class="MarkerTrack" id="{c2593612-eb5a-4ac1-b1f6-6d945954ee4c}" />
	<object class="GroupTrack" id="{fc60f1ad-4dfc-4a84-ba86-c95dc842695c}">
		<relationship name="modules">
			<destination>{e51fe2fe-8040-4dc5-89cb-935c60e9a025}</destination>
		</relationship>
		<relationship name="mixerGroup">
			<destination>{08e76de6-c02d-48f2-8f2f-597576f6bacc}</destination>
		</relationship>
	</object>
	<object class="Timeline" id="{50f8bfab-f3da-4cfd-9f56-c7b9b02c90ed}">
		<relationship name="modules">
			<destination>{e51fe2fe-8040-4dc5-89cb-935c60e9a025}</destination>
		</relationship>
	</object>
	<object class="EventMixerMaster" id="{cf8bc548-bc55-45bb-8249-2c8a56bb19dd}">
		<relationship name="effectChain">
			<destination>{88f1278e-0b44-4701-877c-3785ac3d9fe7}</destination>
		</relationship>
		<relationship name="panner">
			<destination>{6010ccf5-f5e6-4b9a-844f-67cfac8b9db1}</destination>
		</relationship>
		<relationship name="mixer">
			<destination>{3f155041-6aaf-45ce-a931-95785dd677b8}</destination>
		</relationship>
	</object>
	<object class="MixerBusEffectChain" id="{0bfce3db-6fbe-45e4-ae22-0413dd4d7986}">
		<relationship name="effects">
			<destination>{127a7eb6-984f-4125-b11d-0863fc0eed35}</destination>
		</relationship>
	</object>
	<object class="MixerBusPanner" id="{03d2a91a-3397-4a80-a85c-53a0d656abb7}" />
	<object class="MultiSound" id="{e51fe2fe-8040-4dc5-89cb-935c60e9a025}">
		<property name="length">
			<value>2.2942499999999999</value>
		</property>
		<relationship name="sounds">
			<destination>{8462ae19-fe85-4050-94b6-abd4620bcc31}</destination>
			<destination>{ae8349fe-b619-49b2-8318-db7bba546c33}</destination>
			<destination>{36cbf2b4-890e-4010-a815-66abea3e03f8}</destination>
			<destination>{abcd041e-b5f2-4cd0-89b5-47dd8aabbb25}</destination>
		</relationship>
	</object>
	<object class="EventMixerGroup" id="{08e76de6-c02d-48f2-8f2f-597576f6bacc}">
		<property name="name">
			<value>Audio 1</value>
		</property>
		<relationship name="effectChain">
			<destination>{af9ece51-30b9-4160-9f46-4449876b971d}</destination>
		</relationship>
		<relationship name="panner">
			<destination>{7858b008-678e-48c4-a92b-2717db59723e}</destination>
		</relationship>
		<relationship name="output">
			<destination>{cf8bc548-bc55-45bb-8249-2c8a56bb19dd}</destination>
		</relationship>
	</object>
	<object class="MixerBusEffectChain" id="{88f1278e-0b44-4701-877c-3785ac3d9fe7}">
		<relationship name="effects">
			<destination>{42375cba-67ee-44eb-93fa-d0843cde4e26}</destination>
		</relationship>
	</object>
	<object class="MixerBusPanner" id="{6010ccf5-f5e6-4b9a-844f-67cfac8b9db1}" />
	<object class="MixerBusFader" id="{127a7eb6-984f-4125-b11d-0863fc0eed35}" />
	<object class="SingleSound" id="{8462ae19-fe85-4050-94b6-abd4620bcc31}">
		<relationship name="audioFile">
			<destination>{44d71396-6706-4a9e-bc7b-c17b70d5bce1}</destination>
		</relationship>
	</object>
	<object class="SingleSound" id="{ae8349fe-b619-49b2-8318-db7bba546c33}">
		<relationship name="audioFile">
			<destination>{e59c2e3c-da23-4bbc-96f9-a9d66893979c}</destination>
		</relationship>
	</object>
	<object class="SingleSound" id="{36cbf2b4-890e-4010-a815-66abea3e03f8}">
		<relationship name="audioFile">
			<destination>{11c3d553-6152-4f20-8434-ddffc39a6e81}</destination>
		</relationship>
	</object>
	<object class="SingleSound" id="{abcd041e-b5f2-4cd0-89b5-47dd8aabbb25}">
		<relationship name="audioFile">
			<destination>{97143b07-a489-426d-9428-0df63d0738b7}</destination>
		</relationship>
	</object>
	<object class="MixerBusEffectChain" id="{af9ece51-30b9-4160-9f46-4449876b971d}">
		<relationship name="effects">
			<destination>{9f3f526a-78e3-437b-be1e-763467d94f64}</destination>
		</relationship>
	</object>
	<object class="MixerBusPanner" id="{7858b008-678e-48c4-a92b-2717db59723e}" />
	<object class="MixerBusFader" id="{42375cba-67ee-44eb-93fa-d0843cde4e26}" />
	<object class="MixerBusFader" id="{9f3f526a-78e3-437b-be1e-763467d94f64}" />
</objects>
