<?xml version="1.0" encoding="UTF-8"?>
<objects serializationModel="Studio.02.01.00">
	<object class="Event" id="{01a3815e-aa26-4a51-983b-adba2b914ac9}">
		<property name="name">
			<value>Failure</value>
		</property>
		<property name="outputFormat">
			<value>0</value>
		</property>
		<relationship name="folder">
			<destination>{29a6b258-850e-45a4-95d1-4701a6b025ae}</destination>
		</relationship>
		<relationship name="mixer">
			<destination>{5ad3b4dd-81d2-4672-be74-603dfa5efb02}</destination>
		</relationship>
		<relationship name="masterTrack">
			<destination>{2466a6b6-0557-4199-9a95-116d580c0503}</destination>
		</relationship>
		<relationship name="mixerInput">
			<destination>{385b1e53-ace2-492d-a26e-df361d9e8c7b}</destination>
		</relationship>
		<relationship name="automatableProperties">
			<destination>{d7d2fbed-8cc9-4ec4-8e17-5be158744020}</destination>
		</relationship>
		<relationship name="markerTracks">
			<destination>{9a7c114d-81af-46d4-8f91-4fd0a1cd7a59}</destination>
		</relationship>
		<relationship name="groupTracks">
			<destination>{ccbd5b1b-6127-49a6-9292-9ff653adc3e8}</destination>
		</relationship>
		<relationship name="timeline">
			<destination>{a382ad88-d409-4432-bf2a-35df83d28ce5}</destination>
		</relationship>
		<relationship name="banks">
			<destination>{8c3f9de4-14c8-4279-a712-2040780fff61}</destination>
		</relationship>
	</object>
	<object class="EventMixer" id="{5ad3b4dd-81d2-4672-be74-603dfa5efb02}">
		<relationship name="masterBus">
			<destination>{b579fc65-0db7-43a8-bf29-c42436645f0b}</destination>
		</relationship>
	</object>
	<object class="MasterTrack" id="{2466a6b6-0557-4199-9a95-116d580c0503}">
		<relationship name="mixerGroup">
			<destination>{b579fc65-0db7-43a8-bf29-c42436645f0b}</destination>
		</relationship>
	</object>
	<object class="MixerInput" id="{385b1e53-ace2-492d-a26e-df361d9e8c7b}">
		<relationship name="effectChain">
			<destination>{a2d58e5d-3f63-49f0-8967-443e6c8bedd7}</destination>
		</relationship>
		<relationship name="panner">
			<destination>{1f7d956e-93b2-4317-988d-db927c6dda9f}</destination>
		</relationship>
		<relationship name="output">
			<destination>{a74bdffc-cbb2-488b-ae3c-038020e1273d}</destination>
		</relationship>
	</object>
	<object class="EventAutomatableProperties" id="{d7d2fbed-8cc9-4ec4-8e17-5be158744020}" />
	<object class="MarkerTrack" id="{9a7c114d-81af-46d4-8f91-4fd0a1cd7a59}" />
	<object class="GroupTrack" id="{ccbd5b1b-6127-49a6-9292-9ff653adc3e8}">
		<relationship name="modules">
			<destination>{dc4edacd-7e3a-4c79-ac5b-d73c1f498b9d}</destination>
		</relationship>
		<relationship name="mixerGroup">
			<destination>{b2a2274d-d53e-4207-a349-5b6c9ca783e4}</destination>
		</relationship>
	</object>
	<object class="Timeline" id="{a382ad88-d409-4432-bf2a-35df83d28ce5}">
		<relationship name="modules">
			<destination>{dc4edacd-7e3a-4c79-ac5b-d73c1f498b9d}</destination>
		</relationship>
	</object>
	<object class="EventMixerMaster" id="{b579fc65-0db7-43a8-bf29-c42436645f0b}">
		<relationship name="effectChain">
			<destination>{b673a89f-d01d-4596-914b-1ebad2f72452}</destination>
		</relationship>
		<relationship name="panner">
			<destination>{8759e1f2-127b-489b-9ec2-52d523c671e0}</destination>
		</relationship>
		<relationship name="mixer">
			<destination>{5ad3b4dd-81d2-4672-be74-603dfa5efb02}</destination>
		</relationship>
	</object>
	<object class="MixerBusEffectChain" id="{a2d58e5d-3f63-49f0-8967-443e6c8bedd7}">
		<relationship name="effects">
			<destination>{1984dc0e-6371-41d5-968d-0cabd705c7c9}</destination>
		</relationship>
	</object>
	<object class="MixerBusPanner" id="{1f7d956e-93b2-4317-988d-db927c6dda9f}" />
	<object class="MultiSound" id="{dc4edacd-7e3a-4c79-ac5b-d73c1f498b9d}">
		<property name="length">
			<value>1.6416041666666668</value>
		</property>
		<relationship name="sounds">
			<destination>{c8823b0d-30bb-4a4b-82c9-5cc42f6a4209}</destination>
			<destination>{28c590fa-b40b-4f65-b5a2-de0339bb2752}</destination>
			<destination>{f5480ced-0963-4506-b528-d3611033b879}</destination>
			<destination>{6e0575a1-6b15-4dc2-be9d-d11fb9ab0f63}</destination>
		</relationship>
	</object>
	<object class="EventMixerGroup" id="{b2a2274d-d53e-4207-a349-5b6c9ca783e4}">
		<property name="name">
			<value>Audio 1</value>
		</property>
		<relationship name="effectChain">
			<destination>{13ddd035-57ef-4fb2-a698-af902a3fec3d}</destination>
		</relationship>
		<relationship name="panner">
			<destination>{86787c09-1ca2-4e46-b8c8-a2aedccd06a4}</destination>
		</relationship>
		<relationship name="output">
			<destination>{b579fc65-0db7-43a8-bf29-c42436645f0b}</destination>
		</relationship>
	</object>
	<object class="MixerBusEffectChain" id="{b673a89f-d01d-4596-914b-1ebad2f72452}">
		<relationship name="effects">
			<destination>{dd5d5121-2ea9-414d-aabc-c215c9ea422f}</destination>
		</relationship>
	</object>
	<object class="MixerBusPanner" id="{8759e1f2-127b-489b-9ec2-52d523c671e0}" />
	<object class="MixerBusFader" id="{1984dc0e-6371-41d5-968d-0cabd705c7c9}" />
	<object class="SingleSound" id="{c8823b0d-30bb-4a4b-82c9-5cc42f6a4209}">
		<relationship name="audioFile">
			<destination>{81af3943-84af-48c5-9b2e-d32e031b4fd6}</destination>
		</relationship>
	</object>
	<object class="SingleSound" id="{28c590fa-b40b-4f65-b5a2-de0339bb2752}">
		<relationship name="audioFile">
			<destination>{017bd365-41fa-4d07-9198-51c104a44549}</destination>
		</relationship>
	</object>
	<object class="SingleSound" id="{f5480ced-0963-4506-b528-d3611033b879}">
		<relationship name="audioFile">
			<destination>{10fb170d-7e34-495d-b84b-2ea1791373c7}</destination>
		</relationship>
	</object>
	<object class="SingleSound" id="{6e0575a1-6b15-4dc2-be9d-d11fb9ab0f63}">
		<relationship name="audioFile">
			<destination>{50435e08-85a5-4e30-b1ac-41dbeb9322ce}</destination>
		</relationship>
	</object>
	<object class="MixerBusEffectChain" id="{13ddd035-57ef-4fb2-a698-af902a3fec3d}">
		<relationship name="effects">
			<destination>{6b72f339-dcbd-404f-948a-07c3c27bac0c}</destination>
		</relationship>
	</object>
	<object class="MixerBusPanner" id="{86787c09-1ca2-4e46-b8c8-a2aedccd06a4}" />
	<object class="MixerBusFader" id="{dd5d5121-2ea9-414d-aabc-c215c9ea422f}" />
	<object class="MixerBusFader" id="{6b72f339-dcbd-404f-948a-07c3c27bac0c}" />
</objects>
