<?xml version="1.0" encoding="UTF-8"?>
<objects serializationModel="Studio.02.01.00">
	<object class="Event" id="{01b9418d-20dd-4da2-a85b-3208d9336c4d}">
		<property name="name">
			<value>Faction_ObjectiveQuote_Escape_16</value>
		</property>
		<property name="outputFormat">
			<value>0</value>
		</property>
		<relationship name="folder">
			<destination>{158ad337-8269-4a32-865c-d3c458683eff}</destination>
		</relationship>
		<relationship name="mixer">
			<destination>{2a909680-d99b-4078-b5b8-772314c0a238}</destination>
		</relationship>
		<relationship name="masterTrack">
			<destination>{ae81e064-17db-45f0-bd09-fb1e03a465d5}</destination>
		</relationship>
		<relationship name="mixerInput">
			<destination>{3e8f098a-e03b-48a4-896f-a869025c687b}</destination>
		</relationship>
		<relationship name="automatableProperties">
			<destination>{fd149ceb-55f5-41fe-97b1-98033f6ad1b1}</destination>
		</relationship>
		<relationship name="markerTracks">
			<destination>{d20deba8-42ee-4406-ac48-05a1efb9134c}</destination>
		</relationship>
		<relationship name="groupTracks">
			<destination>{b61c85ae-1de3-464b-8a24-485e2446152f}</destination>
		</relationship>
		<relationship name="timeline">
			<destination>{d2e2662d-057d-4504-9116-cf8def6b97a2}</destination>
		</relationship>
		<relationship name="banks">
			<destination>{8c3f9de4-14c8-4279-a712-2040780fff61}</destination>
		</relationship>
	</object>
	<object class="EventMixer" id="{2a909680-d99b-4078-b5b8-772314c0a238}">
		<relationship name="masterBus">
			<destination>{d03759d1-fa89-4fa9-bff6-ba259bbb05b1}</destination>
		</relationship>
	</object>
	<object class="MasterTrack" id="{ae81e064-17db-45f0-bd09-fb1e03a465d5}">
		<relationship name="mixerGroup">
			<destination>{d03759d1-fa89-4fa9-bff6-ba259bbb05b1}</destination>
		</relationship>
	</object>
	<object class="MixerInput" id="{3e8f098a-e03b-48a4-896f-a869025c687b}">
		<relationship name="effectChain">
			<destination>{b33e579d-7040-44c8-9160-017641ba2d91}</destination>
		</relationship>
		<relationship name="panner">
			<destination>{78862366-caa0-45f4-8ccb-d00128a4fb02}</destination>
		</relationship>
		<relationship name="output">
			<destination>{a74bdffc-cbb2-488b-ae3c-038020e1273d}</destination>
		</relationship>
	</object>
	<object class="EventAutomatableProperties" id="{fd149ceb-55f5-41fe-97b1-98033f6ad1b1}" />
	<object class="MarkerTrack" id="{d20deba8-42ee-4406-ac48-05a1efb9134c}" />
	<object class="GroupTrack" id="{b61c85ae-1de3-464b-8a24-485e2446152f}">
		<relationship name="modules">
			<destination>{c1a69f60-9180-461a-b1d9-2b10a09d71ed}</destination>
		</relationship>
		<relationship name="mixerGroup">
			<destination>{6d37cfcd-072d-4ccf-9b3d-1ef579fa9aea}</destination>
		</relationship>
	</object>
	<object class="Timeline" id="{d2e2662d-057d-4504-9116-cf8def6b97a2}">
		<relationship name="modules">
			<destination>{c1a69f60-9180-461a-b1d9-2b10a09d71ed}</destination>
		</relationship>
	</object>
	<object class="EventMixerMaster" id="{d03759d1-fa89-4fa9-bff6-ba259bbb05b1}">
		<relationship name="effectChain">
			<destination>{81b16254-c87a-4d65-ac12-61c099b117be}</destination>
		</relationship>
		<relationship name="panner">
			<destination>{3b28ab46-9387-4e2b-9224-5be241fb5447}</destination>
		</relationship>
		<relationship name="mixer">
			<destination>{2a909680-d99b-4078-b5b8-772314c0a238}</destination>
		</relationship>
	</object>
	<object class="MixerBusEffectChain" id="{b33e579d-7040-44c8-9160-017641ba2d91}">
		<relationship name="effects">
			<destination>{8a5e655c-a2e2-4de7-9fe5-ec8fcf29a467}</destination>
		</relationship>
	</object>
	<object class="MixerBusPanner" id="{78862366-caa0-45f4-8ccb-d00128a4fb02}" />
	<object class="SingleSound" id="{c1a69f60-9180-461a-b1d9-2b10a09d71ed}">
		<property name="length">
			<value>3.9913124999999998</value>
		</property>
		<relationship name="audioFile">
			<destination>{bfd04418-c965-44a6-8e24-4e923ce1c259}</destination>
		</relationship>
	</object>
	<object class="EventMixerGroup" id="{6d37cfcd-072d-4ccf-9b3d-1ef579fa9aea}">
		<property name="name">
			<value>Audio 1</value>
		</property>
		<relationship name="effectChain">
			<destination>{5a76e3ee-4475-46c0-a3f5-762876a9f516}</destination>
		</relationship>
		<relationship name="panner">
			<destination>{f8159ce9-971a-4244-8933-eeb999ae9a17}</destination>
		</relationship>
		<relationship name="output">
			<destination>{d03759d1-fa89-4fa9-bff6-ba259bbb05b1}</destination>
		</relationship>
	</object>
	<object class="MixerBusEffectChain" id="{81b16254-c87a-4d65-ac12-61c099b117be}">
		<relationship name="effects">
			<destination>{4ab60c43-ecd3-4023-87a2-6e89b6c5b8e1}</destination>
		</relationship>
	</object>
	<object class="MixerBusPanner" id="{3b28ab46-9387-4e2b-9224-5be241fb5447}" />
	<object class="MixerBusFader" id="{8a5e655c-a2e2-4de7-9fe5-ec8fcf29a467}" />
	<object class="MixerBusEffectChain" id="{5a76e3ee-4475-46c0-a3f5-762876a9f516}">
		<relationship name="effects">
			<destination>{718074e8-cd47-4ddb-a7dd-7c39c35e7113}</destination>
		</relationship>
	</object>
	<object class="MixerBusPanner" id="{f8159ce9-971a-4244-8933-eeb999ae9a17}" />
	<object class="MixerBusFader" id="{4ab60c43-ecd3-4023-87a2-6e89b6c5b8e1}" />
	<object class="MixerBusFader" id="{718074e8-cd47-4ddb-a7dd-7c39c35e7113}" />
</objects>
