<?xml version="1.0" encoding="UTF-8"?>
<objects serializationModel="Studio.02.01.00">
	<object class="Event" id="{01c563c9-a4c7-4906-94cb-6f518dd24293}">
		<property name="name">
			<value>Faction_ObjectiveQuote_Cooperate_25</value>
		</property>
		<property name="outputFormat">
			<value>0</value>
		</property>
		<relationship name="folder">
			<destination>{158ad337-8269-4a32-865c-d3c458683eff}</destination>
		</relationship>
		<relationship name="mixer">
			<destination>{4fd34e34-45e0-4189-bbb5-8fb4efc7b9f3}</destination>
		</relationship>
		<relationship name="masterTrack">
			<destination>{e9674064-70e6-479b-8fb0-0416a79c28d3}</destination>
		</relationship>
		<relationship name="mixerInput">
			<destination>{6ca093a9-7b51-4550-b840-8fe52de8da6d}</destination>
		</relationship>
		<relationship name="automatableProperties">
			<destination>{0e368622-7723-4805-8d61-58fcbdd838ae}</destination>
		</relationship>
		<relationship name="markerTracks">
			<destination>{c4dc93b7-d7bc-46ef-b3cf-93dbe5179f74}</destination>
		</relationship>
		<relationship name="groupTracks">
			<destination>{65a4cb31-1e67-4aaa-9006-880247c12a54}</destination>
		</relationship>
		<relationship name="timeline">
			<destination>{d76efd60-b188-4b4f-a05a-714076c1ed74}</destination>
		</relationship>
		<relationship name="banks">
			<destination>{8c3f9de4-14c8-4279-a712-2040780fff61}</destination>
		</relationship>
	</object>
	<object class="EventMixer" id="{4fd34e34-45e0-4189-bbb5-8fb4efc7b9f3}">
		<relationship name="masterBus">
			<destination>{f238e760-23c3-4bd8-8a58-b12591707593}</destination>
		</relationship>
	</object>
	<object class="MasterTrack" id="{e9674064-70e6-479b-8fb0-0416a79c28d3}">
		<relationship name="mixerGroup">
			<destination>{f238e760-23c3-4bd8-8a58-b12591707593}</destination>
		</relationship>
	</object>
	<object class="MixerInput" id="{6ca093a9-7b51-4550-b840-8fe52de8da6d}">
		<relationship name="effectChain">
			<destination>{e23edb11-0a5e-49ca-9ded-a38321b66cfc}</destination>
		</relationship>
		<relationship name="panner">
			<destination>{32d847a9-5271-4e49-bb25-5fbb2983aa06}</destination>
		</relationship>
		<relationship name="output">
			<destination>{a74bdffc-cbb2-488b-ae3c-038020e1273d}</destination>
		</relationship>
	</object>
	<object class="EventAutomatableProperties" id="{0e368622-7723-4805-8d61-58fcbdd838ae}" />
	<object class="MarkerTrack" id="{c4dc93b7-d7bc-46ef-b3cf-93dbe5179f74}" />
	<object class="GroupTrack" id="{65a4cb31-1e67-4aaa-9006-880247c12a54}">
		<relationship name="modules">
			<destination>{c0d6b181-819c-4fa8-acea-9b1fbcbc8816}</destination>
		</relationship>
		<relationship name="mixerGroup">
			<destination>{8e8ddc5a-fd2b-457d-bf16-3cef5a88fe9d}</destination>
		</relationship>
	</object>
	<object class="Timeline" id="{d76efd60-b188-4b4f-a05a-714076c1ed74}">
		<relationship name="modules">
			<destination>{c0d6b181-819c-4fa8-acea-9b1fbcbc8816}</destination>
		</relationship>
	</object>
	<object class="EventMixerMaster" id="{f238e760-23c3-4bd8-8a58-b12591707593}">
		<relationship name="effectChain">
			<destination>{a25e3abc-78e9-4096-9aa8-ac3abc7958e0}</destination>
		</relationship>
		<relationship name="panner">
			<destination>{6ca42017-5679-40ef-b7c1-c5a6a0fc8512}</destination>
		</relationship>
		<relationship name="mixer">
			<destination>{4fd34e34-45e0-4189-bbb5-8fb4efc7b9f3}</destination>
		</relationship>
	</object>
	<object class="MixerBusEffectChain" id="{e23edb11-0a5e-49ca-9ded-a38321b66cfc}">
		<relationship name="effects">
			<destination>{0227bacd-d083-4f49-9165-fe30df02ba7e}</destination>
		</relationship>
	</object>
	<object class="MixerBusPanner" id="{32d847a9-5271-4e49-bb25-5fbb2983aa06}" />
	<object class="SingleSound" id="{c0d6b181-819c-4fa8-acea-9b1fbcbc8816}">
		<property name="length">
			<value>2.8711458333333333</value>
		</property>
		<relationship name="audioFile">
			<destination>{f810d87e-c390-4802-9684-99f81aadd09a}</destination>
		</relationship>
	</object>
	<object class="EventMixerGroup" id="{8e8ddc5a-fd2b-457d-bf16-3cef5a88fe9d}">
		<property name="name">
			<value>Audio 1</value>
		</property>
		<relationship name="effectChain">
			<destination>{bbb3b7c5-c557-40b2-bc24-5f9df1cbd9eb}</destination>
		</relationship>
		<relationship name="panner">
			<destination>{81aba986-4d28-4d7b-9d87-81eb63c518f8}</destination>
		</relationship>
		<relationship name="output">
			<destination>{f238e760-23c3-4bd8-8a58-b12591707593}</destination>
		</relationship>
	</object>
	<object class="MixerBusEffectChain" id="{a25e3abc-78e9-4096-9aa8-ac3abc7958e0}">
		<relationship name="effects">
			<destination>{4cab29a1-76c8-48e8-8fc1-a5c122556588}</destination>
		</relationship>
	</object>
	<object class="MixerBusPanner" id="{6ca42017-5679-40ef-b7c1-c5a6a0fc8512}" />
	<object class="MixerBusFader" id="{0227bacd-d083-4f49-9165-fe30df02ba7e}" />
	<object class="MixerBusEffectChain" id="{bbb3b7c5-c557-40b2-bc24-5f9df1cbd9eb}">
		<relationship name="effects">
			<destination>{64bd20d8-4245-4827-a2e2-65f793c22962}</destination>
		</relationship>
	</object>
	<object class="MixerBusPanner" id="{81aba986-4d28-4d7b-9d87-81eb63c518f8}" />
	<object class="MixerBusFader" id="{4cab29a1-76c8-48e8-8fc1-a5c122556588}" />
	<object class="MixerBusFader" id="{64bd20d8-4245-4827-a2e2-65f793c22962}" />
</objects>
