<?xml version="1.0" encoding="UTF-8"?>
<objects serializationModel="Studio.02.01.00">
	<object class="Event" id="{01d178d7-21f2-46c4-82c8-2448d3973de6}">
		<property name="name">
			<value>Faction_ObjectiveQuote_Exploit_19</value>
		</property>
		<property name="outputFormat">
			<value>0</value>
		</property>
		<relationship name="folder">
			<destination>{158ad337-8269-4a32-865c-d3c458683eff}</destination>
		</relationship>
		<relationship name="mixer">
			<destination>{455d3226-ed78-472b-9d15-273a367a51c9}</destination>
		</relationship>
		<relationship name="masterTrack">
			<destination>{a0d8f36b-391a-4b56-b878-12f1d28be8ba}</destination>
		</relationship>
		<relationship name="mixerInput">
			<destination>{f197669f-3b4f-41be-aaf8-df3bb4127750}</destination>
		</relationship>
		<relationship name="automatableProperties">
			<destination>{fbd08ec7-46ac-4a06-aabf-cda11dba4166}</destination>
		</relationship>
		<relationship name="markerTracks">
			<destination>{48e297d9-d3ab-40c5-be4f-7a66b7cf7281}</destination>
		</relationship>
		<relationship name="groupTracks">
			<destination>{4ec4ff74-61a5-45e9-9bf4-98a5cf2e170c}</destination>
		</relationship>
		<relationship name="timeline">
			<destination>{b3c2cb40-89f1-4421-a571-69233e899a30}</destination>
		</relationship>
		<relationship name="banks">
			<destination>{8c3f9de4-14c8-4279-a712-2040780fff61}</destination>
		</relationship>
	</object>
	<object class="EventMixer" id="{455d3226-ed78-472b-9d15-273a367a51c9}">
		<relationship name="masterBus">
			<destination>{040fb43e-d165-4ee6-bcd2-687473877713}</destination>
		</relationship>
	</object>
	<object class="MasterTrack" id="{a0d8f36b-391a-4b56-b878-12f1d28be8ba}">
		<relationship name="mixerGroup">
			<destination>{040fb43e-d165-4ee6-bcd2-687473877713}</destination>
		</relationship>
	</object>
	<object class="MixerInput" id="{f197669f-3b4f-41be-aaf8-df3bb4127750}">
		<relationship name="effectChain">
			<destination>{2650bfd0-53be-4060-893b-9cd58506298f}</destination>
		</relationship>
		<relationship name="panner">
			<destination>{0192b120-ee54-469a-830b-a53f8ce4f15f}</destination>
		</relationship>
		<relationship name="output">
			<destination>{a74bdffc-cbb2-488b-ae3c-038020e1273d}</destination>
		</relationship>
	</object>
	<object class="EventAutomatableProperties" id="{fbd08ec7-46ac-4a06-aabf-cda11dba4166}" />
	<object class="MarkerTrack" id="{48e297d9-d3ab-40c5-be4f-7a66b7cf7281}" />
	<object class="GroupTrack" id="{4ec4ff74-61a5-45e9-9bf4-98a5cf2e170c}">
		<relationship name="modules">
			<destination>{10346341-4047-46fc-b941-b8bb554e69e0}</destination>
		</relationship>
		<relationship name="mixerGroup">
			<destination>{550ab880-b4a6-4559-ade8-27609cb1d919}</destination>
		</relationship>
	</object>
	<object class="Timeline" id="{b3c2cb40-89f1-4421-a571-69233e899a30}">
		<relationship name="modules">
			<destination>{10346341-4047-46fc-b941-b8bb554e69e0}</destination>
		</relationship>
	</object>
	<object class="EventMixerMaster" id="{040fb43e-d165-4ee6-bcd2-687473877713}">
		<relationship name="effectChain">
			<destination>{1958bd55-6a8c-41c9-a043-668d84e091ae}</destination>
		</relationship>
		<relationship name="panner">
			<destination>{708f1ecc-8d5b-4f88-9c20-567b8c26e94a}</destination>
		</relationship>
		<relationship name="mixer">
			<destination>{455d3226-ed78-472b-9d15-273a367a51c9}</destination>
		</relationship>
	</object>
	<object class="MixerBusEffectChain" id="{2650bfd0-53be-4060-893b-9cd58506298f}">
		<relationship name="effects">
			<destination>{bffb288d-bfc9-4af2-8814-d8b7b9b137a4}</destination>
		</relationship>
	</object>
	<object class="MixerBusPanner" id="{0192b120-ee54-469a-830b-a53f8ce4f15f}" />
	<object class="SingleSound" id="{10346341-4047-46fc-b941-b8bb554e69e0}">
		<property name="length">
			<value>3.6957708333333334</value>
		</property>
		<relationship name="audioFile">
			<destination>{ccaf6a2f-3a20-4580-b34a-a7ebfd3c080d}</destination>
		</relationship>
	</object>
	<object class="EventMixerGroup" id="{550ab880-b4a6-4559-ade8-27609cb1d919}">
		<property name="name">
			<value>Audio 1</value>
		</property>
		<relationship name="effectChain">
			<destination>{25a4b521-4b27-4cb9-bb5a-6af5b145de72}</destination>
		</relationship>
		<relationship name="panner">
			<destination>{dcad4661-631e-4456-91f3-25ef2caed522}</destination>
		</relationship>
		<relationship name="output">
			<destination>{040fb43e-d165-4ee6-bcd2-687473877713}</destination>
		</relationship>
	</object>
	<object class="MixerBusEffectChain" id="{1958bd55-6a8c-41c9-a043-668d84e091ae}">
		<relationship name="effects">
			<destination>{7e3de644-048d-49f6-a70b-163a64ca5bf2}</destination>
		</relationship>
	</object>
	<object class="MixerBusPanner" id="{708f1ecc-8d5b-4f88-9c20-567b8c26e94a}" />
	<object class="MixerBusFader" id="{bffb288d-bfc9-4af2-8814-d8b7b9b137a4}" />
	<object class="MixerBusEffectChain" id="{25a4b521-4b27-4cb9-bb5a-6af5b145de72}">
		<relationship name="effects">
			<destination>{c8fa76f6-d02f-4ed0-aaac-e012516b750e}</destination>
		</relationship>
	</object>
	<object class="MixerBusPanner" id="{dcad4661-631e-4456-91f3-25ef2caed522}" />
	<object class="MixerBusFader" id="{7e3de644-048d-49f6-a70b-163a64ca5bf2}" />
	<object class="MixerBusFader" id="{c8fa76f6-d02f-4ed0-aaac-e012516b750e}" />
</objects>
