<?xml version="1.0" encoding="UTF-8"?>
<objects serializationModel="Studio.02.01.00">
	<object class="Event" id="{01ebc206-f48c-43cd-8dbf-b66d2599146a}">
		<property name="name">
			<value>Success</value>
		</property>
		<property name="outputFormat">
			<value>0</value>
		</property>
		<relationship name="folder">
			<destination>{c4a6c7cf-7863-42ca-95d0-5952148a9c87}</destination>
		</relationship>
		<relationship name="mixer">
			<destination>{821fda46-a4f9-42de-bd24-bfa8998b806f}</destination>
		</relationship>
		<relationship name="masterTrack">
			<destination>{81b7dda8-3dd2-4da5-aeb0-da11d3056a2e}</destination>
		</relationship>
		<relationship name="mixerInput">
			<destination>{ff4c1ef5-1736-4c44-94ae-bef641c989f8}</destination>
		</relationship>
		<relationship name="automatableProperties">
			<destination>{42de3dc6-282a-434a-bb7d-caf25bbd1577}</destination>
		</relationship>
		<relationship name="markerTracks">
			<destination>{e8973a77-7114-4de6-bfb4-0487fb475fe8}</destination>
		</relationship>
		<relationship name="groupTracks">
			<destination>{06ced1c5-1549-4fd8-9749-933a3ca99cd4}</destination>
		</relationship>
		<relationship name="timeline">
			<destination>{298abba9-f415-4d8d-bd70-800aec200648}</destination>
		</relationship>
		<relationship name="banks">
			<destination>{8c3f9de4-14c8-4279-a712-2040780fff61}</destination>
		</relationship>
	</object>
	<object class="EventMixer" id="{821fda46-a4f9-42de-bd24-bfa8998b806f}">
		<relationship name="masterBus">
			<destination>{15b5bcc4-11e5-481e-abc9-063604d7465f}</destination>
		</relationship>
	</object>
	<object class="MasterTrack" id="{81b7dda8-3dd2-4da5-aeb0-da11d3056a2e}">
		<relationship name="mixerGroup">
			<destination>{15b5bcc4-11e5-481e-abc9-063604d7465f}</destination>
		</relationship>
	</object>
	<object class="MixerInput" id="{ff4c1ef5-1736-4c44-94ae-bef641c989f8}">
		<relationship name="effectChain">
			<destination>{5152bd86-d51b-4f6f-a74b-a22e93a630a0}</destination>
		</relationship>
		<relationship name="panner">
			<destination>{6c2e63f9-8000-4c20-a82b-9eb36c7f54c7}</destination>
		</relationship>
		<relationship name="output">
			<destination>{a74bdffc-cbb2-488b-ae3c-038020e1273d}</destination>
		</relationship>
	</object>
	<object class="EventAutomatableProperties" id="{42de3dc6-282a-434a-bb7d-caf25bbd1577}" />
	<object class="MarkerTrack" id="{e8973a77-7114-4de6-bfb4-0487fb475fe8}" />
	<object class="GroupTrack" id="{06ced1c5-1549-4fd8-9749-933a3ca99cd4}">
		<relationship name="modules">
			<destination>{77b03981-905d-4bcc-9037-7775d5ee3574}</destination>
		</relationship>
		<relationship name="mixerGroup">
			<destination>{65f913e4-da82-4c58-a8e5-e5885e289b79}</destination>
		</relationship>
	</object>
	<object class="Timeline" id="{298abba9-f415-4d8d-bd70-800aec200648}">
		<relationship name="modules">
			<destination>{77b03981-905d-4bcc-9037-7775d5ee3574}</destination>
		</relationship>
	</object>
	<object class="EventMixerMaster" id="{15b5bcc4-11e5-481e-abc9-063604d7465f}">
		<relationship name="effectChain">
			<destination>{407b14a8-a3a3-4bcb-a72e-accb7211fc69}</destination>
		</relationship>
		<relationship name="panner">
			<destination>{2ad377ca-3f08-4ca9-83c5-7e526c43d2d9}</destination>
		</relationship>
		<relationship name="mixer">
			<destination>{821fda46-a4f9-42de-bd24-bfa8998b806f}</destination>
		</relationship>
	</object>
	<object class="MixerBusEffectChain" id="{5152bd86-d51b-4f6f-a74b-a22e93a630a0}">
		<relationship name="effects">
			<destination>{38c12c8b-2942-4b80-a89b-da04bd134367}</destination>
		</relationship>
	</object>
	<object class="MixerBusPanner" id="{6c2e63f9-8000-4c20-a82b-9eb36c7f54c7}" />
	<object class="MultiSound" id="{77b03981-905d-4bcc-9037-7775d5ee3574}">
		<property name="length">
			<value>1.8174375</value>
		</property>
		<relationship name="sounds">
			<destination>{67185643-05e2-4039-9a70-d3f94f91ac4d}</destination>
			<destination>{717ee2db-2dcd-4543-8f9c-44f2f3ad02f8}</destination>
		</relationship>
	</object>
	<object class="EventMixerGroup" id="{65f913e4-da82-4c58-a8e5-e5885e289b79}">
		<property name="name">
			<value>Audio 1</value>
		</property>
		<relationship name="effectChain">
			<destination>{36859042-20e4-43a9-8caa-b549dc53da3e}</destination>
		</relationship>
		<relationship name="panner">
			<destination>{2f07c602-2d68-47f3-8d77-ca4d5b651467}</destination>
		</relationship>
		<relationship name="output">
			<destination>{15b5bcc4-11e5-481e-abc9-063604d7465f}</destination>
		</relationship>
	</object>
	<object class="MixerBusEffectChain" id="{407b14a8-a3a3-4bcb-a72e-accb7211fc69}">
		<relationship name="effects">
			<destination>{8c9ecdd6-7f5c-4961-bbe6-4beddbd23096}</destination>
		</relationship>
	</object>
	<object class="MixerBusPanner" id="{2ad377ca-3f08-4ca9-83c5-7e526c43d2d9}" />
	<object class="MixerBusFader" id="{38c12c8b-2942-4b80-a89b-da04bd134367}" />
	<object class="SingleSound" id="{67185643-05e2-4039-9a70-d3f94f91ac4d}">
		<relationship name="audioFile">
			<destination>{450aaf97-b730-486a-bc84-bff8a4a49a5e}</destination>
		</relationship>
	</object>
	<object class="SingleSound" id="{717ee2db-2dcd-4543-8f9c-44f2f3ad02f8}">
		<relationship name="audioFile">
			<destination>{88574b78-b21d-4108-a147-2b2130e8ec1c}</destination>
		</relationship>
	</object>
	<object class="MixerBusEffectChain" id="{36859042-20e4-43a9-8caa-b549dc53da3e}">
		<relationship name="effects">
			<destination>{ac3345ed-d12c-441d-a414-6721b8528457}</destination>
		</relationship>
	</object>
	<object class="MixerBusPanner" id="{2f07c602-2d68-47f3-8d77-ca4d5b651467}" />
	<object class="MixerBusFader" id="{8c9ecdd6-7f5c-4961-bbe6-4beddbd23096}" />
	<object class="MixerBusFader" id="{ac3345ed-d12c-441d-a414-6721b8528457}" />
</objects>
