<?xml version="1.0" encoding="UTF-8"?>
<objects serializationModel="Studio.02.01.00">
	<object class="Event" id="{01e56192-2f98-477d-b39a-eeb6097c2f77}">
		<property name="name">
			<value>trig_SFX_BlasterLongAverageHigh062MonoRR</value>
		</property>
		<property name="outputFormat">
			<value>2</value>
		</property>
		<relationship name="folder">
			<destination>{7f41e00c-f766-4529-8391-881712592ace}</destination>
		</relationship>
		<relationship name="mixer">
			<destination>{537b6da5-554e-46fe-9619-88ddb0bc9382}</destination>
		</relationship>
		<relationship name="masterTrack">
			<destination>{9bdec76f-3512-4c25-aa6d-3716c34fceb8}</destination>
		</relationship>
		<relationship name="mixerInput">
			<destination>{e2126162-4b31-4abe-8cb7-deb3b255c5d7}</destination>
		</relationship>
		<relationship name="automatableProperties">
			<destination>{e82e1b3f-2e4b-4532-849e-dcd9b726e157}</destination>
		</relationship>
		<relationship name="markerTracks">
			<destination>{5f38397a-cda6-43b3-bcde-4511007499ba}</destination>
		</relationship>
		<relationship name="groupTracks">
			<destination>{3b568171-107f-4962-9adb-e77b847bcd4d}</destination>
		</relationship>
		<relationship name="timeline">
			<destination>{dd94fb37-4465-43f2-8095-29fbeaea7405}</destination>
		</relationship>
		<relationship name="banks">
			<destination>{09901795-b9b9-4010-a4a3-3011ed4caaa2}</destination>
		</relationship>
	</object>
	<object class="EventMixer" id="{537b6da5-554e-46fe-9619-88ddb0bc9382}">
		<relationship name="masterBus">
			<destination>{10f45a28-4956-4a51-b91e-79a1805452cd}</destination>
		</relationship>
	</object>
	<object class="MasterTrack" id="{9bdec76f-3512-4c25-aa6d-3716c34fceb8}">
		<relationship name="mixerGroup">
			<destination>{10f45a28-4956-4a51-b91e-79a1805452cd}</destination>
		</relationship>
	</object>
	<object class="MixerInput" id="{e2126162-4b31-4abe-8cb7-deb3b255c5d7}">
		<relationship name="effectChain">
			<destination>{582e8015-4d5e-499e-9413-a08c6737a4af}</destination>
		</relationship>
		<relationship name="panner">
			<destination>{58153e6b-774f-4b3b-822d-8868cd833bbd}</destination>
		</relationship>
		<relationship name="output">
			<destination>{07daa3ae-3495-463d-8c3e-6a9ee1871371}</destination>
		</relationship>
	</object>
	<object class="EventAutomatableProperties" id="{e82e1b3f-2e4b-4532-849e-dcd9b726e157}" />
	<object class="MarkerTrack" id="{5f38397a-cda6-43b3-bcde-4511007499ba}" />
	<object class="GroupTrack" id="{3b568171-107f-4962-9adb-e77b847bcd4d}">
		<relationship name="modules">
			<destination>{706f7b75-b330-4be6-b8cb-5e1b666bfec2}</destination>
		</relationship>
		<relationship name="mixerGroup">
			<destination>{0de3b163-c2fe-43e6-b032-28e4a311bf9a}</destination>
		</relationship>
	</object>
	<object class="Timeline" id="{dd94fb37-4465-43f2-8095-29fbeaea7405}">
		<relationship name="modules">
			<destination>{706f7b75-b330-4be6-b8cb-5e1b666bfec2}</destination>
		</relationship>
	</object>
	<object class="EventMixerMaster" id="{10f45a28-4956-4a51-b91e-79a1805452cd}">
		<relationship name="effectChain">
			<destination>{b5044a6f-196c-421a-b6af-9300b1448fd2}</destination>
		</relationship>
		<relationship name="panner">
			<destination>{48aa5b50-c27d-4855-bb6b-ad53a85fd857}</destination>
		</relationship>
		<relationship name="mixer">
			<destination>{537b6da5-554e-46fe-9619-88ddb0bc9382}</destination>
		</relationship>
	</object>
	<object class="MixerBusEffectChain" id="{582e8015-4d5e-499e-9413-a08c6737a4af}">
		<relationship name="effects">
			<destination>{4ab369d8-f90d-4cc1-a74e-4f15085e7409}</destination>
		</relationship>
	</object>
	<object class="MixerBusPanner" id="{58153e6b-774f-4b3b-822d-8868cd833bbd}" />
	<object class="MultiSound" id="{706f7b75-b330-4be6-b8cb-5e1b666bfec2}">
		<property name="length">
			<value>1.5378458049886621</value>
		</property>
		<relationship name="sounds">
			<destination>{904433e0-9670-4330-8199-f4c171389791}</destination>
			<destination>{9d747893-b6d2-4f61-ae60-ec809d39ed92}</destination>
			<destination>{3fa696cb-3880-474f-92c2-7772bbe0869d}</destination>
			<destination>{3e5035f0-e0ce-43db-a023-efde5bec3676}</destination>
		</relationship>
	</object>
	<object class="EventMixerGroup" id="{0de3b163-c2fe-43e6-b032-28e4a311bf9a}">
		<property name="name">
			<value>Audio 1</value>
		</property>
		<relationship name="effectChain">
			<destination>{ca0122f1-0607-4641-930b-d2399bfbb82c}</destination>
		</relationship>
		<relationship name="panner">
			<destination>{641f5a4d-ddd5-41ae-ad83-fbeeead1126f}</destination>
		</relationship>
		<relationship name="output">
			<destination>{10f45a28-4956-4a51-b91e-79a1805452cd}</destination>
		</relationship>
	</object>
	<object class="MixerBusEffectChain" id="{b5044a6f-196c-421a-b6af-9300b1448fd2}">
		<relationship name="effects">
			<destination>{63d16379-e0e5-4c25-98cd-3fc270f62c5a}</destination>
			<destination>{8ec4c071-2356-412b-a60c-386935e2a118}</destination>
		</relationship>
	</object>
	<object class="MixerBusPanner" id="{48aa5b50-c27d-4855-bb6b-ad53a85fd857}" />
	<object class="MixerBusFader" id="{4ab369d8-f90d-4cc1-a74e-4f15085e7409}" />
	<object class="SingleSound" id="{904433e0-9670-4330-8199-f4c171389791}">
		<relationship name="audioFile">
			<destination>{34539071-9a3d-4f48-b863-b19865eead9f}</destination>
		</relationship>
	</object>
	<object class="SingleSound" id="{9d747893-b6d2-4f61-ae60-ec809d39ed92}">
		<relationship name="audioFile">
			<destination>{9203ac6b-bd63-46a1-99b3-6edfba4bc903}</destination>
		</relationship>
	</object>
	<object class="SingleSound" id="{3fa696cb-3880-474f-92c2-7772bbe0869d}">
		<relationship name="audioFile">
			<destination>{758414b8-b675-4c02-a774-ea68b3bd28dc}</destination>
		</relationship>
	</object>
	<object class="SingleSound" id="{3e5035f0-e0ce-43db-a023-efde5bec3676}">
		<relationship name="audioFile">
			<destination>{198743d4-cce0-4af1-9f7b-89291e8cb13a}</destination>
		</relationship>
	</object>
	<object class="MixerBusEffectChain" id="{ca0122f1-0607-4641-930b-d2399bfbb82c}">
		<relationship name="effects">
			<destination>{57a085f8-6bc0-4af5-9682-83fca5dace07}</destination>
		</relationship>
	</object>
	<object class="MixerBusPanner" id="{641f5a4d-ddd5-41ae-ad83-fbeeead1126f}" />
	<object class="MixerBusFader" id="{63d16379-e0e5-4c25-98cd-3fc270f62c5a}" />
	<object class="SpatialiserEffect" id="{8ec4c071-2356-412b-a60c-386935e2a118}">
		<property name="minimumDistance">
			<value>0.5</value>
		</property>
		<property name="maximumDistance">
			<value>200</value>
		</property>
	</object>
	<object class="MixerBusFader" id="{57a085f8-6bc0-4af5-9682-83fca5dace07}" />
</objects>
