<?xml version="1.0" encoding="UTF-8"?>
<objects serializationModel="Studio.02.01.00">
	<object class="Event" id="{01fa1c92-755a-4345-a324-447d2982c677}">
		<property name="name">
			<value>trig_SFX_BlasterAveragePreChargeHigh002StereoRR</value>
		</property>
		<property name="outputFormat">
			<value>2</value>
		</property>
		<relationship name="folder">
			<destination>{7f41e00c-f766-4529-8391-881712592ace}</destination>
		</relationship>
		<relationship name="mixer">
			<destination>{ba90e4e8-4ab7-43a8-b09f-23b95f616c4a}</destination>
		</relationship>
		<relationship name="masterTrack">
			<destination>{96f5d3e5-fc0c-4c06-b12d-4e515f6c6ce3}</destination>
		</relationship>
		<relationship name="mixerInput">
			<destination>{0403827e-6bec-43fc-9de6-2b29575beb5d}</destination>
		</relationship>
		<relationship name="automatableProperties">
			<destination>{889329f2-f003-4814-9f60-a7a94aa7b366}</destination>
		</relationship>
		<relationship name="markerTracks">
			<destination>{4dc73029-d603-466a-8877-e31bc45e3839}</destination>
		</relationship>
		<relationship name="groupTracks">
			<destination>{4eaeeda9-5b86-4b56-81d4-587e4ff70003}</destination>
		</relationship>
		<relationship name="timeline">
			<destination>{06452e54-87d4-45e2-b19b-5bed155a0bb5}</destination>
		</relationship>
		<relationship name="banks">
			<destination>{09901795-b9b9-4010-a4a3-3011ed4caaa2}</destination>
		</relationship>
	</object>
	<object class="EventMixer" id="{ba90e4e8-4ab7-43a8-b09f-23b95f616c4a}">
		<relationship name="masterBus">
			<destination>{8385b585-17ea-4856-b45c-ce9387bbb1c1}</destination>
		</relationship>
	</object>
	<object class="MasterTrack" id="{96f5d3e5-fc0c-4c06-b12d-4e515f6c6ce3}">
		<relationship name="mixerGroup">
			<destination>{8385b585-17ea-4856-b45c-ce9387bbb1c1}</destination>
		</relationship>
	</object>
	<object class="MixerInput" id="{0403827e-6bec-43fc-9de6-2b29575beb5d}">
		<relationship name="effectChain">
			<destination>{0f0a70d7-dd66-4599-9da9-81386433d8a6}</destination>
		</relationship>
		<relationship name="panner">
			<destination>{e3addc5c-5f81-4057-9db8-a48938719f18}</destination>
		</relationship>
		<relationship name="output">
			<destination>{07daa3ae-3495-463d-8c3e-6a9ee1871371}</destination>
		</relationship>
	</object>
	<object class="EventAutomatableProperties" id="{889329f2-f003-4814-9f60-a7a94aa7b366}" />
	<object class="MarkerTrack" id="{4dc73029-d603-466a-8877-e31bc45e3839}" />
	<object class="GroupTrack" id="{4eaeeda9-5b86-4b56-81d4-587e4ff70003}">
		<relationship name="modules">
			<destination>{e5b6afe9-81f4-4e7f-aac5-2c13564932a9}</destination>
		</relationship>
		<relationship name="mixerGroup">
			<destination>{632157a7-1abc-4bcf-92a0-e780d79224f2}</destination>
		</relationship>
	</object>
	<object class="Timeline" id="{06452e54-87d4-45e2-b19b-5bed155a0bb5}">
		<relationship name="modules">
			<destination>{e5b6afe9-81f4-4e7f-aac5-2c13564932a9}</destination>
		</relationship>
	</object>
	<object class="EventMixerMaster" id="{8385b585-17ea-4856-b45c-ce9387bbb1c1}">
		<relationship name="effectChain">
			<destination>{a459b835-41be-4940-ad75-3d705d0b672c}</destination>
		</relationship>
		<relationship name="panner">
			<destination>{98d71b66-e5a2-4c75-af68-483f725464e6}</destination>
		</relationship>
		<relationship name="mixer">
			<destination>{ba90e4e8-4ab7-43a8-b09f-23b95f616c4a}</destination>
		</relationship>
	</object>
	<object class="MixerBusEffectChain" id="{0f0a70d7-dd66-4599-9da9-81386433d8a6}">
		<relationship name="effects">
			<destination>{c524cdab-aa2f-465a-895c-c455069f407d}</destination>
		</relationship>
	</object>
	<object class="MixerBusPanner" id="{e3addc5c-5f81-4057-9db8-a48938719f18}" />
	<object class="MultiSound" id="{e5b6afe9-81f4-4e7f-aac5-2c13564932a9}">
		<property name="length">
			<value>1.3626530612244898</value>
		</property>
		<relationship name="sounds">
			<destination>{d4fdd3e5-fc67-4add-978e-db594fc2737a}</destination>
			<destination>{183b13c2-2df0-49a5-b500-a59ee5499d55}</destination>
			<destination>{75b96725-9da0-461b-ae21-dae09ee57f58}</destination>
			<destination>{1d1cc2a0-c4b9-4fa1-ad9a-a5b99bbd82d1}</destination>
		</relationship>
	</object>
	<object class="EventMixerGroup" id="{632157a7-1abc-4bcf-92a0-e780d79224f2}">
		<property name="name">
			<value>Audio 1</value>
		</property>
		<relationship name="effectChain">
			<destination>{21e57108-f0d8-4b4b-b6d7-22639f12c02d}</destination>
		</relationship>
		<relationship name="panner">
			<destination>{2fd26a03-64bd-4c95-a14b-d32f8d602c46}</destination>
		</relationship>
		<relationship name="output">
			<destination>{8385b585-17ea-4856-b45c-ce9387bbb1c1}</destination>
		</relationship>
	</object>
	<object class="MixerBusEffectChain" id="{a459b835-41be-4940-ad75-3d705d0b672c}">
		<relationship name="effects">
			<destination>{f7dadf94-6d39-479f-9bd9-22bbe2f1876f}</destination>
			<destination>{9cb4442f-22d8-4399-a5b4-5638d8777640}</destination>
		</relationship>
	</object>
	<object class="MixerBusPanner" id="{98d71b66-e5a2-4c75-af68-483f725464e6}" />
	<object class="MixerBusFader" id="{c524cdab-aa2f-465a-895c-c455069f407d}" />
	<object class="SingleSound" id="{d4fdd3e5-fc67-4add-978e-db594fc2737a}">
		<relationship name="audioFile">
			<destination>{a8c7737e-3d4d-4945-bb9c-dfd8d7100575}</destination>
		</relationship>
	</object>
	<object class="SingleSound" id="{183b13c2-2df0-49a5-b500-a59ee5499d55}">
		<relationship name="audioFile">
			<destination>{79c04523-49da-4050-8dd4-b127120897bd}</destination>
		</relationship>
	</object>
	<object class="SingleSound" id="{75b96725-9da0-461b-ae21-dae09ee57f58}">
		<relationship name="audioFile">
			<destination>{d33ac6b5-9ed4-4de1-9fa5-e385c4387cf3}</destination>
		</relationship>
	</object>
	<object class="SingleSound" id="{1d1cc2a0-c4b9-4fa1-ad9a-a5b99bbd82d1}">
		<relationship name="audioFile">
			<destination>{22a9ceb5-d018-4be3-a7e9-486ab24aa980}</destination>
		</relationship>
	</object>
	<object class="MixerBusEffectChain" id="{21e57108-f0d8-4b4b-b6d7-22639f12c02d}">
		<relationship name="effects">
			<destination>{c78d95c0-82dc-466e-9e64-8b167a4d16b4}</destination>
		</relationship>
	</object>
	<object class="MixerBusPanner" id="{2fd26a03-64bd-4c95-a14b-d32f8d602c46}" />
	<object class="MixerBusFader" id="{f7dadf94-6d39-479f-9bd9-22bbe2f1876f}" />
	<object class="SpatialiserEffect" id="{9cb4442f-22d8-4399-a5b4-5638d8777640}">
		<property name="minimumDistance">
			<value>0.5</value>
		</property>
		<property name="maximumDistance">
			<value>200</value>
		</property>
	</object>
	<object class="MixerBusFader" id="{c78d95c0-82dc-466e-9e64-8b167a4d16b4}" />
</objects>
