<?xml version="1.0" encoding="UTF-8"?>
<objects serializationModel="Studio.02.01.00">
	<object class="Event" id="{020b5ea6-5b7e-4d75-a2d5-928379ab48d0}">
		<property name="name">
			<value>Failure</value>
		</property>
		<property name="outputFormat">
			<value>0</value>
		</property>
		<relationship name="folder">
			<destination>{957e9bdf-58cb-4621-a7d7-1f56d5b6f8e7}</destination>
		</relationship>
		<relationship name="mixer">
			<destination>{6a493378-e9a6-4ab2-949e-7a21240c4085}</destination>
		</relationship>
		<relationship name="masterTrack">
			<destination>{0efd6948-b949-4bdf-adbd-37e6c2b4ae1d}</destination>
		</relationship>
		<relationship name="mixerInput">
			<destination>{374ce32a-f188-4c10-b140-935b276cfa60}</destination>
		</relationship>
		<relationship name="automatableProperties">
			<destination>{fb76cd20-38f0-4cea-b8ca-dfd367b64e50}</destination>
		</relationship>
		<relationship name="markerTracks">
			<destination>{cfe9cb75-6daf-4cc1-9193-6994ef826bbe}</destination>
		</relationship>
		<relationship name="groupTracks">
			<destination>{bae9b501-4570-4e38-94cd-9eef994c95b9}</destination>
		</relationship>
		<relationship name="timeline">
			<destination>{589a3b63-9675-45ae-b4d7-94fe05b9e627}</destination>
		</relationship>
		<relationship name="banks">
			<destination>{8c3f9de4-14c8-4279-a712-2040780fff61}</destination>
		</relationship>
	</object>
	<object class="EventMixer" id="{6a493378-e9a6-4ab2-949e-7a21240c4085}">
		<relationship name="masterBus">
			<destination>{675007fe-e343-4a88-b1da-7b7b08626f03}</destination>
		</relationship>
	</object>
	<object class="MasterTrack" id="{0efd6948-b949-4bdf-adbd-37e6c2b4ae1d}">
		<relationship name="mixerGroup">
			<destination>{675007fe-e343-4a88-b1da-7b7b08626f03}</destination>
		</relationship>
	</object>
	<object class="MixerInput" id="{374ce32a-f188-4c10-b140-935b276cfa60}">
		<relationship name="effectChain">
			<destination>{d0384979-6e68-41e9-b2f6-2f74d56e8ffb}</destination>
		</relationship>
		<relationship name="panner">
			<destination>{34e26306-317d-49e2-9a35-6930f06b08bf}</destination>
		</relationship>
		<relationship name="output">
			<destination>{a74bdffc-cbb2-488b-ae3c-038020e1273d}</destination>
		</relationship>
	</object>
	<object class="EventAutomatableProperties" id="{fb76cd20-38f0-4cea-b8ca-dfd367b64e50}" />
	<object class="MarkerTrack" id="{cfe9cb75-6daf-4cc1-9193-6994ef826bbe}" />
	<object class="GroupTrack" id="{bae9b501-4570-4e38-94cd-9eef994c95b9}">
		<relationship name="modules">
			<destination>{bebdb7c5-c785-4a13-b429-68f66118d689}</destination>
		</relationship>
		<relationship name="mixerGroup">
			<destination>{fedd76f6-7deb-4fa6-b45c-7c3f681146b3}</destination>
		</relationship>
	</object>
	<object class="Timeline" id="{589a3b63-9675-45ae-b4d7-94fe05b9e627}">
		<relationship name="modules">
			<destination>{bebdb7c5-c785-4a13-b429-68f66118d689}</destination>
		</relationship>
	</object>
	<object class="EventMixerMaster" id="{675007fe-e343-4a88-b1da-7b7b08626f03}">
		<relationship name="effectChain">
			<destination>{69cdc3bb-36d1-4c8f-8090-ef40bca072bc}</destination>
		</relationship>
		<relationship name="panner">
			<destination>{d9ec5335-6ab0-454b-aa3e-2ff6aa6c4e3c}</destination>
		</relationship>
		<relationship name="mixer">
			<destination>{6a493378-e9a6-4ab2-949e-7a21240c4085}</destination>
		</relationship>
	</object>
	<object class="MixerBusEffectChain" id="{d0384979-6e68-41e9-b2f6-2f74d56e8ffb}">
		<relationship name="effects">
			<destination>{058cd6ac-047f-49c7-b6bd-9ef34d7aaf1d}</destination>
		</relationship>
	</object>
	<object class="MixerBusPanner" id="{34e26306-317d-49e2-9a35-6930f06b08bf}" />
	<object class="MultiSound" id="{bebdb7c5-c785-4a13-b429-68f66118d689}">
		<property name="length">
			<value>2.0146458333333332</value>
		</property>
		<relationship name="sounds">
			<destination>{ec5a891d-424b-4a05-a719-5ac389c08400}</destination>
			<destination>{06a5b28c-ee69-410b-9d76-6c2b32a8d056}</destination>
			<destination>{96b3c1d2-815b-405e-b174-9ace0bb2060f}</destination>
		</relationship>
	</object>
	<object class="EventMixerGroup" id="{fedd76f6-7deb-4fa6-b45c-7c3f681146b3}">
		<property name="name">
			<value>Audio 1</value>
		</property>
		<relationship name="effectChain">
			<destination>{a28e07ac-585f-482c-94bb-3297a81e022d}</destination>
		</relationship>
		<relationship name="panner">
			<destination>{d2f7e8d7-a8b1-4b4f-9a8b-1ff41fa88dd1}</destination>
		</relationship>
		<relationship name="output">
			<destination>{675007fe-e343-4a88-b1da-7b7b08626f03}</destination>
		</relationship>
	</object>
	<object class="MixerBusEffectChain" id="{69cdc3bb-36d1-4c8f-8090-ef40bca072bc}">
		<relationship name="effects">
			<destination>{c55262fb-7eca-4889-b209-b0e1bf15248b}</destination>
		</relationship>
	</object>
	<object class="MixerBusPanner" id="{d9ec5335-6ab0-454b-aa3e-2ff6aa6c4e3c}" />
	<object class="MixerBusFader" id="{058cd6ac-047f-49c7-b6bd-9ef34d7aaf1d}" />
	<object class="SingleSound" id="{ec5a891d-424b-4a05-a719-5ac389c08400}">
		<relationship name="audioFile">
			<destination>{4887d110-3729-482e-8fac-2c32b467e167}</destination>
		</relationship>
	</object>
	<object class="SingleSound" id="{06a5b28c-ee69-410b-9d76-6c2b32a8d056}">
		<relationship name="audioFile">
			<destination>{20a9020b-a5f8-4f77-a501-19f04840eb57}</destination>
		</relationship>
	</object>
	<object class="SingleSound" id="{96b3c1d2-815b-405e-b174-9ace0bb2060f}">
		<relationship name="audioFile">
			<destination>{f4f12208-6574-4cf5-87dd-e51d508f3364}</destination>
		</relationship>
	</object>
	<object class="MixerBusEffectChain" id="{a28e07ac-585f-482c-94bb-3297a81e022d}">
		<relationship name="effects">
			<destination>{82ccc18c-87b6-46c3-bb0a-3c8f92dcd41c}</destination>
		</relationship>
	</object>
	<object class="MixerBusPanner" id="{d2f7e8d7-a8b1-4b4f-9a8b-1ff41fa88dd1}" />
	<object class="MixerBusFader" id="{c55262fb-7eca-4889-b209-b0e1bf15248b}" />
	<object class="MixerBusFader" id="{82ccc18c-87b6-46c3-bb0a-3c8f92dcd41c}" />
</objects>
