<?xml version="1.0" encoding="UTF-8"?>
<objects serializationModel="Studio.02.01.00">
	<object class="Event" id="{0202cf97-2727-42ab-93ab-ae3bbf8973e7}">
		<property name="name">
			<value>Assigned</value>
		</property>
		<property name="outputFormat">
			<value>0</value>
		</property>
		<relationship name="folder">
			<destination>{547021c8-a0f2-40d6-9003-426eba3ac92d}</destination>
		</relationship>
		<relationship name="mixer">
			<destination>{79df7914-b693-492b-823f-16f2a7844c60}</destination>
		</relationship>
		<relationship name="masterTrack">
			<destination>{ee0a41e5-e257-46f1-9ac6-f815be73bd36}</destination>
		</relationship>
		<relationship name="mixerInput">
			<destination>{f7280fad-e6c6-4b88-b374-c7c2fb8fe8c5}</destination>
		</relationship>
		<relationship name="automatableProperties">
			<destination>{dbfbcd85-827f-4294-9fac-365e453921c8}</destination>
		</relationship>
		<relationship name="markerTracks">
			<destination>{ec898e09-a477-4ff6-819c-adb431b2c229}</destination>
		</relationship>
		<relationship name="groupTracks">
			<destination>{ba534b53-3181-4f84-9686-fd665d74a3cf}</destination>
		</relationship>
		<relationship name="timeline">
			<destination>{94aa4cf9-244f-48f7-8129-3fc270aada77}</destination>
		</relationship>
		<relationship name="banks">
			<destination>{8c3f9de4-14c8-4279-a712-2040780fff61}</destination>
		</relationship>
	</object>
	<object class="EventMixer" id="{79df7914-b693-492b-823f-16f2a7844c60}">
		<relationship name="masterBus">
			<destination>{83926c04-684d-4c55-9440-ba77422dad91}</destination>
		</relationship>
	</object>
	<object class="MasterTrack" id="{ee0a41e5-e257-46f1-9ac6-f815be73bd36}">
		<relationship name="mixerGroup">
			<destination>{83926c04-684d-4c55-9440-ba77422dad91}</destination>
		</relationship>
	</object>
	<object class="MixerInput" id="{f7280fad-e6c6-4b88-b374-c7c2fb8fe8c5}">
		<relationship name="effectChain">
			<destination>{283ccfa9-f4a0-479c-9bb5-7de231fcba73}</destination>
		</relationship>
		<relationship name="panner">
			<destination>{8a732559-d740-492f-a7c5-f54fdafddba5}</destination>
		</relationship>
		<relationship name="output">
			<destination>{a74bdffc-cbb2-488b-ae3c-038020e1273d}</destination>
		</relationship>
	</object>
	<object class="EventAutomatableProperties" id="{dbfbcd85-827f-4294-9fac-365e453921c8}" />
	<object class="MarkerTrack" id="{ec898e09-a477-4ff6-819c-adb431b2c229}" />
	<object class="GroupTrack" id="{ba534b53-3181-4f84-9686-fd665d74a3cf}">
		<relationship name="modules">
			<destination>{2ff7da75-d385-4de2-ae30-cdd1b4554562}</destination>
		</relationship>
		<relationship name="mixerGroup">
			<destination>{cde50475-8db0-4d79-8e63-4394eb0299c4}</destination>
		</relationship>
	</object>
	<object class="Timeline" id="{94aa4cf9-244f-48f7-8129-3fc270aada77}">
		<relationship name="modules">
			<destination>{2ff7da75-d385-4de2-ae30-cdd1b4554562}</destination>
		</relationship>
	</object>
	<object class="EventMixerMaster" id="{83926c04-684d-4c55-9440-ba77422dad91}">
		<relationship name="effectChain">
			<destination>{5ff3ffad-891a-443e-8427-3893ee962f03}</destination>
		</relationship>
		<relationship name="panner">
			<destination>{084e75b0-04e8-4c3a-84b6-b877d04016a8}</destination>
		</relationship>
		<relationship name="mixer">
			<destination>{79df7914-b693-492b-823f-16f2a7844c60}</destination>
		</relationship>
	</object>
	<object class="MixerBusEffectChain" id="{283ccfa9-f4a0-479c-9bb5-7de231fcba73}">
		<relationship name="effects">
			<destination>{f0c05ea9-89f9-40aa-ae41-1351569dd151}</destination>
		</relationship>
	</object>
	<object class="MixerBusPanner" id="{8a732559-d740-492f-a7c5-f54fdafddba5}" />
	<object class="MultiSound" id="{2ff7da75-d385-4de2-ae30-cdd1b4554562}">
		<property name="length">
			<value>2.4665416666666666</value>
		</property>
		<relationship name="sounds">
			<destination>{1cb28870-7f50-497d-83ed-97cbcbdf5ea4}</destination>
			<destination>{61b7efd7-e7df-431c-8806-a1ade3a6420e}</destination>
			<destination>{a94b05d8-3ad2-404f-b2ad-51c958c0246a}</destination>
			<destination>{6aba7df8-f051-41bd-aa3e-b1f8f604e2fe}</destination>
			<destination>{3b4926c5-b5f4-4f4f-b02c-bea1cf6bb088}</destination>
		</relationship>
	</object>
	<object class="EventMixerGroup" id="{cde50475-8db0-4d79-8e63-4394eb0299c4}">
		<property name="name">
			<value>Audio 1</value>
		</property>
		<relationship name="effectChain">
			<destination>{252ca163-8f5d-4a80-9721-e37619f5c9d1}</destination>
		</relationship>
		<relationship name="panner">
			<destination>{0b2d5155-d040-41b6-9b49-60f03a2cbc30}</destination>
		</relationship>
		<relationship name="output">
			<destination>{83926c04-684d-4c55-9440-ba77422dad91}</destination>
		</relationship>
	</object>
	<object class="MixerBusEffectChain" id="{5ff3ffad-891a-443e-8427-3893ee962f03}">
		<relationship name="effects">
			<destination>{495d6583-84ba-47d7-9b7a-730e8e5be71f}</destination>
		</relationship>
	</object>
	<object class="MixerBusPanner" id="{084e75b0-04e8-4c3a-84b6-b877d04016a8}" />
	<object class="MixerBusFader" id="{f0c05ea9-89f9-40aa-ae41-1351569dd151}" />
	<object class="SingleSound" id="{1cb28870-7f50-497d-83ed-97cbcbdf5ea4}">
		<relationship name="audioFile">
			<destination>{6d968799-b835-42a6-b4ee-236f3627af66}</destination>
		</relationship>
	</object>
	<object class="SingleSound" id="{61b7efd7-e7df-431c-8806-a1ade3a6420e}">
		<relationship name="audioFile">
			<destination>{a8acbefe-cf19-4dba-9515-bce8184228ea}</destination>
		</relationship>
	</object>
	<object class="SingleSound" id="{a94b05d8-3ad2-404f-b2ad-51c958c0246a}">
		<relationship name="audioFile">
			<destination>{83794d56-5651-48eb-866b-897aad2efde6}</destination>
		</relationship>
	</object>
	<object class="SingleSound" id="{6aba7df8-f051-41bd-aa3e-b1f8f604e2fe}">
		<relationship name="audioFile">
			<destination>{8aa50b4a-3526-4b96-8192-1e29cbf2ef57}</destination>
		</relationship>
	</object>
	<object class="SingleSound" id="{3b4926c5-b5f4-4f4f-b02c-bea1cf6bb088}">
		<relationship name="audioFile">
			<destination>{d5cf9f0a-30f3-4ef2-8424-c0668a2531f3}</destination>
		</relationship>
	</object>
	<object class="MixerBusEffectChain" id="{252ca163-8f5d-4a80-9721-e37619f5c9d1}">
		<relationship name="effects">
			<destination>{43eb6aae-f211-4cb1-86d9-553dbd3d2678}</destination>
		</relationship>
	</object>
	<object class="MixerBusPanner" id="{0b2d5155-d040-41b6-9b49-60f03a2cbc30}" />
	<object class="MixerBusFader" id="{495d6583-84ba-47d7-9b7a-730e8e5be71f}" />
	<object class="MixerBusFader" id="{43eb6aae-f211-4cb1-86d9-553dbd3d2678}" />
</objects>
