<?xml version="1.0" encoding="UTF-8"?>
<objects serializationModel="Studio.02.01.00">
	<object class="Event" id="{02199d6f-1db5-4a40-85e4-d7b0857fb437}">
		<property name="name">
			<value>Faction_ObjectiveQuote_Appease_5</value>
		</property>
		<property name="outputFormat">
			<value>0</value>
		</property>
		<relationship name="folder">
			<destination>{158ad337-8269-4a32-865c-d3c458683eff}</destination>
		</relationship>
		<relationship name="mixer">
			<destination>{a4486342-c5be-4295-8d6a-ee4cff954e4b}</destination>
		</relationship>
		<relationship name="masterTrack">
			<destination>{8d98c437-013e-4dc0-8f39-ea8d53043a12}</destination>
		</relationship>
		<relationship name="mixerInput">
			<destination>{543587f8-5890-4469-9a0b-cba78542cdda}</destination>
		</relationship>
		<relationship name="automatableProperties">
			<destination>{af38c208-3d51-444a-9a3d-2913e595fa80}</destination>
		</relationship>
		<relationship name="markerTracks">
			<destination>{5030c856-87bc-414d-8da6-be35fa386962}</destination>
		</relationship>
		<relationship name="groupTracks">
			<destination>{e4bcd5d2-3ddf-448c-91cb-30afd8e7dd62}</destination>
		</relationship>
		<relationship name="timeline">
			<destination>{abc8dd2b-6630-46fb-8f10-7200fe051784}</destination>
		</relationship>
		<relationship name="banks">
			<destination>{8c3f9de4-14c8-4279-a712-2040780fff61}</destination>
		</relationship>
	</object>
	<object class="EventMixer" id="{a4486342-c5be-4295-8d6a-ee4cff954e4b}">
		<relationship name="masterBus">
			<destination>{f4e7542c-8559-4049-b907-ec36c836913a}</destination>
		</relationship>
	</object>
	<object class="MasterTrack" id="{8d98c437-013e-4dc0-8f39-ea8d53043a12}">
		<relationship name="mixerGroup">
			<destination>{f4e7542c-8559-4049-b907-ec36c836913a}</destination>
		</relationship>
	</object>
	<object class="MixerInput" id="{543587f8-5890-4469-9a0b-cba78542cdda}">
		<relationship name="effectChain">
			<destination>{86bbbd25-f604-4c0e-bb64-ca073ee50431}</destination>
		</relationship>
		<relationship name="panner">
			<destination>{8369e935-44ea-4a91-b7d8-edf9c33c0f7d}</destination>
		</relationship>
		<relationship name="output">
			<destination>{a74bdffc-cbb2-488b-ae3c-038020e1273d}</destination>
		</relationship>
	</object>
	<object class="EventAutomatableProperties" id="{af38c208-3d51-444a-9a3d-2913e595fa80}" />
	<object class="MarkerTrack" id="{5030c856-87bc-414d-8da6-be35fa386962}" />
	<object class="GroupTrack" id="{e4bcd5d2-3ddf-448c-91cb-30afd8e7dd62}">
		<relationship name="modules">
			<destination>{bc490946-a560-4544-a610-cb680cb21511}</destination>
		</relationship>
		<relationship name="mixerGroup">
			<destination>{30f8e92a-f664-4179-be83-94c63d8e6e24}</destination>
		</relationship>
	</object>
	<object class="Timeline" id="{abc8dd2b-6630-46fb-8f10-7200fe051784}">
		<relationship name="modules">
			<destination>{bc490946-a560-4544-a610-cb680cb21511}</destination>
		</relationship>
	</object>
	<object class="EventMixerMaster" id="{f4e7542c-8559-4049-b907-ec36c836913a}">
		<relationship name="effectChain">
			<destination>{4307c326-8f51-43d9-b392-872f695644ca}</destination>
		</relationship>
		<relationship name="panner">
			<destination>{685988c5-6c36-4754-bf4e-d4375317a9b3}</destination>
		</relationship>
		<relationship name="mixer">
			<destination>{a4486342-c5be-4295-8d6a-ee4cff954e4b}</destination>
		</relationship>
	</object>
	<object class="MixerBusEffectChain" id="{86bbbd25-f604-4c0e-bb64-ca073ee50431}">
		<relationship name="effects">
			<destination>{2579e2f4-49d7-4e0e-a502-38aacf8004b0}</destination>
		</relationship>
	</object>
	<object class="MixerBusPanner" id="{8369e935-44ea-4a91-b7d8-edf9c33c0f7d}" />
	<object class="SingleSound" id="{bc490946-a560-4544-a610-cb680cb21511}">
		<property name="length">
			<value>4.191229166666667</value>
		</property>
		<relationship name="audioFile">
			<destination>{bb88a17a-759d-47a0-9cbb-70f82348cd87}</destination>
		</relationship>
	</object>
	<object class="EventMixerGroup" id="{30f8e92a-f664-4179-be83-94c63d8e6e24}">
		<property name="name">
			<value>Audio 1</value>
		</property>
		<relationship name="effectChain">
			<destination>{92009329-9b0e-4554-87c0-e326eb6cec69}</destination>
		</relationship>
		<relationship name="panner">
			<destination>{b62e92ad-084d-4019-9088-2f53199022ed}</destination>
		</relationship>
		<relationship name="output">
			<destination>{f4e7542c-8559-4049-b907-ec36c836913a}</destination>
		</relationship>
	</object>
	<object class="MixerBusEffectChain" id="{4307c326-8f51-43d9-b392-872f695644ca}">
		<relationship name="effects">
			<destination>{07f37e64-2a3d-41d7-aff8-e68a5a99a892}</destination>
		</relationship>
	</object>
	<object class="MixerBusPanner" id="{685988c5-6c36-4754-bf4e-d4375317a9b3}" />
	<object class="MixerBusFader" id="{2579e2f4-49d7-4e0e-a502-38aacf8004b0}" />
	<object class="MixerBusEffectChain" id="{92009329-9b0e-4554-87c0-e326eb6cec69}">
		<relationship name="effects">
			<destination>{529dc0a7-1335-458a-8311-010eff58f3f0}</destination>
		</relationship>
	</object>
	<object class="MixerBusPanner" id="{b62e92ad-084d-4019-9088-2f53199022ed}" />
	<object class="MixerBusFader" id="{07f37e64-2a3d-41d7-aff8-e68a5a99a892}" />
	<object class="MixerBusFader" id="{529dc0a7-1335-458a-8311-010eff58f3f0}" />
</objects>
