<?xml version="1.0" encoding="UTF-8"?>
<objects serializationModel="Studio.02.01.00">
	<object class="Event" id="{0220557f-b1cf-42b6-83fb-48deb24f66ed}">
		<property name="name">
			<value>Failure</value>
		</property>
		<property name="outputFormat">
			<value>0</value>
		</property>
		<relationship name="folder">
			<destination>{b80e3de1-1dc2-417b-ab30-f7508b206346}</destination>
		</relationship>
		<relationship name="mixer">
			<destination>{71d4243c-e3f2-4e8c-ba6d-d472f26237c2}</destination>
		</relationship>
		<relationship name="masterTrack">
			<destination>{9fb415fe-729a-457f-bec9-af9bad39e6b3}</destination>
		</relationship>
		<relationship name="mixerInput">
			<destination>{a979bde4-005d-4c00-82e1-c769c86b6a39}</destination>
		</relationship>
		<relationship name="automatableProperties">
			<destination>{1556a58e-e032-43dc-b3c2-114b392a2465}</destination>
		</relationship>
		<relationship name="markerTracks">
			<destination>{c7e51217-1731-4dd2-aa07-184a79f3c8e6}</destination>
		</relationship>
		<relationship name="groupTracks">
			<destination>{b4cc52d7-df57-4944-80af-c0c939062499}</destination>
		</relationship>
		<relationship name="timeline">
			<destination>{9780b675-0b5f-451d-b23e-f98c0c633bff}</destination>
		</relationship>
		<relationship name="banks">
			<destination>{8c3f9de4-14c8-4279-a712-2040780fff61}</destination>
		</relationship>
	</object>
	<object class="EventMixer" id="{71d4243c-e3f2-4e8c-ba6d-d472f26237c2}">
		<relationship name="masterBus">
			<destination>{1979f36e-9a02-478e-90fa-6cfbfbef0377}</destination>
		</relationship>
	</object>
	<object class="MasterTrack" id="{9fb415fe-729a-457f-bec9-af9bad39e6b3}">
		<relationship name="mixerGroup">
			<destination>{1979f36e-9a02-478e-90fa-6cfbfbef0377}</destination>
		</relationship>
	</object>
	<object class="MixerInput" id="{a979bde4-005d-4c00-82e1-c769c86b6a39}">
		<relationship name="effectChain">
			<destination>{8cf0448c-7e27-4417-8a9f-eeb37c91ce62}</destination>
		</relationship>
		<relationship name="panner">
			<destination>{9f6fd4d7-58cd-4ce9-8ffb-acb7fcf1ac67}</destination>
		</relationship>
		<relationship name="output">
			<destination>{a74bdffc-cbb2-488b-ae3c-038020e1273d}</destination>
		</relationship>
	</object>
	<object class="EventAutomatableProperties" id="{1556a58e-e032-43dc-b3c2-114b392a2465}" />
	<object class="MarkerTrack" id="{c7e51217-1731-4dd2-aa07-184a79f3c8e6}" />
	<object class="GroupTrack" id="{b4cc52d7-df57-4944-80af-c0c939062499}">
		<relationship name="modules">
			<destination>{8f77a106-fda0-4df9-9be4-a9061a2789bc}</destination>
		</relationship>
		<relationship name="mixerGroup">
			<destination>{c5cbef17-e9ed-4b0b-8efc-5fbe9d863899}</destination>
		</relationship>
	</object>
	<object class="Timeline" id="{9780b675-0b5f-451d-b23e-f98c0c633bff}">
		<relationship name="modules">
			<destination>{8f77a106-fda0-4df9-9be4-a9061a2789bc}</destination>
		</relationship>
	</object>
	<object class="EventMixerMaster" id="{1979f36e-9a02-478e-90fa-6cfbfbef0377}">
		<relationship name="effectChain">
			<destination>{7988417e-73ce-471c-9010-dce028068450}</destination>
		</relationship>
		<relationship name="panner">
			<destination>{b21dffa7-43c8-4505-8d76-1b46556d8a4d}</destination>
		</relationship>
		<relationship name="mixer">
			<destination>{71d4243c-e3f2-4e8c-ba6d-d472f26237c2}</destination>
		</relationship>
	</object>
	<object class="MixerBusEffectChain" id="{8cf0448c-7e27-4417-8a9f-eeb37c91ce62}">
		<relationship name="effects">
			<destination>{c6d22a62-d5b3-4f63-975b-4da641ae48f7}</destination>
		</relationship>
	</object>
	<object class="MixerBusPanner" id="{9f6fd4d7-58cd-4ce9-8ffb-acb7fcf1ac67}" />
	<object class="MultiSound" id="{8f77a106-fda0-4df9-9be4-a9061a2789bc}">
		<property name="length">
			<value>1.677875</value>
		</property>
		<relationship name="sounds">
			<destination>{26bc89fa-4a12-402d-aaeb-874e9912813f}</destination>
			<destination>{2f0abd46-21ee-4ca1-bf23-bf5321ba2bd6}</destination>
			<destination>{37f9ef82-115b-4b9b-98f5-4c5d606db770}</destination>
			<destination>{e087c818-03cf-48cf-95d0-f521030eb149}</destination>
		</relationship>
	</object>
	<object class="EventMixerGroup" id="{c5cbef17-e9ed-4b0b-8efc-5fbe9d863899}">
		<property name="name">
			<value>Audio 1</value>
		</property>
		<relationship name="effectChain">
			<destination>{b0a530f2-87df-43a9-9255-939e3e3eead2}</destination>
		</relationship>
		<relationship name="panner">
			<destination>{f750894f-e497-454b-829c-1495434a94c7}</destination>
		</relationship>
		<relationship name="output">
			<destination>{1979f36e-9a02-478e-90fa-6cfbfbef0377}</destination>
		</relationship>
	</object>
	<object class="MixerBusEffectChain" id="{7988417e-73ce-471c-9010-dce028068450}">
		<relationship name="effects">
			<destination>{5b71c17f-230f-433f-9909-72916326e195}</destination>
		</relationship>
	</object>
	<object class="MixerBusPanner" id="{b21dffa7-43c8-4505-8d76-1b46556d8a4d}" />
	<object class="MixerBusFader" id="{c6d22a62-d5b3-4f63-975b-4da641ae48f7}" />
	<object class="SingleSound" id="{26bc89fa-4a12-402d-aaeb-874e9912813f}">
		<relationship name="audioFile">
			<destination>{211dd9ef-6082-4c92-a4a3-207bcd2413b9}</destination>
		</relationship>
	</object>
	<object class="SingleSound" id="{2f0abd46-21ee-4ca1-bf23-bf5321ba2bd6}">
		<relationship name="audioFile">
			<destination>{e703922d-6c17-4f61-8874-6ada71d35a7d}</destination>
		</relationship>
	</object>
	<object class="SingleSound" id="{37f9ef82-115b-4b9b-98f5-4c5d606db770}">
		<relationship name="audioFile">
			<destination>{dbf65e03-8817-44f3-ab55-dd3ea7f0e347}</destination>
		</relationship>
	</object>
	<object class="SingleSound" id="{e087c818-03cf-48cf-95d0-f521030eb149}">
		<relationship name="audioFile">
			<destination>{485ca57a-cadb-4bcf-aa4d-65e0720bf63f}</destination>
		</relationship>
	</object>
	<object class="MixerBusEffectChain" id="{b0a530f2-87df-43a9-9255-939e3e3eead2}">
		<relationship name="effects">
			<destination>{38ef0c03-0060-4735-a3b0-7d7800aa3054}</destination>
		</relationship>
	</object>
	<object class="MixerBusPanner" id="{f750894f-e497-454b-829c-1495434a94c7}" />
	<object class="MixerBusFader" id="{5b71c17f-230f-433f-9909-72916326e195}" />
	<object class="MixerBusFader" id="{38ef0c03-0060-4735-a3b0-7d7800aa3054}" />
</objects>
