<?xml version="1.0" encoding="UTF-8"?>
<objects serializationModel="Studio.02.01.00">
	<object class="Event" id="{02678deb-4a3f-4d63-a260-7b702e8c3941}">
		<property name="name">
			<value>Failure</value>
		</property>
		<property name="outputFormat">
			<value>0</value>
		</property>
		<relationship name="folder">
			<destination>{a47299cb-8d87-4967-89f2-b23773fc0916}</destination>
		</relationship>
		<relationship name="mixer">
			<destination>{619164d4-806b-4392-8a5e-530b8e7dab0c}</destination>
		</relationship>
		<relationship name="masterTrack">
			<destination>{5f334a2d-a569-43ed-a0c7-33b9579f8cbd}</destination>
		</relationship>
		<relationship name="mixerInput">
			<destination>{4b742054-1c19-48a4-aa75-e77088f0a243}</destination>
		</relationship>
		<relationship name="automatableProperties">
			<destination>{15eb0323-b7e6-4265-b45a-ca15abe83944}</destination>
		</relationship>
		<relationship name="markerTracks">
			<destination>{fcda6fa6-028d-4e58-9e24-1558d8efd0c2}</destination>
		</relationship>
		<relationship name="groupTracks">
			<destination>{755c45a5-27bc-41cb-a061-537a4fee4378}</destination>
		</relationship>
		<relationship name="timeline">
			<destination>{5fe7e1a8-2927-4007-9222-da2037d1822b}</destination>
		</relationship>
		<relationship name="banks">
			<destination>{8c3f9de4-14c8-4279-a712-2040780fff61}</destination>
		</relationship>
	</object>
	<object class="EventMixer" id="{619164d4-806b-4392-8a5e-530b8e7dab0c}">
		<relationship name="masterBus">
			<destination>{0b8406c5-9015-4951-9076-b19b6695ee0b}</destination>
		</relationship>
	</object>
	<object class="MasterTrack" id="{5f334a2d-a569-43ed-a0c7-33b9579f8cbd}">
		<relationship name="mixerGroup">
			<destination>{0b8406c5-9015-4951-9076-b19b6695ee0b}</destination>
		</relationship>
	</object>
	<object class="MixerInput" id="{4b742054-1c19-48a4-aa75-e77088f0a243}">
		<relationship name="effectChain">
			<destination>{fa9edf28-babf-4029-992d-429e26bb14ab}</destination>
		</relationship>
		<relationship name="panner">
			<destination>{a333245f-59e7-4bee-8219-6b2557a0304c}</destination>
		</relationship>
		<relationship name="output">
			<destination>{a74bdffc-cbb2-488b-ae3c-038020e1273d}</destination>
		</relationship>
	</object>
	<object class="EventAutomatableProperties" id="{15eb0323-b7e6-4265-b45a-ca15abe83944}" />
	<object class="MarkerTrack" id="{fcda6fa6-028d-4e58-9e24-1558d8efd0c2}" />
	<object class="GroupTrack" id="{755c45a5-27bc-41cb-a061-537a4fee4378}">
		<relationship name="modules">
			<destination>{a8a87ff7-7be9-4ac2-bf1f-df9e06d8c81c}</destination>
		</relationship>
		<relationship name="mixerGroup">
			<destination>{f8c9eb7d-532b-4b0b-ba80-14d4ad1fccc1}</destination>
		</relationship>
	</object>
	<object class="Timeline" id="{5fe7e1a8-2927-4007-9222-da2037d1822b}">
		<relationship name="modules">
			<destination>{a8a87ff7-7be9-4ac2-bf1f-df9e06d8c81c}</destination>
		</relationship>
	</object>
	<object class="EventMixerMaster" id="{0b8406c5-9015-4951-9076-b19b6695ee0b}">
		<relationship name="effectChain">
			<destination>{f66c1b29-252a-4a2a-874d-26092ff6aa06}</destination>
		</relationship>
		<relationship name="panner">
			<destination>{f472b3b5-5609-4e14-95de-2891fb7e9a89}</destination>
		</relationship>
		<relationship name="mixer">
			<destination>{619164d4-806b-4392-8a5e-530b8e7dab0c}</destination>
		</relationship>
	</object>
	<object class="MixerBusEffectChain" id="{fa9edf28-babf-4029-992d-429e26bb14ab}">
		<relationship name="effects">
			<destination>{cf54bfc3-7d90-48b4-9b6a-abdb5fc1cde6}</destination>
		</relationship>
	</object>
	<object class="MixerBusPanner" id="{a333245f-59e7-4bee-8219-6b2557a0304c}" />
	<object class="MultiSound" id="{a8a87ff7-7be9-4ac2-bf1f-df9e06d8c81c}">
		<property name="length">
			<value>2.5703958333333334</value>
		</property>
		<relationship name="sounds">
			<destination>{7d459e8b-2fd4-43b3-b39e-e88fbb958448}</destination>
			<destination>{5f7d710f-b63a-43c1-ace6-eced7fed6ec6}</destination>
			<destination>{e09a19e5-6e37-4eb5-b66c-de6d062b00fd}</destination>
		</relationship>
	</object>
	<object class="EventMixerGroup" id="{f8c9eb7d-532b-4b0b-ba80-14d4ad1fccc1}">
		<property name="name">
			<value>Audio 1</value>
		</property>
		<relationship name="effectChain">
			<destination>{94e03a97-2342-4812-95a7-b292565dbb2c}</destination>
		</relationship>
		<relationship name="panner">
			<destination>{cb5d3ad9-f14c-4610-a41e-0bc798e27c94}</destination>
		</relationship>
		<relationship name="output">
			<destination>{0b8406c5-9015-4951-9076-b19b6695ee0b}</destination>
		</relationship>
	</object>
	<object class="MixerBusEffectChain" id="{f66c1b29-252a-4a2a-874d-26092ff6aa06}">
		<relationship name="effects">
			<destination>{0eeb92ea-8078-46cb-8781-d599ac002b64}</destination>
		</relationship>
	</object>
	<object class="MixerBusPanner" id="{f472b3b5-5609-4e14-95de-2891fb7e9a89}" />
	<object class="MixerBusFader" id="{cf54bfc3-7d90-48b4-9b6a-abdb5fc1cde6}" />
	<object class="SingleSound" id="{7d459e8b-2fd4-43b3-b39e-e88fbb958448}">
		<relationship name="audioFile">
			<destination>{15f41b02-2cac-4748-9538-332b1eb5518a}</destination>
		</relationship>
	</object>
	<object class="SingleSound" id="{5f7d710f-b63a-43c1-ace6-eced7fed6ec6}">
		<relationship name="audioFile">
			<destination>{133f8123-6d20-4e4e-9cc2-6b24805ddfcd}</destination>
		</relationship>
	</object>
	<object class="SingleSound" id="{e09a19e5-6e37-4eb5-b66c-de6d062b00fd}">
		<relationship name="audioFile">
			<destination>{f3d92e69-3e17-4993-b345-99a1292d1a02}</destination>
		</relationship>
	</object>
	<object class="MixerBusEffectChain" id="{94e03a97-2342-4812-95a7-b292565dbb2c}">
		<relationship name="effects">
			<destination>{6a44ac67-ac62-4f56-916d-e43a60dc3560}</destination>
		</relationship>
	</object>
	<object class="MixerBusPanner" id="{cb5d3ad9-f14c-4610-a41e-0bc798e27c94}" />
	<object class="MixerBusFader" id="{0eeb92ea-8078-46cb-8781-d599ac002b64}" />
	<object class="MixerBusFader" id="{6a44ac67-ac62-4f56-916d-e43a60dc3560}" />
</objects>
