<?xml version="1.0" encoding="UTF-8"?>
<objects serializationModel="Studio.02.01.00">
	<object class="Event" id="{026d643b-8040-4e3f-81c2-c651da08949f}">
		<property name="name">
			<value>Assigned</value>
		</property>
		<property name="outputFormat">
			<value>0</value>
		</property>
		<relationship name="folder">
			<destination>{920a79a6-ae4b-4fb1-a17d-e55f637dc3e8}</destination>
		</relationship>
		<relationship name="mixer">
			<destination>{5527df71-e7d3-4f97-8165-2fbcf8a8452e}</destination>
		</relationship>
		<relationship name="masterTrack">
			<destination>{649b27c8-c8b8-42b3-bec8-777130a522e1}</destination>
		</relationship>
		<relationship name="mixerInput">
			<destination>{fbe21e38-abfe-4d9e-a754-24f97a5bfc60}</destination>
		</relationship>
		<relationship name="automatableProperties">
			<destination>{c1dd495f-36a1-4bd5-b411-86fb960664a7}</destination>
		</relationship>
		<relationship name="markerTracks">
			<destination>{adbb21f7-729a-41ea-bfec-e357acfd1d79}</destination>
		</relationship>
		<relationship name="groupTracks">
			<destination>{928368bc-9d9b-4f93-9e78-ca8b99aa703e}</destination>
		</relationship>
		<relationship name="timeline">
			<destination>{ea7950ae-ce8a-4eee-ae66-764533b4acab}</destination>
		</relationship>
		<relationship name="banks">
			<destination>{8c3f9de4-14c8-4279-a712-2040780fff61}</destination>
		</relationship>
	</object>
	<object class="EventMixer" id="{5527df71-e7d3-4f97-8165-2fbcf8a8452e}">
		<relationship name="masterBus">
			<destination>{4ea6d464-f886-4ab1-87b8-59ef1543496d}</destination>
		</relationship>
	</object>
	<object class="MasterTrack" id="{649b27c8-c8b8-42b3-bec8-777130a522e1}">
		<relationship name="mixerGroup">
			<destination>{4ea6d464-f886-4ab1-87b8-59ef1543496d}</destination>
		</relationship>
	</object>
	<object class="MixerInput" id="{fbe21e38-abfe-4d9e-a754-24f97a5bfc60}">
		<relationship name="effectChain">
			<destination>{201437c6-3502-4ef5-ba14-30cf59828696}</destination>
		</relationship>
		<relationship name="panner">
			<destination>{01bec82a-e233-4dac-a98f-873ab9c9c957}</destination>
		</relationship>
		<relationship name="output">
			<destination>{a74bdffc-cbb2-488b-ae3c-038020e1273d}</destination>
		</relationship>
	</object>
	<object class="EventAutomatableProperties" id="{c1dd495f-36a1-4bd5-b411-86fb960664a7}" />
	<object class="MarkerTrack" id="{adbb21f7-729a-41ea-bfec-e357acfd1d79}" />
	<object class="GroupTrack" id="{928368bc-9d9b-4f93-9e78-ca8b99aa703e}">
		<relationship name="modules">
			<destination>{23e1e35b-ea0a-41b0-b344-89a0fcacfe0b}</destination>
		</relationship>
		<relationship name="mixerGroup">
			<destination>{acac3a4a-246a-4480-9c96-928da3231806}</destination>
		</relationship>
	</object>
	<object class="Timeline" id="{ea7950ae-ce8a-4eee-ae66-764533b4acab}">
		<relationship name="modules">
			<destination>{23e1e35b-ea0a-41b0-b344-89a0fcacfe0b}</destination>
		</relationship>
	</object>
	<object class="EventMixerMaster" id="{4ea6d464-f886-4ab1-87b8-59ef1543496d}">
		<relationship name="effectChain">
			<destination>{e7d414ba-ef36-4083-9afb-c18001dbcadf}</destination>
		</relationship>
		<relationship name="panner">
			<destination>{78299620-f330-4ddd-a2d8-697c123ea0d0}</destination>
		</relationship>
		<relationship name="mixer">
			<destination>{5527df71-e7d3-4f97-8165-2fbcf8a8452e}</destination>
		</relationship>
	</object>
	<object class="MixerBusEffectChain" id="{201437c6-3502-4ef5-ba14-30cf59828696}">
		<relationship name="effects">
			<destination>{f197594b-807d-4e3d-85ec-f8352ef0a162}</destination>
		</relationship>
	</object>
	<object class="MixerBusPanner" id="{01bec82a-e233-4dac-a98f-873ab9c9c957}" />
	<object class="MultiSound" id="{23e1e35b-ea0a-41b0-b344-89a0fcacfe0b}">
		<property name="length">
			<value>2.6000000000000001</value>
		</property>
		<relationship name="sounds">
			<destination>{7dfbd3f1-945d-4b7c-ab69-c458961d7b42}</destination>
			<destination>{437aa3e0-338a-4929-814b-a6383c08c459}</destination>
			<destination>{b7acf5eb-d598-4ea4-8675-863b1e61ec9e}</destination>
		</relationship>
	</object>
	<object class="EventMixerGroup" id="{acac3a4a-246a-4480-9c96-928da3231806}">
		<property name="name">
			<value>Audio 1</value>
		</property>
		<relationship name="effectChain">
			<destination>{a4a6b4e2-7a6e-4433-8cd6-9f77c9c05de2}</destination>
		</relationship>
		<relationship name="panner">
			<destination>{e7a510ad-3c5a-4ebb-ba91-ce7081ccbbd1}</destination>
		</relationship>
		<relationship name="output">
			<destination>{4ea6d464-f886-4ab1-87b8-59ef1543496d}</destination>
		</relationship>
	</object>
	<object class="MixerBusEffectChain" id="{e7d414ba-ef36-4083-9afb-c18001dbcadf}">
		<relationship name="effects">
			<destination>{04470bdc-05f3-4586-8a40-f35b50aa987b}</destination>
		</relationship>
	</object>
	<object class="MixerBusPanner" id="{78299620-f330-4ddd-a2d8-697c123ea0d0}" />
	<object class="MixerBusFader" id="{f197594b-807d-4e3d-85ec-f8352ef0a162}" />
	<object class="SingleSound" id="{7dfbd3f1-945d-4b7c-ab69-c458961d7b42}">
		<relationship name="audioFile">
			<destination>{92828775-c3e5-42af-9fe8-ee60c8d0486d}</destination>
		</relationship>
	</object>
	<object class="SingleSound" id="{437aa3e0-338a-4929-814b-a6383c08c459}">
		<relationship name="audioFile">
			<destination>{60bc0d63-1b78-48e5-8e7f-61fb50eed58d}</destination>
		</relationship>
	</object>
	<object class="SingleSound" id="{b7acf5eb-d598-4ea4-8675-863b1e61ec9e}">
		<relationship name="audioFile">
			<destination>{ccd12208-34ee-4102-8e35-bc5093f42f6e}</destination>
		</relationship>
	</object>
	<object class="MixerBusEffectChain" id="{a4a6b4e2-7a6e-4433-8cd6-9f77c9c05de2}">
		<relationship name="effects">
			<destination>{a0d5fd02-6b7d-472a-a32f-58d12d745bde}</destination>
		</relationship>
	</object>
	<object class="MixerBusPanner" id="{e7a510ad-3c5a-4ebb-ba91-ce7081ccbbd1}" />
	<object class="MixerBusFader" id="{04470bdc-05f3-4586-8a40-f35b50aa987b}" />
	<object class="MixerBusFader" id="{a0d5fd02-6b7d-472a-a32f-58d12d745bde}" />
</objects>
