<?xml version="1.0" encoding="UTF-8"?>
<objects serializationModel="Studio.02.01.00">
	<object class="Event" id="{027cbdea-53f7-4e31-aa18-699d39804341}">
		<property name="name">
			<value>Assigned</value>
		</property>
		<property name="outputFormat">
			<value>0</value>
		</property>
		<relationship name="folder">
			<destination>{0fc8d363-8195-4c8a-bffc-dc1acf5479cb}</destination>
		</relationship>
		<relationship name="mixer">
			<destination>{ec52d341-34e9-4dff-b138-f6c075182d62}</destination>
		</relationship>
		<relationship name="masterTrack">
			<destination>{1f7810de-3913-4227-a78b-dc7c8fcd5f7f}</destination>
		</relationship>
		<relationship name="mixerInput">
			<destination>{cec0b228-5d61-44a2-ad69-b936aee0f3a3}</destination>
		</relationship>
		<relationship name="automatableProperties">
			<destination>{21bb00e4-64b0-4b59-a262-bd5a12a5100f}</destination>
		</relationship>
		<relationship name="markerTracks">
			<destination>{b49705cb-403a-4e81-adde-cbb706c85bdd}</destination>
		</relationship>
		<relationship name="groupTracks">
			<destination>{29a0844b-ac7f-4d30-bd05-7e2d1e0489cc}</destination>
		</relationship>
		<relationship name="timeline">
			<destination>{22be28ba-2963-49a2-a515-afbf1775147a}</destination>
		</relationship>
		<relationship name="banks">
			<destination>{8c3f9de4-14c8-4279-a712-2040780fff61}</destination>
		</relationship>
	</object>
	<object class="EventMixer" id="{ec52d341-34e9-4dff-b138-f6c075182d62}">
		<relationship name="masterBus">
			<destination>{00ce4f99-fe73-41db-8fa9-9925ac5e3a1a}</destination>
		</relationship>
	</object>
	<object class="MasterTrack" id="{1f7810de-3913-4227-a78b-dc7c8fcd5f7f}">
		<relationship name="mixerGroup">
			<destination>{00ce4f99-fe73-41db-8fa9-9925ac5e3a1a}</destination>
		</relationship>
	</object>
	<object class="MixerInput" id="{cec0b228-5d61-44a2-ad69-b936aee0f3a3}">
		<relationship name="effectChain">
			<destination>{01b906e6-c678-4f95-8b3e-0a2b30df9fe7}</destination>
		</relationship>
		<relationship name="panner">
			<destination>{20e4b109-70aa-4c7c-93fc-d54659625687}</destination>
		</relationship>
		<relationship name="output">
			<destination>{a74bdffc-cbb2-488b-ae3c-038020e1273d}</destination>
		</relationship>
	</object>
	<object class="EventAutomatableProperties" id="{21bb00e4-64b0-4b59-a262-bd5a12a5100f}" />
	<object class="MarkerTrack" id="{b49705cb-403a-4e81-adde-cbb706c85bdd}" />
	<object class="GroupTrack" id="{29a0844b-ac7f-4d30-bd05-7e2d1e0489cc}">
		<relationship name="modules">
			<destination>{91d0c25a-866d-4cff-b632-cac3bdc08f56}</destination>
		</relationship>
		<relationship name="mixerGroup">
			<destination>{f05e67f4-0f7f-4b02-8f54-a12595398c29}</destination>
		</relationship>
	</object>
	<object class="Timeline" id="{22be28ba-2963-49a2-a515-afbf1775147a}">
		<relationship name="modules">
			<destination>{91d0c25a-866d-4cff-b632-cac3bdc08f56}</destination>
		</relationship>
	</object>
	<object class="EventMixerMaster" id="{00ce4f99-fe73-41db-8fa9-9925ac5e3a1a}">
		<relationship name="effectChain">
			<destination>{4a9f6ca0-cac8-4ff3-afaf-eaf34588da35}</destination>
		</relationship>
		<relationship name="panner">
			<destination>{672d3d69-689d-4299-a339-19690c313d27}</destination>
		</relationship>
		<relationship name="mixer">
			<destination>{ec52d341-34e9-4dff-b138-f6c075182d62}</destination>
		</relationship>
	</object>
	<object class="MixerBusEffectChain" id="{01b906e6-c678-4f95-8b3e-0a2b30df9fe7}">
		<relationship name="effects">
			<destination>{07d0f200-6187-48f3-85fc-f51baac9a65c}</destination>
		</relationship>
	</object>
	<object class="MixerBusPanner" id="{20e4b109-70aa-4c7c-93fc-d54659625687}" />
	<object class="MultiSound" id="{91d0c25a-866d-4cff-b632-cac3bdc08f56}">
		<property name="length">
			<value>1.4929166666666667</value>
		</property>
		<relationship name="sounds">
			<destination>{a018876e-c7e6-44ac-8790-3e693592c2d9}</destination>
			<destination>{6c9743ec-1b26-4daf-8e76-608050a84223}</destination>
			<destination>{17071cef-00c7-4bc7-a99d-c02a90d47ec1}</destination>
			<destination>{557a3a27-f10a-467f-b748-ef602dea1b5a}</destination>
		</relationship>
	</object>
	<object class="EventMixerGroup" id="{f05e67f4-0f7f-4b02-8f54-a12595398c29}">
		<property name="name">
			<value>Audio 1</value>
		</property>
		<relationship name="effectChain">
			<destination>{b36bba4b-2eae-4c23-83d4-71d2421d42ce}</destination>
		</relationship>
		<relationship name="panner">
			<destination>{5bcf2df0-c381-463d-9f19-e3470a55d1fa}</destination>
		</relationship>
		<relationship name="output">
			<destination>{00ce4f99-fe73-41db-8fa9-9925ac5e3a1a}</destination>
		</relationship>
	</object>
	<object class="MixerBusEffectChain" id="{4a9f6ca0-cac8-4ff3-afaf-eaf34588da35}">
		<relationship name="effects">
			<destination>{b167e17d-7960-4686-8f32-6317b02f4208}</destination>
		</relationship>
	</object>
	<object class="MixerBusPanner" id="{672d3d69-689d-4299-a339-19690c313d27}" />
	<object class="MixerBusFader" id="{07d0f200-6187-48f3-85fc-f51baac9a65c}" />
	<object class="SingleSound" id="{a018876e-c7e6-44ac-8790-3e693592c2d9}">
		<relationship name="audioFile">
			<destination>{5f92e3cc-bb16-4abb-acd6-03d7370c93a2}</destination>
		</relationship>
	</object>
	<object class="SingleSound" id="{6c9743ec-1b26-4daf-8e76-608050a84223}">
		<relationship name="audioFile">
			<destination>{4004590a-3eb9-4384-b8df-df5bce33b1b1}</destination>
		</relationship>
	</object>
	<object class="SingleSound" id="{17071cef-00c7-4bc7-a99d-c02a90d47ec1}">
		<relationship name="audioFile">
			<destination>{9cd5c4e1-858e-4ba3-bb94-fbfc92245c84}</destination>
		</relationship>
	</object>
	<object class="SingleSound" id="{557a3a27-f10a-467f-b748-ef602dea1b5a}" />
	<object class="MixerBusEffectChain" id="{b36bba4b-2eae-4c23-83d4-71d2421d42ce}">
		<relationship name="effects">
			<destination>{7f126cc1-d239-468e-876f-150322498dee}</destination>
		</relationship>
	</object>
	<object class="MixerBusPanner" id="{5bcf2df0-c381-463d-9f19-e3470a55d1fa}" />
	<object class="MixerBusFader" id="{b167e17d-7960-4686-8f32-6317b02f4208}" />
	<object class="MixerBusFader" id="{7f126cc1-d239-468e-876f-150322498dee}" />
</objects>
