<?xml version="1.0" encoding="UTF-8"?>
<objects serializationModel="Studio.02.01.00">
	<object class="Event" id="{02727d1f-a355-4eba-ad07-abe01364d6d0}">
		<property name="name">
			<value>Success</value>
		</property>
		<property name="outputFormat">
			<value>0</value>
		</property>
		<relationship name="folder">
			<destination>{62007e27-9aba-4a75-865b-1d4e41162271}</destination>
		</relationship>
		<relationship name="mixer">
			<destination>{68960658-954a-4178-ba30-49a37f917015}</destination>
		</relationship>
		<relationship name="masterTrack">
			<destination>{7a8f7a56-081c-440e-b285-db6a320c48d7}</destination>
		</relationship>
		<relationship name="mixerInput">
			<destination>{a82bfc37-7141-4e2e-ad99-5b0c1b9eefe0}</destination>
		</relationship>
		<relationship name="automatableProperties">
			<destination>{7139a109-ce85-4283-9723-d32b16f5ea73}</destination>
		</relationship>
		<relationship name="markerTracks">
			<destination>{d6ec43fb-648c-482e-89fc-74bd1852d950}</destination>
		</relationship>
		<relationship name="groupTracks">
			<destination>{155cce85-7648-4c46-bddd-a12226f827e9}</destination>
		</relationship>
		<relationship name="timeline">
			<destination>{35967951-c1ae-46cc-acac-76d0193d3579}</destination>
		</relationship>
		<relationship name="banks">
			<destination>{8c3f9de4-14c8-4279-a712-2040780fff61}</destination>
		</relationship>
	</object>
	<object class="EventMixer" id="{68960658-954a-4178-ba30-49a37f917015}">
		<relationship name="masterBus">
			<destination>{0dca729b-8178-4108-a308-af7efd9cb6a2}</destination>
		</relationship>
	</object>
	<object class="MasterTrack" id="{7a8f7a56-081c-440e-b285-db6a320c48d7}">
		<relationship name="mixerGroup">
			<destination>{0dca729b-8178-4108-a308-af7efd9cb6a2}</destination>
		</relationship>
	</object>
	<object class="MixerInput" id="{a82bfc37-7141-4e2e-ad99-5b0c1b9eefe0}">
		<relationship name="effectChain">
			<destination>{82481a4c-f24b-4c95-b056-7261c89bd2cd}</destination>
		</relationship>
		<relationship name="panner">
			<destination>{9fcfb107-8cc4-400b-8bee-0e04e43c08d3}</destination>
		</relationship>
		<relationship name="output">
			<destination>{a74bdffc-cbb2-488b-ae3c-038020e1273d}</destination>
		</relationship>
	</object>
	<object class="EventAutomatableProperties" id="{7139a109-ce85-4283-9723-d32b16f5ea73}" />
	<object class="MarkerTrack" id="{d6ec43fb-648c-482e-89fc-74bd1852d950}" />
	<object class="GroupTrack" id="{155cce85-7648-4c46-bddd-a12226f827e9}">
		<relationship name="modules">
			<destination>{2dde8717-4427-416d-88d3-5b811e8af38b}</destination>
		</relationship>
		<relationship name="mixerGroup">
			<destination>{192330ef-5f6a-4f30-94ca-a66ae5be0a62}</destination>
		</relationship>
	</object>
	<object class="Timeline" id="{35967951-c1ae-46cc-acac-76d0193d3579}">
		<relationship name="modules">
			<destination>{2dde8717-4427-416d-88d3-5b811e8af38b}</destination>
		</relationship>
	</object>
	<object class="EventMixerMaster" id="{0dca729b-8178-4108-a308-af7efd9cb6a2}">
		<relationship name="effectChain">
			<destination>{720d33e6-e0b4-475b-91d5-45fd9b45e6e3}</destination>
		</relationship>
		<relationship name="panner">
			<destination>{15db0584-9741-4737-8672-b9aef4592f22}</destination>
		</relationship>
		<relationship name="mixer">
			<destination>{68960658-954a-4178-ba30-49a37f917015}</destination>
		</relationship>
	</object>
	<object class="MixerBusEffectChain" id="{82481a4c-f24b-4c95-b056-7261c89bd2cd}">
		<relationship name="effects">
			<destination>{7de6b7b3-670f-462e-b8a3-bbed4cc3a1c1}</destination>
		</relationship>
	</object>
	<object class="MixerBusPanner" id="{9fcfb107-8cc4-400b-8bee-0e04e43c08d3}" />
	<object class="MultiSound" id="{2dde8717-4427-416d-88d3-5b811e8af38b}">
		<property name="length">
			<value>2.6673958333333334</value>
		</property>
		<relationship name="sounds">
			<destination>{544cd278-de79-4de5-9da7-b71c79dad3b2}</destination>
			<destination>{97409c34-074a-4168-9478-a317202bc086}</destination>
			<destination>{540640f1-1506-45c6-a981-284ad2d6a569}</destination>
			<destination>{0e45e9e4-6b62-44f2-8082-8d17cd9a7118}</destination>
		</relationship>
	</object>
	<object class="EventMixerGroup" id="{192330ef-5f6a-4f30-94ca-a66ae5be0a62}">
		<property name="name">
			<value>Audio 1</value>
		</property>
		<relationship name="effectChain">
			<destination>{cd54fcc4-1a8f-4dfe-bf94-8cb8ca1c1e4e}</destination>
		</relationship>
		<relationship name="panner">
			<destination>{83e9adeb-7562-497e-964d-07c0f73f9811}</destination>
		</relationship>
		<relationship name="output">
			<destination>{0dca729b-8178-4108-a308-af7efd9cb6a2}</destination>
		</relationship>
	</object>
	<object class="MixerBusEffectChain" id="{720d33e6-e0b4-475b-91d5-45fd9b45e6e3}">
		<relationship name="effects">
			<destination>{ae74fcb0-f128-4025-b93a-67f02591ff33}</destination>
		</relationship>
	</object>
	<object class="MixerBusPanner" id="{15db0584-9741-4737-8672-b9aef4592f22}" />
	<object class="MixerBusFader" id="{7de6b7b3-670f-462e-b8a3-bbed4cc3a1c1}" />
	<object class="SingleSound" id="{544cd278-de79-4de5-9da7-b71c79dad3b2}">
		<relationship name="audioFile">
			<destination>{e1b9b5da-ad84-4f5d-955d-a54ab962ab33}</destination>
		</relationship>
	</object>
	<object class="SingleSound" id="{97409c34-074a-4168-9478-a317202bc086}">
		<relationship name="audioFile">
			<destination>{313acd3c-4cd6-43a4-b420-1498564f93b6}</destination>
		</relationship>
	</object>
	<object class="SingleSound" id="{540640f1-1506-45c6-a981-284ad2d6a569}">
		<relationship name="audioFile">
			<destination>{5aea77bf-7cae-4fc4-b742-9170f453875e}</destination>
		</relationship>
	</object>
	<object class="SingleSound" id="{0e45e9e4-6b62-44f2-8082-8d17cd9a7118}">
		<relationship name="audioFile">
			<destination>{934dea37-e0f6-4f39-bab2-4b420f784076}</destination>
		</relationship>
	</object>
	<object class="MixerBusEffectChain" id="{cd54fcc4-1a8f-4dfe-bf94-8cb8ca1c1e4e}">
		<relationship name="effects">
			<destination>{a7c01579-ca15-4337-9667-31e643033751}</destination>
		</relationship>
	</object>
	<object class="MixerBusPanner" id="{83e9adeb-7562-497e-964d-07c0f73f9811}" />
	<object class="MixerBusFader" id="{ae74fcb0-f128-4025-b93a-67f02591ff33}" />
	<object class="MixerBusFader" id="{a7c01579-ca15-4337-9667-31e643033751}" />
</objects>
