<?xml version="1.0" encoding="UTF-8"?>
<objects serializationModel="Studio.02.01.00">
	<object class="Event" id="{028e9ab0-7935-4cfb-8c96-37c15ec2dc32}">
		<property name="name">
			<value>Success</value>
		</property>
		<property name="outputFormat">
			<value>0</value>
		</property>
		<relationship name="folder">
			<destination>{aa202e23-1a52-4b64-a93b-ebd99dc2126d}</destination>
		</relationship>
		<relationship name="mixer">
			<destination>{2294e774-3b38-4662-8ac6-8f0fa2f6f967}</destination>
		</relationship>
		<relationship name="masterTrack">
			<destination>{e7778984-8431-4c46-bdd8-d8a7e86068bd}</destination>
		</relationship>
		<relationship name="mixerInput">
			<destination>{09c47cba-6d0a-4b6f-b76f-989c394a55c1}</destination>
		</relationship>
		<relationship name="automatableProperties">
			<destination>{d85da48f-0ce6-4a56-9f98-99dad8c178fb}</destination>
		</relationship>
		<relationship name="markerTracks">
			<destination>{3f30689c-fb6d-4f5d-9dba-6ab7c1c4900a}</destination>
		</relationship>
		<relationship name="groupTracks">
			<destination>{ebaae224-6c39-45ae-b601-449977845e2b}</destination>
		</relationship>
		<relationship name="timeline">
			<destination>{693bdd1a-99db-45e2-9f88-25cfa6204c3c}</destination>
		</relationship>
		<relationship name="banks">
			<destination>{8c3f9de4-14c8-4279-a712-2040780fff61}</destination>
		</relationship>
	</object>
	<object class="EventMixer" id="{2294e774-3b38-4662-8ac6-8f0fa2f6f967}">
		<relationship name="masterBus">
			<destination>{a6e6cc68-9f36-4bfa-bbac-0686457c0d09}</destination>
		</relationship>
	</object>
	<object class="MasterTrack" id="{e7778984-8431-4c46-bdd8-d8a7e86068bd}">
		<relationship name="mixerGroup">
			<destination>{a6e6cc68-9f36-4bfa-bbac-0686457c0d09}</destination>
		</relationship>
	</object>
	<object class="MixerInput" id="{09c47cba-6d0a-4b6f-b76f-989c394a55c1}">
		<relationship name="effectChain">
			<destination>{62e7727f-ec20-4c29-99c5-dab216aface9}</destination>
		</relationship>
		<relationship name="panner">
			<destination>{b1858b3f-75ef-4837-a82e-cf94e69d85d8}</destination>
		</relationship>
		<relationship name="output">
			<destination>{a74bdffc-cbb2-488b-ae3c-038020e1273d}</destination>
		</relationship>
	</object>
	<object class="EventAutomatableProperties" id="{d85da48f-0ce6-4a56-9f98-99dad8c178fb}" />
	<object class="MarkerTrack" id="{3f30689c-fb6d-4f5d-9dba-6ab7c1c4900a}" />
	<object class="GroupTrack" id="{ebaae224-6c39-45ae-b601-449977845e2b}">
		<relationship name="modules">
			<destination>{a80077d2-a6bd-4b96-abde-5ab167a7f9c0}</destination>
		</relationship>
		<relationship name="mixerGroup">
			<destination>{036d01ca-e5d7-4948-ba2b-53b0a8c7c7ec}</destination>
		</relationship>
	</object>
	<object class="Timeline" id="{693bdd1a-99db-45e2-9f88-25cfa6204c3c}">
		<relationship name="modules">
			<destination>{a80077d2-a6bd-4b96-abde-5ab167a7f9c0}</destination>
		</relationship>
	</object>
	<object class="EventMixerMaster" id="{a6e6cc68-9f36-4bfa-bbac-0686457c0d09}">
		<relationship name="effectChain">
			<destination>{fc8d9575-d792-41ca-978c-8142f886b6fa}</destination>
		</relationship>
		<relationship name="panner">
			<destination>{c91b516c-a0db-484d-8cde-6c14ae588932}</destination>
		</relationship>
		<relationship name="mixer">
			<destination>{2294e774-3b38-4662-8ac6-8f0fa2f6f967}</destination>
		</relationship>
	</object>
	<object class="MixerBusEffectChain" id="{62e7727f-ec20-4c29-99c5-dab216aface9}">
		<relationship name="effects">
			<destination>{870e8d7f-8d76-49a6-a3a8-45dc94f13fa8}</destination>
		</relationship>
	</object>
	<object class="MixerBusPanner" id="{b1858b3f-75ef-4837-a82e-cf94e69d85d8}" />
	<object class="MultiSound" id="{a80077d2-a6bd-4b96-abde-5ab167a7f9c0}">
		<property name="length">
			<value>1.4448958333333333</value>
		</property>
		<relationship name="sounds">
			<destination>{ebd77825-63ff-400b-b068-7ea5e34df84e}</destination>
			<destination>{8a66e22a-67d1-4d69-b94a-1da5d4988d85}</destination>
		</relationship>
	</object>
	<object class="EventMixerGroup" id="{036d01ca-e5d7-4948-ba2b-53b0a8c7c7ec}">
		<property name="name">
			<value>Audio 1</value>
		</property>
		<relationship name="effectChain">
			<destination>{a0d7c286-0e1b-4e5c-8553-824239ceb88b}</destination>
		</relationship>
		<relationship name="panner">
			<destination>{433ef637-466b-439e-87cc-335242ca3e82}</destination>
		</relationship>
		<relationship name="output">
			<destination>{a6e6cc68-9f36-4bfa-bbac-0686457c0d09}</destination>
		</relationship>
	</object>
	<object class="MixerBusEffectChain" id="{fc8d9575-d792-41ca-978c-8142f886b6fa}">
		<relationship name="effects">
			<destination>{cf2d0e58-4ea8-4798-9196-ae7c7ece026c}</destination>
		</relationship>
	</object>
	<object class="MixerBusPanner" id="{c91b516c-a0db-484d-8cde-6c14ae588932}" />
	<object class="MixerBusFader" id="{870e8d7f-8d76-49a6-a3a8-45dc94f13fa8}" />
	<object class="SingleSound" id="{ebd77825-63ff-400b-b068-7ea5e34df84e}">
		<relationship name="audioFile">
			<destination>{01bfcc96-88f4-4daa-b277-d602c0567af1}</destination>
		</relationship>
	</object>
	<object class="SingleSound" id="{8a66e22a-67d1-4d69-b94a-1da5d4988d85}">
		<relationship name="audioFile">
			<destination>{0d4ecb6f-b1a4-4eaa-8865-ccf65741c489}</destination>
		</relationship>
	</object>
	<object class="MixerBusEffectChain" id="{a0d7c286-0e1b-4e5c-8553-824239ceb88b}">
		<relationship name="effects">
			<destination>{ff033280-0572-4eaf-baaf-b875ed2f6682}</destination>
		</relationship>
	</object>
	<object class="MixerBusPanner" id="{433ef637-466b-439e-87cc-335242ca3e82}" />
	<object class="MixerBusFader" id="{cf2d0e58-4ea8-4798-9196-ae7c7ece026c}" />
	<object class="MixerBusFader" id="{ff033280-0572-4eaf-baaf-b875ed2f6682}" />
</objects>
