<?xml version="1.0" encoding="UTF-8"?>
<objects serializationModel="Studio.02.01.00">
	<object class="Event" id="{02aa044e-5210-4f22-81eb-c9fa7e2f0598}">
		<property name="name">
			<value>Assigned</value>
		</property>
		<property name="outputFormat">
			<value>0</value>
		</property>
		<relationship name="folder">
			<destination>{b4759248-8c24-49a8-b0a2-0da943ddf0a8}</destination>
		</relationship>
		<relationship name="mixer">
			<destination>{352e51c4-4506-4c25-a931-0efeefc4730d}</destination>
		</relationship>
		<relationship name="masterTrack">
			<destination>{cdb1e3de-3607-469e-8589-ac2bc4c62a45}</destination>
		</relationship>
		<relationship name="mixerInput">
			<destination>{59f137e2-d0cf-43af-8d6e-ed81b8a99752}</destination>
		</relationship>
		<relationship name="automatableProperties">
			<destination>{f6508422-4c7e-4d12-aad4-eb9c6a178aa8}</destination>
		</relationship>
		<relationship name="markerTracks">
			<destination>{17af2cae-fae6-4511-9cc9-53e1f2421188}</destination>
		</relationship>
		<relationship name="groupTracks">
			<destination>{73970096-3e01-47c3-9dfa-3b6dad0e0b71}</destination>
		</relationship>
		<relationship name="timeline">
			<destination>{6b334296-4b97-45e7-8b63-73735aa2bfa5}</destination>
		</relationship>
		<relationship name="banks">
			<destination>{8c3f9de4-14c8-4279-a712-2040780fff61}</destination>
		</relationship>
	</object>
	<object class="EventMixer" id="{352e51c4-4506-4c25-a931-0efeefc4730d}">
		<relationship name="masterBus">
			<destination>{83318880-29fc-4c20-83e0-cd3115a3cc00}</destination>
		</relationship>
	</object>
	<object class="MasterTrack" id="{cdb1e3de-3607-469e-8589-ac2bc4c62a45}">
		<relationship name="mixerGroup">
			<destination>{83318880-29fc-4c20-83e0-cd3115a3cc00}</destination>
		</relationship>
	</object>
	<object class="MixerInput" id="{59f137e2-d0cf-43af-8d6e-ed81b8a99752}">
		<relationship name="effectChain">
			<destination>{a0d208ef-12c9-4d59-a1f5-43f1f81c247f}</destination>
		</relationship>
		<relationship name="panner">
			<destination>{e8880333-13f0-4917-8a43-c41b4b083628}</destination>
		</relationship>
		<relationship name="output">
			<destination>{a74bdffc-cbb2-488b-ae3c-038020e1273d}</destination>
		</relationship>
	</object>
	<object class="EventAutomatableProperties" id="{f6508422-4c7e-4d12-aad4-eb9c6a178aa8}" />
	<object class="MarkerTrack" id="{17af2cae-fae6-4511-9cc9-53e1f2421188}" />
	<object class="GroupTrack" id="{73970096-3e01-47c3-9dfa-3b6dad0e0b71}">
		<relationship name="modules">
			<destination>{24c972a4-bce2-444c-a4f4-2fab95376604}</destination>
		</relationship>
		<relationship name="mixerGroup">
			<destination>{d9ec06f4-6bf8-4058-84e5-4b68ce68a8b4}</destination>
		</relationship>
	</object>
	<object class="Timeline" id="{6b334296-4b97-45e7-8b63-73735aa2bfa5}">
		<relationship name="modules">
			<destination>{24c972a4-bce2-444c-a4f4-2fab95376604}</destination>
		</relationship>
	</object>
	<object class="EventMixerMaster" id="{83318880-29fc-4c20-83e0-cd3115a3cc00}">
		<relationship name="effectChain">
			<destination>{03b86436-d896-446a-8614-b7c4188f1e05}</destination>
		</relationship>
		<relationship name="panner">
			<destination>{01f52fef-b9f4-4b27-b77e-18c35d98da68}</destination>
		</relationship>
		<relationship name="mixer">
			<destination>{352e51c4-4506-4c25-a931-0efeefc4730d}</destination>
		</relationship>
	</object>
	<object class="MixerBusEffectChain" id="{a0d208ef-12c9-4d59-a1f5-43f1f81c247f}">
		<relationship name="effects">
			<destination>{591228da-cedd-49f0-b1f5-b04276acadd9}</destination>
		</relationship>
	</object>
	<object class="MixerBusPanner" id="{e8880333-13f0-4917-8a43-c41b4b083628}" />
	<object class="MultiSound" id="{24c972a4-bce2-444c-a4f4-2fab95376604}">
		<property name="length">
			<value>2.1419791666666668</value>
		</property>
		<relationship name="sounds">
			<destination>{c73647d5-3041-4cce-aef9-a785f59a659a}</destination>
			<destination>{34771228-d842-409e-a9e1-8330ee0d5680}</destination>
			<destination>{119519f6-c4e7-40a7-9e60-da89e3f1c835}</destination>
			<destination>{a02c4f7f-12de-4647-a1a5-12b412dbba4f}</destination>
			<destination>{665ad429-aead-4596-85d3-bac55d828806}</destination>
			<destination>{e7817843-0f50-4c8f-aac0-feef575f8043}</destination>
		</relationship>
	</object>
	<object class="EventMixerGroup" id="{d9ec06f4-6bf8-4058-84e5-4b68ce68a8b4}">
		<property name="name">
			<value>Audio 1</value>
		</property>
		<relationship name="effectChain">
			<destination>{83e69424-f337-47eb-adb4-59514a21416e}</destination>
		</relationship>
		<relationship name="panner">
			<destination>{e0905992-5973-440d-9cb8-709bc7f5f2b4}</destination>
		</relationship>
		<relationship name="output">
			<destination>{83318880-29fc-4c20-83e0-cd3115a3cc00}</destination>
		</relationship>
	</object>
	<object class="MixerBusEffectChain" id="{03b86436-d896-446a-8614-b7c4188f1e05}">
		<relationship name="effects">
			<destination>{d9bee860-fbc9-4923-9468-9cd547963e00}</destination>
		</relationship>
	</object>
	<object class="MixerBusPanner" id="{01f52fef-b9f4-4b27-b77e-18c35d98da68}" />
	<object class="MixerBusFader" id="{591228da-cedd-49f0-b1f5-b04276acadd9}" />
	<object class="SingleSound" id="{c73647d5-3041-4cce-aef9-a785f59a659a}" />
	<object class="SingleSound" id="{34771228-d842-409e-a9e1-8330ee0d5680}" />
	<object class="SingleSound" id="{119519f6-c4e7-40a7-9e60-da89e3f1c835}" />
	<object class="SingleSound" id="{a02c4f7f-12de-4647-a1a5-12b412dbba4f}" />
	<object class="SingleSound" id="{665ad429-aead-4596-85d3-bac55d828806}" />
	<object class="SingleSound" id="{e7817843-0f50-4c8f-aac0-feef575f8043}" />
	<object class="MixerBusEffectChain" id="{83e69424-f337-47eb-adb4-59514a21416e}">
		<relationship name="effects">
			<destination>{db9e5cb7-ac2c-4ed1-adda-56955aca0a27}</destination>
		</relationship>
	</object>
	<object class="MixerBusPanner" id="{e0905992-5973-440d-9cb8-709bc7f5f2b4}" />
	<object class="MixerBusFader" id="{d9bee860-fbc9-4923-9468-9cd547963e00}" />
	<object class="MixerBusFader" id="{db9e5cb7-ac2c-4ed1-adda-56955aca0a27}" />
</objects>
