<?xml version="1.0" encoding="UTF-8"?>
<objects serializationModel="Studio.02.01.00">
	<object class="Event" id="{02c57d5e-3d19-44ac-9fea-52bc79d60582}">
		<property name="name">
			<value>trig_SFX_BlasterLongAverageHigh002StereoRR</value>
		</property>
		<property name="outputFormat">
			<value>2</value>
		</property>
		<relationship name="folder">
			<destination>{7f41e00c-f766-4529-8391-881712592ace}</destination>
		</relationship>
		<relationship name="mixer">
			<destination>{7934fc5c-3579-4538-9ad6-7811685d81db}</destination>
		</relationship>
		<relationship name="masterTrack">
			<destination>{aecb533d-78df-4151-8a57-f37373b18525}</destination>
		</relationship>
		<relationship name="mixerInput">
			<destination>{11e9ddcc-9fec-4986-824e-45e94f896be9}</destination>
		</relationship>
		<relationship name="automatableProperties">
			<destination>{c8854663-7dc1-4e4e-a248-995565ddaa9d}</destination>
		</relationship>
		<relationship name="markerTracks">
			<destination>{60111b8e-fe7b-4947-a218-30eb3b6bead9}</destination>
		</relationship>
		<relationship name="groupTracks">
			<destination>{2442138c-fe92-4d80-8be7-723aa157556f}</destination>
		</relationship>
		<relationship name="timeline">
			<destination>{7a18d8ad-cf3d-4d10-adee-805393a9ccb7}</destination>
		</relationship>
		<relationship name="banks">
			<destination>{09901795-b9b9-4010-a4a3-3011ed4caaa2}</destination>
		</relationship>
	</object>
	<object class="EventMixer" id="{7934fc5c-3579-4538-9ad6-7811685d81db}">
		<relationship name="masterBus">
			<destination>{ab0266cd-eeb0-4d5b-a200-efd17e063353}</destination>
		</relationship>
	</object>
	<object class="MasterTrack" id="{aecb533d-78df-4151-8a57-f37373b18525}">
		<relationship name="mixerGroup">
			<destination>{ab0266cd-eeb0-4d5b-a200-efd17e063353}</destination>
		</relationship>
	</object>
	<object class="MixerInput" id="{11e9ddcc-9fec-4986-824e-45e94f896be9}">
		<relationship name="effectChain">
			<destination>{408d4505-a9ea-43d3-a6b3-891ea5b3578d}</destination>
		</relationship>
		<relationship name="panner">
			<destination>{55d64163-1dd4-4f91-b5c5-4fb1671ec483}</destination>
		</relationship>
		<relationship name="output">
			<destination>{07daa3ae-3495-463d-8c3e-6a9ee1871371}</destination>
		</relationship>
	</object>
	<object class="EventAutomatableProperties" id="{c8854663-7dc1-4e4e-a248-995565ddaa9d}" />
	<object class="MarkerTrack" id="{60111b8e-fe7b-4947-a218-30eb3b6bead9}" />
	<object class="GroupTrack" id="{2442138c-fe92-4d80-8be7-723aa157556f}">
		<relationship name="modules">
			<destination>{7a180193-9e45-40dd-8dd3-e84e3763f184}</destination>
		</relationship>
		<relationship name="mixerGroup">
			<destination>{032790e5-4cb0-4e35-9af6-48ffa1653332}</destination>
		</relationship>
	</object>
	<object class="Timeline" id="{7a18d8ad-cf3d-4d10-adee-805393a9ccb7}">
		<relationship name="modules">
			<destination>{7a180193-9e45-40dd-8dd3-e84e3763f184}</destination>
		</relationship>
	</object>
	<object class="EventMixerMaster" id="{ab0266cd-eeb0-4d5b-a200-efd17e063353}">
		<relationship name="effectChain">
			<destination>{16ff3f3c-cc12-4f79-b8fa-8b0eb5012381}</destination>
		</relationship>
		<relationship name="panner">
			<destination>{2a16b3ae-7f6a-4996-ad13-3521cd89eaaa}</destination>
		</relationship>
		<relationship name="mixer">
			<destination>{7934fc5c-3579-4538-9ad6-7811685d81db}</destination>
		</relationship>
	</object>
	<object class="MixerBusEffectChain" id="{408d4505-a9ea-43d3-a6b3-891ea5b3578d}">
		<relationship name="effects">
			<destination>{4ccc7734-1019-4aec-8579-01d3552793b9}</destination>
		</relationship>
	</object>
	<object class="MixerBusPanner" id="{55d64163-1dd4-4f91-b5c5-4fb1671ec483}" />
	<object class="MultiSound" id="{7a180193-9e45-40dd-8dd3-e84e3763f184}">
		<property name="length">
			<value>1.4792517006802721</value>
		</property>
		<relationship name="sounds">
			<destination>{9b6c6639-5e16-4c33-9048-c33ec15d7545}</destination>
			<destination>{99dfac79-1319-495a-9b34-c45c1621bbae}</destination>
			<destination>{5d5d2d4d-d6af-4d9f-bef3-0a738346326f}</destination>
			<destination>{9e1e1c4a-3e7a-47ee-95ee-ffbf2a3e63a7}</destination>
		</relationship>
	</object>
	<object class="EventMixerGroup" id="{032790e5-4cb0-4e35-9af6-48ffa1653332}">
		<property name="name">
			<value>Audio 1</value>
		</property>
		<relationship name="effectChain">
			<destination>{cb19339a-6f83-472c-b5d4-459b4e219d7c}</destination>
		</relationship>
		<relationship name="panner">
			<destination>{74790665-6a2a-499f-908c-02a587142c5a}</destination>
		</relationship>
		<relationship name="output">
			<destination>{ab0266cd-eeb0-4d5b-a200-efd17e063353}</destination>
		</relationship>
	</object>
	<object class="MixerBusEffectChain" id="{16ff3f3c-cc12-4f79-b8fa-8b0eb5012381}">
		<relationship name="effects">
			<destination>{89d2e125-0233-4793-87ce-3c3fba194545}</destination>
			<destination>{2a4427cd-c7e8-4345-80ce-c55777ba2166}</destination>
		</relationship>
	</object>
	<object class="MixerBusPanner" id="{2a16b3ae-7f6a-4996-ad13-3521cd89eaaa}" />
	<object class="MixerBusFader" id="{4ccc7734-1019-4aec-8579-01d3552793b9}" />
	<object class="SingleSound" id="{9b6c6639-5e16-4c33-9048-c33ec15d7545}">
		<relationship name="audioFile">
			<destination>{2b4ed444-cbca-41ea-a45c-b26d68a79bd0}</destination>
		</relationship>
	</object>
	<object class="SingleSound" id="{99dfac79-1319-495a-9b34-c45c1621bbae}">
		<relationship name="audioFile">
			<destination>{c527bd4a-0f6b-4c7d-a5b0-7ef1259479d2}</destination>
		</relationship>
	</object>
	<object class="SingleSound" id="{5d5d2d4d-d6af-4d9f-bef3-0a738346326f}">
		<relationship name="audioFile">
			<destination>{eec72506-5bf5-420f-83cb-a436c85fc547}</destination>
		</relationship>
	</object>
	<object class="SingleSound" id="{9e1e1c4a-3e7a-47ee-95ee-ffbf2a3e63a7}">
		<relationship name="audioFile">
			<destination>{81745f3b-9bd4-482c-902d-92052ff6a980}</destination>
		</relationship>
	</object>
	<object class="MixerBusEffectChain" id="{cb19339a-6f83-472c-b5d4-459b4e219d7c}">
		<relationship name="effects">
			<destination>{6c5a2b17-aeb2-4c9a-9bdb-6820f6341674}</destination>
		</relationship>
	</object>
	<object class="MixerBusPanner" id="{74790665-6a2a-499f-908c-02a587142c5a}" />
	<object class="MixerBusFader" id="{89d2e125-0233-4793-87ce-3c3fba194545}" />
	<object class="SpatialiserEffect" id="{2a4427cd-c7e8-4345-80ce-c55777ba2166}">
		<property name="minimumDistance">
			<value>0.5</value>
		</property>
		<property name="maximumDistance">
			<value>200</value>
		</property>
	</object>
	<object class="MixerBusFader" id="{6c5a2b17-aeb2-4c9a-9bdb-6820f6341674}" />
</objects>
