<?xml version="1.0" encoding="UTF-8"?>
<objects serializationModel="Studio.02.01.00">
	<object class="Event" id="{030b0e52-708c-4e17-8a1c-ccbe1c51bec3}">
		<property name="name">
			<value>Assigned</value>
		</property>
		<property name="outputFormat">
			<value>0</value>
		</property>
		<relationship name="folder">
			<destination>{f34cad09-c0b8-4ace-a8c4-b8b513e5fb2b}</destination>
		</relationship>
		<relationship name="mixer">
			<destination>{878d136a-a4e9-44f8-a927-b6c66bca07a8}</destination>
		</relationship>
		<relationship name="masterTrack">
			<destination>{e5851e5c-5ca0-4293-9715-f895885492e1}</destination>
		</relationship>
		<relationship name="mixerInput">
			<destination>{f8a110c4-9598-4742-87a2-14ac8efda305}</destination>
		</relationship>
		<relationship name="automatableProperties">
			<destination>{e95bf10a-69f4-4373-bf59-99d3df352fcc}</destination>
		</relationship>
		<relationship name="markerTracks">
			<destination>{bcbb80f8-c73a-4b2d-b226-d84b2d0bf449}</destination>
		</relationship>
		<relationship name="groupTracks">
			<destination>{7695229f-cc33-4d6b-95ac-8ab04d36d974}</destination>
		</relationship>
		<relationship name="timeline">
			<destination>{a7839d68-7499-4b40-bc2e-0089a4cdcab8}</destination>
		</relationship>
		<relationship name="banks">
			<destination>{8c3f9de4-14c8-4279-a712-2040780fff61}</destination>
		</relationship>
	</object>
	<object class="EventMixer" id="{878d136a-a4e9-44f8-a927-b6c66bca07a8}">
		<relationship name="masterBus">
			<destination>{f58f6a95-e0a0-4fc1-b964-66cc317201b9}</destination>
		</relationship>
	</object>
	<object class="MasterTrack" id="{e5851e5c-5ca0-4293-9715-f895885492e1}">
		<relationship name="mixerGroup">
			<destination>{f58f6a95-e0a0-4fc1-b964-66cc317201b9}</destination>
		</relationship>
	</object>
	<object class="MixerInput" id="{f8a110c4-9598-4742-87a2-14ac8efda305}">
		<relationship name="effectChain">
			<destination>{792a9b81-535f-44f4-96ce-5fb34dde8c03}</destination>
		</relationship>
		<relationship name="panner">
			<destination>{9ad7b229-471d-476b-9039-6f254e56507a}</destination>
		</relationship>
		<relationship name="output">
			<destination>{a74bdffc-cbb2-488b-ae3c-038020e1273d}</destination>
		</relationship>
	</object>
	<object class="EventAutomatableProperties" id="{e95bf10a-69f4-4373-bf59-99d3df352fcc}" />
	<object class="MarkerTrack" id="{bcbb80f8-c73a-4b2d-b226-d84b2d0bf449}" />
	<object class="GroupTrack" id="{7695229f-cc33-4d6b-95ac-8ab04d36d974}">
		<relationship name="modules">
			<destination>{31aade48-0032-42af-b2fe-2e60c390b4bd}</destination>
		</relationship>
		<relationship name="mixerGroup">
			<destination>{96d3c236-3161-45ec-a26c-29bf97b19610}</destination>
		</relationship>
	</object>
	<object class="Timeline" id="{a7839d68-7499-4b40-bc2e-0089a4cdcab8}">
		<relationship name="modules">
			<destination>{31aade48-0032-42af-b2fe-2e60c390b4bd}</destination>
		</relationship>
	</object>
	<object class="EventMixerMaster" id="{f58f6a95-e0a0-4fc1-b964-66cc317201b9}">
		<relationship name="effectChain">
			<destination>{0db71888-0a70-4b1e-a76c-f7e8f7be83c3}</destination>
		</relationship>
		<relationship name="panner">
			<destination>{6b911f86-c515-45df-8f02-451ac352d1c5}</destination>
		</relationship>
		<relationship name="mixer">
			<destination>{878d136a-a4e9-44f8-a927-b6c66bca07a8}</destination>
		</relationship>
	</object>
	<object class="MixerBusEffectChain" id="{792a9b81-535f-44f4-96ce-5fb34dde8c03}">
		<relationship name="effects">
			<destination>{d1e9c358-29b0-44c6-9961-c3ce8b52a9b8}</destination>
		</relationship>
	</object>
	<object class="MixerBusPanner" id="{9ad7b229-471d-476b-9039-6f254e56507a}" />
	<object class="MultiSound" id="{31aade48-0032-42af-b2fe-2e60c390b4bd}">
		<property name="length">
			<value>2.1466875000000001</value>
		</property>
		<relationship name="sounds">
			<destination>{a801c983-349b-4187-8a73-baa7cd4b886b}</destination>
			<destination>{2e7a0c52-d835-42a6-9520-1d012d23ea34}</destination>
			<destination>{b118e804-1237-4923-b94e-df7957da28e5}</destination>
			<destination>{a777e6a2-5eaa-4277-8443-9a9a7f14f2e0}</destination>
			<destination>{e02875b6-2643-41ea-8620-d18fb710e538}</destination>
			<destination>{12a0b810-883b-475a-81cd-ae787516a4d4}</destination>
		</relationship>
	</object>
	<object class="EventMixerGroup" id="{96d3c236-3161-45ec-a26c-29bf97b19610}">
		<property name="name">
			<value>Audio 1</value>
		</property>
		<relationship name="effectChain">
			<destination>{875c8c1a-ff27-440c-9407-0694ef4755a2}</destination>
		</relationship>
		<relationship name="panner">
			<destination>{a3e0c62e-dfd8-495a-abee-366e75a8c6b2}</destination>
		</relationship>
		<relationship name="output">
			<destination>{f58f6a95-e0a0-4fc1-b964-66cc317201b9}</destination>
		</relationship>
	</object>
	<object class="MixerBusEffectChain" id="{0db71888-0a70-4b1e-a76c-f7e8f7be83c3}">
		<relationship name="effects">
			<destination>{33b606aa-0977-493c-bb24-5123da0541bf}</destination>
		</relationship>
	</object>
	<object class="MixerBusPanner" id="{6b911f86-c515-45df-8f02-451ac352d1c5}" />
	<object class="MixerBusFader" id="{d1e9c358-29b0-44c6-9961-c3ce8b52a9b8}" />
	<object class="SingleSound" id="{a801c983-349b-4187-8a73-baa7cd4b886b}">
		<relationship name="audioFile">
			<destination>{36b9eca0-722e-430f-9dad-3ce79175134e}</destination>
		</relationship>
	</object>
	<object class="SingleSound" id="{2e7a0c52-d835-42a6-9520-1d012d23ea34}">
		<relationship name="audioFile">
			<destination>{6391fe58-d90e-4c3c-a9c9-0554a551d8f3}</destination>
		</relationship>
	</object>
	<object class="SingleSound" id="{b118e804-1237-4923-b94e-df7957da28e5}">
		<relationship name="audioFile">
			<destination>{27bb6fc0-d0a5-4228-9082-f8201d47a514}</destination>
		</relationship>
	</object>
	<object class="SingleSound" id="{a777e6a2-5eaa-4277-8443-9a9a7f14f2e0}">
		<relationship name="audioFile">
			<destination>{828d63c9-57f2-4a80-9689-ccf3594cbd35}</destination>
		</relationship>
	</object>
	<object class="SingleSound" id="{e02875b6-2643-41ea-8620-d18fb710e538}">
		<relationship name="audioFile">
			<destination>{1abf74b0-2eac-41e7-ac56-77e5f113b954}</destination>
		</relationship>
	</object>
	<object class="SingleSound" id="{12a0b810-883b-475a-81cd-ae787516a4d4}">
		<relationship name="audioFile">
			<destination>{6338e0fa-7070-49dd-b730-97ec426b0cba}</destination>
		</relationship>
	</object>
	<object class="MixerBusEffectChain" id="{875c8c1a-ff27-440c-9407-0694ef4755a2}">
		<relationship name="effects">
			<destination>{26e0e539-b78a-4135-beaf-dad08e22803b}</destination>
		</relationship>
	</object>
	<object class="MixerBusPanner" id="{a3e0c62e-dfd8-495a-abee-366e75a8c6b2}" />
	<object class="MixerBusFader" id="{33b606aa-0977-493c-bb24-5123da0541bf}" />
	<object class="MixerBusFader" id="{26e0e539-b78a-4135-beaf-dad08e22803b}" />
</objects>
