<?xml version="1.0" encoding="UTF-8"?>
<objects serializationModel="Studio.02.01.00">
	<object class="Event" id="{030e9d3a-5e41-43cd-892d-64daaddd3c87}">
		<property name="name">
			<value>Assigned</value>
		</property>
		<property name="outputFormat">
			<value>0</value>
		</property>
		<relationship name="folder">
			<destination>{5d7bde95-4b54-4bc9-8558-ad47f91b2990}</destination>
		</relationship>
		<relationship name="mixer">
			<destination>{08525ed3-141b-4836-9ab9-08410d2b6969}</destination>
		</relationship>
		<relationship name="masterTrack">
			<destination>{bdd3dfb8-42ce-45f3-8d5d-826ebcbc1d2d}</destination>
		</relationship>
		<relationship name="mixerInput">
			<destination>{3109d95a-a695-4864-8edd-19eab7484bf4}</destination>
		</relationship>
		<relationship name="automatableProperties">
			<destination>{8eb30b22-2e36-4db7-a161-9ea09f9235d3}</destination>
		</relationship>
		<relationship name="markerTracks">
			<destination>{864ca3b8-7b21-42eb-861c-4ec84f30485f}</destination>
		</relationship>
		<relationship name="groupTracks">
			<destination>{a0cb83f3-3d00-4e24-ab24-afa5d39480d3}</destination>
		</relationship>
		<relationship name="timeline">
			<destination>{07a073fa-fb2e-4ef1-a4de-d18ba306c6b5}</destination>
		</relationship>
		<relationship name="banks">
			<destination>{8c3f9de4-14c8-4279-a712-2040780fff61}</destination>
		</relationship>
	</object>
	<object class="EventMixer" id="{08525ed3-141b-4836-9ab9-08410d2b6969}">
		<relationship name="masterBus">
			<destination>{99b0c7ed-7c0b-4f13-9adf-237a4afe20e5}</destination>
		</relationship>
	</object>
	<object class="MasterTrack" id="{bdd3dfb8-42ce-45f3-8d5d-826ebcbc1d2d}">
		<relationship name="mixerGroup">
			<destination>{99b0c7ed-7c0b-4f13-9adf-237a4afe20e5}</destination>
		</relationship>
	</object>
	<object class="MixerInput" id="{3109d95a-a695-4864-8edd-19eab7484bf4}">
		<relationship name="effectChain">
			<destination>{46898b71-76cc-479b-9993-1fb7bbb9b55f}</destination>
		</relationship>
		<relationship name="panner">
			<destination>{9a6679ed-8b6e-4c24-b04a-3fd7870719ce}</destination>
		</relationship>
		<relationship name="output">
			<destination>{a74bdffc-cbb2-488b-ae3c-038020e1273d}</destination>
		</relationship>
	</object>
	<object class="EventAutomatableProperties" id="{8eb30b22-2e36-4db7-a161-9ea09f9235d3}" />
	<object class="MarkerTrack" id="{864ca3b8-7b21-42eb-861c-4ec84f30485f}" />
	<object class="GroupTrack" id="{a0cb83f3-3d00-4e24-ab24-afa5d39480d3}">
		<relationship name="modules">
			<destination>{f9fdc866-7658-417c-b93f-ceeae54fee08}</destination>
		</relationship>
		<relationship name="mixerGroup">
			<destination>{39f468e8-a290-4318-b346-98ceade2bb92}</destination>
		</relationship>
	</object>
	<object class="Timeline" id="{07a073fa-fb2e-4ef1-a4de-d18ba306c6b5}">
		<relationship name="modules">
			<destination>{f9fdc866-7658-417c-b93f-ceeae54fee08}</destination>
		</relationship>
	</object>
	<object class="EventMixerMaster" id="{99b0c7ed-7c0b-4f13-9adf-237a4afe20e5}">
		<relationship name="effectChain">
			<destination>{72c6cb23-135d-4e66-beff-1bb1fc400cc6}</destination>
		</relationship>
		<relationship name="panner">
			<destination>{5f5fbe08-bcd9-4a5c-94ab-f634a0a1058a}</destination>
		</relationship>
		<relationship name="mixer">
			<destination>{08525ed3-141b-4836-9ab9-08410d2b6969}</destination>
		</relationship>
	</object>
	<object class="MixerBusEffectChain" id="{46898b71-76cc-479b-9993-1fb7bbb9b55f}">
		<relationship name="effects">
			<destination>{585cd321-495c-4ba0-a837-21a18c1bd4e6}</destination>
		</relationship>
	</object>
	<object class="MixerBusPanner" id="{9a6679ed-8b6e-4c24-b04a-3fd7870719ce}" />
	<object class="MultiSound" id="{f9fdc866-7658-417c-b93f-ceeae54fee08}">
		<property name="length">
			<value>1.3986666666666667</value>
		</property>
		<relationship name="sounds">
			<destination>{537dfbd4-b0d3-4b39-a5d5-1c03daa51800}</destination>
			<destination>{380eab7e-0001-472b-bd80-96644029991e}</destination>
			<destination>{64288714-62b7-48b8-bf2b-0db66dc1a609}</destination>
		</relationship>
	</object>
	<object class="EventMixerGroup" id="{39f468e8-a290-4318-b346-98ceade2bb92}">
		<property name="name">
			<value>Audio 1</value>
		</property>
		<relationship name="effectChain">
			<destination>{584ea82c-2f2f-472e-9cf1-2919582bc7e3}</destination>
		</relationship>
		<relationship name="panner">
			<destination>{6b3219f7-ccfa-41aa-8ad1-bc9e071f610f}</destination>
		</relationship>
		<relationship name="output">
			<destination>{99b0c7ed-7c0b-4f13-9adf-237a4afe20e5}</destination>
		</relationship>
	</object>
	<object class="MixerBusEffectChain" id="{72c6cb23-135d-4e66-beff-1bb1fc400cc6}">
		<relationship name="effects">
			<destination>{9d19ef8c-fde3-44c5-b441-6403829be9e7}</destination>
		</relationship>
	</object>
	<object class="MixerBusPanner" id="{5f5fbe08-bcd9-4a5c-94ab-f634a0a1058a}" />
	<object class="MixerBusFader" id="{585cd321-495c-4ba0-a837-21a18c1bd4e6}" />
	<object class="SingleSound" id="{537dfbd4-b0d3-4b39-a5d5-1c03daa51800}">
		<relationship name="audioFile">
			<destination>{3c03b70f-4049-43ef-bebe-8322dff1a1fa}</destination>
		</relationship>
	</object>
	<object class="SingleSound" id="{380eab7e-0001-472b-bd80-96644029991e}">
		<relationship name="audioFile">
			<destination>{f71783a2-95f0-45de-961f-1362cacfc97d}</destination>
		</relationship>
	</object>
	<object class="SingleSound" id="{64288714-62b7-48b8-bf2b-0db66dc1a609}">
		<relationship name="audioFile">
			<destination>{f7f368be-4f48-4d31-80fb-a6e2f0d108f8}</destination>
		</relationship>
	</object>
	<object class="MixerBusEffectChain" id="{584ea82c-2f2f-472e-9cf1-2919582bc7e3}">
		<relationship name="effects">
			<destination>{29219e85-bc0f-4f19-9090-25529fe53c6b}</destination>
		</relationship>
	</object>
	<object class="MixerBusPanner" id="{6b3219f7-ccfa-41aa-8ad1-bc9e071f610f}" />
	<object class="MixerBusFader" id="{9d19ef8c-fde3-44c5-b441-6403829be9e7}" />
	<object class="MixerBusFader" id="{29219e85-bc0f-4f19-9090-25529fe53c6b}" />
</objects>
