<?xml version="1.0" encoding="UTF-8"?>
<objects serializationModel="Studio.02.01.00">
	<object class="Event" id="{032681a5-88b7-4853-8666-96f37b1fd590}">
		<property name="name">
			<value>Faction_ObjectiveQuote_Destroy_11</value>
		</property>
		<property name="outputFormat">
			<value>0</value>
		</property>
		<relationship name="folder">
			<destination>{158ad337-8269-4a32-865c-d3c458683eff}</destination>
		</relationship>
		<relationship name="mixer">
			<destination>{89d08532-7ccc-43c2-b4e7-9fda80efd141}</destination>
		</relationship>
		<relationship name="masterTrack">
			<destination>{0e2ed03d-7799-4741-8689-c3cacf761ab7}</destination>
		</relationship>
		<relationship name="mixerInput">
			<destination>{5fd900a4-335d-4122-8a08-f03a760f27ae}</destination>
		</relationship>
		<relationship name="automatableProperties">
			<destination>{164eaed5-4978-472d-9ae1-b953b15efc67}</destination>
		</relationship>
		<relationship name="markerTracks">
			<destination>{3c547ca1-4d95-48a8-86ac-0a6412104e28}</destination>
		</relationship>
		<relationship name="groupTracks">
			<destination>{e5591c44-1e1e-4845-8308-e9fdba2f1d27}</destination>
		</relationship>
		<relationship name="timeline">
			<destination>{aeed870f-ded4-4645-a434-ba60622a6ca8}</destination>
		</relationship>
		<relationship name="banks">
			<destination>{8c3f9de4-14c8-4279-a712-2040780fff61}</destination>
		</relationship>
	</object>
	<object class="EventMixer" id="{89d08532-7ccc-43c2-b4e7-9fda80efd141}">
		<relationship name="masterBus">
			<destination>{94d4c084-6890-4ae4-bdf2-a312ae6558f9}</destination>
		</relationship>
	</object>
	<object class="MasterTrack" id="{0e2ed03d-7799-4741-8689-c3cacf761ab7}">
		<relationship name="mixerGroup">
			<destination>{94d4c084-6890-4ae4-bdf2-a312ae6558f9}</destination>
		</relationship>
	</object>
	<object class="MixerInput" id="{5fd900a4-335d-4122-8a08-f03a760f27ae}">
		<relationship name="effectChain">
			<destination>{5ba23750-744e-43b5-b339-cdc3a1e8b8a2}</destination>
		</relationship>
		<relationship name="panner">
			<destination>{9cef4003-865c-45fd-ba69-4d85b7159001}</destination>
		</relationship>
		<relationship name="output">
			<destination>{a74bdffc-cbb2-488b-ae3c-038020e1273d}</destination>
		</relationship>
	</object>
	<object class="EventAutomatableProperties" id="{164eaed5-4978-472d-9ae1-b953b15efc67}" />
	<object class="MarkerTrack" id="{3c547ca1-4d95-48a8-86ac-0a6412104e28}" />
	<object class="GroupTrack" id="{e5591c44-1e1e-4845-8308-e9fdba2f1d27}">
		<relationship name="modules">
			<destination>{80ff0406-c769-46cf-88c5-912f0ac15929}</destination>
		</relationship>
		<relationship name="mixerGroup">
			<destination>{9e10fbde-0ecc-413f-b34e-92ea860068f5}</destination>
		</relationship>
	</object>
	<object class="Timeline" id="{aeed870f-ded4-4645-a434-ba60622a6ca8}">
		<relationship name="modules">
			<destination>{80ff0406-c769-46cf-88c5-912f0ac15929}</destination>
		</relationship>
	</object>
	<object class="EventMixerMaster" id="{94d4c084-6890-4ae4-bdf2-a312ae6558f9}">
		<relationship name="effectChain">
			<destination>{a89c0399-c393-4234-9f22-e7953058e8cc}</destination>
		</relationship>
		<relationship name="panner">
			<destination>{b39dc83f-3dfd-44d5-8bd6-44918420e27d}</destination>
		</relationship>
		<relationship name="mixer">
			<destination>{89d08532-7ccc-43c2-b4e7-9fda80efd141}</destination>
		</relationship>
	</object>
	<object class="MixerBusEffectChain" id="{5ba23750-744e-43b5-b339-cdc3a1e8b8a2}">
		<relationship name="effects">
			<destination>{29b328aa-7124-46ac-8938-4b5e87c68084}</destination>
		</relationship>
	</object>
	<object class="MixerBusPanner" id="{9cef4003-865c-45fd-ba69-4d85b7159001}" />
	<object class="SingleSound" id="{80ff0406-c769-46cf-88c5-912f0ac15929}">
		<property name="length">
			<value>4.0763333333333334</value>
		</property>
		<relationship name="audioFile">
			<destination>{3e133b42-7e08-4ad0-8711-4bf9b398819d}</destination>
		</relationship>
	</object>
	<object class="EventMixerGroup" id="{9e10fbde-0ecc-413f-b34e-92ea860068f5}">
		<property name="name">
			<value>Audio 1</value>
		</property>
		<relationship name="effectChain">
			<destination>{4a78bda2-26d6-46df-a899-611510becc8f}</destination>
		</relationship>
		<relationship name="panner">
			<destination>{b3b55a9d-54cc-4849-a4b9-b468f740604c}</destination>
		</relationship>
		<relationship name="output">
			<destination>{94d4c084-6890-4ae4-bdf2-a312ae6558f9}</destination>
		</relationship>
	</object>
	<object class="MixerBusEffectChain" id="{a89c0399-c393-4234-9f22-e7953058e8cc}">
		<relationship name="effects">
			<destination>{df447a87-6738-46e7-951a-d8fc95522413}</destination>
		</relationship>
	</object>
	<object class="MixerBusPanner" id="{b39dc83f-3dfd-44d5-8bd6-44918420e27d}" />
	<object class="MixerBusFader" id="{29b328aa-7124-46ac-8938-4b5e87c68084}" />
	<object class="MixerBusEffectChain" id="{4a78bda2-26d6-46df-a899-611510becc8f}">
		<relationship name="effects">
			<destination>{8b30e559-813f-4b50-b2d0-22880422d3b7}</destination>
		</relationship>
	</object>
	<object class="MixerBusPanner" id="{b3b55a9d-54cc-4849-a4b9-b468f740604c}" />
	<object class="MixerBusFader" id="{df447a87-6738-46e7-951a-d8fc95522413}" />
	<object class="MixerBusFader" id="{8b30e559-813f-4b50-b2d0-22880422d3b7}" />
</objects>
