<?xml version="1.0" encoding="UTF-8"?>
<objects serializationModel="Studio.02.01.00">
	<object class="Event" id="{033a9d80-f03e-4aba-90e3-1407b3a61aa3}">
		<property name="name">
			<value>Assigned</value>
		</property>
		<property name="outputFormat">
			<value>0</value>
		</property>
		<relationship name="folder">
			<destination>{97f48352-eeca-4ef7-b378-0b43d70fdfea}</destination>
		</relationship>
		<relationship name="mixer">
			<destination>{58dab8a8-8e7e-4f1d-acb4-66fe003196e1}</destination>
		</relationship>
		<relationship name="masterTrack">
			<destination>{750541d3-2a5b-4243-b2c5-9f5ccbf34fa0}</destination>
		</relationship>
		<relationship name="mixerInput">
			<destination>{85504f48-c326-4da4-ba00-d2429c2624a4}</destination>
		</relationship>
		<relationship name="automatableProperties">
			<destination>{28c9b613-2509-4152-a856-0dbd601ca6d6}</destination>
		</relationship>
		<relationship name="markerTracks">
			<destination>{4973d1b3-e9df-40d6-8cac-d1c9ccfac787}</destination>
		</relationship>
		<relationship name="groupTracks">
			<destination>{54f6b686-afa0-489c-9b73-bbdbb090d558}</destination>
		</relationship>
		<relationship name="timeline">
			<destination>{6950d18d-31ff-41c4-bd0c-830c4683b14f}</destination>
		</relationship>
		<relationship name="banks">
			<destination>{8c3f9de4-14c8-4279-a712-2040780fff61}</destination>
		</relationship>
	</object>
	<object class="EventMixer" id="{58dab8a8-8e7e-4f1d-acb4-66fe003196e1}">
		<relationship name="masterBus">
			<destination>{c731ce78-b3e9-44b4-a9c9-fd6677ca3994}</destination>
		</relationship>
	</object>
	<object class="MasterTrack" id="{750541d3-2a5b-4243-b2c5-9f5ccbf34fa0}">
		<relationship name="mixerGroup">
			<destination>{c731ce78-b3e9-44b4-a9c9-fd6677ca3994}</destination>
		</relationship>
	</object>
	<object class="MixerInput" id="{85504f48-c326-4da4-ba00-d2429c2624a4}">
		<relationship name="effectChain">
			<destination>{6b2d755d-7aea-40a3-8718-a3a86fb2ba9a}</destination>
		</relationship>
		<relationship name="panner">
			<destination>{0952fcee-b36c-4216-a054-7cded9e58af2}</destination>
		</relationship>
		<relationship name="output">
			<destination>{a74bdffc-cbb2-488b-ae3c-038020e1273d}</destination>
		</relationship>
	</object>
	<object class="EventAutomatableProperties" id="{28c9b613-2509-4152-a856-0dbd601ca6d6}" />
	<object class="MarkerTrack" id="{4973d1b3-e9df-40d6-8cac-d1c9ccfac787}" />
	<object class="GroupTrack" id="{54f6b686-afa0-489c-9b73-bbdbb090d558}">
		<relationship name="modules">
			<destination>{3b29a908-96db-4fcb-9e69-13de879a7fb2}</destination>
		</relationship>
		<relationship name="mixerGroup">
			<destination>{b0e139d6-12af-4080-8a4d-7e456dd8f837}</destination>
		</relationship>
	</object>
	<object class="Timeline" id="{6950d18d-31ff-41c4-bd0c-830c4683b14f}">
		<relationship name="modules">
			<destination>{3b29a908-96db-4fcb-9e69-13de879a7fb2}</destination>
		</relationship>
	</object>
	<object class="EventMixerMaster" id="{c731ce78-b3e9-44b4-a9c9-fd6677ca3994}">
		<relationship name="effectChain">
			<destination>{9b94741c-8b95-4691-83e7-5266cb03bdde}</destination>
		</relationship>
		<relationship name="panner">
			<destination>{6ab8e18f-3a41-48ed-a007-6077ac0c3865}</destination>
		</relationship>
		<relationship name="mixer">
			<destination>{58dab8a8-8e7e-4f1d-acb4-66fe003196e1}</destination>
		</relationship>
	</object>
	<object class="MixerBusEffectChain" id="{6b2d755d-7aea-40a3-8718-a3a86fb2ba9a}">
		<relationship name="effects">
			<destination>{e1a51338-011d-440b-8790-03bb772a500d}</destination>
		</relationship>
	</object>
	<object class="MixerBusPanner" id="{0952fcee-b36c-4216-a054-7cded9e58af2}" />
	<object class="MultiSound" id="{3b29a908-96db-4fcb-9e69-13de879a7fb2}">
		<property name="length">
			<value>2.3036458333333334</value>
		</property>
		<relationship name="sounds">
			<destination>{39ff91e7-a527-48e1-9626-f079900ade5b}</destination>
			<destination>{f97d4096-983b-46ee-9ea0-9fbf1e35e6fd}</destination>
			<destination>{c9ac4e5d-343c-48ac-9f74-4fbfaa8d041f}</destination>
			<destination>{c14873d7-022f-4317-b891-f4299fc5528f}</destination>
			<destination>{6ec2751b-661b-4c44-b9ea-85b7ea8e22c4}</destination>
		</relationship>
	</object>
	<object class="EventMixerGroup" id="{b0e139d6-12af-4080-8a4d-7e456dd8f837}">
		<property name="name">
			<value>Audio 1</value>
		</property>
		<relationship name="effectChain">
			<destination>{ddd8c76c-84f2-434c-b542-41e3bc003bdc}</destination>
		</relationship>
		<relationship name="panner">
			<destination>{d8eadece-d5d4-4da9-b7b0-b501c8bda64d}</destination>
		</relationship>
		<relationship name="output">
			<destination>{c731ce78-b3e9-44b4-a9c9-fd6677ca3994}</destination>
		</relationship>
	</object>
	<object class="MixerBusEffectChain" id="{9b94741c-8b95-4691-83e7-5266cb03bdde}">
		<relationship name="effects">
			<destination>{524ee1b2-1a8a-47be-b66d-84de9737bf02}</destination>
		</relationship>
	</object>
	<object class="MixerBusPanner" id="{6ab8e18f-3a41-48ed-a007-6077ac0c3865}" />
	<object class="MixerBusFader" id="{e1a51338-011d-440b-8790-03bb772a500d}" />
	<object class="SingleSound" id="{39ff91e7-a527-48e1-9626-f079900ade5b}">
		<relationship name="audioFile">
			<destination>{0621da3e-f7b6-418f-9465-c10b92652549}</destination>
		</relationship>
	</object>
	<object class="SingleSound" id="{f97d4096-983b-46ee-9ea0-9fbf1e35e6fd}">
		<relationship name="audioFile">
			<destination>{175ccd9c-194d-467a-be69-720133e7f8fe}</destination>
		</relationship>
	</object>
	<object class="SingleSound" id="{c9ac4e5d-343c-48ac-9f74-4fbfaa8d041f}">
		<relationship name="audioFile">
			<destination>{22bf096f-cb0c-48c0-ac63-6c692516714a}</destination>
		</relationship>
	</object>
	<object class="SingleSound" id="{c14873d7-022f-4317-b891-f4299fc5528f}">
		<relationship name="audioFile">
			<destination>{9d91016c-8f71-4d68-bd7e-52e68a4876ef}</destination>
		</relationship>
	</object>
	<object class="SingleSound" id="{6ec2751b-661b-4c44-b9ea-85b7ea8e22c4}">
		<relationship name="audioFile">
			<destination>{ced4a3ff-a6ef-4936-a148-342413b8ac51}</destination>
		</relationship>
	</object>
	<object class="MixerBusEffectChain" id="{ddd8c76c-84f2-434c-b542-41e3bc003bdc}">
		<relationship name="effects">
			<destination>{13d320c5-2569-43c7-b660-faca4b97f8e3}</destination>
		</relationship>
	</object>
	<object class="MixerBusPanner" id="{d8eadece-d5d4-4da9-b7b0-b501c8bda64d}" />
	<object class="MixerBusFader" id="{524ee1b2-1a8a-47be-b66d-84de9737bf02}" />
	<object class="MixerBusFader" id="{13d320c5-2569-43c7-b660-faca4b97f8e3}" />
</objects>
