<?xml version="1.0" encoding="UTF-8"?>
<objects serializationModel="Studio.02.01.00">
	<object class="Event" id="{0333583a-93c7-4a7a-803a-c1352cceaa83}">
		<property name="name">
			<value>Success</value>
		</property>
		<property name="outputFormat">
			<value>0</value>
		</property>
		<relationship name="folder">
			<destination>{603699c4-7ec1-4268-a5c5-95d7eabc0f86}</destination>
		</relationship>
		<relationship name="mixer">
			<destination>{50dc342a-3e8a-43d9-b479-8f68d626b9ce}</destination>
		</relationship>
		<relationship name="masterTrack">
			<destination>{86b487ff-899c-4c60-9896-6478868b5d7e}</destination>
		</relationship>
		<relationship name="mixerInput">
			<destination>{24a2f83a-8caf-4d52-aa5e-14804974101c}</destination>
		</relationship>
		<relationship name="automatableProperties">
			<destination>{e304c252-b601-44d6-ae35-a5b253498ba2}</destination>
		</relationship>
		<relationship name="markerTracks">
			<destination>{cad22989-aa62-44be-b49c-aae165cc34e5}</destination>
		</relationship>
		<relationship name="groupTracks">
			<destination>{8eb54133-ab2e-447e-b5f1-a9a17319c876}</destination>
		</relationship>
		<relationship name="timeline">
			<destination>{b43e2dda-41b0-44d7-a793-a132314f2392}</destination>
		</relationship>
		<relationship name="banks">
			<destination>{8c3f9de4-14c8-4279-a712-2040780fff61}</destination>
		</relationship>
	</object>
	<object class="EventMixer" id="{50dc342a-3e8a-43d9-b479-8f68d626b9ce}">
		<relationship name="masterBus">
			<destination>{6fff3e09-2ec1-4a03-b57c-b3b8e43f505b}</destination>
		</relationship>
	</object>
	<object class="MasterTrack" id="{86b487ff-899c-4c60-9896-6478868b5d7e}">
		<relationship name="mixerGroup">
			<destination>{6fff3e09-2ec1-4a03-b57c-b3b8e43f505b}</destination>
		</relationship>
	</object>
	<object class="MixerInput" id="{24a2f83a-8caf-4d52-aa5e-14804974101c}">
		<relationship name="effectChain">
			<destination>{dcb39f45-40ec-4df7-b492-802ab81a7faf}</destination>
		</relationship>
		<relationship name="panner">
			<destination>{c422f59c-d48e-440f-b78d-2d3fbdb364ce}</destination>
		</relationship>
		<relationship name="output">
			<destination>{a74bdffc-cbb2-488b-ae3c-038020e1273d}</destination>
		</relationship>
	</object>
	<object class="EventAutomatableProperties" id="{e304c252-b601-44d6-ae35-a5b253498ba2}" />
	<object class="MarkerTrack" id="{cad22989-aa62-44be-b49c-aae165cc34e5}" />
	<object class="GroupTrack" id="{8eb54133-ab2e-447e-b5f1-a9a17319c876}">
		<relationship name="modules">
			<destination>{44979dfa-4d2a-4f48-b8eb-a9e0a12eaa42}</destination>
		</relationship>
		<relationship name="mixerGroup">
			<destination>{f409a689-d591-4c0a-a0f7-9188625c816c}</destination>
		</relationship>
	</object>
	<object class="Timeline" id="{b43e2dda-41b0-44d7-a793-a132314f2392}">
		<relationship name="modules">
			<destination>{44979dfa-4d2a-4f48-b8eb-a9e0a12eaa42}</destination>
		</relationship>
	</object>
	<object class="EventMixerMaster" id="{6fff3e09-2ec1-4a03-b57c-b3b8e43f505b}">
		<relationship name="effectChain">
			<destination>{c26fdd62-61c8-49f6-bc72-c77588a503a5}</destination>
		</relationship>
		<relationship name="panner">
			<destination>{a9576589-964b-42d0-a788-5dee5e30c376}</destination>
		</relationship>
		<relationship name="mixer">
			<destination>{50dc342a-3e8a-43d9-b479-8f68d626b9ce}</destination>
		</relationship>
	</object>
	<object class="MixerBusEffectChain" id="{dcb39f45-40ec-4df7-b492-802ab81a7faf}">
		<relationship name="effects">
			<destination>{7c10df6c-df49-4d75-b8c9-127b739881f0}</destination>
		</relationship>
	</object>
	<object class="MixerBusPanner" id="{c422f59c-d48e-440f-b78d-2d3fbdb364ce}" />
	<object class="MultiSound" id="{44979dfa-4d2a-4f48-b8eb-a9e0a12eaa42}">
		<property name="length">
			<value>2.4306874999999999</value>
		</property>
		<relationship name="sounds">
			<destination>{0b6f0a22-1fff-4122-b5a6-1c4d94ee5f1d}</destination>
			<destination>{a65e9459-893e-46b4-925a-197d82796cea}</destination>
			<destination>{f65fb991-8fae-4e2c-a49b-91515eb8fdad}</destination>
		</relationship>
	</object>
	<object class="EventMixerGroup" id="{f409a689-d591-4c0a-a0f7-9188625c816c}">
		<property name="name">
			<value>Audio 1</value>
		</property>
		<relationship name="effectChain">
			<destination>{59271a62-aec8-4ebd-99c1-f2c990922702}</destination>
		</relationship>
		<relationship name="panner">
			<destination>{5446580e-a07c-4636-8b13-3d8d61e6bc0c}</destination>
		</relationship>
		<relationship name="output">
			<destination>{6fff3e09-2ec1-4a03-b57c-b3b8e43f505b}</destination>
		</relationship>
	</object>
	<object class="MixerBusEffectChain" id="{c26fdd62-61c8-49f6-bc72-c77588a503a5}">
		<relationship name="effects">
			<destination>{2f6c056f-df31-488b-bff3-546abaa8ff9a}</destination>
		</relationship>
	</object>
	<object class="MixerBusPanner" id="{a9576589-964b-42d0-a788-5dee5e30c376}" />
	<object class="MixerBusFader" id="{7c10df6c-df49-4d75-b8c9-127b739881f0}" />
	<object class="SingleSound" id="{0b6f0a22-1fff-4122-b5a6-1c4d94ee5f1d}">
		<relationship name="audioFile">
			<destination>{86ca66f0-0d1a-44c4-b08a-8f08148de8ca}</destination>
		</relationship>
	</object>
	<object class="SingleSound" id="{a65e9459-893e-46b4-925a-197d82796cea}">
		<relationship name="audioFile">
			<destination>{7b7e1e91-1c63-405d-a89a-8a9263655ffc}</destination>
		</relationship>
	</object>
	<object class="SingleSound" id="{f65fb991-8fae-4e2c-a49b-91515eb8fdad}">
		<relationship name="audioFile">
			<destination>{d66636c1-4c36-45dd-817f-4e3f36cc7017}</destination>
		</relationship>
	</object>
	<object class="MixerBusEffectChain" id="{59271a62-aec8-4ebd-99c1-f2c990922702}">
		<relationship name="effects">
			<destination>{e20f23e7-cdd4-47b2-adf5-2dd5350a0c5b}</destination>
		</relationship>
	</object>
	<object class="MixerBusPanner" id="{5446580e-a07c-4636-8b13-3d8d61e6bc0c}" />
	<object class="MixerBusFader" id="{2f6c056f-df31-488b-bff3-546abaa8ff9a}" />
	<object class="MixerBusFader" id="{e20f23e7-cdd4-47b2-adf5-2dd5350a0c5b}" />
</objects>
