<?xml version="1.0" encoding="UTF-8"?>
<objects serializationModel="Studio.02.01.00">
	<object class="Event" id="{033b049c-67da-4ef0-91e2-11d5bd9bf470}">
		<property name="name">
			<value>Success</value>
		</property>
		<property name="outputFormat">
			<value>0</value>
		</property>
		<relationship name="folder">
			<destination>{2cf57427-0157-478a-976b-3c751c92b8c4}</destination>
		</relationship>
		<relationship name="mixer">
			<destination>{3e9b9c4b-6432-4f43-b042-6738eac69c7e}</destination>
		</relationship>
		<relationship name="masterTrack">
			<destination>{5aae2516-b746-49af-954b-6808f608de1a}</destination>
		</relationship>
		<relationship name="mixerInput">
			<destination>{02557bac-3313-4605-b07f-926b21099b18}</destination>
		</relationship>
		<relationship name="automatableProperties">
			<destination>{25aee98c-19e7-402a-a123-70a90ea7e80e}</destination>
		</relationship>
		<relationship name="markerTracks">
			<destination>{8459e16b-7d04-4533-b58f-6936a960313a}</destination>
		</relationship>
		<relationship name="groupTracks">
			<destination>{936008d5-6d6b-4d49-9539-b56bf26383ec}</destination>
		</relationship>
		<relationship name="timeline">
			<destination>{2acb1f9d-6fd9-44d7-8999-91b670985dc3}</destination>
		</relationship>
		<relationship name="banks">
			<destination>{8c3f9de4-14c8-4279-a712-2040780fff61}</destination>
		</relationship>
	</object>
	<object class="EventMixer" id="{3e9b9c4b-6432-4f43-b042-6738eac69c7e}">
		<relationship name="masterBus">
			<destination>{9a43915d-de53-4d47-8209-5033319627a2}</destination>
		</relationship>
	</object>
	<object class="MasterTrack" id="{5aae2516-b746-49af-954b-6808f608de1a}">
		<relationship name="mixerGroup">
			<destination>{9a43915d-de53-4d47-8209-5033319627a2}</destination>
		</relationship>
	</object>
	<object class="MixerInput" id="{02557bac-3313-4605-b07f-926b21099b18}">
		<relationship name="effectChain">
			<destination>{7118363e-04d0-4fda-9cf9-3d6d9c91c761}</destination>
		</relationship>
		<relationship name="panner">
			<destination>{01d4c9c0-7197-4c15-b326-fed7d1590ba4}</destination>
		</relationship>
		<relationship name="output">
			<destination>{a74bdffc-cbb2-488b-ae3c-038020e1273d}</destination>
		</relationship>
	</object>
	<object class="EventAutomatableProperties" id="{25aee98c-19e7-402a-a123-70a90ea7e80e}" />
	<object class="MarkerTrack" id="{8459e16b-7d04-4533-b58f-6936a960313a}" />
	<object class="GroupTrack" id="{936008d5-6d6b-4d49-9539-b56bf26383ec}">
		<relationship name="modules">
			<destination>{f56480f3-9ec9-42e0-b0e7-6809d8f20dbb}</destination>
		</relationship>
		<relationship name="mixerGroup">
			<destination>{342f2512-810a-41c0-8644-a242ea4038bb}</destination>
		</relationship>
	</object>
	<object class="Timeline" id="{2acb1f9d-6fd9-44d7-8999-91b670985dc3}">
		<relationship name="modules">
			<destination>{f56480f3-9ec9-42e0-b0e7-6809d8f20dbb}</destination>
		</relationship>
	</object>
	<object class="EventMixerMaster" id="{9a43915d-de53-4d47-8209-5033319627a2}">
		<relationship name="effectChain">
			<destination>{1bed1744-46a8-45f8-88d8-35944124e95e}</destination>
		</relationship>
		<relationship name="panner">
			<destination>{2abe70e7-8ab5-4da8-a19e-6977a6f1a828}</destination>
		</relationship>
		<relationship name="mixer">
			<destination>{3e9b9c4b-6432-4f43-b042-6738eac69c7e}</destination>
		</relationship>
	</object>
	<object class="MixerBusEffectChain" id="{7118363e-04d0-4fda-9cf9-3d6d9c91c761}">
		<relationship name="effects">
			<destination>{86bf7256-a993-472f-b658-46eb1ef75cda}</destination>
		</relationship>
	</object>
	<object class="MixerBusPanner" id="{01d4c9c0-7197-4c15-b326-fed7d1590ba4}" />
	<object class="MultiSound" id="{f56480f3-9ec9-42e0-b0e7-6809d8f20dbb}">
		<property name="length">
			<value>2.9471666666666665</value>
		</property>
		<relationship name="sounds">
			<destination>{a338df75-9a25-4c48-8416-070f6b03ae4e}</destination>
			<destination>{1f18a967-b39a-4f13-91d5-44bdac4e944b}</destination>
			<destination>{f97b1e34-a11e-4f8d-9b0e-81841a70dc42}</destination>
			<destination>{4f032582-0162-49e7-bfd1-fa8a8bfac5d9}</destination>
			<destination>{d92906d0-f371-46b2-8d0f-76f395424fe7}</destination>
			<destination>{8924a15d-3ccc-424f-a4fe-e663cb1fc70b}</destination>
		</relationship>
	</object>
	<object class="EventMixerGroup" id="{342f2512-810a-41c0-8644-a242ea4038bb}">
		<property name="name">
			<value>Audio 1</value>
		</property>
		<relationship name="effectChain">
			<destination>{5333f930-8fbd-4e72-8593-5421aa76bf15}</destination>
		</relationship>
		<relationship name="panner">
			<destination>{8cd372a8-8769-41dd-aba9-287e52805c67}</destination>
		</relationship>
		<relationship name="output">
			<destination>{9a43915d-de53-4d47-8209-5033319627a2}</destination>
		</relationship>
	</object>
	<object class="MixerBusEffectChain" id="{1bed1744-46a8-45f8-88d8-35944124e95e}">
		<relationship name="effects">
			<destination>{e51c3a07-2118-4f3b-8890-5037bd73bda6}</destination>
		</relationship>
	</object>
	<object class="MixerBusPanner" id="{2abe70e7-8ab5-4da8-a19e-6977a6f1a828}" />
	<object class="MixerBusFader" id="{86bf7256-a993-472f-b658-46eb1ef75cda}" />
	<object class="SingleSound" id="{a338df75-9a25-4c48-8416-070f6b03ae4e}">
		<relationship name="audioFile">
			<destination>{947a618a-0505-4d0c-9f1f-c543818fb02f}</destination>
		</relationship>
	</object>
	<object class="SingleSound" id="{1f18a967-b39a-4f13-91d5-44bdac4e944b}">
		<relationship name="audioFile">
			<destination>{d7e763b1-15db-4325-9100-dbb547ceebc6}</destination>
		</relationship>
	</object>
	<object class="SingleSound" id="{f97b1e34-a11e-4f8d-9b0e-81841a70dc42}">
		<relationship name="audioFile">
			<destination>{3c294681-9c07-4173-8363-0f4afe707924}</destination>
		</relationship>
	</object>
	<object class="SingleSound" id="{4f032582-0162-49e7-bfd1-fa8a8bfac5d9}">
		<relationship name="audioFile">
			<destination>{9d28e42a-9e68-48b4-a0d1-434061e8027a}</destination>
		</relationship>
	</object>
	<object class="SingleSound" id="{d92906d0-f371-46b2-8d0f-76f395424fe7}">
		<relationship name="audioFile">
			<destination>{0fd20672-33bd-4ab0-ad1d-d3d6e8dfad96}</destination>
		</relationship>
	</object>
	<object class="SingleSound" id="{8924a15d-3ccc-424f-a4fe-e663cb1fc70b}">
		<relationship name="audioFile">
			<destination>{bcccff50-2623-46b4-986c-db491dd2f5fe}</destination>
		</relationship>
	</object>
	<object class="MixerBusEffectChain" id="{5333f930-8fbd-4e72-8593-5421aa76bf15}">
		<relationship name="effects">
			<destination>{134df72c-dcb9-48e9-a218-e6d34482dff3}</destination>
		</relationship>
	</object>
	<object class="MixerBusPanner" id="{8cd372a8-8769-41dd-aba9-287e52805c67}" />
	<object class="MixerBusFader" id="{e51c3a07-2118-4f3b-8890-5037bd73bda6}" />
	<object class="MixerBusFader" id="{134df72c-dcb9-48e9-a218-e6d34482dff3}" />
</objects>
