<?xml version="1.0" encoding="UTF-8"?>
<objects serializationModel="Studio.02.01.00">
	<object class="Event" id="{0388bce2-9ef8-4191-8c75-e82650d43d36}">
		<property name="name">
			<value>Faction_Diplomacy_Submit_Conflicted_Escape</value>
		</property>
		<property name="outputFormat">
			<value>0</value>
		</property>
		<relationship name="folder">
			<destination>{158ad337-8269-4a32-865c-d3c458683eff}</destination>
		</relationship>
		<relationship name="mixer">
			<destination>{7a7ad15a-0caf-49e5-ae9b-2869a66e4ae4}</destination>
		</relationship>
		<relationship name="masterTrack">
			<destination>{537fc4d0-6aca-476b-bb6b-c31374b8887c}</destination>
		</relationship>
		<relationship name="mixerInput">
			<destination>{ebb7e618-d97b-4ac1-b8e5-3e9349f69602}</destination>
		</relationship>
		<relationship name="automatableProperties">
			<destination>{b350c65d-de2d-49da-9f2e-0489be486833}</destination>
		</relationship>
		<relationship name="markerTracks">
			<destination>{bf557e45-f3cb-41f4-bab2-73548a141621}</destination>
		</relationship>
		<relationship name="groupTracks">
			<destination>{fe15bfec-ca89-4076-903d-7fea2b4a661f}</destination>
		</relationship>
		<relationship name="timeline">
			<destination>{ad47cbc0-d96f-49ab-97c7-d54a2b93001c}</destination>
		</relationship>
		<relationship name="banks">
			<destination>{8c3f9de4-14c8-4279-a712-2040780fff61}</destination>
		</relationship>
	</object>
	<object class="EventMixer" id="{7a7ad15a-0caf-49e5-ae9b-2869a66e4ae4}">
		<relationship name="masterBus">
			<destination>{621c40e0-c650-49e4-a1ad-e6e719053014}</destination>
		</relationship>
	</object>
	<object class="MasterTrack" id="{537fc4d0-6aca-476b-bb6b-c31374b8887c}">
		<relationship name="mixerGroup">
			<destination>{621c40e0-c650-49e4-a1ad-e6e719053014}</destination>
		</relationship>
	</object>
	<object class="MixerInput" id="{ebb7e618-d97b-4ac1-b8e5-3e9349f69602}">
		<relationship name="effectChain">
			<destination>{7e06bd13-4ba0-4a53-8216-16ab110abb41}</destination>
		</relationship>
		<relationship name="panner">
			<destination>{017693df-bdac-4079-8c5f-f9bb3d62c76b}</destination>
		</relationship>
		<relationship name="output">
			<destination>{a74bdffc-cbb2-488b-ae3c-038020e1273d}</destination>
		</relationship>
	</object>
	<object class="EventAutomatableProperties" id="{b350c65d-de2d-49da-9f2e-0489be486833}" />
	<object class="MarkerTrack" id="{bf557e45-f3cb-41f4-bab2-73548a141621}" />
	<object class="GroupTrack" id="{fe15bfec-ca89-4076-903d-7fea2b4a661f}">
		<relationship name="modules">
			<destination>{2166525f-1da6-4561-9d19-d41e7a990750}</destination>
		</relationship>
		<relationship name="mixerGroup">
			<destination>{dbd897ab-f177-4f45-808f-20c0dafab1bc}</destination>
		</relationship>
	</object>
	<object class="Timeline" id="{ad47cbc0-d96f-49ab-97c7-d54a2b93001c}">
		<relationship name="modules">
			<destination>{2166525f-1da6-4561-9d19-d41e7a990750}</destination>
		</relationship>
	</object>
	<object class="EventMixerMaster" id="{621c40e0-c650-49e4-a1ad-e6e719053014}">
		<relationship name="effectChain">
			<destination>{d5d1246c-b688-4ca7-aed6-5e9c5b6c0f94}</destination>
		</relationship>
		<relationship name="panner">
			<destination>{b8427848-c73f-49fc-ad39-e35d4e5f37dd}</destination>
		</relationship>
		<relationship name="mixer">
			<destination>{7a7ad15a-0caf-49e5-ae9b-2869a66e4ae4}</destination>
		</relationship>
	</object>
	<object class="MixerBusEffectChain" id="{7e06bd13-4ba0-4a53-8216-16ab110abb41}">
		<relationship name="effects">
			<destination>{84a397ad-d444-43ff-9a7f-539fbf16a890}</destination>
		</relationship>
	</object>
	<object class="MixerBusPanner" id="{017693df-bdac-4079-8c5f-f9bb3d62c76b}" />
	<object class="SingleSound" id="{2166525f-1da6-4561-9d19-d41e7a990750}">
		<property name="length">
			<value>7.9158749999999998</value>
		</property>
		<relationship name="audioFile">
			<destination>{7de2f070-5b80-4d84-9360-d80d867f24bf}</destination>
		</relationship>
	</object>
	<object class="EventMixerGroup" id="{dbd897ab-f177-4f45-808f-20c0dafab1bc}">
		<property name="name">
			<value>Audio 1</value>
		</property>
		<relationship name="effectChain">
			<destination>{ceabe15e-6506-4133-966f-cde617f8fe7b}</destination>
		</relationship>
		<relationship name="panner">
			<destination>{f42fa7fe-df2e-4c40-a37d-17cccb610287}</destination>
		</relationship>
		<relationship name="output">
			<destination>{621c40e0-c650-49e4-a1ad-e6e719053014}</destination>
		</relationship>
	</object>
	<object class="MixerBusEffectChain" id="{d5d1246c-b688-4ca7-aed6-5e9c5b6c0f94}">
		<relationship name="effects">
			<destination>{b4ace47e-4a6e-4445-9a56-e2dac630375d}</destination>
		</relationship>
	</object>
	<object class="MixerBusPanner" id="{b8427848-c73f-49fc-ad39-e35d4e5f37dd}" />
	<object class="MixerBusFader" id="{84a397ad-d444-43ff-9a7f-539fbf16a890}" />
	<object class="MixerBusEffectChain" id="{ceabe15e-6506-4133-966f-cde617f8fe7b}">
		<relationship name="effects">
			<destination>{2c794e3e-ff6a-4317-a000-021b091bca0e}</destination>
		</relationship>
	</object>
	<object class="MixerBusPanner" id="{f42fa7fe-df2e-4c40-a37d-17cccb610287}" />
	<object class="MixerBusFader" id="{b4ace47e-4a6e-4445-9a56-e2dac630375d}" />
	<object class="MixerBusFader" id="{2c794e3e-ff6a-4317-a000-021b091bca0e}" />
</objects>
