<?xml version="1.0" encoding="UTF-8"?>
<objects serializationModel="Studio.02.01.00">
	<object class="Event" id="{03a33ed5-7a31-4e6b-8a54-96d58998fe9a}">
		<property name="name">
			<value>Failure</value>
		</property>
		<property name="outputFormat">
			<value>0</value>
		</property>
		<relationship name="folder">
			<destination>{36142956-45c3-4d69-90c1-09ab7fa2fc88}</destination>
		</relationship>
		<relationship name="mixer">
			<destination>{b632dacb-9e7e-4503-bfa9-16c1718d0943}</destination>
		</relationship>
		<relationship name="masterTrack">
			<destination>{84aae4ed-c4b9-4579-b49f-495f496fa514}</destination>
		</relationship>
		<relationship name="mixerInput">
			<destination>{23e94425-0b45-42e9-88a9-289fd1458b45}</destination>
		</relationship>
		<relationship name="automatableProperties">
			<destination>{f99b4894-932b-4d54-b11a-712d83c8d684}</destination>
		</relationship>
		<relationship name="markerTracks">
			<destination>{6957f392-c436-4916-bd42-bd502134a195}</destination>
		</relationship>
		<relationship name="groupTracks">
			<destination>{e2951245-82ee-4d8e-877a-3786a7d33dcd}</destination>
		</relationship>
		<relationship name="timeline">
			<destination>{d1343485-b749-488a-a103-9ee61d45c18f}</destination>
		</relationship>
		<relationship name="banks">
			<destination>{8c3f9de4-14c8-4279-a712-2040780fff61}</destination>
		</relationship>
	</object>
	<object class="EventMixer" id="{b632dacb-9e7e-4503-bfa9-16c1718d0943}">
		<relationship name="masterBus">
			<destination>{6693e954-20fe-4ced-a2b4-71037349ba07}</destination>
		</relationship>
	</object>
	<object class="MasterTrack" id="{84aae4ed-c4b9-4579-b49f-495f496fa514}">
		<relationship name="mixerGroup">
			<destination>{6693e954-20fe-4ced-a2b4-71037349ba07}</destination>
		</relationship>
	</object>
	<object class="MixerInput" id="{23e94425-0b45-42e9-88a9-289fd1458b45}">
		<relationship name="effectChain">
			<destination>{de3abaf2-9ff5-413e-9bad-018d5d272555}</destination>
		</relationship>
		<relationship name="panner">
			<destination>{c88bd08b-8cf7-41dc-a3dc-1e97d8f261bf}</destination>
		</relationship>
		<relationship name="output">
			<destination>{a74bdffc-cbb2-488b-ae3c-038020e1273d}</destination>
		</relationship>
	</object>
	<object class="EventAutomatableProperties" id="{f99b4894-932b-4d54-b11a-712d83c8d684}" />
	<object class="MarkerTrack" id="{6957f392-c436-4916-bd42-bd502134a195}" />
	<object class="GroupTrack" id="{e2951245-82ee-4d8e-877a-3786a7d33dcd}">
		<relationship name="modules">
			<destination>{12ba8a2b-5bf7-49af-ace8-7fa95ae689b2}</destination>
		</relationship>
		<relationship name="mixerGroup">
			<destination>{cb71bd8c-e987-4f71-a654-42366b33c2e1}</destination>
		</relationship>
	</object>
	<object class="Timeline" id="{d1343485-b749-488a-a103-9ee61d45c18f}">
		<relationship name="modules">
			<destination>{12ba8a2b-5bf7-49af-ace8-7fa95ae689b2}</destination>
		</relationship>
	</object>
	<object class="EventMixerMaster" id="{6693e954-20fe-4ced-a2b4-71037349ba07}">
		<relationship name="effectChain">
			<destination>{8a7462bb-d7da-4f1e-84c8-fd93252ac30a}</destination>
		</relationship>
		<relationship name="panner">
			<destination>{7ca43967-cc9d-49e1-949a-0725ce78b828}</destination>
		</relationship>
		<relationship name="mixer">
			<destination>{b632dacb-9e7e-4503-bfa9-16c1718d0943}</destination>
		</relationship>
	</object>
	<object class="MixerBusEffectChain" id="{de3abaf2-9ff5-413e-9bad-018d5d272555}">
		<relationship name="effects">
			<destination>{e11f8229-b628-4e4c-b026-db08c09b4893}</destination>
		</relationship>
	</object>
	<object class="MixerBusPanner" id="{c88bd08b-8cf7-41dc-a3dc-1e97d8f261bf}" />
	<object class="MultiSound" id="{12ba8a2b-5bf7-49af-ace8-7fa95ae689b2}">
		<property name="length">
			<value>2.1978749999999998</value>
		</property>
		<relationship name="sounds">
			<destination>{eba57ee4-001e-431d-9d9a-a0fa238e1a70}</destination>
			<destination>{1c40f67c-f04a-4dfe-8f45-5a208247a731}</destination>
			<destination>{ae2dc973-04b7-477e-b0a5-8d8091183228}</destination>
		</relationship>
	</object>
	<object class="EventMixerGroup" id="{cb71bd8c-e987-4f71-a654-42366b33c2e1}">
		<property name="name">
			<value>Audio 1</value>
		</property>
		<relationship name="effectChain">
			<destination>{8f4d07e2-09af-41a9-954b-138219000f18}</destination>
		</relationship>
		<relationship name="panner">
			<destination>{d4166214-443f-465f-9770-f719df5c1bb3}</destination>
		</relationship>
		<relationship name="output">
			<destination>{6693e954-20fe-4ced-a2b4-71037349ba07}</destination>
		</relationship>
	</object>
	<object class="MixerBusEffectChain" id="{8a7462bb-d7da-4f1e-84c8-fd93252ac30a}">
		<relationship name="effects">
			<destination>{84b78f75-5a52-4d26-b92c-cc1dd38b2d97}</destination>
		</relationship>
	</object>
	<object class="MixerBusPanner" id="{7ca43967-cc9d-49e1-949a-0725ce78b828}" />
	<object class="MixerBusFader" id="{e11f8229-b628-4e4c-b026-db08c09b4893}" />
	<object class="SingleSound" id="{eba57ee4-001e-431d-9d9a-a0fa238e1a70}">
		<relationship name="audioFile">
			<destination>{41e3a196-6db9-490f-9cac-4a68fad234fa}</destination>
		</relationship>
	</object>
	<object class="SingleSound" id="{1c40f67c-f04a-4dfe-8f45-5a208247a731}">
		<relationship name="audioFile">
			<destination>{dacfeddd-f580-4be5-88bb-469817038606}</destination>
		</relationship>
	</object>
	<object class="SingleSound" id="{ae2dc973-04b7-477e-b0a5-8d8091183228}">
		<relationship name="audioFile">
			<destination>{3e9730b4-7936-4bf4-8eee-cd41854d0342}</destination>
		</relationship>
	</object>
	<object class="MixerBusEffectChain" id="{8f4d07e2-09af-41a9-954b-138219000f18}">
		<relationship name="effects">
			<destination>{2d78f35d-e8a8-494c-9d28-cfd78a71ac30}</destination>
		</relationship>
	</object>
	<object class="MixerBusPanner" id="{d4166214-443f-465f-9770-f719df5c1bb3}" />
	<object class="MixerBusFader" id="{84b78f75-5a52-4d26-b92c-cc1dd38b2d97}" />
	<object class="MixerBusFader" id="{2d78f35d-e8a8-494c-9d28-cfd78a71ac30}" />
</objects>
