<?xml version="1.0" encoding="UTF-8"?>
<objects serializationModel="Studio.02.01.00">
	<object class="Event" id="{03d9058b-a247-4665-bf50-9fe26153ab31}">
		<property name="name">
			<value>Success</value>
		</property>
		<property name="outputFormat">
			<value>0</value>
		</property>
		<relationship name="folder">
			<destination>{3ee77228-3a06-479a-9a2b-8573acd6a5ef}</destination>
		</relationship>
		<relationship name="mixer">
			<destination>{8da63d93-bcba-4f05-b26b-7a9d62cd57ac}</destination>
		</relationship>
		<relationship name="masterTrack">
			<destination>{83ef27fe-9d3a-419b-80eb-ebc8b15ed78e}</destination>
		</relationship>
		<relationship name="mixerInput">
			<destination>{e679ce49-e061-4687-b7b7-78e8f3d0f784}</destination>
		</relationship>
		<relationship name="automatableProperties">
			<destination>{caf15ea5-07fa-4689-a8c2-1648c8bd921c}</destination>
		</relationship>
		<relationship name="markerTracks">
			<destination>{526094f7-93a7-47b8-a530-52d2fd21b577}</destination>
		</relationship>
		<relationship name="groupTracks">
			<destination>{54ddbd24-777f-491e-b1f1-8c3134fe11ea}</destination>
		</relationship>
		<relationship name="timeline">
			<destination>{a63744b2-a9a2-4953-9638-dde5aaff86f3}</destination>
		</relationship>
		<relationship name="banks">
			<destination>{8c3f9de4-14c8-4279-a712-2040780fff61}</destination>
		</relationship>
	</object>
	<object class="EventMixer" id="{8da63d93-bcba-4f05-b26b-7a9d62cd57ac}">
		<relationship name="masterBus">
			<destination>{41304d11-1f6a-4ea1-b7a4-79920a0fd725}</destination>
		</relationship>
	</object>
	<object class="MasterTrack" id="{83ef27fe-9d3a-419b-80eb-ebc8b15ed78e}">
		<relationship name="mixerGroup">
			<destination>{41304d11-1f6a-4ea1-b7a4-79920a0fd725}</destination>
		</relationship>
	</object>
	<object class="MixerInput" id="{e679ce49-e061-4687-b7b7-78e8f3d0f784}">
		<relationship name="effectChain">
			<destination>{f1e5ba7b-fcf2-4b63-878d-2d92771c2a8e}</destination>
		</relationship>
		<relationship name="panner">
			<destination>{3956bdc4-b4f7-4775-a618-1e21c0f7a8dc}</destination>
		</relationship>
		<relationship name="output">
			<destination>{a74bdffc-cbb2-488b-ae3c-038020e1273d}</destination>
		</relationship>
	</object>
	<object class="EventAutomatableProperties" id="{caf15ea5-07fa-4689-a8c2-1648c8bd921c}" />
	<object class="MarkerTrack" id="{526094f7-93a7-47b8-a530-52d2fd21b577}" />
	<object class="GroupTrack" id="{54ddbd24-777f-491e-b1f1-8c3134fe11ea}">
		<relationship name="modules">
			<destination>{4552e243-6412-42ac-a929-bbad0ee0293a}</destination>
		</relationship>
		<relationship name="mixerGroup">
			<destination>{75f1ada5-9c5d-49bd-b63a-d8499eccc4ce}</destination>
		</relationship>
	</object>
	<object class="Timeline" id="{a63744b2-a9a2-4953-9638-dde5aaff86f3}">
		<relationship name="modules">
			<destination>{4552e243-6412-42ac-a929-bbad0ee0293a}</destination>
		</relationship>
	</object>
	<object class="EventMixerMaster" id="{41304d11-1f6a-4ea1-b7a4-79920a0fd725}">
		<relationship name="effectChain">
			<destination>{b176ce9b-fcab-4266-be52-d305ebb686ea}</destination>
		</relationship>
		<relationship name="panner">
			<destination>{c624d0d2-3c0a-434d-b8ea-3a08bccce417}</destination>
		</relationship>
		<relationship name="mixer">
			<destination>{8da63d93-bcba-4f05-b26b-7a9d62cd57ac}</destination>
		</relationship>
	</object>
	<object class="MixerBusEffectChain" id="{f1e5ba7b-fcf2-4b63-878d-2d92771c2a8e}">
		<relationship name="effects">
			<destination>{9f5ca6e0-f548-4e41-8dc4-137d8a2998df}</destination>
		</relationship>
	</object>
	<object class="MixerBusPanner" id="{3956bdc4-b4f7-4775-a618-1e21c0f7a8dc}" />
	<object class="MultiSound" id="{4552e243-6412-42ac-a929-bbad0ee0293a}">
		<property name="length">
			<value>1.8577083333333333</value>
		</property>
		<relationship name="sounds">
			<destination>{ba8b08f7-69e6-4f73-af23-990317962afd}</destination>
			<destination>{9a995336-2907-4402-9ce7-955e323e3dba}</destination>
			<destination>{c4a04c93-8f10-40de-884f-79c4c5240a25}</destination>
		</relationship>
	</object>
	<object class="EventMixerGroup" id="{75f1ada5-9c5d-49bd-b63a-d8499eccc4ce}">
		<property name="name">
			<value>Audio 1</value>
		</property>
		<relationship name="effectChain">
			<destination>{41cc427b-6a82-433c-9714-44da6a03b738}</destination>
		</relationship>
		<relationship name="panner">
			<destination>{8f2dd94c-a646-4c1a-a2c9-f030890e20e9}</destination>
		</relationship>
		<relationship name="output">
			<destination>{41304d11-1f6a-4ea1-b7a4-79920a0fd725}</destination>
		</relationship>
	</object>
	<object class="MixerBusEffectChain" id="{b176ce9b-fcab-4266-be52-d305ebb686ea}">
		<relationship name="effects">
			<destination>{e8beafe8-2489-4966-98b8-60df0d1f0efe}</destination>
		</relationship>
	</object>
	<object class="MixerBusPanner" id="{c624d0d2-3c0a-434d-b8ea-3a08bccce417}" />
	<object class="MixerBusFader" id="{9f5ca6e0-f548-4e41-8dc4-137d8a2998df}" />
	<object class="SingleSound" id="{ba8b08f7-69e6-4f73-af23-990317962afd}">
		<relationship name="audioFile">
			<destination>{15a9d9f7-23a6-4f97-833f-29585492bb84}</destination>
		</relationship>
	</object>
	<object class="SingleSound" id="{9a995336-2907-4402-9ce7-955e323e3dba}">
		<relationship name="audioFile">
			<destination>{76351bf9-7360-4415-948a-ce76a03830e2}</destination>
		</relationship>
	</object>
	<object class="SingleSound" id="{c4a04c93-8f10-40de-884f-79c4c5240a25}">
		<relationship name="audioFile">
			<destination>{9383a10f-1054-4dae-bad2-105772ba1ebb}</destination>
		</relationship>
	</object>
	<object class="MixerBusEffectChain" id="{41cc427b-6a82-433c-9714-44da6a03b738}">
		<relationship name="effects">
			<destination>{6b14bd45-064c-41a8-b713-31047771a061}</destination>
		</relationship>
	</object>
	<object class="MixerBusPanner" id="{8f2dd94c-a646-4c1a-a2c9-f030890e20e9}" />
	<object class="MixerBusFader" id="{e8beafe8-2489-4966-98b8-60df0d1f0efe}" />
	<object class="MixerBusFader" id="{6b14bd45-064c-41a8-b713-31047771a061}" />
</objects>
