<?xml version="1.0" encoding="UTF-8"?>
<objects serializationModel="Studio.02.01.00">
	<object class="Event" id="{03d4272e-1d8c-40c2-bdce-bd3c6c68d9bc}">
		<property name="name">
			<value>Assigned</value>
		</property>
		<property name="outputFormat">
			<value>0</value>
		</property>
		<relationship name="folder">
			<destination>{1da7daf5-a688-4f65-9820-5fa6d358f24f}</destination>
		</relationship>
		<relationship name="mixer">
			<destination>{a04b2319-772e-4930-a1be-5815111c5dab}</destination>
		</relationship>
		<relationship name="masterTrack">
			<destination>{682b361c-d501-4aa4-b611-1dc2932f3a1c}</destination>
		</relationship>
		<relationship name="mixerInput">
			<destination>{b42f8deb-b455-4655-9bd5-fdc8eac8bbc2}</destination>
		</relationship>
		<relationship name="automatableProperties">
			<destination>{63a6f1a3-6a89-4ef8-aea6-4cca0877931d}</destination>
		</relationship>
		<relationship name="markerTracks">
			<destination>{0f6dacd5-43e0-4cb0-b434-ed6cebf5edd1}</destination>
		</relationship>
		<relationship name="groupTracks">
			<destination>{88fb5ae0-09d7-485f-955d-fd688c43cd81}</destination>
		</relationship>
		<relationship name="timeline">
			<destination>{89ee077c-53e5-47eb-aba2-0f97354ca554}</destination>
		</relationship>
		<relationship name="banks">
			<destination>{8c3f9de4-14c8-4279-a712-2040780fff61}</destination>
		</relationship>
	</object>
	<object class="EventMixer" id="{a04b2319-772e-4930-a1be-5815111c5dab}">
		<relationship name="masterBus">
			<destination>{5618793f-0ae4-4c2a-ad4c-83b5cbba0019}</destination>
		</relationship>
	</object>
	<object class="MasterTrack" id="{682b361c-d501-4aa4-b611-1dc2932f3a1c}">
		<relationship name="mixerGroup">
			<destination>{5618793f-0ae4-4c2a-ad4c-83b5cbba0019}</destination>
		</relationship>
	</object>
	<object class="MixerInput" id="{b42f8deb-b455-4655-9bd5-fdc8eac8bbc2}">
		<relationship name="effectChain">
			<destination>{674ae35f-b1f2-4094-8dc6-35a8dec5bdc3}</destination>
		</relationship>
		<relationship name="panner">
			<destination>{6f885b9e-afe0-427f-a1f4-18e052608463}</destination>
		</relationship>
		<relationship name="output">
			<destination>{a74bdffc-cbb2-488b-ae3c-038020e1273d}</destination>
		</relationship>
	</object>
	<object class="EventAutomatableProperties" id="{63a6f1a3-6a89-4ef8-aea6-4cca0877931d}" />
	<object class="MarkerTrack" id="{0f6dacd5-43e0-4cb0-b434-ed6cebf5edd1}" />
	<object class="GroupTrack" id="{88fb5ae0-09d7-485f-955d-fd688c43cd81}">
		<relationship name="modules">
			<destination>{ffd81ac2-96a2-4661-917e-b8527023a61c}</destination>
		</relationship>
		<relationship name="mixerGroup">
			<destination>{9db862c7-c56e-44a6-aa15-63cb171e57f7}</destination>
		</relationship>
	</object>
	<object class="Timeline" id="{89ee077c-53e5-47eb-aba2-0f97354ca554}">
		<relationship name="modules">
			<destination>{ffd81ac2-96a2-4661-917e-b8527023a61c}</destination>
		</relationship>
	</object>
	<object class="EventMixerMaster" id="{5618793f-0ae4-4c2a-ad4c-83b5cbba0019}">
		<relationship name="effectChain">
			<destination>{7d7bf32b-848c-4847-bb32-251fa760eb44}</destination>
		</relationship>
		<relationship name="panner">
			<destination>{5afb2391-83b5-4b12-9b6f-4651add123b1}</destination>
		</relationship>
		<relationship name="mixer">
			<destination>{a04b2319-772e-4930-a1be-5815111c5dab}</destination>
		</relationship>
	</object>
	<object class="MixerBusEffectChain" id="{674ae35f-b1f2-4094-8dc6-35a8dec5bdc3}">
		<relationship name="effects">
			<destination>{65a7be07-f2a4-4e54-b71a-8f7c9b50427f}</destination>
		</relationship>
	</object>
	<object class="MixerBusPanner" id="{6f885b9e-afe0-427f-a1f4-18e052608463}" />
	<object class="MultiSound" id="{ffd81ac2-96a2-4661-917e-b8527023a61c}">
		<property name="length">
			<value>2.3943958333333333</value>
		</property>
		<relationship name="sounds">
			<destination>{3f7bb4e8-9099-46f7-8367-8d923e0e0e7b}</destination>
			<destination>{c2afc45d-6070-4e27-b7fa-27a83c8e67a1}</destination>
			<destination>{d2310f08-5de0-480a-8682-d94f83234683}</destination>
			<destination>{fb28d002-5cea-4f6e-b4bd-6b93f825b167}</destination>
			<destination>{c7ce3541-e79d-47a1-bb53-821c784eea75}</destination>
		</relationship>
	</object>
	<object class="EventMixerGroup" id="{9db862c7-c56e-44a6-aa15-63cb171e57f7}">
		<property name="name">
			<value>Audio 1</value>
		</property>
		<relationship name="effectChain">
			<destination>{2a65e864-cee7-48b3-bfd7-ba268c1aa9fa}</destination>
		</relationship>
		<relationship name="panner">
			<destination>{93064373-efb3-4ef1-8f22-30984baa6820}</destination>
		</relationship>
		<relationship name="output">
			<destination>{5618793f-0ae4-4c2a-ad4c-83b5cbba0019}</destination>
		</relationship>
	</object>
	<object class="MixerBusEffectChain" id="{7d7bf32b-848c-4847-bb32-251fa760eb44}">
		<relationship name="effects">
			<destination>{f5be69d3-dd84-4b09-af06-dbc9273dcc14}</destination>
		</relationship>
	</object>
	<object class="MixerBusPanner" id="{5afb2391-83b5-4b12-9b6f-4651add123b1}" />
	<object class="MixerBusFader" id="{65a7be07-f2a4-4e54-b71a-8f7c9b50427f}" />
	<object class="SingleSound" id="{3f7bb4e8-9099-46f7-8367-8d923e0e0e7b}">
		<relationship name="audioFile">
			<destination>{7732ee5e-6462-4b0b-ba68-238ab286dacb}</destination>
		</relationship>
	</object>
	<object class="SingleSound" id="{c2afc45d-6070-4e27-b7fa-27a83c8e67a1}">
		<relationship name="audioFile">
			<destination>{48ad71a1-e4ff-4152-be96-98b18573341e}</destination>
		</relationship>
	</object>
	<object class="SingleSound" id="{d2310f08-5de0-480a-8682-d94f83234683}">
		<relationship name="audioFile">
			<destination>{98b58575-858d-4418-9049-97961d7e1fe8}</destination>
		</relationship>
	</object>
	<object class="SingleSound" id="{fb28d002-5cea-4f6e-b4bd-6b93f825b167}">
		<relationship name="audioFile">
			<destination>{be479513-8301-431f-9884-3fd49853f36b}</destination>
		</relationship>
	</object>
	<object class="SingleSound" id="{c7ce3541-e79d-47a1-bb53-821c784eea75}">
		<relationship name="audioFile">
			<destination>{663260e6-10c4-4e98-b681-55a832bf0322}</destination>
		</relationship>
	</object>
	<object class="MixerBusEffectChain" id="{2a65e864-cee7-48b3-bfd7-ba268c1aa9fa}">
		<relationship name="effects">
			<destination>{0537d7dc-9d0b-4967-8b1e-222619530809}</destination>
		</relationship>
	</object>
	<object class="MixerBusPanner" id="{93064373-efb3-4ef1-8f22-30984baa6820}" />
	<object class="MixerBusFader" id="{f5be69d3-dd84-4b09-af06-dbc9273dcc14}" />
	<object class="MixerBusFader" id="{0537d7dc-9d0b-4967-8b1e-222619530809}" />
</objects>
