<?xml version="1.0" encoding="UTF-8"?>
<objects serializationModel="Studio.02.01.00">
	<object class="Event" id="{03dbf1ee-d4e5-4608-86d8-982cdd3a8575}">
		<property name="name">
			<value>Cinematics_Exploit_Intro_5</value>
		</property>
		<property name="outputFormat">
			<value>0</value>
		</property>
		<relationship name="folder">
			<destination>{158ad337-8269-4a32-865c-d3c458683eff}</destination>
		</relationship>
		<relationship name="mixer">
			<destination>{bcca3aaf-93f4-4a82-8ba7-4e42f6083941}</destination>
		</relationship>
		<relationship name="masterTrack">
			<destination>{ca3e1b53-2819-4397-b259-40278244574f}</destination>
		</relationship>
		<relationship name="mixerInput">
			<destination>{0bf8954b-d65c-488f-b431-4d8a62c04d30}</destination>
		</relationship>
		<relationship name="automatableProperties">
			<destination>{04a162c0-9a86-4953-b1c9-9861c4fdb4a2}</destination>
		</relationship>
		<relationship name="markerTracks">
			<destination>{dca7370c-9a2a-4cd6-b283-aa04f5616415}</destination>
		</relationship>
		<relationship name="groupTracks">
			<destination>{02a77a08-331c-4ebf-9358-754ca2c6626a}</destination>
		</relationship>
		<relationship name="timeline">
			<destination>{512ed99b-292b-401f-8608-b57914a6032d}</destination>
		</relationship>
		<relationship name="banks">
			<destination>{8c3f9de4-14c8-4279-a712-2040780fff61}</destination>
		</relationship>
	</object>
	<object class="EventMixer" id="{bcca3aaf-93f4-4a82-8ba7-4e42f6083941}">
		<relationship name="masterBus">
			<destination>{1668224c-acfd-4f25-b298-a79f6d1cfe97}</destination>
		</relationship>
	</object>
	<object class="MasterTrack" id="{ca3e1b53-2819-4397-b259-40278244574f}">
		<relationship name="mixerGroup">
			<destination>{1668224c-acfd-4f25-b298-a79f6d1cfe97}</destination>
		</relationship>
	</object>
	<object class="MixerInput" id="{0bf8954b-d65c-488f-b431-4d8a62c04d30}">
		<relationship name="effectChain">
			<destination>{b0fdb3f6-2f7f-4d73-b07a-e2829d1a0882}</destination>
		</relationship>
		<relationship name="panner">
			<destination>{6ef7be6b-0a1c-4a6a-8ab2-8dc6d4e20924}</destination>
		</relationship>
		<relationship name="output">
			<destination>{a74bdffc-cbb2-488b-ae3c-038020e1273d}</destination>
		</relationship>
	</object>
	<object class="EventAutomatableProperties" id="{04a162c0-9a86-4953-b1c9-9861c4fdb4a2}" />
	<object class="MarkerTrack" id="{dca7370c-9a2a-4cd6-b283-aa04f5616415}" />
	<object class="GroupTrack" id="{02a77a08-331c-4ebf-9358-754ca2c6626a}">
		<relationship name="modules">
			<destination>{079194bb-12c6-435d-b0bf-c6dd0cdf6fc3}</destination>
		</relationship>
		<relationship name="mixerGroup">
			<destination>{3c8ad17c-2388-4951-a2ec-728df2af6b60}</destination>
		</relationship>
	</object>
	<object class="Timeline" id="{512ed99b-292b-401f-8608-b57914a6032d}">
		<relationship name="modules">
			<destination>{079194bb-12c6-435d-b0bf-c6dd0cdf6fc3}</destination>
		</relationship>
	</object>
	<object class="EventMixerMaster" id="{1668224c-acfd-4f25-b298-a79f6d1cfe97}">
		<relationship name="effectChain">
			<destination>{4fca2423-ce2e-4c76-b0b4-939dfe1846f2}</destination>
		</relationship>
		<relationship name="panner">
			<destination>{2cbc1e03-9843-4b67-84e0-dbed659ff724}</destination>
		</relationship>
		<relationship name="mixer">
			<destination>{bcca3aaf-93f4-4a82-8ba7-4e42f6083941}</destination>
		</relationship>
	</object>
	<object class="MixerBusEffectChain" id="{b0fdb3f6-2f7f-4d73-b07a-e2829d1a0882}">
		<relationship name="effects">
			<destination>{616a8fb2-52ba-455c-badc-b02c4052a7ab}</destination>
		</relationship>
	</object>
	<object class="MixerBusPanner" id="{6ef7be6b-0a1c-4a6a-8ab2-8dc6d4e20924}" />
	<object class="SingleSound" id="{079194bb-12c6-435d-b0bf-c6dd0cdf6fc3}">
		<property name="length">
			<value>1.4497500000000001</value>
		</property>
		<relationship name="audioFile">
			<destination>{9032a5c7-aea6-4232-aee1-267523b8df28}</destination>
		</relationship>
	</object>
	<object class="EventMixerGroup" id="{3c8ad17c-2388-4951-a2ec-728df2af6b60}">
		<property name="name">
			<value>Audio 1</value>
		</property>
		<relationship name="effectChain">
			<destination>{5763a1fe-95dc-4b5e-9d60-9517348e09f0}</destination>
		</relationship>
		<relationship name="panner">
			<destination>{4def85bc-d1c5-4536-8be6-0c347defcd03}</destination>
		</relationship>
		<relationship name="output">
			<destination>{1668224c-acfd-4f25-b298-a79f6d1cfe97}</destination>
		</relationship>
	</object>
	<object class="MixerBusEffectChain" id="{4fca2423-ce2e-4c76-b0b4-939dfe1846f2}">
		<relationship name="effects">
			<destination>{650c2e2d-0b4c-406b-a093-94cb82f4a568}</destination>
		</relationship>
	</object>
	<object class="MixerBusPanner" id="{2cbc1e03-9843-4b67-84e0-dbed659ff724}" />
	<object class="MixerBusFader" id="{616a8fb2-52ba-455c-badc-b02c4052a7ab}" />
	<object class="MixerBusEffectChain" id="{5763a1fe-95dc-4b5e-9d60-9517348e09f0}">
		<relationship name="effects">
			<destination>{321b960e-d3ea-40bb-8f2a-d8b92d5c7ce8}</destination>
		</relationship>
	</object>
	<object class="MixerBusPanner" id="{4def85bc-d1c5-4536-8be6-0c347defcd03}" />
	<object class="MixerBusFader" id="{650c2e2d-0b4c-406b-a093-94cb82f4a568}" />
	<object class="MixerBusFader" id="{321b960e-d3ea-40bb-8f2a-d8b92d5c7ce8}" />
</objects>
