<?xml version="1.0" encoding="UTF-8"?>
<objects serializationModel="Studio.02.01.00">
	<object class="Event" id="{03e2dbbd-b3a5-4422-b4cc-b4d79b0c8c5b}">
		<property name="name">
			<value>Success</value>
		</property>
		<property name="outputFormat">
			<value>0</value>
		</property>
		<relationship name="folder">
			<destination>{4cb81be0-dcbf-4e9b-af7a-17282503e9ba}</destination>
		</relationship>
		<relationship name="mixer">
			<destination>{6d150854-c71a-44d9-8cd1-39f34f138082}</destination>
		</relationship>
		<relationship name="masterTrack">
			<destination>{d4dd02ba-6647-41a5-8230-85c4970f2608}</destination>
		</relationship>
		<relationship name="mixerInput">
			<destination>{74328b10-1174-47c0-af17-d3908f1f6832}</destination>
		</relationship>
		<relationship name="automatableProperties">
			<destination>{eac52ee5-836a-4bb7-9d0e-1a95e8420c33}</destination>
		</relationship>
		<relationship name="markerTracks">
			<destination>{05083836-d117-42c0-9330-c6dc1d7ca704}</destination>
		</relationship>
		<relationship name="groupTracks">
			<destination>{69f97861-d92e-409d-812f-e8ffd7e60d1e}</destination>
		</relationship>
		<relationship name="timeline">
			<destination>{796a432c-9e36-40f9-92e2-5ede67cfd2dc}</destination>
		</relationship>
		<relationship name="banks">
			<destination>{8c3f9de4-14c8-4279-a712-2040780fff61}</destination>
		</relationship>
	</object>
	<object class="EventMixer" id="{6d150854-c71a-44d9-8cd1-39f34f138082}">
		<relationship name="masterBus">
			<destination>{53248e90-1f03-4023-a574-96ca806ea896}</destination>
		</relationship>
	</object>
	<object class="MasterTrack" id="{d4dd02ba-6647-41a5-8230-85c4970f2608}">
		<relationship name="mixerGroup">
			<destination>{53248e90-1f03-4023-a574-96ca806ea896}</destination>
		</relationship>
	</object>
	<object class="MixerInput" id="{74328b10-1174-47c0-af17-d3908f1f6832}">
		<relationship name="effectChain">
			<destination>{27245695-f44b-42a4-a049-00b91e146ba3}</destination>
		</relationship>
		<relationship name="panner">
			<destination>{6da3b3ba-06a2-4efd-b5fb-abdf970f31dd}</destination>
		</relationship>
		<relationship name="output">
			<destination>{a74bdffc-cbb2-488b-ae3c-038020e1273d}</destination>
		</relationship>
	</object>
	<object class="EventAutomatableProperties" id="{eac52ee5-836a-4bb7-9d0e-1a95e8420c33}" />
	<object class="MarkerTrack" id="{05083836-d117-42c0-9330-c6dc1d7ca704}" />
	<object class="GroupTrack" id="{69f97861-d92e-409d-812f-e8ffd7e60d1e}">
		<relationship name="modules">
			<destination>{3c3be68e-5132-482c-ac69-5de8f4ac20d3}</destination>
		</relationship>
		<relationship name="mixerGroup">
			<destination>{1acd2cc2-4457-4b40-8989-62518b6b5c92}</destination>
		</relationship>
	</object>
	<object class="Timeline" id="{796a432c-9e36-40f9-92e2-5ede67cfd2dc}">
		<relationship name="modules">
			<destination>{3c3be68e-5132-482c-ac69-5de8f4ac20d3}</destination>
		</relationship>
	</object>
	<object class="EventMixerMaster" id="{53248e90-1f03-4023-a574-96ca806ea896}">
		<relationship name="effectChain">
			<destination>{38dbf880-847a-4fb7-9842-34930878781d}</destination>
		</relationship>
		<relationship name="panner">
			<destination>{0b737a34-ac9b-4c53-a2f2-e47ba2c24901}</destination>
		</relationship>
		<relationship name="mixer">
			<destination>{6d150854-c71a-44d9-8cd1-39f34f138082}</destination>
		</relationship>
	</object>
	<object class="MixerBusEffectChain" id="{27245695-f44b-42a4-a049-00b91e146ba3}">
		<relationship name="effects">
			<destination>{6cbf4244-7bf4-44f2-9068-d590f3fb59d1}</destination>
		</relationship>
	</object>
	<object class="MixerBusPanner" id="{6da3b3ba-06a2-4efd-b5fb-abdf970f31dd}" />
	<object class="MultiSound" id="{3c3be68e-5132-482c-ac69-5de8f4ac20d3}">
		<property name="length">
			<value>1.7709791666666668</value>
		</property>
		<relationship name="sounds">
			<destination>{10dd6137-0cfe-4226-b30d-1d816ab22187}</destination>
			<destination>{75948a3e-a32d-457f-a089-4aa0e5378a8f}</destination>
		</relationship>
	</object>
	<object class="EventMixerGroup" id="{1acd2cc2-4457-4b40-8989-62518b6b5c92}">
		<property name="name">
			<value>Audio 1</value>
		</property>
		<relationship name="effectChain">
			<destination>{4f0c7143-aa00-46e7-a753-938d55dcbf64}</destination>
		</relationship>
		<relationship name="panner">
			<destination>{02616f54-1a28-4f0a-b2a3-a7911678e326}</destination>
		</relationship>
		<relationship name="output">
			<destination>{53248e90-1f03-4023-a574-96ca806ea896}</destination>
		</relationship>
	</object>
	<object class="MixerBusEffectChain" id="{38dbf880-847a-4fb7-9842-34930878781d}">
		<relationship name="effects">
			<destination>{13bf57a3-b35c-4f22-8c60-644aae96c0b2}</destination>
		</relationship>
	</object>
	<object class="MixerBusPanner" id="{0b737a34-ac9b-4c53-a2f2-e47ba2c24901}" />
	<object class="MixerBusFader" id="{6cbf4244-7bf4-44f2-9068-d590f3fb59d1}" />
	<object class="SingleSound" id="{10dd6137-0cfe-4226-b30d-1d816ab22187}">
		<relationship name="audioFile">
			<destination>{28908345-0c07-410b-bb40-80b90f937823}</destination>
		</relationship>
	</object>
	<object class="SingleSound" id="{75948a3e-a32d-457f-a089-4aa0e5378a8f}">
		<relationship name="audioFile">
			<destination>{fd2757ff-885b-41dd-a59f-ebbcfaf09a2e}</destination>
		</relationship>
	</object>
	<object class="MixerBusEffectChain" id="{4f0c7143-aa00-46e7-a753-938d55dcbf64}">
		<relationship name="effects">
			<destination>{06050000-13f2-4d82-89a3-710dcb9e6f0b}</destination>
		</relationship>
	</object>
	<object class="MixerBusPanner" id="{02616f54-1a28-4f0a-b2a3-a7911678e326}" />
	<object class="MixerBusFader" id="{13bf57a3-b35c-4f22-8c60-644aae96c0b2}" />
	<object class="MixerBusFader" id="{06050000-13f2-4d82-89a3-710dcb9e6f0b}" />
</objects>
