<?xml version="1.0" encoding="UTF-8"?>
<objects serializationModel="Studio.02.01.00">
	<object class="Event" id="{03f663e3-5d6e-4e94-8f8a-78d91012f24f}">
		<property name="name">
			<value>Success</value>
		</property>
		<property name="outputFormat">
			<value>0</value>
		</property>
		<relationship name="folder">
			<destination>{d39a4f28-35cb-4b1e-87ec-ab85a2dc79ac}</destination>
		</relationship>
		<relationship name="mixer">
			<destination>{0c4e1319-8e5a-4cb8-b5df-3ba8052ea53e}</destination>
		</relationship>
		<relationship name="masterTrack">
			<destination>{4273b749-eab7-4fc1-88d4-4d563faaa9f4}</destination>
		</relationship>
		<relationship name="mixerInput">
			<destination>{fe0dd090-5e50-47ae-957f-411284dc3eef}</destination>
		</relationship>
		<relationship name="automatableProperties">
			<destination>{c2c63eaf-6518-4482-aa82-7fd6ad9d1951}</destination>
		</relationship>
		<relationship name="markerTracks">
			<destination>{5e84b414-63b5-43c2-a3b1-77b0ed1b435d}</destination>
		</relationship>
		<relationship name="groupTracks">
			<destination>{2c5d69c1-bb12-4b46-a583-483c758d9f79}</destination>
		</relationship>
		<relationship name="timeline">
			<destination>{16375719-5659-411d-8427-8b5a28c80578}</destination>
		</relationship>
		<relationship name="banks">
			<destination>{8c3f9de4-14c8-4279-a712-2040780fff61}</destination>
		</relationship>
	</object>
	<object class="EventMixer" id="{0c4e1319-8e5a-4cb8-b5df-3ba8052ea53e}">
		<relationship name="masterBus">
			<destination>{563c36a3-1580-4c0b-aa16-d4dcdb9e1170}</destination>
		</relationship>
	</object>
	<object class="MasterTrack" id="{4273b749-eab7-4fc1-88d4-4d563faaa9f4}">
		<relationship name="mixerGroup">
			<destination>{563c36a3-1580-4c0b-aa16-d4dcdb9e1170}</destination>
		</relationship>
	</object>
	<object class="MixerInput" id="{fe0dd090-5e50-47ae-957f-411284dc3eef}">
		<relationship name="effectChain">
			<destination>{77908049-7b14-4b87-9f00-8d2b3274ff9b}</destination>
		</relationship>
		<relationship name="panner">
			<destination>{954b4ec3-3d9c-4e58-bd77-36f8f103492e}</destination>
		</relationship>
		<relationship name="output">
			<destination>{a74bdffc-cbb2-488b-ae3c-038020e1273d}</destination>
		</relationship>
	</object>
	<object class="EventAutomatableProperties" id="{c2c63eaf-6518-4482-aa82-7fd6ad9d1951}" />
	<object class="MarkerTrack" id="{5e84b414-63b5-43c2-a3b1-77b0ed1b435d}" />
	<object class="GroupTrack" id="{2c5d69c1-bb12-4b46-a583-483c758d9f79}">
		<relationship name="modules">
			<destination>{3fb0a420-1eb3-49c6-9c7d-948c1a8a935e}</destination>
		</relationship>
		<relationship name="mixerGroup">
			<destination>{2cb76b00-66ef-4e4a-9e05-c12ca57c2d21}</destination>
		</relationship>
	</object>
	<object class="Timeline" id="{16375719-5659-411d-8427-8b5a28c80578}">
		<relationship name="modules">
			<destination>{3fb0a420-1eb3-49c6-9c7d-948c1a8a935e}</destination>
		</relationship>
	</object>
	<object class="EventMixerMaster" id="{563c36a3-1580-4c0b-aa16-d4dcdb9e1170}">
		<relationship name="effectChain">
			<destination>{20181541-f03c-45a5-8d46-1e24680e7ed7}</destination>
		</relationship>
		<relationship name="panner">
			<destination>{aacd9028-e0e4-4baf-b296-a8166e9beb93}</destination>
		</relationship>
		<relationship name="mixer">
			<destination>{0c4e1319-8e5a-4cb8-b5df-3ba8052ea53e}</destination>
		</relationship>
	</object>
	<object class="MixerBusEffectChain" id="{77908049-7b14-4b87-9f00-8d2b3274ff9b}">
		<relationship name="effects">
			<destination>{365a2fb0-39e5-4768-a386-d62c129e5361}</destination>
		</relationship>
	</object>
	<object class="MixerBusPanner" id="{954b4ec3-3d9c-4e58-bd77-36f8f103492e}" />
	<object class="MultiSound" id="{3fb0a420-1eb3-49c6-9c7d-948c1a8a935e}">
		<property name="length">
			<value>1.7525416666666667</value>
		</property>
		<relationship name="sounds">
			<destination>{500c4bed-001c-4164-bf34-9a1545dfc4a9}</destination>
			<destination>{794a8db2-c699-4bb1-a096-f92392111707}</destination>
			<destination>{6c382917-79f6-4bc7-bbe6-f20e07e4acb9}</destination>
		</relationship>
	</object>
	<object class="EventMixerGroup" id="{2cb76b00-66ef-4e4a-9e05-c12ca57c2d21}">
		<property name="name">
			<value>Audio 1</value>
		</property>
		<relationship name="effectChain">
			<destination>{308be361-1476-4ef9-baa1-9efcaad3ad93}</destination>
		</relationship>
		<relationship name="panner">
			<destination>{4157b8e5-3919-4468-bdde-2f7f708c67c6}</destination>
		</relationship>
		<relationship name="output">
			<destination>{563c36a3-1580-4c0b-aa16-d4dcdb9e1170}</destination>
		</relationship>
	</object>
	<object class="MixerBusEffectChain" id="{20181541-f03c-45a5-8d46-1e24680e7ed7}">
		<relationship name="effects">
			<destination>{374f4c24-f03f-4057-bf21-102b1459c687}</destination>
		</relationship>
	</object>
	<object class="MixerBusPanner" id="{aacd9028-e0e4-4baf-b296-a8166e9beb93}" />
	<object class="MixerBusFader" id="{365a2fb0-39e5-4768-a386-d62c129e5361}" />
	<object class="SingleSound" id="{500c4bed-001c-4164-bf34-9a1545dfc4a9}">
		<relationship name="audioFile">
			<destination>{15e50f35-599f-42d4-96c6-e1cd28ecaa4c}</destination>
		</relationship>
	</object>
	<object class="SingleSound" id="{794a8db2-c699-4bb1-a096-f92392111707}">
		<relationship name="audioFile">
			<destination>{6b7d0d8b-17d4-41d6-996c-9e6cd0191259}</destination>
		</relationship>
	</object>
	<object class="SingleSound" id="{6c382917-79f6-4bc7-bbe6-f20e07e4acb9}">
		<relationship name="audioFile">
			<destination>{ef5cba8f-3316-4056-b868-1b41d5426adb}</destination>
		</relationship>
	</object>
	<object class="MixerBusEffectChain" id="{308be361-1476-4ef9-baa1-9efcaad3ad93}">
		<relationship name="effects">
			<destination>{f80e4ad4-d7b4-4de4-81fc-3e7c48de15ac}</destination>
		</relationship>
	</object>
	<object class="MixerBusPanner" id="{4157b8e5-3919-4468-bdde-2f7f708c67c6}" />
	<object class="MixerBusFader" id="{374f4c24-f03f-4057-bf21-102b1459c687}" />
	<object class="MixerBusFader" id="{f80e4ad4-d7b4-4de4-81fc-3e7c48de15ac}" />
</objects>
