<?xml version="1.0" encoding="UTF-8"?>
<objects serializationModel="Studio.02.01.00">
	<object class="Event" id="{04027129-cf2b-4c91-b205-0f2dcbf52d50}">
		<property name="name">
			<value>Assigned</value>
		</property>
		<property name="outputFormat">
			<value>0</value>
		</property>
		<relationship name="folder">
			<destination>{7251d613-2d9e-42f2-8156-87c0fa33cfa9}</destination>
		</relationship>
		<relationship name="mixer">
			<destination>{e354d1fb-6837-4633-b8b2-78fd6a83e2c6}</destination>
		</relationship>
		<relationship name="masterTrack">
			<destination>{7c951019-709e-4f6d-b903-ebc2e24269b1}</destination>
		</relationship>
		<relationship name="mixerInput">
			<destination>{377a3bf0-709a-41f7-8b7f-755b35203f36}</destination>
		</relationship>
		<relationship name="automatableProperties">
			<destination>{3025e0e7-0a57-4de1-abb9-b7c08ec2c9bf}</destination>
		</relationship>
		<relationship name="markerTracks">
			<destination>{b345d20c-4eb0-4f09-abd5-9607e1805256}</destination>
		</relationship>
		<relationship name="groupTracks">
			<destination>{5f7af755-501e-4501-95d1-dc4ec2254de1}</destination>
		</relationship>
		<relationship name="timeline">
			<destination>{6d91cc9c-94e6-465f-8813-673a91206aa6}</destination>
		</relationship>
		<relationship name="banks">
			<destination>{8c3f9de4-14c8-4279-a712-2040780fff61}</destination>
		</relationship>
	</object>
	<object class="EventMixer" id="{e354d1fb-6837-4633-b8b2-78fd6a83e2c6}">
		<relationship name="masterBus">
			<destination>{b3a19980-14f9-46b4-81b8-22b572f7b3d8}</destination>
		</relationship>
	</object>
	<object class="MasterTrack" id="{7c951019-709e-4f6d-b903-ebc2e24269b1}">
		<relationship name="mixerGroup">
			<destination>{b3a19980-14f9-46b4-81b8-22b572f7b3d8}</destination>
		</relationship>
	</object>
	<object class="MixerInput" id="{377a3bf0-709a-41f7-8b7f-755b35203f36}">
		<relationship name="effectChain">
			<destination>{7fda8ee7-e6ad-4dfc-93b0-2b60b3d6aea7}</destination>
		</relationship>
		<relationship name="panner">
			<destination>{9d30fc25-5e10-41c9-b16e-4f405c4d8500}</destination>
		</relationship>
		<relationship name="output">
			<destination>{a74bdffc-cbb2-488b-ae3c-038020e1273d}</destination>
		</relationship>
	</object>
	<object class="EventAutomatableProperties" id="{3025e0e7-0a57-4de1-abb9-b7c08ec2c9bf}" />
	<object class="MarkerTrack" id="{b345d20c-4eb0-4f09-abd5-9607e1805256}" />
	<object class="GroupTrack" id="{5f7af755-501e-4501-95d1-dc4ec2254de1}">
		<relationship name="modules">
			<destination>{4665f0d3-061b-4990-860b-f9cccb79c53e}</destination>
		</relationship>
		<relationship name="mixerGroup">
			<destination>{b0cfcbb0-4254-4483-aaca-93fd904f33bd}</destination>
		</relationship>
	</object>
	<object class="Timeline" id="{6d91cc9c-94e6-465f-8813-673a91206aa6}">
		<relationship name="modules">
			<destination>{4665f0d3-061b-4990-860b-f9cccb79c53e}</destination>
		</relationship>
	</object>
	<object class="EventMixerMaster" id="{b3a19980-14f9-46b4-81b8-22b572f7b3d8}">
		<relationship name="effectChain">
			<destination>{d1d123e1-5e4d-4dd8-ae89-3a2ce094b4ba}</destination>
		</relationship>
		<relationship name="panner">
			<destination>{90ee1a30-e114-419a-b13f-6a8a93ceaa0a}</destination>
		</relationship>
		<relationship name="mixer">
			<destination>{e354d1fb-6837-4633-b8b2-78fd6a83e2c6}</destination>
		</relationship>
	</object>
	<object class="MixerBusEffectChain" id="{7fda8ee7-e6ad-4dfc-93b0-2b60b3d6aea7}">
		<relationship name="effects">
			<destination>{5215d3ee-669a-4e55-b127-30ea5185247b}</destination>
		</relationship>
	</object>
	<object class="MixerBusPanner" id="{9d30fc25-5e10-41c9-b16e-4f405c4d8500}" />
	<object class="MultiSound" id="{4665f0d3-061b-4990-860b-f9cccb79c53e}">
		<property name="length">
			<value>2.2491458333333334</value>
		</property>
		<relationship name="sounds">
			<destination>{67b0c349-4821-4b09-b5f7-a299969593c5}</destination>
			<destination>{9164d630-82bc-42c3-a744-76f9eb41844f}</destination>
			<destination>{c2f34a6e-f31e-46d2-b9fe-ce7a70ab3a55}</destination>
			<destination>{a88645b6-f8d0-4b5a-a150-623d912430c7}</destination>
			<destination>{1dec8350-8210-4ac9-b512-9f1d4312f14b}</destination>
			<destination>{306e461b-b7a7-41e5-8b8f-f650277b1a6f}</destination>
		</relationship>
	</object>
	<object class="EventMixerGroup" id="{b0cfcbb0-4254-4483-aaca-93fd904f33bd}">
		<property name="name">
			<value>Audio 1</value>
		</property>
		<relationship name="effectChain">
			<destination>{456cf47d-058a-4c92-a097-76d356102458}</destination>
		</relationship>
		<relationship name="panner">
			<destination>{1820fe2c-d27f-4212-b187-3c004ff7a96b}</destination>
		</relationship>
		<relationship name="output">
			<destination>{b3a19980-14f9-46b4-81b8-22b572f7b3d8}</destination>
		</relationship>
	</object>
	<object class="MixerBusEffectChain" id="{d1d123e1-5e4d-4dd8-ae89-3a2ce094b4ba}">
		<relationship name="effects">
			<destination>{a3483411-c60a-4bbd-9c27-95b72751c6bc}</destination>
		</relationship>
	</object>
	<object class="MixerBusPanner" id="{90ee1a30-e114-419a-b13f-6a8a93ceaa0a}" />
	<object class="MixerBusFader" id="{5215d3ee-669a-4e55-b127-30ea5185247b}" />
	<object class="SingleSound" id="{67b0c349-4821-4b09-b5f7-a299969593c5}">
		<relationship name="audioFile">
			<destination>{26ea1887-92c6-4d27-a33d-07f44ee4454b}</destination>
		</relationship>
	</object>
	<object class="SingleSound" id="{9164d630-82bc-42c3-a744-76f9eb41844f}">
		<relationship name="audioFile">
			<destination>{ff2ed166-5aa8-43c3-b2e3-025a7ce1e5a6}</destination>
		</relationship>
	</object>
	<object class="SingleSound" id="{c2f34a6e-f31e-46d2-b9fe-ce7a70ab3a55}">
		<relationship name="audioFile">
			<destination>{760e44b1-1698-4047-89ee-cac3c15cedc2}</destination>
		</relationship>
	</object>
	<object class="SingleSound" id="{a88645b6-f8d0-4b5a-a150-623d912430c7}">
		<relationship name="audioFile">
			<destination>{b181d5fd-95b4-4629-80e7-79f49ad89811}</destination>
		</relationship>
	</object>
	<object class="SingleSound" id="{1dec8350-8210-4ac9-b512-9f1d4312f14b}">
		<relationship name="audioFile">
			<destination>{0b957411-3001-4ed0-8f53-9025ced9c286}</destination>
		</relationship>
	</object>
	<object class="SingleSound" id="{306e461b-b7a7-41e5-8b8f-f650277b1a6f}">
		<relationship name="audioFile">
			<destination>{26ebc51d-221f-486e-b2ce-db11b2e49a21}</destination>
		</relationship>
	</object>
	<object class="MixerBusEffectChain" id="{456cf47d-058a-4c92-a097-76d356102458}">
		<relationship name="effects">
			<destination>{f77edf8c-a625-4c61-bf74-b91ed5c8445d}</destination>
		</relationship>
	</object>
	<object class="MixerBusPanner" id="{1820fe2c-d27f-4212-b187-3c004ff7a96b}" />
	<object class="MixerBusFader" id="{a3483411-c60a-4bbd-9c27-95b72751c6bc}" />
	<object class="MixerBusFader" id="{f77edf8c-a625-4c61-bf74-b91ed5c8445d}" />
</objects>
