<?xml version="1.0" encoding="UTF-8"?>
<objects serializationModel="Studio.02.01.00">
	<object class="Event" id="{040ed9c1-82fa-4fe7-bd2d-7f2974fd1eb7}">
		<property name="name">
			<value>Success</value>
		</property>
		<property name="outputFormat">
			<value>0</value>
		</property>
		<relationship name="folder">
			<destination>{26163afe-4e0e-4a4f-bd8e-ee84c86c3901}</destination>
		</relationship>
		<relationship name="mixer">
			<destination>{9d99eff3-bab3-4000-9d07-1b6f931d6fdb}</destination>
		</relationship>
		<relationship name="masterTrack">
			<destination>{99f0e6d0-5914-46a5-816e-d7ba2b9a804b}</destination>
		</relationship>
		<relationship name="mixerInput">
			<destination>{891f700d-2239-496c-b0ed-2ad2fadccf7a}</destination>
		</relationship>
		<relationship name="automatableProperties">
			<destination>{71b185ac-666d-4aa8-88e7-dbc820801440}</destination>
		</relationship>
		<relationship name="markerTracks">
			<destination>{bba76003-b63f-4709-a0fc-1b9846f50d6f}</destination>
		</relationship>
		<relationship name="groupTracks">
			<destination>{dc886be5-5102-436b-8ea0-c50a8730ec1a}</destination>
		</relationship>
		<relationship name="timeline">
			<destination>{ed02d080-37cb-4f9d-8fdd-502fc99de993}</destination>
		</relationship>
		<relationship name="banks">
			<destination>{8c3f9de4-14c8-4279-a712-2040780fff61}</destination>
		</relationship>
	</object>
	<object class="EventMixer" id="{9d99eff3-bab3-4000-9d07-1b6f931d6fdb}">
		<relationship name="masterBus">
			<destination>{65505405-c43f-4888-8f26-690c0cfa4ca8}</destination>
		</relationship>
	</object>
	<object class="MasterTrack" id="{99f0e6d0-5914-46a5-816e-d7ba2b9a804b}">
		<relationship name="mixerGroup">
			<destination>{65505405-c43f-4888-8f26-690c0cfa4ca8}</destination>
		</relationship>
	</object>
	<object class="MixerInput" id="{891f700d-2239-496c-b0ed-2ad2fadccf7a}">
		<relationship name="effectChain">
			<destination>{48de2975-9d30-4b58-83f8-90f37ca4f1b3}</destination>
		</relationship>
		<relationship name="panner">
			<destination>{515080ba-51dd-4ade-9a1a-d93d1a8710be}</destination>
		</relationship>
		<relationship name="output">
			<destination>{a74bdffc-cbb2-488b-ae3c-038020e1273d}</destination>
		</relationship>
	</object>
	<object class="EventAutomatableProperties" id="{71b185ac-666d-4aa8-88e7-dbc820801440}" />
	<object class="MarkerTrack" id="{bba76003-b63f-4709-a0fc-1b9846f50d6f}" />
	<object class="GroupTrack" id="{dc886be5-5102-436b-8ea0-c50a8730ec1a}">
		<relationship name="modules">
			<destination>{95c256ea-ac96-4238-8e03-67997b574c0b}</destination>
		</relationship>
		<relationship name="mixerGroup">
			<destination>{f97e7e94-89ef-4c63-9f2f-f3dbf5603b3a}</destination>
		</relationship>
	</object>
	<object class="Timeline" id="{ed02d080-37cb-4f9d-8fdd-502fc99de993}">
		<relationship name="modules">
			<destination>{95c256ea-ac96-4238-8e03-67997b574c0b}</destination>
		</relationship>
	</object>
	<object class="EventMixerMaster" id="{65505405-c43f-4888-8f26-690c0cfa4ca8}">
		<relationship name="effectChain">
			<destination>{c383aab2-ec44-475d-9f36-79923b5c3bbb}</destination>
		</relationship>
		<relationship name="panner">
			<destination>{f4e31dde-92aa-4f8d-9669-3cd58a8f0135}</destination>
		</relationship>
		<relationship name="mixer">
			<destination>{9d99eff3-bab3-4000-9d07-1b6f931d6fdb}</destination>
		</relationship>
	</object>
	<object class="MixerBusEffectChain" id="{48de2975-9d30-4b58-83f8-90f37ca4f1b3}">
		<relationship name="effects">
			<destination>{7cf978ce-5cb3-4986-a26e-cb887e530647}</destination>
		</relationship>
	</object>
	<object class="MixerBusPanner" id="{515080ba-51dd-4ade-9a1a-d93d1a8710be}" />
	<object class="MultiSound" id="{95c256ea-ac96-4238-8e03-67997b574c0b}">
		<property name="length">
			<value>1.643875</value>
		</property>
		<relationship name="sounds">
			<destination>{b54a2d78-ddde-47d9-9e88-84bc0b1bc1b3}</destination>
			<destination>{7792c9e3-1f5b-4ecf-9726-b027e6854844}</destination>
			<destination>{d690eb2e-c1bb-4c01-bb20-7e7811ec288b}</destination>
			<destination>{7d9ff216-42ff-434e-86f9-81e0d90c54ee}</destination>
		</relationship>
	</object>
	<object class="EventMixerGroup" id="{f97e7e94-89ef-4c63-9f2f-f3dbf5603b3a}">
		<property name="name">
			<value>Audio 1</value>
		</property>
		<relationship name="effectChain">
			<destination>{6d291ab0-c66e-4135-af74-45dc2ed6b349}</destination>
		</relationship>
		<relationship name="panner">
			<destination>{f99f2cd0-e2e5-4834-bb74-4601b8c8107e}</destination>
		</relationship>
		<relationship name="output">
			<destination>{65505405-c43f-4888-8f26-690c0cfa4ca8}</destination>
		</relationship>
	</object>
	<object class="MixerBusEffectChain" id="{c383aab2-ec44-475d-9f36-79923b5c3bbb}">
		<relationship name="effects">
			<destination>{e30a7db6-d8e9-4737-a1ba-a371449b022c}</destination>
		</relationship>
	</object>
	<object class="MixerBusPanner" id="{f4e31dde-92aa-4f8d-9669-3cd58a8f0135}" />
	<object class="MixerBusFader" id="{7cf978ce-5cb3-4986-a26e-cb887e530647}" />
	<object class="SingleSound" id="{b54a2d78-ddde-47d9-9e88-84bc0b1bc1b3}">
		<relationship name="audioFile">
			<destination>{8db74244-7225-46a2-aa76-6f49892890d0}</destination>
		</relationship>
	</object>
	<object class="SingleSound" id="{7792c9e3-1f5b-4ecf-9726-b027e6854844}">
		<relationship name="audioFile">
			<destination>{cb4ab207-5bd2-4bb1-8f22-9dc7b3582d92}</destination>
		</relationship>
	</object>
	<object class="SingleSound" id="{d690eb2e-c1bb-4c01-bb20-7e7811ec288b}">
		<relationship name="audioFile">
			<destination>{b1da7801-75b5-4597-8b5a-0a207064991c}</destination>
		</relationship>
	</object>
	<object class="SingleSound" id="{7d9ff216-42ff-434e-86f9-81e0d90c54ee}">
		<relationship name="audioFile">
			<destination>{96196492-781d-4143-af81-cc4b7e0b7bd2}</destination>
		</relationship>
	</object>
	<object class="MixerBusEffectChain" id="{6d291ab0-c66e-4135-af74-45dc2ed6b349}">
		<relationship name="effects">
			<destination>{31502dc8-28e2-4cd6-9401-1e8947cdd572}</destination>
		</relationship>
	</object>
	<object class="MixerBusPanner" id="{f99f2cd0-e2e5-4834-bb74-4601b8c8107e}" />
	<object class="MixerBusFader" id="{e30a7db6-d8e9-4737-a1ba-a371449b022c}" />
	<object class="MixerBusFader" id="{31502dc8-28e2-4cd6-9401-1e8947cdd572}" />
</objects>
