<?xml version="1.0" encoding="UTF-8"?>
<objects serializationModel="Studio.02.01.00">
	<object class="Event" id="{0418be16-9927-467e-8678-7d327e6eb7ab}">
		<property name="name">
			<value>Assigned</value>
		</property>
		<property name="outputFormat">
			<value>0</value>
		</property>
		<relationship name="folder">
			<destination>{37ffa4b8-3821-427c-bec5-c32911ba65cc}</destination>
		</relationship>
		<relationship name="mixer">
			<destination>{82d375bd-ff28-4d96-b81e-4c3785af20d8}</destination>
		</relationship>
		<relationship name="masterTrack">
			<destination>{34fed81a-6fc9-4b03-9e9d-31ca31b38cd6}</destination>
		</relationship>
		<relationship name="mixerInput">
			<destination>{fde947d5-0983-445f-bdcc-9f09db1fe912}</destination>
		</relationship>
		<relationship name="automatableProperties">
			<destination>{b0c72326-e455-40aa-b581-82571c1163f2}</destination>
		</relationship>
		<relationship name="markerTracks">
			<destination>{fc46bd71-5b6d-49d3-b45f-f446cd09251a}</destination>
		</relationship>
		<relationship name="groupTracks">
			<destination>{0486977b-9238-4583-82c9-2fed9e6256ad}</destination>
		</relationship>
		<relationship name="timeline">
			<destination>{fc709a4d-cc92-46b7-8976-5fcc35c5d0a8}</destination>
		</relationship>
		<relationship name="banks">
			<destination>{8c3f9de4-14c8-4279-a712-2040780fff61}</destination>
		</relationship>
	</object>
	<object class="EventMixer" id="{82d375bd-ff28-4d96-b81e-4c3785af20d8}">
		<relationship name="masterBus">
			<destination>{b4d28b13-95e7-45b8-a264-579dec633f31}</destination>
		</relationship>
	</object>
	<object class="MasterTrack" id="{34fed81a-6fc9-4b03-9e9d-31ca31b38cd6}">
		<relationship name="mixerGroup">
			<destination>{b4d28b13-95e7-45b8-a264-579dec633f31}</destination>
		</relationship>
	</object>
	<object class="MixerInput" id="{fde947d5-0983-445f-bdcc-9f09db1fe912}">
		<relationship name="effectChain">
			<destination>{0cbaca1a-8113-4e64-a405-ca35cbe3e74d}</destination>
		</relationship>
		<relationship name="panner">
			<destination>{a734b418-bfbc-41da-b4b2-cfc8c5669ec9}</destination>
		</relationship>
		<relationship name="output">
			<destination>{a74bdffc-cbb2-488b-ae3c-038020e1273d}</destination>
		</relationship>
	</object>
	<object class="EventAutomatableProperties" id="{b0c72326-e455-40aa-b581-82571c1163f2}" />
	<object class="MarkerTrack" id="{fc46bd71-5b6d-49d3-b45f-f446cd09251a}" />
	<object class="GroupTrack" id="{0486977b-9238-4583-82c9-2fed9e6256ad}">
		<relationship name="modules">
			<destination>{424e7e94-16d7-4bc8-b05d-3ac40eaeed7b}</destination>
		</relationship>
		<relationship name="mixerGroup">
			<destination>{769f8a03-7e42-4124-9a78-cff792b6658a}</destination>
		</relationship>
	</object>
	<object class="Timeline" id="{fc709a4d-cc92-46b7-8976-5fcc35c5d0a8}">
		<relationship name="modules">
			<destination>{424e7e94-16d7-4bc8-b05d-3ac40eaeed7b}</destination>
		</relationship>
	</object>
	<object class="EventMixerMaster" id="{b4d28b13-95e7-45b8-a264-579dec633f31}">
		<relationship name="effectChain">
			<destination>{d0a9389b-3f44-4fa9-b170-e6f25816793e}</destination>
		</relationship>
		<relationship name="panner">
			<destination>{99f89afa-b650-4fec-8ab3-0668c8b6e102}</destination>
		</relationship>
		<relationship name="mixer">
			<destination>{82d375bd-ff28-4d96-b81e-4c3785af20d8}</destination>
		</relationship>
	</object>
	<object class="MixerBusEffectChain" id="{0cbaca1a-8113-4e64-a405-ca35cbe3e74d}">
		<relationship name="effects">
			<destination>{c108482d-3592-4e21-8993-da3a543761a7}</destination>
		</relationship>
	</object>
	<object class="MixerBusPanner" id="{a734b418-bfbc-41da-b4b2-cfc8c5669ec9}" />
	<object class="MultiSound" id="{424e7e94-16d7-4bc8-b05d-3ac40eaeed7b}">
		<property name="length">
			<value>2</value>
		</property>
		<relationship name="sounds">
			<destination>{cfa2697d-2b00-458e-a07e-b8ba14bf3db0}</destination>
			<destination>{7ae4e612-8ebe-40fd-85b8-221efb708691}</destination>
			<destination>{e4d40dc9-eb03-489c-aa9a-0ab42a62a086}</destination>
		</relationship>
	</object>
	<object class="EventMixerGroup" id="{769f8a03-7e42-4124-9a78-cff792b6658a}">
		<property name="name">
			<value>Audio 1</value>
		</property>
		<relationship name="effectChain">
			<destination>{c7f1919d-c966-462b-81ca-9bb31e613e42}</destination>
		</relationship>
		<relationship name="panner">
			<destination>{711caf9e-ea91-4ec9-b8c5-856a61d9cec0}</destination>
		</relationship>
		<relationship name="output">
			<destination>{b4d28b13-95e7-45b8-a264-579dec633f31}</destination>
		</relationship>
	</object>
	<object class="MixerBusEffectChain" id="{d0a9389b-3f44-4fa9-b170-e6f25816793e}">
		<relationship name="effects">
			<destination>{f5fb8eaa-4d1b-4aed-bca3-134fd10c1c27}</destination>
		</relationship>
	</object>
	<object class="MixerBusPanner" id="{99f89afa-b650-4fec-8ab3-0668c8b6e102}" />
	<object class="MixerBusFader" id="{c108482d-3592-4e21-8993-da3a543761a7}" />
	<object class="SingleSound" id="{cfa2697d-2b00-458e-a07e-b8ba14bf3db0}">
		<relationship name="audioFile">
			<destination>{af89eb82-4bf7-41ca-8d3a-042c1390d6af}</destination>
		</relationship>
	</object>
	<object class="SingleSound" id="{7ae4e612-8ebe-40fd-85b8-221efb708691}">
		<relationship name="audioFile">
			<destination>{b05306f4-a013-4790-8141-faa06fe30dce}</destination>
		</relationship>
	</object>
	<object class="SingleSound" id="{e4d40dc9-eb03-489c-aa9a-0ab42a62a086}">
		<relationship name="audioFile">
			<destination>{ea68ef29-6b6f-4ed8-b4d5-d456a73ae45e}</destination>
		</relationship>
	</object>
	<object class="MixerBusEffectChain" id="{c7f1919d-c966-462b-81ca-9bb31e613e42}">
		<relationship name="effects">
			<destination>{4cdad51a-dffa-4bef-a770-c1bf34134fd4}</destination>
		</relationship>
	</object>
	<object class="MixerBusPanner" id="{711caf9e-ea91-4ec9-b8c5-856a61d9cec0}" />
	<object class="MixerBusFader" id="{f5fb8eaa-4d1b-4aed-bca3-134fd10c1c27}" />
	<object class="MixerBusFader" id="{4cdad51a-dffa-4bef-a770-c1bf34134fd4}" />
</objects>
