<?xml version="1.0" encoding="UTF-8"?>
<objects serializationModel="Studio.02.01.00">
	<object class="Event" id="{044d6322-71a0-47a9-9554-a4480860abdb}">
		<property name="name">
			<value>Failure</value>
		</property>
		<property name="outputFormat">
			<value>0</value>
		</property>
		<relationship name="folder">
			<destination>{71684e0b-3387-469e-9ace-883ec916f8c1}</destination>
		</relationship>
		<relationship name="mixer">
			<destination>{5d918494-5254-4355-9c6c-69648546ccdc}</destination>
		</relationship>
		<relationship name="masterTrack">
			<destination>{3fd020c6-9b75-4c15-97e8-2dd25c2b8aee}</destination>
		</relationship>
		<relationship name="mixerInput">
			<destination>{971a817e-a8d9-4537-9259-a40c24b06d03}</destination>
		</relationship>
		<relationship name="automatableProperties">
			<destination>{4c20a8ea-02a5-44bb-9f96-094a2c708a90}</destination>
		</relationship>
		<relationship name="markerTracks">
			<destination>{5602ab3e-ddcf-4494-a5a9-c64ff42f21a7}</destination>
		</relationship>
		<relationship name="groupTracks">
			<destination>{97037949-c34a-498d-aad2-dadd2295f24d}</destination>
		</relationship>
		<relationship name="timeline">
			<destination>{83deceba-44d5-41e4-9783-bdb0f826e1c5}</destination>
		</relationship>
		<relationship name="banks">
			<destination>{8c3f9de4-14c8-4279-a712-2040780fff61}</destination>
		</relationship>
	</object>
	<object class="EventMixer" id="{5d918494-5254-4355-9c6c-69648546ccdc}">
		<relationship name="masterBus">
			<destination>{dd807271-3c3c-4dd7-b20c-0643bad9ac9b}</destination>
		</relationship>
	</object>
	<object class="MasterTrack" id="{3fd020c6-9b75-4c15-97e8-2dd25c2b8aee}">
		<relationship name="mixerGroup">
			<destination>{dd807271-3c3c-4dd7-b20c-0643bad9ac9b}</destination>
		</relationship>
	</object>
	<object class="MixerInput" id="{971a817e-a8d9-4537-9259-a40c24b06d03}">
		<relationship name="effectChain">
			<destination>{70cad2db-f5f0-4127-b42a-9e2e1fb8a8c4}</destination>
		</relationship>
		<relationship name="panner">
			<destination>{1a540f3b-45be-4a55-9e3d-59cd9d4f54cf}</destination>
		</relationship>
		<relationship name="output">
			<destination>{a74bdffc-cbb2-488b-ae3c-038020e1273d}</destination>
		</relationship>
	</object>
	<object class="EventAutomatableProperties" id="{4c20a8ea-02a5-44bb-9f96-094a2c708a90}" />
	<object class="MarkerTrack" id="{5602ab3e-ddcf-4494-a5a9-c64ff42f21a7}" />
	<object class="GroupTrack" id="{97037949-c34a-498d-aad2-dadd2295f24d}">
		<relationship name="modules">
			<destination>{eaa673eb-c383-4a6a-8310-5b55b334ccbe}</destination>
		</relationship>
		<relationship name="mixerGroup">
			<destination>{c6acb84a-f6eb-43ca-92a4-e28586cd7095}</destination>
		</relationship>
	</object>
	<object class="Timeline" id="{83deceba-44d5-41e4-9783-bdb0f826e1c5}">
		<relationship name="modules">
			<destination>{eaa673eb-c383-4a6a-8310-5b55b334ccbe}</destination>
		</relationship>
	</object>
	<object class="EventMixerMaster" id="{dd807271-3c3c-4dd7-b20c-0643bad9ac9b}">
		<relationship name="effectChain">
			<destination>{08b760f5-0773-46b0-b093-cc2c58240a67}</destination>
		</relationship>
		<relationship name="panner">
			<destination>{ef07ac0e-f3fe-4f84-9872-56e719a4efef}</destination>
		</relationship>
		<relationship name="mixer">
			<destination>{5d918494-5254-4355-9c6c-69648546ccdc}</destination>
		</relationship>
	</object>
	<object class="MixerBusEffectChain" id="{70cad2db-f5f0-4127-b42a-9e2e1fb8a8c4}">
		<relationship name="effects">
			<destination>{04821468-f720-4496-bd54-8594174bc445}</destination>
		</relationship>
	</object>
	<object class="MixerBusPanner" id="{1a540f3b-45be-4a55-9e3d-59cd9d4f54cf}" />
	<object class="MultiSound" id="{eaa673eb-c383-4a6a-8310-5b55b334ccbe}">
		<property name="length">
			<value>3.0065416666666667</value>
		</property>
		<relationship name="sounds">
			<destination>{52cf8858-683b-41cc-8899-f818d501010c}</destination>
			<destination>{cb9f6ce4-5f5c-412a-b7dd-d23681aa7f35}</destination>
			<destination>{73c639af-b0ca-47c4-8699-874469d93089}</destination>
			<destination>{8d9d6bec-b64e-4162-bf8f-84bba215dc84}</destination>
		</relationship>
	</object>
	<object class="EventMixerGroup" id="{c6acb84a-f6eb-43ca-92a4-e28586cd7095}">
		<property name="name">
			<value>Audio 1</value>
		</property>
		<relationship name="effectChain">
			<destination>{941cd489-52ff-422c-a97d-e8b6026a5915}</destination>
		</relationship>
		<relationship name="panner">
			<destination>{df209da8-453b-4b87-84df-b3dd94ede6d5}</destination>
		</relationship>
		<relationship name="output">
			<destination>{dd807271-3c3c-4dd7-b20c-0643bad9ac9b}</destination>
		</relationship>
	</object>
	<object class="MixerBusEffectChain" id="{08b760f5-0773-46b0-b093-cc2c58240a67}">
		<relationship name="effects">
			<destination>{0e1b07db-b7be-4663-a717-f6fa552121fb}</destination>
		</relationship>
	</object>
	<object class="MixerBusPanner" id="{ef07ac0e-f3fe-4f84-9872-56e719a4efef}" />
	<object class="MixerBusFader" id="{04821468-f720-4496-bd54-8594174bc445}" />
	<object class="SingleSound" id="{52cf8858-683b-41cc-8899-f818d501010c}">
		<relationship name="audioFile">
			<destination>{f3fde068-a54e-4d31-b4b1-2408044a8bd1}</destination>
		</relationship>
	</object>
	<object class="SingleSound" id="{cb9f6ce4-5f5c-412a-b7dd-d23681aa7f35}">
		<relationship name="audioFile">
			<destination>{4968a851-438c-4cfc-a7df-cf4c4f57cdf4}</destination>
		</relationship>
	</object>
	<object class="SingleSound" id="{73c639af-b0ca-47c4-8699-874469d93089}">
		<relationship name="audioFile">
			<destination>{df82e527-64e4-4807-9d76-8c2ac5fc42a3}</destination>
		</relationship>
	</object>
	<object class="SingleSound" id="{8d9d6bec-b64e-4162-bf8f-84bba215dc84}">
		<relationship name="audioFile">
			<destination>{86b440f5-2675-450e-8ffd-b1ca969a07a6}</destination>
		</relationship>
	</object>
	<object class="MixerBusEffectChain" id="{941cd489-52ff-422c-a97d-e8b6026a5915}">
		<relationship name="effects">
			<destination>{51b0615e-d8c4-4ba5-a990-40120593eff0}</destination>
		</relationship>
	</object>
	<object class="MixerBusPanner" id="{df209da8-453b-4b87-84df-b3dd94ede6d5}" />
	<object class="MixerBusFader" id="{0e1b07db-b7be-4663-a717-f6fa552121fb}" />
	<object class="MixerBusFader" id="{51b0615e-d8c4-4ba5-a990-40120593eff0}" />
</objects>
