<?xml version="1.0" encoding="UTF-8"?>
<objects serializationModel="Studio.02.01.00">
	<object class="Event" id="{04bb5020-7b15-4ced-abe8-5dc5f54231da}">
		<property name="name">
			<value>Assigned</value>
		</property>
		<property name="outputFormat">
			<value>0</value>
		</property>
		<relationship name="folder">
			<destination>{940af886-bcd7-4c66-930a-9a41842a14e7}</destination>
		</relationship>
		<relationship name="mixer">
			<destination>{d583e31c-6efa-4b48-a93d-0ba7ef33735a}</destination>
		</relationship>
		<relationship name="masterTrack">
			<destination>{3d53e948-679c-43e8-bb36-902cadb5d4cf}</destination>
		</relationship>
		<relationship name="mixerInput">
			<destination>{e40cd40e-3e97-408a-a6bf-a418bc728ae8}</destination>
		</relationship>
		<relationship name="automatableProperties">
			<destination>{4d2741d2-7344-42fb-869a-6938f8d585a5}</destination>
		</relationship>
		<relationship name="markerTracks">
			<destination>{b18ebfdc-8922-4969-8213-a4886f027c74}</destination>
		</relationship>
		<relationship name="groupTracks">
			<destination>{f967c925-2639-4bb0-8785-10c336aa039b}</destination>
		</relationship>
		<relationship name="timeline">
			<destination>{b676bb1a-aa1c-47b2-adef-339a333e621d}</destination>
		</relationship>
		<relationship name="banks">
			<destination>{8c3f9de4-14c8-4279-a712-2040780fff61}</destination>
		</relationship>
	</object>
	<object class="EventMixer" id="{d583e31c-6efa-4b48-a93d-0ba7ef33735a}">
		<relationship name="masterBus">
			<destination>{6e6c6663-669f-4f48-832f-d0eeaec7df79}</destination>
		</relationship>
	</object>
	<object class="MasterTrack" id="{3d53e948-679c-43e8-bb36-902cadb5d4cf}">
		<relationship name="mixerGroup">
			<destination>{6e6c6663-669f-4f48-832f-d0eeaec7df79}</destination>
		</relationship>
	</object>
	<object class="MixerInput" id="{e40cd40e-3e97-408a-a6bf-a418bc728ae8}">
		<relationship name="effectChain">
			<destination>{903512fa-c28b-49b6-be1b-5d02afcd00cf}</destination>
		</relationship>
		<relationship name="panner">
			<destination>{2f1575c8-65ea-4570-a46e-0fc374a5888d}</destination>
		</relationship>
		<relationship name="output">
			<destination>{a74bdffc-cbb2-488b-ae3c-038020e1273d}</destination>
		</relationship>
	</object>
	<object class="EventAutomatableProperties" id="{4d2741d2-7344-42fb-869a-6938f8d585a5}" />
	<object class="MarkerTrack" id="{b18ebfdc-8922-4969-8213-a4886f027c74}" />
	<object class="GroupTrack" id="{f967c925-2639-4bb0-8785-10c336aa039b}">
		<relationship name="modules">
			<destination>{731fe0c3-81f9-4a68-8508-faa60082cfc1}</destination>
		</relationship>
		<relationship name="mixerGroup">
			<destination>{b5c1d49b-1b17-47d2-8d25-97dbbe012135}</destination>
		</relationship>
	</object>
	<object class="Timeline" id="{b676bb1a-aa1c-47b2-adef-339a333e621d}">
		<relationship name="modules">
			<destination>{731fe0c3-81f9-4a68-8508-faa60082cfc1}</destination>
		</relationship>
	</object>
	<object class="EventMixerMaster" id="{6e6c6663-669f-4f48-832f-d0eeaec7df79}">
		<relationship name="effectChain">
			<destination>{de9e1427-0604-4ff1-a2d0-022f5889be9c}</destination>
		</relationship>
		<relationship name="panner">
			<destination>{8affe77d-4a09-4520-aac6-f5e6a2c59722}</destination>
		</relationship>
		<relationship name="mixer">
			<destination>{d583e31c-6efa-4b48-a93d-0ba7ef33735a}</destination>
		</relationship>
	</object>
	<object class="MixerBusEffectChain" id="{903512fa-c28b-49b6-be1b-5d02afcd00cf}">
		<relationship name="effects">
			<destination>{2c525df7-3a46-46d3-a87d-f7abde50d5e2}</destination>
		</relationship>
	</object>
	<object class="MixerBusPanner" id="{2f1575c8-65ea-4570-a46e-0fc374a5888d}" />
	<object class="MultiSound" id="{731fe0c3-81f9-4a68-8508-faa60082cfc1}">
		<property name="length">
			<value>1.6484166666666666</value>
		</property>
		<relationship name="sounds">
			<destination>{2aafa757-faea-4414-99a2-3ecb76a8a5e3}</destination>
			<destination>{427f6929-eafd-4d78-80be-06cb2fee7d64}</destination>
		</relationship>
	</object>
	<object class="EventMixerGroup" id="{b5c1d49b-1b17-47d2-8d25-97dbbe012135}">
		<property name="name">
			<value>Audio 1</value>
		</property>
		<relationship name="effectChain">
			<destination>{cda326ab-a372-478b-bcca-2221c9551f7f}</destination>
		</relationship>
		<relationship name="panner">
			<destination>{6933bdbe-16ca-48ba-b0aa-901ea7950998}</destination>
		</relationship>
		<relationship name="output">
			<destination>{6e6c6663-669f-4f48-832f-d0eeaec7df79}</destination>
		</relationship>
	</object>
	<object class="MixerBusEffectChain" id="{de9e1427-0604-4ff1-a2d0-022f5889be9c}">
		<relationship name="effects">
			<destination>{8581190a-6023-4a34-a841-212895eeeae8}</destination>
		</relationship>
	</object>
	<object class="MixerBusPanner" id="{8affe77d-4a09-4520-aac6-f5e6a2c59722}" />
	<object class="MixerBusFader" id="{2c525df7-3a46-46d3-a87d-f7abde50d5e2}" />
	<object class="SingleSound" id="{2aafa757-faea-4414-99a2-3ecb76a8a5e3}">
		<relationship name="audioFile">
			<destination>{f5246fc7-9cd7-455d-b8b6-d841f5bde5fd}</destination>
		</relationship>
	</object>
	<object class="SingleSound" id="{427f6929-eafd-4d78-80be-06cb2fee7d64}">
		<relationship name="audioFile">
			<destination>{2c7ce9c7-ab8d-4c76-bc59-3f22636433f8}</destination>
		</relationship>
	</object>
	<object class="MixerBusEffectChain" id="{cda326ab-a372-478b-bcca-2221c9551f7f}">
		<relationship name="effects">
			<destination>{c773d853-ffa8-4906-897e-79283bab0048}</destination>
		</relationship>
	</object>
	<object class="MixerBusPanner" id="{6933bdbe-16ca-48ba-b0aa-901ea7950998}" />
	<object class="MixerBusFader" id="{8581190a-6023-4a34-a841-212895eeeae8}" />
	<object class="MixerBusFader" id="{c773d853-ffa8-4906-897e-79283bab0048}" />
</objects>
