<?xml version="1.0" encoding="UTF-8"?>
<objects serializationModel="Studio.02.01.00">
	<object class="Event" id="{04b2055e-d53c-4caf-a8c1-ddb335a3ada4}">
		<property name="name">
			<value>Assigned</value>
		</property>
		<property name="outputFormat">
			<value>0</value>
		</property>
		<relationship name="folder">
			<destination>{f9d24bae-6b47-4b19-964d-65c01ea2c3d5}</destination>
		</relationship>
		<relationship name="mixer">
			<destination>{5385cadb-9990-400b-9db0-de031d8e7997}</destination>
		</relationship>
		<relationship name="masterTrack">
			<destination>{0595d7c7-cf26-4bc5-be81-b36cb7f1725a}</destination>
		</relationship>
		<relationship name="mixerInput">
			<destination>{83c938e7-6384-4a0b-be94-26870424ae6d}</destination>
		</relationship>
		<relationship name="automatableProperties">
			<destination>{3dd45da8-3da9-4bfe-924e-1ce7e9094899}</destination>
		</relationship>
		<relationship name="markerTracks">
			<destination>{d11e89c7-e9b6-4178-8646-83b5576eff3c}</destination>
		</relationship>
		<relationship name="groupTracks">
			<destination>{135d62e2-6cb8-49a5-beaf-f8fc0280f563}</destination>
		</relationship>
		<relationship name="timeline">
			<destination>{2b33ad3d-a684-469d-bdd3-02d6a7c41038}</destination>
		</relationship>
		<relationship name="banks">
			<destination>{8c3f9de4-14c8-4279-a712-2040780fff61}</destination>
		</relationship>
	</object>
	<object class="EventMixer" id="{5385cadb-9990-400b-9db0-de031d8e7997}">
		<relationship name="masterBus">
			<destination>{f62abba7-d04d-4cc0-a87e-c6606023afc1}</destination>
		</relationship>
	</object>
	<object class="MasterTrack" id="{0595d7c7-cf26-4bc5-be81-b36cb7f1725a}">
		<relationship name="mixerGroup">
			<destination>{f62abba7-d04d-4cc0-a87e-c6606023afc1}</destination>
		</relationship>
	</object>
	<object class="MixerInput" id="{83c938e7-6384-4a0b-be94-26870424ae6d}">
		<relationship name="effectChain">
			<destination>{84c94711-3138-466a-a091-513d5454bb4f}</destination>
		</relationship>
		<relationship name="panner">
			<destination>{0b3572a8-ba6b-4764-8985-baa18b8bf538}</destination>
		</relationship>
		<relationship name="output">
			<destination>{a74bdffc-cbb2-488b-ae3c-038020e1273d}</destination>
		</relationship>
	</object>
	<object class="EventAutomatableProperties" id="{3dd45da8-3da9-4bfe-924e-1ce7e9094899}" />
	<object class="MarkerTrack" id="{d11e89c7-e9b6-4178-8646-83b5576eff3c}" />
	<object class="GroupTrack" id="{135d62e2-6cb8-49a5-beaf-f8fc0280f563}">
		<relationship name="modules">
			<destination>{40c7f51d-64d0-4f69-9ce7-efaa0487bdce}</destination>
		</relationship>
		<relationship name="mixerGroup">
			<destination>{ba2f39f3-4fe5-494a-b3a9-7274ab3b5262}</destination>
		</relationship>
	</object>
	<object class="Timeline" id="{2b33ad3d-a684-469d-bdd3-02d6a7c41038}">
		<relationship name="modules">
			<destination>{40c7f51d-64d0-4f69-9ce7-efaa0487bdce}</destination>
		</relationship>
	</object>
	<object class="EventMixerMaster" id="{f62abba7-d04d-4cc0-a87e-c6606023afc1}">
		<relationship name="effectChain">
			<destination>{132c70f1-e148-4206-84f2-b9695d53ff85}</destination>
		</relationship>
		<relationship name="panner">
			<destination>{c425457d-8064-44d0-b11a-91e97b089dda}</destination>
		</relationship>
		<relationship name="mixer">
			<destination>{5385cadb-9990-400b-9db0-de031d8e7997}</destination>
		</relationship>
	</object>
	<object class="MixerBusEffectChain" id="{84c94711-3138-466a-a091-513d5454bb4f}">
		<relationship name="effects">
			<destination>{bc15ad0e-5085-4817-b73b-89e7e2fba943}</destination>
		</relationship>
	</object>
	<object class="MixerBusPanner" id="{0b3572a8-ba6b-4764-8985-baa18b8bf538}" />
	<object class="MultiSound" id="{40c7f51d-64d0-4f69-9ce7-efaa0487bdce}">
		<property name="length">
			<value>2.3531041666666668</value>
		</property>
		<relationship name="sounds">
			<destination>{aa449a2c-8f74-4c9c-820c-96d1996303c1}</destination>
			<destination>{cb1b834d-91ce-45d4-97ac-8e9924c4f304}</destination>
			<destination>{40115d6e-c1de-48e8-85a1-ba0258a34f25}</destination>
			<destination>{301478f8-140d-47d9-91da-64eac0112a7f}</destination>
		</relationship>
	</object>
	<object class="EventMixerGroup" id="{ba2f39f3-4fe5-494a-b3a9-7274ab3b5262}">
		<property name="name">
			<value>Audio 1</value>
		</property>
		<relationship name="effectChain">
			<destination>{6699a5b5-da5c-4a3a-9013-e5e77d64dc43}</destination>
		</relationship>
		<relationship name="panner">
			<destination>{e506e1cb-9e13-4f11-b37d-b8fb5427333c}</destination>
		</relationship>
		<relationship name="output">
			<destination>{f62abba7-d04d-4cc0-a87e-c6606023afc1}</destination>
		</relationship>
	</object>
	<object class="MixerBusEffectChain" id="{132c70f1-e148-4206-84f2-b9695d53ff85}">
		<relationship name="effects">
			<destination>{b7655dd6-19e5-4322-a06c-f3ba79204332}</destination>
		</relationship>
	</object>
	<object class="MixerBusPanner" id="{c425457d-8064-44d0-b11a-91e97b089dda}" />
	<object class="MixerBusFader" id="{bc15ad0e-5085-4817-b73b-89e7e2fba943}" />
	<object class="SingleSound" id="{aa449a2c-8f74-4c9c-820c-96d1996303c1}">
		<relationship name="audioFile">
			<destination>{2f1d07fc-ca13-4ce8-96bf-932d5e12388f}</destination>
		</relationship>
	</object>
	<object class="SingleSound" id="{cb1b834d-91ce-45d4-97ac-8e9924c4f304}">
		<relationship name="audioFile">
			<destination>{ee32d9ac-e3fd-4bb8-b901-6d6653954bcf}</destination>
		</relationship>
	</object>
	<object class="SingleSound" id="{40115d6e-c1de-48e8-85a1-ba0258a34f25}">
		<relationship name="audioFile">
			<destination>{8895a915-ded9-4976-aaf7-137a0fd7fb2e}</destination>
		</relationship>
	</object>
	<object class="SingleSound" id="{301478f8-140d-47d9-91da-64eac0112a7f}">
		<relationship name="audioFile">
			<destination>{79e3637f-19cb-498d-845c-f7de1c1a04b8}</destination>
		</relationship>
	</object>
	<object class="MixerBusEffectChain" id="{6699a5b5-da5c-4a3a-9013-e5e77d64dc43}">
		<relationship name="effects">
			<destination>{94166fd0-b758-4502-a961-d26cda6a90d5}</destination>
		</relationship>
	</object>
	<object class="MixerBusPanner" id="{e506e1cb-9e13-4f11-b37d-b8fb5427333c}" />
	<object class="MixerBusFader" id="{b7655dd6-19e5-4322-a06c-f3ba79204332}" />
	<object class="MixerBusFader" id="{94166fd0-b758-4502-a961-d26cda6a90d5}" />
</objects>
