<?xml version="1.0" encoding="UTF-8"?>
<objects serializationModel="Studio.02.01.00">
	<object class="Event" id="{04d95e15-0002-47be-a29f-363d6ef744d3}">
		<property name="name">
			<value>Faction_ObjectiveQuote_Appease_10</value>
		</property>
		<property name="outputFormat">
			<value>0</value>
		</property>
		<relationship name="folder">
			<destination>{158ad337-8269-4a32-865c-d3c458683eff}</destination>
		</relationship>
		<relationship name="mixer">
			<destination>{f098f222-dae4-43af-9286-fb5b7ad3b33b}</destination>
		</relationship>
		<relationship name="masterTrack">
			<destination>{01838092-f233-4046-906e-a0473a35d717}</destination>
		</relationship>
		<relationship name="mixerInput">
			<destination>{dbe63619-ed61-4291-9c38-5468a0c76b5a}</destination>
		</relationship>
		<relationship name="automatableProperties">
			<destination>{033c572b-92b6-41c0-a8ef-bd60716728b9}</destination>
		</relationship>
		<relationship name="markerTracks">
			<destination>{d13d200d-bf55-45cb-9a15-9c4c6bc2c355}</destination>
		</relationship>
		<relationship name="groupTracks">
			<destination>{daedbd40-5090-4e30-bb77-2357876453f4}</destination>
		</relationship>
		<relationship name="timeline">
			<destination>{b952d077-3c1b-4427-b83f-b703437c7fee}</destination>
		</relationship>
		<relationship name="banks">
			<destination>{8c3f9de4-14c8-4279-a712-2040780fff61}</destination>
		</relationship>
	</object>
	<object class="EventMixer" id="{f098f222-dae4-43af-9286-fb5b7ad3b33b}">
		<relationship name="masterBus">
			<destination>{00e7a295-5329-4897-96c4-0ffe3e188dc6}</destination>
		</relationship>
	</object>
	<object class="MasterTrack" id="{01838092-f233-4046-906e-a0473a35d717}">
		<relationship name="mixerGroup">
			<destination>{00e7a295-5329-4897-96c4-0ffe3e188dc6}</destination>
		</relationship>
	</object>
	<object class="MixerInput" id="{dbe63619-ed61-4291-9c38-5468a0c76b5a}">
		<relationship name="effectChain">
			<destination>{551807bf-8322-41ed-b635-c4bc07984e24}</destination>
		</relationship>
		<relationship name="panner">
			<destination>{024a33b9-cc2b-4660-98ae-364364282cb3}</destination>
		</relationship>
		<relationship name="output">
			<destination>{a74bdffc-cbb2-488b-ae3c-038020e1273d}</destination>
		</relationship>
	</object>
	<object class="EventAutomatableProperties" id="{033c572b-92b6-41c0-a8ef-bd60716728b9}" />
	<object class="MarkerTrack" id="{d13d200d-bf55-45cb-9a15-9c4c6bc2c355}" />
	<object class="GroupTrack" id="{daedbd40-5090-4e30-bb77-2357876453f4}">
		<relationship name="modules">
			<destination>{0a8507c3-41da-44bb-8425-6ee19a4905dd}</destination>
		</relationship>
		<relationship name="mixerGroup">
			<destination>{3bb45c33-8c6d-4d4c-83ec-e2b49339f3fe}</destination>
		</relationship>
	</object>
	<object class="Timeline" id="{b952d077-3c1b-4427-b83f-b703437c7fee}">
		<relationship name="modules">
			<destination>{0a8507c3-41da-44bb-8425-6ee19a4905dd}</destination>
		</relationship>
	</object>
	<object class="EventMixerMaster" id="{00e7a295-5329-4897-96c4-0ffe3e188dc6}">
		<relationship name="effectChain">
			<destination>{9d7335d5-03c2-4de6-b87c-7c1ca065abfc}</destination>
		</relationship>
		<relationship name="panner">
			<destination>{e397dc9c-738c-4c83-ac6d-3ac28fd58dc9}</destination>
		</relationship>
		<relationship name="mixer">
			<destination>{f098f222-dae4-43af-9286-fb5b7ad3b33b}</destination>
		</relationship>
	</object>
	<object class="MixerBusEffectChain" id="{551807bf-8322-41ed-b635-c4bc07984e24}">
		<relationship name="effects">
			<destination>{fe573bb9-b66d-4ac0-a623-2af686f0ba75}</destination>
		</relationship>
	</object>
	<object class="MixerBusPanner" id="{024a33b9-cc2b-4660-98ae-364364282cb3}" />
	<object class="SingleSound" id="{0a8507c3-41da-44bb-8425-6ee19a4905dd}">
		<property name="length">
			<value>3.7607708333333334</value>
		</property>
		<relationship name="audioFile">
			<destination>{2d68bb3d-5134-452f-8e79-accb911dbffc}</destination>
		</relationship>
	</object>
	<object class="EventMixerGroup" id="{3bb45c33-8c6d-4d4c-83ec-e2b49339f3fe}">
		<property name="name">
			<value>Audio 1</value>
		</property>
		<relationship name="effectChain">
			<destination>{e5097cc5-eef3-4d3e-9a32-bf16640e6953}</destination>
		</relationship>
		<relationship name="panner">
			<destination>{92323103-87cd-40e1-9cf2-7065a5e09ba3}</destination>
		</relationship>
		<relationship name="output">
			<destination>{00e7a295-5329-4897-96c4-0ffe3e188dc6}</destination>
		</relationship>
	</object>
	<object class="MixerBusEffectChain" id="{9d7335d5-03c2-4de6-b87c-7c1ca065abfc}">
		<relationship name="effects">
			<destination>{bec87239-fa8f-42c6-9d6c-477c199426a8}</destination>
		</relationship>
	</object>
	<object class="MixerBusPanner" id="{e397dc9c-738c-4c83-ac6d-3ac28fd58dc9}" />
	<object class="MixerBusFader" id="{fe573bb9-b66d-4ac0-a623-2af686f0ba75}" />
	<object class="MixerBusEffectChain" id="{e5097cc5-eef3-4d3e-9a32-bf16640e6953}">
		<relationship name="effects">
			<destination>{6bd7efe9-a8a1-4c56-bc05-6459c273239e}</destination>
		</relationship>
	</object>
	<object class="MixerBusPanner" id="{92323103-87cd-40e1-9cf2-7065a5e09ba3}" />
	<object class="MixerBusFader" id="{bec87239-fa8f-42c6-9d6c-477c199426a8}" />
	<object class="MixerBusFader" id="{6bd7efe9-a8a1-4c56-bc05-6459c273239e}" />
</objects>
