<?xml version="1.0" encoding="UTF-8"?>
<objects serializationModel="Studio.02.01.00">
	<object class="Event" id="{04d0d502-67d9-4265-812e-84679e49f438}">
		<property name="name">
			<value>MissionAssigned</value>
		</property>
		<property name="outputFormat">
			<value>0</value>
		</property>
		<relationship name="folder">
			<destination>{e087488c-6e8e-42a4-b9ab-ef518cf9a829}</destination>
		</relationship>
		<relationship name="mixer">
			<destination>{138f119b-96b2-4dde-8faa-dc36ad5108bd}</destination>
		</relationship>
		<relationship name="masterTrack">
			<destination>{0a2933d8-0222-4b79-ae68-c832c678b9fc}</destination>
		</relationship>
		<relationship name="mixerInput">
			<destination>{e7d6c0be-4283-4f34-bef3-a0d70b012f3b}</destination>
		</relationship>
		<relationship name="automatableProperties">
			<destination>{ffa56864-f926-40f2-8561-f5c899cef156}</destination>
		</relationship>
		<relationship name="markerTracks">
			<destination>{0fe93232-475e-4bbf-bbe8-5ba7fb77a5dc}</destination>
		</relationship>
		<relationship name="groupTracks">
			<destination>{aedb70f1-7838-4baa-9d26-72869cf931d6}</destination>
		</relationship>
		<relationship name="timeline">
			<destination>{00643273-88a2-471d-8c4a-0b2f1dbb360e}</destination>
		</relationship>
		<relationship name="banks">
			<destination>{8c3f9de4-14c8-4279-a712-2040780fff61}</destination>
		</relationship>
	</object>
	<object class="EventMixer" id="{138f119b-96b2-4dde-8faa-dc36ad5108bd}">
		<relationship name="masterBus">
			<destination>{2595dcee-342f-4fce-a8bf-79bfca2b05bd}</destination>
		</relationship>
	</object>
	<object class="MasterTrack" id="{0a2933d8-0222-4b79-ae68-c832c678b9fc}">
		<relationship name="mixerGroup">
			<destination>{2595dcee-342f-4fce-a8bf-79bfca2b05bd}</destination>
		</relationship>
	</object>
	<object class="MixerInput" id="{e7d6c0be-4283-4f34-bef3-a0d70b012f3b}">
		<relationship name="effectChain">
			<destination>{07289152-a806-453d-befd-5535d7a132d2}</destination>
		</relationship>
		<relationship name="panner">
			<destination>{b6c2b4b2-969e-4643-8a16-6feb1127d756}</destination>
		</relationship>
		<relationship name="output">
			<destination>{a74bdffc-cbb2-488b-ae3c-038020e1273d}</destination>
		</relationship>
	</object>
	<object class="EventAutomatableProperties" id="{ffa56864-f926-40f2-8561-f5c899cef156}" />
	<object class="MarkerTrack" id="{0fe93232-475e-4bbf-bbe8-5ba7fb77a5dc}" />
	<object class="GroupTrack" id="{aedb70f1-7838-4baa-9d26-72869cf931d6}">
		<relationship name="modules">
			<destination>{c8adb8d5-f039-4309-b10d-6b872eb950a5}</destination>
		</relationship>
		<relationship name="mixerGroup">
			<destination>{12b06080-37b3-49d9-bc44-deef4724e7ea}</destination>
		</relationship>
	</object>
	<object class="Timeline" id="{00643273-88a2-471d-8c4a-0b2f1dbb360e}">
		<relationship name="modules">
			<destination>{c8adb8d5-f039-4309-b10d-6b872eb950a5}</destination>
		</relationship>
	</object>
	<object class="EventMixerMaster" id="{2595dcee-342f-4fce-a8bf-79bfca2b05bd}">
		<relationship name="effectChain">
			<destination>{6c3df8a3-3b49-4d52-b8d4-dc797c8542aa}</destination>
		</relationship>
		<relationship name="panner">
			<destination>{8daf4d28-7bca-4ba1-9816-2efdf66ea28d}</destination>
		</relationship>
		<relationship name="mixer">
			<destination>{138f119b-96b2-4dde-8faa-dc36ad5108bd}</destination>
		</relationship>
	</object>
	<object class="MixerBusEffectChain" id="{07289152-a806-453d-befd-5535d7a132d2}">
		<relationship name="effects">
			<destination>{f71d23b3-0af1-4b21-a4bd-0948427ddaf0}</destination>
		</relationship>
	</object>
	<object class="MixerBusPanner" id="{b6c2b4b2-969e-4643-8a16-6feb1127d756}" />
	<object class="MultiSound" id="{c8adb8d5-f039-4309-b10d-6b872eb950a5}">
		<property name="length">
			<value>2.2397499999999999</value>
		</property>
		<relationship name="sounds">
			<destination>{70fd086f-b17d-4cae-b759-0fb8600bc2e0}</destination>
			<destination>{8f230089-fd72-4823-aae6-d8dd2756946b}</destination>
			<destination>{7ca77202-49c7-42cc-b06d-b61dbe5de6f7}</destination>
			<destination>{08a518ca-9bbc-480c-bf1d-0cc2e0c7fec7}</destination>
			<destination>{b59b5c51-9a00-4f7c-9317-ccc361f09847}</destination>
		</relationship>
	</object>
	<object class="EventMixerGroup" id="{12b06080-37b3-49d9-bc44-deef4724e7ea}">
		<property name="name">
			<value>Audio 1</value>
		</property>
		<relationship name="effectChain">
			<destination>{36b7edb9-0eee-4947-8b50-baf8aa8fcdc1}</destination>
		</relationship>
		<relationship name="panner">
			<destination>{c38235ae-755b-41b6-8578-a141f0abb0d0}</destination>
		</relationship>
		<relationship name="output">
			<destination>{2595dcee-342f-4fce-a8bf-79bfca2b05bd}</destination>
		</relationship>
	</object>
	<object class="MixerBusEffectChain" id="{6c3df8a3-3b49-4d52-b8d4-dc797c8542aa}">
		<relationship name="effects">
			<destination>{80bbaddb-6ad1-48e7-b92b-8b617db6e4ed}</destination>
		</relationship>
	</object>
	<object class="MixerBusPanner" id="{8daf4d28-7bca-4ba1-9816-2efdf66ea28d}" />
	<object class="MixerBusFader" id="{f71d23b3-0af1-4b21-a4bd-0948427ddaf0}" />
	<object class="SingleSound" id="{70fd086f-b17d-4cae-b759-0fb8600bc2e0}">
		<relationship name="audioFile">
			<destination>{792e05dc-196d-4eac-b5ec-88322b0a225c}</destination>
		</relationship>
	</object>
	<object class="SingleSound" id="{8f230089-fd72-4823-aae6-d8dd2756946b}">
		<relationship name="audioFile">
			<destination>{534008c0-ef69-4042-bb82-ae7dfbaf4a48}</destination>
		</relationship>
	</object>
	<object class="SingleSound" id="{7ca77202-49c7-42cc-b06d-b61dbe5de6f7}">
		<relationship name="audioFile">
			<destination>{c0a144a5-b790-4383-80e4-e62744cdb13f}</destination>
		</relationship>
	</object>
	<object class="SingleSound" id="{08a518ca-9bbc-480c-bf1d-0cc2e0c7fec7}">
		<relationship name="audioFile">
			<destination>{4efc17c1-ad88-4005-8623-a4c669dab3ed}</destination>
		</relationship>
	</object>
	<object class="SingleSound" id="{b59b5c51-9a00-4f7c-9317-ccc361f09847}">
		<relationship name="audioFile">
			<destination>{719e8bcc-3750-44a9-9caa-5e489ac96367}</destination>
		</relationship>
	</object>
	<object class="MixerBusEffectChain" id="{36b7edb9-0eee-4947-8b50-baf8aa8fcdc1}">
		<relationship name="effects">
			<destination>{f3bef49a-d02e-4554-863f-215d80a38f8c}</destination>
		</relationship>
	</object>
	<object class="MixerBusPanner" id="{c38235ae-755b-41b6-8578-a141f0abb0d0}" />
	<object class="MixerBusFader" id="{80bbaddb-6ad1-48e7-b92b-8b617db6e4ed}" />
	<object class="MixerBusFader" id="{f3bef49a-d02e-4554-863f-215d80a38f8c}" />
</objects>
