<?xml version="1.0" encoding="UTF-8"?>
<objects serializationModel="Studio.02.01.00">
	<object class="Event" id="{04eeaa87-f2ce-4b20-8e88-8d0ce78e889a}">
		<property name="name">
			<value>Failure</value>
		</property>
		<property name="outputFormat">
			<value>0</value>
		</property>
		<relationship name="folder">
			<destination>{ccb02cf1-5eb8-4896-8540-a435694452c5}</destination>
		</relationship>
		<relationship name="mixer">
			<destination>{0aa41bef-993a-4e62-bc4f-973fc72836a8}</destination>
		</relationship>
		<relationship name="masterTrack">
			<destination>{1f96e963-ba5e-4319-a6f9-812058482e82}</destination>
		</relationship>
		<relationship name="mixerInput">
			<destination>{89d56120-746d-4cb1-a90c-7d1c9ae0cad4}</destination>
		</relationship>
		<relationship name="automatableProperties">
			<destination>{708f7d18-9f14-4c6b-9608-3103bee622e4}</destination>
		</relationship>
		<relationship name="markerTracks">
			<destination>{8b904834-6ffa-42b1-a27b-ec51287c5b79}</destination>
		</relationship>
		<relationship name="groupTracks">
			<destination>{536039d0-6acd-42b8-ad4f-cd2875e675f5}</destination>
		</relationship>
		<relationship name="timeline">
			<destination>{973fe55a-04c7-45bb-9aea-b3f659fb291f}</destination>
		</relationship>
		<relationship name="banks">
			<destination>{8c3f9de4-14c8-4279-a712-2040780fff61}</destination>
		</relationship>
	</object>
	<object class="EventMixer" id="{0aa41bef-993a-4e62-bc4f-973fc72836a8}">
		<relationship name="masterBus">
			<destination>{1c2f44c9-1a74-4b80-bcc4-89ac3197cb48}</destination>
		</relationship>
	</object>
	<object class="MasterTrack" id="{1f96e963-ba5e-4319-a6f9-812058482e82}">
		<relationship name="mixerGroup">
			<destination>{1c2f44c9-1a74-4b80-bcc4-89ac3197cb48}</destination>
		</relationship>
	</object>
	<object class="MixerInput" id="{89d56120-746d-4cb1-a90c-7d1c9ae0cad4}">
		<relationship name="effectChain">
			<destination>{01413843-b864-4386-b6f1-f1fb67e528e1}</destination>
		</relationship>
		<relationship name="panner">
			<destination>{f0cf0921-ad85-44cf-9afa-f55997125030}</destination>
		</relationship>
		<relationship name="output">
			<destination>{a74bdffc-cbb2-488b-ae3c-038020e1273d}</destination>
		</relationship>
	</object>
	<object class="EventAutomatableProperties" id="{708f7d18-9f14-4c6b-9608-3103bee622e4}" />
	<object class="MarkerTrack" id="{8b904834-6ffa-42b1-a27b-ec51287c5b79}" />
	<object class="GroupTrack" id="{536039d0-6acd-42b8-ad4f-cd2875e675f5}">
		<relationship name="modules">
			<destination>{bb48a331-f74e-4323-904f-9a31147b4474}</destination>
		</relationship>
		<relationship name="mixerGroup">
			<destination>{091524b5-af91-4e24-9b3d-14bfe37b2c4f}</destination>
		</relationship>
	</object>
	<object class="Timeline" id="{973fe55a-04c7-45bb-9aea-b3f659fb291f}">
		<relationship name="modules">
			<destination>{bb48a331-f74e-4323-904f-9a31147b4474}</destination>
		</relationship>
	</object>
	<object class="EventMixerMaster" id="{1c2f44c9-1a74-4b80-bcc4-89ac3197cb48}">
		<relationship name="effectChain">
			<destination>{469eb214-2ca8-4e9d-b4db-0c924401642f}</destination>
		</relationship>
		<relationship name="panner">
			<destination>{4a31331c-de3d-482a-ab2a-c2b424943759}</destination>
		</relationship>
		<relationship name="mixer">
			<destination>{0aa41bef-993a-4e62-bc4f-973fc72836a8}</destination>
		</relationship>
	</object>
	<object class="MixerBusEffectChain" id="{01413843-b864-4386-b6f1-f1fb67e528e1}">
		<relationship name="effects">
			<destination>{5b000cc0-8ed8-4701-8384-787fac2b6562}</destination>
		</relationship>
	</object>
	<object class="MixerBusPanner" id="{f0cf0921-ad85-44cf-9afa-f55997125030}" />
	<object class="MultiSound" id="{bb48a331-f74e-4323-904f-9a31147b4474}">
		<property name="length">
			<value>1.9980833333333334</value>
		</property>
		<relationship name="sounds">
			<destination>{eadc810e-f2cf-4857-bd09-fb0b47b3a79f}</destination>
			<destination>{9bf2de03-71c7-4a3c-a611-a7ec300b76a7}</destination>
			<destination>{cdc93ef6-9bc3-473c-afa0-c804ff0ab7bf}</destination>
			<destination>{24bdcb90-e3be-4501-85bb-1515b1243616}</destination>
		</relationship>
	</object>
	<object class="EventMixerGroup" id="{091524b5-af91-4e24-9b3d-14bfe37b2c4f}">
		<property name="name">
			<value>Audio 1</value>
		</property>
		<relationship name="effectChain">
			<destination>{14285018-80e9-43f9-9768-2ea31fca13ff}</destination>
		</relationship>
		<relationship name="panner">
			<destination>{ece54c40-6188-47f4-9956-c2caacac3c5e}</destination>
		</relationship>
		<relationship name="output">
			<destination>{1c2f44c9-1a74-4b80-bcc4-89ac3197cb48}</destination>
		</relationship>
	</object>
	<object class="MixerBusEffectChain" id="{469eb214-2ca8-4e9d-b4db-0c924401642f}">
		<relationship name="effects">
			<destination>{b946b546-b8fc-488f-9663-a5dbf3f00449}</destination>
		</relationship>
	</object>
	<object class="MixerBusPanner" id="{4a31331c-de3d-482a-ab2a-c2b424943759}" />
	<object class="MixerBusFader" id="{5b000cc0-8ed8-4701-8384-787fac2b6562}" />
	<object class="SingleSound" id="{eadc810e-f2cf-4857-bd09-fb0b47b3a79f}">
		<relationship name="audioFile">
			<destination>{0a54b68b-263f-47b5-b8d2-c20b3e5be29c}</destination>
		</relationship>
	</object>
	<object class="SingleSound" id="{9bf2de03-71c7-4a3c-a611-a7ec300b76a7}">
		<relationship name="audioFile">
			<destination>{a175019a-d06e-4f34-aebf-a23a57ec283c}</destination>
		</relationship>
	</object>
	<object class="SingleSound" id="{cdc93ef6-9bc3-473c-afa0-c804ff0ab7bf}">
		<relationship name="audioFile">
			<destination>{a3c64f6e-8817-47f9-85af-54b83b4da23f}</destination>
		</relationship>
	</object>
	<object class="SingleSound" id="{24bdcb90-e3be-4501-85bb-1515b1243616}" />
	<object class="MixerBusEffectChain" id="{14285018-80e9-43f9-9768-2ea31fca13ff}">
		<relationship name="effects">
			<destination>{ca075168-e365-4403-8b7e-81f6f08212f6}</destination>
		</relationship>
	</object>
	<object class="MixerBusPanner" id="{ece54c40-6188-47f4-9956-c2caacac3c5e}" />
	<object class="MixerBusFader" id="{b946b546-b8fc-488f-9663-a5dbf3f00449}" />
	<object class="MixerBusFader" id="{ca075168-e365-4403-8b7e-81f6f08212f6}" />
</objects>
