<?xml version="1.0" encoding="UTF-8"?>
<objects serializationModel="Studio.02.01.00">
	<object class="Event" id="{04ee62d3-00cd-4e19-ad0a-a7b50a0c7f8f}">
		<property name="name">
			<value>trig_sfx_BlasterLongLoudPrechargeMid001StereoRR2</value>
		</property>
		<property name="outputFormat">
			<value>2</value>
		</property>
		<relationship name="folder">
			<destination>{ec00f365-3c1a-4d63-b43e-2c71c9b3c7ff}</destination>
		</relationship>
		<relationship name="mixer">
			<destination>{214b4b22-4ae9-4288-993b-81d32ee43831}</destination>
		</relationship>
		<relationship name="masterTrack">
			<destination>{ee2518b5-256c-4708-9298-126d20f4b840}</destination>
		</relationship>
		<relationship name="mixerInput">
			<destination>{9ff28f76-8ed4-49cb-ac5f-2e4e64d4f7b1}</destination>
		</relationship>
		<relationship name="automatableProperties">
			<destination>{a3602a76-1e12-4b80-9d49-61db08090ced}</destination>
		</relationship>
		<relationship name="markerTracks">
			<destination>{7ea7ab0e-2617-409d-8604-19baf611a56f}</destination>
		</relationship>
		<relationship name="groupTracks">
			<destination>{a32aec28-df21-42a4-93fc-4cfd1c7e22ca}</destination>
		</relationship>
		<relationship name="timeline">
			<destination>{53b2d22a-8486-4ca6-b128-793f7d75d224}</destination>
		</relationship>
		<relationship name="banks">
			<destination>{09901795-b9b9-4010-a4a3-3011ed4caaa2}</destination>
		</relationship>
	</object>
	<object class="EventMixer" id="{214b4b22-4ae9-4288-993b-81d32ee43831}">
		<relationship name="masterBus">
			<destination>{1842102c-e024-4d79-9d2c-e7f04f8c651e}</destination>
		</relationship>
	</object>
	<object class="MasterTrack" id="{ee2518b5-256c-4708-9298-126d20f4b840}">
		<relationship name="mixerGroup">
			<destination>{1842102c-e024-4d79-9d2c-e7f04f8c651e}</destination>
		</relationship>
	</object>
	<object class="MixerInput" id="{9ff28f76-8ed4-49cb-ac5f-2e4e64d4f7b1}">
		<relationship name="effectChain">
			<destination>{42f3cad7-a8c7-4bc1-884c-bcb01c30b0fd}</destination>
		</relationship>
		<relationship name="panner">
			<destination>{a63f7ba6-fb25-4d9c-b9de-dc5834eacf4e}</destination>
		</relationship>
		<relationship name="output">
			<destination>{07daa3ae-3495-463d-8c3e-6a9ee1871371}</destination>
		</relationship>
	</object>
	<object class="EventAutomatableProperties" id="{a3602a76-1e12-4b80-9d49-61db08090ced}" />
	<object class="MarkerTrack" id="{7ea7ab0e-2617-409d-8604-19baf611a56f}" />
	<object class="GroupTrack" id="{a32aec28-df21-42a4-93fc-4cfd1c7e22ca}">
		<relationship name="modules">
			<destination>{bd22f4ba-9fb6-4355-993c-425d25c4909e}</destination>
		</relationship>
		<relationship name="mixerGroup">
			<destination>{57917979-9173-4f9e-b0e9-e182d0960cdc}</destination>
		</relationship>
	</object>
	<object class="Timeline" id="{53b2d22a-8486-4ca6-b128-793f7d75d224}">
		<relationship name="modules">
			<destination>{bd22f4ba-9fb6-4355-993c-425d25c4909e}</destination>
		</relationship>
	</object>
	<object class="EventMixerMaster" id="{1842102c-e024-4d79-9d2c-e7f04f8c651e}">
		<property name="volume">
			<value>-5</value>
		</property>
		<relationship name="effectChain">
			<destination>{6744d254-46d5-4ee1-8c58-0563e4a59112}</destination>
		</relationship>
		<relationship name="panner">
			<destination>{7d954ce8-8519-438f-b85c-8847b6e278b3}</destination>
		</relationship>
		<relationship name="mixer">
			<destination>{214b4b22-4ae9-4288-993b-81d32ee43831}</destination>
		</relationship>
	</object>
	<object class="MixerBusEffectChain" id="{42f3cad7-a8c7-4bc1-884c-bcb01c30b0fd}">
		<relationship name="effects">
			<destination>{f557b21e-32c9-44f7-b7d1-6f175f209799}</destination>
		</relationship>
	</object>
	<object class="MixerBusPanner" id="{a63f7ba6-fb25-4d9c-b9de-dc5834eacf4e}" />
	<object class="SingleSound" id="{bd22f4ba-9fb6-4355-993c-425d25c4909e}">
		<property name="length">
			<value>1.3264399092970522</value>
		</property>
		<relationship name="audioFile">
			<destination>{63d6000b-5fdd-4ed5-a3c9-82f4645ae0f8}</destination>
		</relationship>
	</object>
	<object class="EventMixerGroup" id="{57917979-9173-4f9e-b0e9-e182d0960cdc}">
		<property name="name">
			<value>Audio 1</value>
		</property>
		<relationship name="effectChain">
			<destination>{21c0ac0f-4322-450a-8a35-d61b3695a768}</destination>
		</relationship>
		<relationship name="panner">
			<destination>{73f0a88d-e44e-4130-a6be-e47ab1080adb}</destination>
		</relationship>
		<relationship name="output">
			<destination>{1842102c-e024-4d79-9d2c-e7f04f8c651e}</destination>
		</relationship>
	</object>
	<object class="MixerBusEffectChain" id="{6744d254-46d5-4ee1-8c58-0563e4a59112}">
		<relationship name="effects">
			<destination>{7ec1bcb8-70d8-4a5d-825a-d9227ade2578}</destination>
			<destination>{d1d5ea85-4e20-49b8-a3d2-41bbe2c4d868}</destination>
		</relationship>
	</object>
	<object class="MixerBusPanner" id="{7d954ce8-8519-438f-b85c-8847b6e278b3}" />
	<object class="MixerBusFader" id="{f557b21e-32c9-44f7-b7d1-6f175f209799}" />
	<object class="MixerBusEffectChain" id="{21c0ac0f-4322-450a-8a35-d61b3695a768}">
		<relationship name="effects">
			<destination>{77174d43-24bd-405b-a810-66c9d16cdc05}</destination>
		</relationship>
	</object>
	<object class="MixerBusPanner" id="{73f0a88d-e44e-4130-a6be-e47ab1080adb}" />
	<object class="MixerBusFader" id="{7ec1bcb8-70d8-4a5d-825a-d9227ade2578}" />
	<object class="SpatialiserEffect" id="{d1d5ea85-4e20-49b8-a3d2-41bbe2c4d868}">
		<property name="minimumDistance">
			<value>0.5</value>
		</property>
		<property name="maximumDistance">
			<value>200</value>
		</property>
	</object>
	<object class="MixerBusFader" id="{77174d43-24bd-405b-a810-66c9d16cdc05}" />
</objects>
