<?xml version="1.0" encoding="UTF-8"?>
<objects serializationModel="Studio.02.01.00">
	<object class="Event" id="{04e197c8-d9df-4ffa-b878-fd5423250256}">
		<property name="name">
			<value>TechQuote_CooperateEnergy</value>
		</property>
		<property name="outputFormat">
			<value>0</value>
		</property>
		<relationship name="folder">
			<destination>{158ad337-8269-4a32-865c-d3c458683eff}</destination>
		</relationship>
		<relationship name="mixer">
			<destination>{876399b7-3c8a-4f59-be99-480ccd6cb90b}</destination>
		</relationship>
		<relationship name="masterTrack">
			<destination>{dd6ae034-42b3-45e4-99f5-cbba63f9dc63}</destination>
		</relationship>
		<relationship name="mixerInput">
			<destination>{06d7f53b-80a6-41a6-a715-f12e4f945387}</destination>
		</relationship>
		<relationship name="automatableProperties">
			<destination>{4a59e74e-8c0f-403f-bf3b-d5bfd32c7e35}</destination>
		</relationship>
		<relationship name="markerTracks">
			<destination>{4a38094d-5068-4c37-924f-088b13beccfb}</destination>
		</relationship>
		<relationship name="groupTracks">
			<destination>{d45bfc3f-8f9c-4e90-ae6d-69a6e0820f41}</destination>
		</relationship>
		<relationship name="timeline">
			<destination>{d077aea9-2c79-4277-abf6-1c84c487df61}</destination>
		</relationship>
		<relationship name="banks">
			<destination>{8c3f9de4-14c8-4279-a712-2040780fff61}</destination>
		</relationship>
	</object>
	<object class="EventMixer" id="{876399b7-3c8a-4f59-be99-480ccd6cb90b}">
		<relationship name="masterBus">
			<destination>{207a2c05-1411-4528-9151-73a26018366d}</destination>
		</relationship>
	</object>
	<object class="MasterTrack" id="{dd6ae034-42b3-45e4-99f5-cbba63f9dc63}">
		<relationship name="mixerGroup">
			<destination>{207a2c05-1411-4528-9151-73a26018366d}</destination>
		</relationship>
	</object>
	<object class="MixerInput" id="{06d7f53b-80a6-41a6-a715-f12e4f945387}">
		<relationship name="effectChain">
			<destination>{75b3ee3e-061c-450a-9e3b-fa90e07000c0}</destination>
		</relationship>
		<relationship name="panner">
			<destination>{da52d402-b3be-4b3c-a0ba-722a284a5ee9}</destination>
		</relationship>
		<relationship name="output">
			<destination>{a74bdffc-cbb2-488b-ae3c-038020e1273d}</destination>
		</relationship>
	</object>
	<object class="EventAutomatableProperties" id="{4a59e74e-8c0f-403f-bf3b-d5bfd32c7e35}" />
	<object class="MarkerTrack" id="{4a38094d-5068-4c37-924f-088b13beccfb}" />
	<object class="GroupTrack" id="{d45bfc3f-8f9c-4e90-ae6d-69a6e0820f41}">
		<relationship name="modules">
			<destination>{c14cf743-6e83-486d-a62e-39488c45df5b}</destination>
		</relationship>
		<relationship name="mixerGroup">
			<destination>{b983709b-bbff-4745-805b-874c2839641d}</destination>
		</relationship>
	</object>
	<object class="Timeline" id="{d077aea9-2c79-4277-abf6-1c84c487df61}">
		<relationship name="modules">
			<destination>{c14cf743-6e83-486d-a62e-39488c45df5b}</destination>
		</relationship>
	</object>
	<object class="EventMixerMaster" id="{207a2c05-1411-4528-9151-73a26018366d}">
		<relationship name="effectChain">
			<destination>{da35e7e4-d4a7-4434-b4de-85ec3036ebd9}</destination>
		</relationship>
		<relationship name="panner">
			<destination>{c8247d58-ef7e-434c-8fc9-3cf8999a31df}</destination>
		</relationship>
		<relationship name="mixer">
			<destination>{876399b7-3c8a-4f59-be99-480ccd6cb90b}</destination>
		</relationship>
	</object>
	<object class="MixerBusEffectChain" id="{75b3ee3e-061c-450a-9e3b-fa90e07000c0}">
		<relationship name="effects">
			<destination>{9700ecf5-c0a8-4b5f-b8d3-8f17145dda59}</destination>
		</relationship>
	</object>
	<object class="MixerBusPanner" id="{da52d402-b3be-4b3c-a0ba-722a284a5ee9}" />
	<object class="SingleSound" id="{c14cf743-6e83-486d-a62e-39488c45df5b}">
		<property name="length">
			<value>18.751291666666667</value>
		</property>
		<relationship name="audioFile">
			<destination>{81476b22-c899-4336-a496-d62fb1abca7d}</destination>
		</relationship>
	</object>
	<object class="EventMixerGroup" id="{b983709b-bbff-4745-805b-874c2839641d}">
		<property name="name">
			<value>Audio 1</value>
		</property>
		<relationship name="effectChain">
			<destination>{d89919ff-5437-415d-a016-ed0c0cd69aa3}</destination>
		</relationship>
		<relationship name="panner">
			<destination>{5f60d4b6-ac74-448b-a059-130bfb2284b0}</destination>
		</relationship>
		<relationship name="output">
			<destination>{207a2c05-1411-4528-9151-73a26018366d}</destination>
		</relationship>
	</object>
	<object class="MixerBusEffectChain" id="{da35e7e4-d4a7-4434-b4de-85ec3036ebd9}">
		<relationship name="effects">
			<destination>{9318cae9-9513-496b-bd20-77f0fd8fdeaa}</destination>
		</relationship>
	</object>
	<object class="MixerBusPanner" id="{c8247d58-ef7e-434c-8fc9-3cf8999a31df}" />
	<object class="MixerBusFader" id="{9700ecf5-c0a8-4b5f-b8d3-8f17145dda59}" />
	<object class="MixerBusEffectChain" id="{d89919ff-5437-415d-a016-ed0c0cd69aa3}">
		<relationship name="effects">
			<destination>{2840acbd-fcef-4d86-9b4f-9ef358514b76}</destination>
		</relationship>
	</object>
	<object class="MixerBusPanner" id="{5f60d4b6-ac74-448b-a059-130bfb2284b0}" />
	<object class="MixerBusFader" id="{9318cae9-9513-496b-bd20-77f0fd8fdeaa}" />
	<object class="MixerBusFader" id="{2840acbd-fcef-4d86-9b4f-9ef358514b76}" />
</objects>
