<?xml version="1.0" encoding="UTF-8"?>
<objects serializationModel="Studio.02.01.00">
	<object class="Event" id="{04ef19e5-d2e8-4765-bddf-44a0d1d486f3}">
		<property name="name">
			<value>Assigned</value>
		</property>
		<property name="outputFormat">
			<value>0</value>
		</property>
		<relationship name="folder">
			<destination>{a08f038c-3154-4200-95b5-4a3352471bc0}</destination>
		</relationship>
		<relationship name="mixer">
			<destination>{0ee3d9d3-8ec0-48ec-b7c6-e525989ac2f8}</destination>
		</relationship>
		<relationship name="masterTrack">
			<destination>{85a67181-9fb0-489c-b01d-943bf2b4ad18}</destination>
		</relationship>
		<relationship name="mixerInput">
			<destination>{020a6a0c-ee1e-4654-9301-ebc7018fc623}</destination>
		</relationship>
		<relationship name="automatableProperties">
			<destination>{fcec42a7-02b9-4053-b662-a5617fbfbbaf}</destination>
		</relationship>
		<relationship name="markerTracks">
			<destination>{7ba1317d-7b56-43ee-a597-f50a71e5f26c}</destination>
		</relationship>
		<relationship name="groupTracks">
			<destination>{7226f543-b46d-478e-846a-667600cea7f8}</destination>
		</relationship>
		<relationship name="timeline">
			<destination>{64d51f31-c032-4882-b74a-36c0012a384f}</destination>
		</relationship>
		<relationship name="banks">
			<destination>{8c3f9de4-14c8-4279-a712-2040780fff61}</destination>
		</relationship>
	</object>
	<object class="EventMixer" id="{0ee3d9d3-8ec0-48ec-b7c6-e525989ac2f8}">
		<relationship name="masterBus">
			<destination>{9945faf8-59c2-44ec-9a61-277633bbfc93}</destination>
		</relationship>
	</object>
	<object class="MasterTrack" id="{85a67181-9fb0-489c-b01d-943bf2b4ad18}">
		<relationship name="mixerGroup">
			<destination>{9945faf8-59c2-44ec-9a61-277633bbfc93}</destination>
		</relationship>
	</object>
	<object class="MixerInput" id="{020a6a0c-ee1e-4654-9301-ebc7018fc623}">
		<relationship name="effectChain">
			<destination>{11e91053-af08-410a-8925-031d36309127}</destination>
		</relationship>
		<relationship name="panner">
			<destination>{3c92efbf-9cad-47fa-b4dc-bb064ef50768}</destination>
		</relationship>
		<relationship name="output">
			<destination>{a74bdffc-cbb2-488b-ae3c-038020e1273d}</destination>
		</relationship>
	</object>
	<object class="EventAutomatableProperties" id="{fcec42a7-02b9-4053-b662-a5617fbfbbaf}" />
	<object class="MarkerTrack" id="{7ba1317d-7b56-43ee-a597-f50a71e5f26c}" />
	<object class="GroupTrack" id="{7226f543-b46d-478e-846a-667600cea7f8}">
		<relationship name="modules">
			<destination>{c9e8c100-cba0-4aae-b9d2-1c2db7568d2c}</destination>
		</relationship>
		<relationship name="mixerGroup">
			<destination>{fb9ff32f-d3b9-4c4e-ae9c-08507750559f}</destination>
		</relationship>
	</object>
	<object class="Timeline" id="{64d51f31-c032-4882-b74a-36c0012a384f}">
		<relationship name="modules">
			<destination>{c9e8c100-cba0-4aae-b9d2-1c2db7568d2c}</destination>
		</relationship>
	</object>
	<object class="EventMixerMaster" id="{9945faf8-59c2-44ec-9a61-277633bbfc93}">
		<relationship name="effectChain">
			<destination>{f670367d-57ac-458d-b205-1d2946bbaa81}</destination>
		</relationship>
		<relationship name="panner">
			<destination>{27bcf7a1-5e26-4db3-839d-24c5d1ff4011}</destination>
		</relationship>
		<relationship name="mixer">
			<destination>{0ee3d9d3-8ec0-48ec-b7c6-e525989ac2f8}</destination>
		</relationship>
	</object>
	<object class="MixerBusEffectChain" id="{11e91053-af08-410a-8925-031d36309127}">
		<relationship name="effects">
			<destination>{2b1eac01-287d-4ca1-87c1-21bcd6a42447}</destination>
		</relationship>
	</object>
	<object class="MixerBusPanner" id="{3c92efbf-9cad-47fa-b4dc-bb064ef50768}" />
	<object class="MultiSound" id="{c9e8c100-cba0-4aae-b9d2-1c2db7568d2c}">
		<property name="length">
			<value>2.3401458333333331</value>
		</property>
		<relationship name="sounds">
			<destination>{f35b3911-b25f-4c25-82b3-ac9a2e0a7ab8}</destination>
			<destination>{8f213fa4-e514-4064-bd9c-cec4c6c7a170}</destination>
			<destination>{be769e8b-780c-4043-9063-61e548f7b152}</destination>
			<destination>{0d4cd3c2-4ba9-4077-9a48-e12815f0bead}</destination>
		</relationship>
	</object>
	<object class="EventMixerGroup" id="{fb9ff32f-d3b9-4c4e-ae9c-08507750559f}">
		<property name="name">
			<value>Audio 1</value>
		</property>
		<relationship name="effectChain">
			<destination>{18585c25-0c01-4a79-8846-6ae460d7dc5e}</destination>
		</relationship>
		<relationship name="panner">
			<destination>{538210a0-d266-4f46-a972-d7f9cd3a9c67}</destination>
		</relationship>
		<relationship name="output">
			<destination>{9945faf8-59c2-44ec-9a61-277633bbfc93}</destination>
		</relationship>
	</object>
	<object class="MixerBusEffectChain" id="{f670367d-57ac-458d-b205-1d2946bbaa81}">
		<relationship name="effects">
			<destination>{71c9d92b-3f5e-41f4-b0c1-be1d36cb1a49}</destination>
		</relationship>
	</object>
	<object class="MixerBusPanner" id="{27bcf7a1-5e26-4db3-839d-24c5d1ff4011}" />
	<object class="MixerBusFader" id="{2b1eac01-287d-4ca1-87c1-21bcd6a42447}" />
	<object class="SingleSound" id="{f35b3911-b25f-4c25-82b3-ac9a2e0a7ab8}">
		<relationship name="audioFile">
			<destination>{9f9d56e7-26b5-4ba0-bac2-e354a3dc417c}</destination>
		</relationship>
	</object>
	<object class="SingleSound" id="{8f213fa4-e514-4064-bd9c-cec4c6c7a170}">
		<relationship name="audioFile">
			<destination>{170cb03d-389a-4f7a-b01d-8c889d6d8eb0}</destination>
		</relationship>
	</object>
	<object class="SingleSound" id="{be769e8b-780c-4043-9063-61e548f7b152}">
		<relationship name="audioFile">
			<destination>{08a3441e-7e97-4817-ab15-cbf6c722f5b9}</destination>
		</relationship>
	</object>
	<object class="SingleSound" id="{0d4cd3c2-4ba9-4077-9a48-e12815f0bead}">
		<relationship name="audioFile">
			<destination>{52c77111-5d85-4868-9b77-a69d7b09045f}</destination>
		</relationship>
	</object>
	<object class="MixerBusEffectChain" id="{18585c25-0c01-4a79-8846-6ae460d7dc5e}">
		<relationship name="effects">
			<destination>{c7980faa-a53c-42e8-9f9c-892ff6531e50}</destination>
		</relationship>
	</object>
	<object class="MixerBusPanner" id="{538210a0-d266-4f46-a972-d7f9cd3a9c67}" />
	<object class="MixerBusFader" id="{71c9d92b-3f5e-41f4-b0c1-be1d36cb1a49}" />
	<object class="MixerBusFader" id="{c7980faa-a53c-42e8-9f9c-892ff6531e50}" />
</objects>
