<?xml version="1.0" encoding="UTF-8"?>
<objects serializationModel="Studio.02.01.00">
	<object class="Event" id="{050e0d76-dc5b-40eb-97a1-5dc0bc1440c8}">
		<property name="name">
			<value>Assigned</value>
		</property>
		<property name="outputFormat">
			<value>0</value>
		</property>
		<relationship name="folder">
			<destination>{bdf91951-0e15-4ea3-82c5-23708b74aa8e}</destination>
		</relationship>
		<relationship name="mixer">
			<destination>{1bd1b3bf-f600-474f-912f-d074edbccd4d}</destination>
		</relationship>
		<relationship name="masterTrack">
			<destination>{a8048ff1-1320-4d70-a788-d1a080ad92fa}</destination>
		</relationship>
		<relationship name="mixerInput">
			<destination>{322f9998-4a1f-4691-b75d-ffcfca5a448b}</destination>
		</relationship>
		<relationship name="automatableProperties">
			<destination>{362fb7c7-5465-4a8d-8cfb-d558a572c8c2}</destination>
		</relationship>
		<relationship name="markerTracks">
			<destination>{28e76591-0fa6-4063-b677-eeb3fc7ac881}</destination>
		</relationship>
		<relationship name="groupTracks">
			<destination>{7ed4533e-effa-47ef-82c2-73af598c1dd0}</destination>
		</relationship>
		<relationship name="timeline">
			<destination>{8361563d-e01f-4ea1-804a-45c05ae981d6}</destination>
		</relationship>
		<relationship name="banks">
			<destination>{8c3f9de4-14c8-4279-a712-2040780fff61}</destination>
		</relationship>
	</object>
	<object class="EventMixer" id="{1bd1b3bf-f600-474f-912f-d074edbccd4d}">
		<relationship name="masterBus">
			<destination>{c96f91ed-cbb6-4eeb-abab-253a6946030d}</destination>
		</relationship>
	</object>
	<object class="MasterTrack" id="{a8048ff1-1320-4d70-a788-d1a080ad92fa}">
		<relationship name="mixerGroup">
			<destination>{c96f91ed-cbb6-4eeb-abab-253a6946030d}</destination>
		</relationship>
	</object>
	<object class="MixerInput" id="{322f9998-4a1f-4691-b75d-ffcfca5a448b}">
		<relationship name="effectChain">
			<destination>{18e35a59-37dd-4b68-af28-63567cc6e3ba}</destination>
		</relationship>
		<relationship name="panner">
			<destination>{a330729c-0c8d-451b-be81-cd4759dfec68}</destination>
		</relationship>
		<relationship name="output">
			<destination>{a74bdffc-cbb2-488b-ae3c-038020e1273d}</destination>
		</relationship>
	</object>
	<object class="EventAutomatableProperties" id="{362fb7c7-5465-4a8d-8cfb-d558a572c8c2}" />
	<object class="MarkerTrack" id="{28e76591-0fa6-4063-b677-eeb3fc7ac881}" />
	<object class="GroupTrack" id="{7ed4533e-effa-47ef-82c2-73af598c1dd0}">
		<relationship name="modules">
			<destination>{4726611e-3a4c-4543-8df3-fb49db74e556}</destination>
		</relationship>
		<relationship name="mixerGroup">
			<destination>{76dbf5ff-8f0a-4186-9075-9b4178e2b9ab}</destination>
		</relationship>
	</object>
	<object class="Timeline" id="{8361563d-e01f-4ea1-804a-45c05ae981d6}">
		<relationship name="modules">
			<destination>{4726611e-3a4c-4543-8df3-fb49db74e556}</destination>
		</relationship>
	</object>
	<object class="EventMixerMaster" id="{c96f91ed-cbb6-4eeb-abab-253a6946030d}">
		<relationship name="effectChain">
			<destination>{c1806778-cc6c-4623-b9bb-84b6a3a7327c}</destination>
		</relationship>
		<relationship name="panner">
			<destination>{09b3fb53-930a-4139-ae64-eca511c9a1d5}</destination>
		</relationship>
		<relationship name="mixer">
			<destination>{1bd1b3bf-f600-474f-912f-d074edbccd4d}</destination>
		</relationship>
	</object>
	<object class="MixerBusEffectChain" id="{18e35a59-37dd-4b68-af28-63567cc6e3ba}">
		<relationship name="effects">
			<destination>{401fb1e6-7fc1-4cf9-84d8-90e735c73ff4}</destination>
		</relationship>
	</object>
	<object class="MixerBusPanner" id="{a330729c-0c8d-451b-be81-cd4759dfec68}" />
	<object class="MultiSound" id="{4726611e-3a4c-4543-8df3-fb49db74e556}">
		<property name="length">
			<value>1.9402916666666667</value>
		</property>
		<relationship name="sounds">
			<destination>{61d631a7-1917-47c4-a6fa-571b02cbd05c}</destination>
			<destination>{cca238bb-9815-4336-acac-9837f78dfd57}</destination>
			<destination>{199f2ad1-51be-4ce1-a4a1-209a93dbada5}</destination>
		</relationship>
	</object>
	<object class="EventMixerGroup" id="{76dbf5ff-8f0a-4186-9075-9b4178e2b9ab}">
		<property name="name">
			<value>Audio 1</value>
		</property>
		<relationship name="effectChain">
			<destination>{ec99ed87-1490-4e27-8d65-c07b523fec79}</destination>
		</relationship>
		<relationship name="panner">
			<destination>{79c28e6e-5fe9-4972-83be-550cddcd8176}</destination>
		</relationship>
		<relationship name="output">
			<destination>{c96f91ed-cbb6-4eeb-abab-253a6946030d}</destination>
		</relationship>
	</object>
	<object class="MixerBusEffectChain" id="{c1806778-cc6c-4623-b9bb-84b6a3a7327c}">
		<relationship name="effects">
			<destination>{ab883ea9-7a6b-4146-988c-0df3a7647c99}</destination>
		</relationship>
	</object>
	<object class="MixerBusPanner" id="{09b3fb53-930a-4139-ae64-eca511c9a1d5}" />
	<object class="MixerBusFader" id="{401fb1e6-7fc1-4cf9-84d8-90e735c73ff4}" />
	<object class="SingleSound" id="{61d631a7-1917-47c4-a6fa-571b02cbd05c}">
		<relationship name="audioFile">
			<destination>{1311005a-dbc2-4376-8ebd-dcc142076ec2}</destination>
		</relationship>
	</object>
	<object class="SingleSound" id="{cca238bb-9815-4336-acac-9837f78dfd57}">
		<relationship name="audioFile">
			<destination>{bcf3b353-c37b-44d6-b409-78ac32df806d}</destination>
		</relationship>
	</object>
	<object class="SingleSound" id="{199f2ad1-51be-4ce1-a4a1-209a93dbada5}">
		<relationship name="audioFile">
			<destination>{3888fcdc-9f6d-49b7-bf5e-2e1cc89ca517}</destination>
		</relationship>
	</object>
	<object class="MixerBusEffectChain" id="{ec99ed87-1490-4e27-8d65-c07b523fec79}">
		<relationship name="effects">
			<destination>{ffe3a7a2-5046-498b-b5cf-b3b7e25aa5aa}</destination>
		</relationship>
	</object>
	<object class="MixerBusPanner" id="{79c28e6e-5fe9-4972-83be-550cddcd8176}" />
	<object class="MixerBusFader" id="{ab883ea9-7a6b-4146-988c-0df3a7647c99}" />
	<object class="MixerBusFader" id="{ffe3a7a2-5046-498b-b5cf-b3b7e25aa5aa}" />
</objects>
