<?xml version="1.0" encoding="UTF-8"?>
<objects serializationModel="Studio.02.01.00">
	<object class="Event" id="{050eab31-e056-4304-bee3-894ee529c6cf}">
		<property name="name">
			<value>Success</value>
		</property>
		<property name="outputFormat">
			<value>0</value>
		</property>
		<relationship name="folder">
			<destination>{611b870b-5b29-44d9-948c-a3eb4996ff87}</destination>
		</relationship>
		<relationship name="mixer">
			<destination>{7718da4f-762e-4cf3-9e66-3028a99a8409}</destination>
		</relationship>
		<relationship name="masterTrack">
			<destination>{b1224be0-b1c1-4fd3-8204-d08fe42bf726}</destination>
		</relationship>
		<relationship name="mixerInput">
			<destination>{85d00e3e-719f-4745-aec6-c98a55783d72}</destination>
		</relationship>
		<relationship name="automatableProperties">
			<destination>{37258efe-7c7f-4f90-ae6f-df1ac9f8f4fd}</destination>
		</relationship>
		<relationship name="markerTracks">
			<destination>{97884752-54c8-4c07-8e3c-692d4c1ddc2d}</destination>
		</relationship>
		<relationship name="groupTracks">
			<destination>{5ccc8acb-4613-42b6-8725-6e9a36229c23}</destination>
		</relationship>
		<relationship name="timeline">
			<destination>{6c91cdd9-295e-44df-a8e0-24f36d567171}</destination>
		</relationship>
		<relationship name="banks">
			<destination>{8c3f9de4-14c8-4279-a712-2040780fff61}</destination>
		</relationship>
	</object>
	<object class="EventMixer" id="{7718da4f-762e-4cf3-9e66-3028a99a8409}">
		<relationship name="masterBus">
			<destination>{732d13aa-7b97-4666-89bb-fe7a772f70f1}</destination>
		</relationship>
	</object>
	<object class="MasterTrack" id="{b1224be0-b1c1-4fd3-8204-d08fe42bf726}">
		<relationship name="mixerGroup">
			<destination>{732d13aa-7b97-4666-89bb-fe7a772f70f1}</destination>
		</relationship>
	</object>
	<object class="MixerInput" id="{85d00e3e-719f-4745-aec6-c98a55783d72}">
		<relationship name="effectChain">
			<destination>{3bf28d0c-4f7f-4136-8006-bf4566452cd4}</destination>
		</relationship>
		<relationship name="panner">
			<destination>{1297375e-918a-4ba4-9441-8e44985f3fde}</destination>
		</relationship>
		<relationship name="output">
			<destination>{a74bdffc-cbb2-488b-ae3c-038020e1273d}</destination>
		</relationship>
	</object>
	<object class="EventAutomatableProperties" id="{37258efe-7c7f-4f90-ae6f-df1ac9f8f4fd}" />
	<object class="MarkerTrack" id="{97884752-54c8-4c07-8e3c-692d4c1ddc2d}" />
	<object class="GroupTrack" id="{5ccc8acb-4613-42b6-8725-6e9a36229c23}">
		<relationship name="modules">
			<destination>{77cb26f7-c387-41bf-b6f9-5b42ebe7316f}</destination>
		</relationship>
		<relationship name="mixerGroup">
			<destination>{a092d0ac-700a-4032-a118-49c7bdac3b5c}</destination>
		</relationship>
	</object>
	<object class="Timeline" id="{6c91cdd9-295e-44df-a8e0-24f36d567171}">
		<relationship name="modules">
			<destination>{77cb26f7-c387-41bf-b6f9-5b42ebe7316f}</destination>
		</relationship>
	</object>
	<object class="EventMixerMaster" id="{732d13aa-7b97-4666-89bb-fe7a772f70f1}">
		<relationship name="effectChain">
			<destination>{f599fe33-97f8-45ab-a0d1-2f47476692e0}</destination>
		</relationship>
		<relationship name="panner">
			<destination>{c62f1864-d56d-42a6-bd9b-fa22a96ef212}</destination>
		</relationship>
		<relationship name="mixer">
			<destination>{7718da4f-762e-4cf3-9e66-3028a99a8409}</destination>
		</relationship>
	</object>
	<object class="MixerBusEffectChain" id="{3bf28d0c-4f7f-4136-8006-bf4566452cd4}">
		<relationship name="effects">
			<destination>{4d396d01-967a-4720-bc77-c2e7da023f33}</destination>
		</relationship>
	</object>
	<object class="MixerBusPanner" id="{1297375e-918a-4ba4-9441-8e44985f3fde}" />
	<object class="MultiSound" id="{77cb26f7-c387-41bf-b6f9-5b42ebe7316f}">
		<property name="length">
			<value>2.8472708333333334</value>
		</property>
		<relationship name="sounds">
			<destination>{5d0065c7-0234-43c1-aec7-d8730193168b}</destination>
			<destination>{642ec10b-7da1-46c7-ae70-983b4df284bf}</destination>
			<destination>{7e96165d-284d-411c-8eee-7557dc30436d}</destination>
			<destination>{5b9e8121-4ac8-4d27-82f5-1e45befe53f5}</destination>
			<destination>{864fbdd8-49ea-44df-aaa5-a66c580019bd}</destination>
		</relationship>
	</object>
	<object class="EventMixerGroup" id="{a092d0ac-700a-4032-a118-49c7bdac3b5c}">
		<property name="name">
			<value>Audio 1</value>
		</property>
		<relationship name="effectChain">
			<destination>{f423cd54-3c19-44f9-97de-9e913f9d996f}</destination>
		</relationship>
		<relationship name="panner">
			<destination>{6b2bb600-5e6b-402e-a998-108a0be2d973}</destination>
		</relationship>
		<relationship name="output">
			<destination>{732d13aa-7b97-4666-89bb-fe7a772f70f1}</destination>
		</relationship>
	</object>
	<object class="MixerBusEffectChain" id="{f599fe33-97f8-45ab-a0d1-2f47476692e0}">
		<relationship name="effects">
			<destination>{7c2917ff-451d-413e-8ea6-6b3a682500c3}</destination>
		</relationship>
	</object>
	<object class="MixerBusPanner" id="{c62f1864-d56d-42a6-bd9b-fa22a96ef212}" />
	<object class="MixerBusFader" id="{4d396d01-967a-4720-bc77-c2e7da023f33}" />
	<object class="SingleSound" id="{5d0065c7-0234-43c1-aec7-d8730193168b}">
		<relationship name="audioFile">
			<destination>{90eb3b49-f629-42df-803f-35606095e8c8}</destination>
		</relationship>
	</object>
	<object class="SingleSound" id="{642ec10b-7da1-46c7-ae70-983b4df284bf}">
		<relationship name="audioFile">
			<destination>{0b270e30-b34f-4eee-9335-d18c6888ca60}</destination>
		</relationship>
	</object>
	<object class="SingleSound" id="{7e96165d-284d-411c-8eee-7557dc30436d}">
		<relationship name="audioFile">
			<destination>{b1ce309a-e41c-43d5-80b2-3ccfd5fbdfb3}</destination>
		</relationship>
	</object>
	<object class="SingleSound" id="{5b9e8121-4ac8-4d27-82f5-1e45befe53f5}">
		<relationship name="audioFile">
			<destination>{210b831e-8a10-47da-a346-697beec7d4e0}</destination>
		</relationship>
	</object>
	<object class="SingleSound" id="{864fbdd8-49ea-44df-aaa5-a66c580019bd}">
		<relationship name="audioFile">
			<destination>{924ba6cf-35cc-4416-b022-56105f224fef}</destination>
		</relationship>
	</object>
	<object class="MixerBusEffectChain" id="{f423cd54-3c19-44f9-97de-9e913f9d996f}">
		<relationship name="effects">
			<destination>{7bd3c4df-14f8-4d69-9dca-04cee2412a73}</destination>
		</relationship>
	</object>
	<object class="MixerBusPanner" id="{6b2bb600-5e6b-402e-a998-108a0be2d973}" />
	<object class="MixerBusFader" id="{7c2917ff-451d-413e-8ea6-6b3a682500c3}" />
	<object class="MixerBusFader" id="{7bd3c4df-14f8-4d69-9dca-04cee2412a73}" />
</objects>
