<?xml version="1.0" encoding="UTF-8"?>
<objects serializationModel="Studio.02.01.00">
	<object class="Event" id="{05477328-1fdd-464b-aec5-25b11a751f22}">
		<property name="name">
			<value>Success</value>
		</property>
		<property name="outputFormat">
			<value>0</value>
		</property>
		<relationship name="folder">
			<destination>{35f95248-bdd4-43d4-8aed-0d3effff2230}</destination>
		</relationship>
		<relationship name="mixer">
			<destination>{7a8370a4-3452-4209-8edb-0c79c29bcfbf}</destination>
		</relationship>
		<relationship name="masterTrack">
			<destination>{d9ac249f-b140-4264-b286-332a81a53408}</destination>
		</relationship>
		<relationship name="mixerInput">
			<destination>{82127def-df67-4847-9bc0-14152ee5250f}</destination>
		</relationship>
		<relationship name="automatableProperties">
			<destination>{c03aa35a-c363-44d9-a3e2-6602124e72d1}</destination>
		</relationship>
		<relationship name="markerTracks">
			<destination>{97915162-4a40-46bf-b528-e66571064f03}</destination>
		</relationship>
		<relationship name="groupTracks">
			<destination>{82fc86bc-3ac3-4d73-8af1-8a1b6784f398}</destination>
		</relationship>
		<relationship name="timeline">
			<destination>{7ab20822-9dff-43c2-b478-0e6bc0742948}</destination>
		</relationship>
		<relationship name="banks">
			<destination>{8c3f9de4-14c8-4279-a712-2040780fff61}</destination>
		</relationship>
	</object>
	<object class="EventMixer" id="{7a8370a4-3452-4209-8edb-0c79c29bcfbf}">
		<relationship name="masterBus">
			<destination>{5c4ace70-7cfb-4ba4-a1f5-a9bfa1317d76}</destination>
		</relationship>
	</object>
	<object class="MasterTrack" id="{d9ac249f-b140-4264-b286-332a81a53408}">
		<relationship name="mixerGroup">
			<destination>{5c4ace70-7cfb-4ba4-a1f5-a9bfa1317d76}</destination>
		</relationship>
	</object>
	<object class="MixerInput" id="{82127def-df67-4847-9bc0-14152ee5250f}">
		<relationship name="effectChain">
			<destination>{9f990607-30a4-4bbc-a97b-6ebc73875bdc}</destination>
		</relationship>
		<relationship name="panner">
			<destination>{7f9dcbd7-39d0-4fef-831d-4b533cdd5cf5}</destination>
		</relationship>
		<relationship name="output">
			<destination>{a74bdffc-cbb2-488b-ae3c-038020e1273d}</destination>
		</relationship>
	</object>
	<object class="EventAutomatableProperties" id="{c03aa35a-c363-44d9-a3e2-6602124e72d1}" />
	<object class="MarkerTrack" id="{97915162-4a40-46bf-b528-e66571064f03}" />
	<object class="GroupTrack" id="{82fc86bc-3ac3-4d73-8af1-8a1b6784f398}">
		<relationship name="modules">
			<destination>{2d2906f9-9d1f-4516-8b94-b0b1bdd9d89b}</destination>
		</relationship>
		<relationship name="mixerGroup">
			<destination>{3cd65532-da19-4e9a-b52b-5bd7cc302f61}</destination>
		</relationship>
	</object>
	<object class="Timeline" id="{7ab20822-9dff-43c2-b478-0e6bc0742948}">
		<relationship name="modules">
			<destination>{2d2906f9-9d1f-4516-8b94-b0b1bdd9d89b}</destination>
		</relationship>
	</object>
	<object class="EventMixerMaster" id="{5c4ace70-7cfb-4ba4-a1f5-a9bfa1317d76}">
		<relationship name="effectChain">
			<destination>{750f313c-2901-47ac-a7d0-cf7060366b3c}</destination>
		</relationship>
		<relationship name="panner">
			<destination>{c1817f52-bc49-42df-a62d-4ae34cdea7f9}</destination>
		</relationship>
		<relationship name="mixer">
			<destination>{7a8370a4-3452-4209-8edb-0c79c29bcfbf}</destination>
		</relationship>
	</object>
	<object class="MixerBusEffectChain" id="{9f990607-30a4-4bbc-a97b-6ebc73875bdc}">
		<relationship name="effects">
			<destination>{791c2120-3fd9-45e6-8f73-2192503a5137}</destination>
		</relationship>
	</object>
	<object class="MixerBusPanner" id="{7f9dcbd7-39d0-4fef-831d-4b533cdd5cf5}" />
	<object class="MultiSound" id="{2d2906f9-9d1f-4516-8b94-b0b1bdd9d89b}">
		<property name="length">
			<value>1.8164374999999999</value>
		</property>
		<relationship name="sounds">
			<destination>{bf5de183-655e-4aeb-9db8-976f98369c41}</destination>
			<destination>{112eed01-03dd-4196-b4db-c02cf88c797b}</destination>
			<destination>{6a6b354e-451e-43f2-b08f-a3df305a19e6}</destination>
		</relationship>
	</object>
	<object class="EventMixerGroup" id="{3cd65532-da19-4e9a-b52b-5bd7cc302f61}">
		<property name="name">
			<value>Audio 1</value>
		</property>
		<relationship name="effectChain">
			<destination>{e9cfb388-17c7-4b74-a8a5-f2923b2e8074}</destination>
		</relationship>
		<relationship name="panner">
			<destination>{5d25e54d-6b50-47b5-abd3-a5ae14c5346a}</destination>
		</relationship>
		<relationship name="output">
			<destination>{5c4ace70-7cfb-4ba4-a1f5-a9bfa1317d76}</destination>
		</relationship>
	</object>
	<object class="MixerBusEffectChain" id="{750f313c-2901-47ac-a7d0-cf7060366b3c}">
		<relationship name="effects">
			<destination>{cefd554b-8128-4594-afea-811742e0d6ed}</destination>
		</relationship>
	</object>
	<object class="MixerBusPanner" id="{c1817f52-bc49-42df-a62d-4ae34cdea7f9}" />
	<object class="MixerBusFader" id="{791c2120-3fd9-45e6-8f73-2192503a5137}" />
	<object class="SingleSound" id="{bf5de183-655e-4aeb-9db8-976f98369c41}">
		<relationship name="audioFile">
			<destination>{b93a9dde-5268-4224-a682-eefc7c12b66f}</destination>
		</relationship>
	</object>
	<object class="SingleSound" id="{112eed01-03dd-4196-b4db-c02cf88c797b}">
		<relationship name="audioFile">
			<destination>{e9664606-711b-4abc-8259-3a769d40e45f}</destination>
		</relationship>
	</object>
	<object class="SingleSound" id="{6a6b354e-451e-43f2-b08f-a3df305a19e6}">
		<relationship name="audioFile">
			<destination>{c0a47d04-49e6-48da-b25e-42ccf39ba93e}</destination>
		</relationship>
	</object>
	<object class="MixerBusEffectChain" id="{e9cfb388-17c7-4b74-a8a5-f2923b2e8074}">
		<relationship name="effects">
			<destination>{82c8db46-b3ed-4c36-99fc-f99b1a54e9f0}</destination>
		</relationship>
	</object>
	<object class="MixerBusPanner" id="{5d25e54d-6b50-47b5-abd3-a5ae14c5346a}" />
	<object class="MixerBusFader" id="{cefd554b-8128-4594-afea-811742e0d6ed}" />
	<object class="MixerBusFader" id="{82c8db46-b3ed-4c36-99fc-f99b1a54e9f0}" />
</objects>
