<?xml version="1.0" encoding="UTF-8"?>
<objects serializationModel="Studio.02.01.00">
	<object class="Event" id="{0542e019-bfdf-40c9-bc73-a67ed9a9bd68}">
		<property name="name">
			<value>Assigned</value>
		</property>
		<property name="outputFormat">
			<value>0</value>
		</property>
		<relationship name="folder">
			<destination>{e622a7c6-cb03-4ec0-b0e7-80e78d8e116b}</destination>
		</relationship>
		<relationship name="mixer">
			<destination>{b59a8d3f-cebd-42c0-9a8b-2bbdf3e2a095}</destination>
		</relationship>
		<relationship name="masterTrack">
			<destination>{72791491-aa8b-426d-b462-b398f33a219b}</destination>
		</relationship>
		<relationship name="mixerInput">
			<destination>{2837021f-e812-416d-a2a3-1031402df5d8}</destination>
		</relationship>
		<relationship name="automatableProperties">
			<destination>{8337e617-c924-4a4e-bed7-c7fa1f50c7e6}</destination>
		</relationship>
		<relationship name="markerTracks">
			<destination>{4b3aab5f-984b-4661-8e9d-322f40174d7a}</destination>
		</relationship>
		<relationship name="groupTracks">
			<destination>{e6ac1108-a9bd-406c-abc6-6454163fa6da}</destination>
		</relationship>
		<relationship name="timeline">
			<destination>{6d8f9fe8-20c5-4582-8f46-86ff238f5625}</destination>
		</relationship>
		<relationship name="banks">
			<destination>{8c3f9de4-14c8-4279-a712-2040780fff61}</destination>
		</relationship>
	</object>
	<object class="EventMixer" id="{b59a8d3f-cebd-42c0-9a8b-2bbdf3e2a095}">
		<relationship name="masterBus">
			<destination>{2f4fd742-7b82-419f-abd2-fbcc06e1495c}</destination>
		</relationship>
	</object>
	<object class="MasterTrack" id="{72791491-aa8b-426d-b462-b398f33a219b}">
		<relationship name="mixerGroup">
			<destination>{2f4fd742-7b82-419f-abd2-fbcc06e1495c}</destination>
		</relationship>
	</object>
	<object class="MixerInput" id="{2837021f-e812-416d-a2a3-1031402df5d8}">
		<relationship name="effectChain">
			<destination>{29eda8c2-2e9e-4063-9216-5b95aae4f280}</destination>
		</relationship>
		<relationship name="panner">
			<destination>{e3c0209f-f453-4481-841e-b5e6559f5dfa}</destination>
		</relationship>
		<relationship name="output">
			<destination>{a74bdffc-cbb2-488b-ae3c-038020e1273d}</destination>
		</relationship>
	</object>
	<object class="EventAutomatableProperties" id="{8337e617-c924-4a4e-bed7-c7fa1f50c7e6}" />
	<object class="MarkerTrack" id="{4b3aab5f-984b-4661-8e9d-322f40174d7a}" />
	<object class="GroupTrack" id="{e6ac1108-a9bd-406c-abc6-6454163fa6da}">
		<relationship name="modules">
			<destination>{0636533f-6269-4619-b1ea-67562cabd64b}</destination>
		</relationship>
		<relationship name="mixerGroup">
			<destination>{83a09ff7-f3ed-44b2-9dc9-9de3a6f7059d}</destination>
		</relationship>
	</object>
	<object class="Timeline" id="{6d8f9fe8-20c5-4582-8f46-86ff238f5625}">
		<relationship name="modules">
			<destination>{0636533f-6269-4619-b1ea-67562cabd64b}</destination>
		</relationship>
	</object>
	<object class="EventMixerMaster" id="{2f4fd742-7b82-419f-abd2-fbcc06e1495c}">
		<relationship name="effectChain">
			<destination>{a9c28ecb-355f-418e-b132-fd2e4afede00}</destination>
		</relationship>
		<relationship name="panner">
			<destination>{f237a797-e19d-4568-ba44-ad9a896e0f1c}</destination>
		</relationship>
		<relationship name="mixer">
			<destination>{b59a8d3f-cebd-42c0-9a8b-2bbdf3e2a095}</destination>
		</relationship>
	</object>
	<object class="MixerBusEffectChain" id="{29eda8c2-2e9e-4063-9216-5b95aae4f280}">
		<relationship name="effects">
			<destination>{17a9e3cc-8c38-4ef4-b7b9-17919b1dd4c5}</destination>
		</relationship>
	</object>
	<object class="MixerBusPanner" id="{e3c0209f-f453-4481-841e-b5e6559f5dfa}" />
	<object class="MultiSound" id="{0636533f-6269-4619-b1ea-67562cabd64b}">
		<property name="length">
			<value>2.340125</value>
		</property>
		<relationship name="sounds">
			<destination>{11e9c596-7a47-4aaf-a02f-15e720e9fd03}</destination>
			<destination>{1e895d0d-6496-4307-8c61-d452308cb5fd}</destination>
			<destination>{81d83332-42e7-4451-8d98-fe13ca843a68}</destination>
			<destination>{856d5df1-1102-467e-acb7-a9023ebfa53f}</destination>
			<destination>{3c508978-d941-4c7b-878a-525457fa5e4d}</destination>
			<destination>{001ce1e2-2260-4b7f-9e0c-b910c0cda51b}</destination>
		</relationship>
	</object>
	<object class="EventMixerGroup" id="{83a09ff7-f3ed-44b2-9dc9-9de3a6f7059d}">
		<property name="name">
			<value>Audio 1</value>
		</property>
		<relationship name="effectChain">
			<destination>{f6d09469-898b-422d-8f71-e718cab806e3}</destination>
		</relationship>
		<relationship name="panner">
			<destination>{59f10cde-561b-4f5c-a0cc-230514231dd9}</destination>
		</relationship>
		<relationship name="output">
			<destination>{2f4fd742-7b82-419f-abd2-fbcc06e1495c}</destination>
		</relationship>
	</object>
	<object class="MixerBusEffectChain" id="{a9c28ecb-355f-418e-b132-fd2e4afede00}">
		<relationship name="effects">
			<destination>{0a370788-6039-434e-a0dd-dec80cceeca3}</destination>
		</relationship>
	</object>
	<object class="MixerBusPanner" id="{f237a797-e19d-4568-ba44-ad9a896e0f1c}" />
	<object class="MixerBusFader" id="{17a9e3cc-8c38-4ef4-b7b9-17919b1dd4c5}" />
	<object class="SingleSound" id="{11e9c596-7a47-4aaf-a02f-15e720e9fd03}">
		<relationship name="audioFile">
			<destination>{6b778400-de36-4c15-a596-96da822acbed}</destination>
		</relationship>
	</object>
	<object class="SingleSound" id="{1e895d0d-6496-4307-8c61-d452308cb5fd}">
		<relationship name="audioFile">
			<destination>{346acf9e-4ed1-469f-ade9-e809b81710c7}</destination>
		</relationship>
	</object>
	<object class="SingleSound" id="{81d83332-42e7-4451-8d98-fe13ca843a68}">
		<relationship name="audioFile">
			<destination>{a70c6706-02d1-4df0-9826-7c98b3195c73}</destination>
		</relationship>
	</object>
	<object class="SingleSound" id="{856d5df1-1102-467e-acb7-a9023ebfa53f}">
		<relationship name="audioFile">
			<destination>{ee5d48d0-6265-4a48-a9c4-a278c9699c64}</destination>
		</relationship>
	</object>
	<object class="SingleSound" id="{3c508978-d941-4c7b-878a-525457fa5e4d}">
		<relationship name="audioFile">
			<destination>{712e5742-d267-4691-93f0-233ad4834c8c}</destination>
		</relationship>
	</object>
	<object class="SingleSound" id="{001ce1e2-2260-4b7f-9e0c-b910c0cda51b}">
		<relationship name="audioFile">
			<destination>{5a4acdee-4bc0-4a8f-bcd5-d396e64c0d72}</destination>
		</relationship>
	</object>
	<object class="MixerBusEffectChain" id="{f6d09469-898b-422d-8f71-e718cab806e3}">
		<relationship name="effects">
			<destination>{25a0dbda-c729-446b-9ecd-2230c3e3fb3d}</destination>
		</relationship>
	</object>
	<object class="MixerBusPanner" id="{59f10cde-561b-4f5c-a0cc-230514231dd9}" />
	<object class="MixerBusFader" id="{0a370788-6039-434e-a0dd-dec80cceeca3}" />
	<object class="MixerBusFader" id="{25a0dbda-c729-446b-9ecd-2230c3e3fb3d}" />
</objects>
