<?xml version="1.0" encoding="UTF-8"?>
<objects serializationModel="Studio.02.01.00">
	<object class="Event" id="{0540140f-47f8-42ce-bc5b-625c823a758e}">
		<property name="name">
			<value>Failure</value>
		</property>
		<property name="outputFormat">
			<value>0</value>
		</property>
		<relationship name="folder">
			<destination>{0623fe05-0fdd-4cba-a681-2fdc89929c62}</destination>
		</relationship>
		<relationship name="mixer">
			<destination>{6aee3a58-d6b3-4210-9da6-ae101b384849}</destination>
		</relationship>
		<relationship name="masterTrack">
			<destination>{d3d7f33c-e3a4-4283-9fb2-db4803401184}</destination>
		</relationship>
		<relationship name="mixerInput">
			<destination>{7d84277b-ca95-441a-a9db-9b177a0bc7b5}</destination>
		</relationship>
		<relationship name="automatableProperties">
			<destination>{abface32-2cf0-45fe-a0ba-82b3ea99b74d}</destination>
		</relationship>
		<relationship name="markerTracks">
			<destination>{653adb26-786c-4ec5-8038-7760086371fa}</destination>
		</relationship>
		<relationship name="groupTracks">
			<destination>{e71165a6-357c-43db-b9b3-e6526de38b77}</destination>
		</relationship>
		<relationship name="timeline">
			<destination>{22e1485a-48b8-4643-9147-a1ca825b5b88}</destination>
		</relationship>
		<relationship name="banks">
			<destination>{8c3f9de4-14c8-4279-a712-2040780fff61}</destination>
		</relationship>
	</object>
	<object class="EventMixer" id="{6aee3a58-d6b3-4210-9da6-ae101b384849}">
		<relationship name="masterBus">
			<destination>{f1d1746d-4a34-452d-b2a9-075846e093ba}</destination>
		</relationship>
	</object>
	<object class="MasterTrack" id="{d3d7f33c-e3a4-4283-9fb2-db4803401184}">
		<relationship name="mixerGroup">
			<destination>{f1d1746d-4a34-452d-b2a9-075846e093ba}</destination>
		</relationship>
	</object>
	<object class="MixerInput" id="{7d84277b-ca95-441a-a9db-9b177a0bc7b5}">
		<relationship name="effectChain">
			<destination>{dfee16bd-a6dc-466b-a0c1-ca16b5a5a45a}</destination>
		</relationship>
		<relationship name="panner">
			<destination>{6f6ddd59-a740-4a89-a2de-6c5d2afb14b4}</destination>
		</relationship>
		<relationship name="output">
			<destination>{a74bdffc-cbb2-488b-ae3c-038020e1273d}</destination>
		</relationship>
	</object>
	<object class="EventAutomatableProperties" id="{abface32-2cf0-45fe-a0ba-82b3ea99b74d}" />
	<object class="MarkerTrack" id="{653adb26-786c-4ec5-8038-7760086371fa}" />
	<object class="GroupTrack" id="{e71165a6-357c-43db-b9b3-e6526de38b77}">
		<relationship name="modules">
			<destination>{161d839e-72dd-4261-8346-921a7573f181}</destination>
		</relationship>
		<relationship name="mixerGroup">
			<destination>{5802d6e6-251a-4e9f-892f-5a6bc91cba83}</destination>
		</relationship>
	</object>
	<object class="Timeline" id="{22e1485a-48b8-4643-9147-a1ca825b5b88}">
		<relationship name="modules">
			<destination>{161d839e-72dd-4261-8346-921a7573f181}</destination>
		</relationship>
	</object>
	<object class="EventMixerMaster" id="{f1d1746d-4a34-452d-b2a9-075846e093ba}">
		<relationship name="effectChain">
			<destination>{cd659f56-47ff-40cb-b951-38379a4005ac}</destination>
		</relationship>
		<relationship name="panner">
			<destination>{a4a06ab2-1ab8-49e2-a2b3-8ef2f75f6888}</destination>
		</relationship>
		<relationship name="mixer">
			<destination>{6aee3a58-d6b3-4210-9da6-ae101b384849}</destination>
		</relationship>
	</object>
	<object class="MixerBusEffectChain" id="{dfee16bd-a6dc-466b-a0c1-ca16b5a5a45a}">
		<relationship name="effects">
			<destination>{08278967-2796-4200-a375-fddab38b3b7b}</destination>
		</relationship>
	</object>
	<object class="MixerBusPanner" id="{6f6ddd59-a740-4a89-a2de-6c5d2afb14b4}" />
	<object class="MultiSound" id="{161d839e-72dd-4261-8346-921a7573f181}">
		<property name="length">
			<value>1.677875</value>
		</property>
		<relationship name="sounds">
			<destination>{c652c348-09b2-445f-b0a8-703cc69b39e9}</destination>
			<destination>{f4877c4d-fa3f-490e-b1cb-0e88726459ef}</destination>
			<destination>{003cc22e-7ae7-43d5-a2a0-78bd82d1571b}</destination>
			<destination>{bdc4ec25-509a-46c6-9b8c-3cd12e39d1fa}</destination>
		</relationship>
	</object>
	<object class="EventMixerGroup" id="{5802d6e6-251a-4e9f-892f-5a6bc91cba83}">
		<property name="name">
			<value>Audio 1</value>
		</property>
		<relationship name="effectChain">
			<destination>{030f4def-0a77-45ec-86a2-acac4bdcbcf1}</destination>
		</relationship>
		<relationship name="panner">
			<destination>{dbac6f62-ebed-4d57-adc4-6a430388cc8b}</destination>
		</relationship>
		<relationship name="output">
			<destination>{f1d1746d-4a34-452d-b2a9-075846e093ba}</destination>
		</relationship>
	</object>
	<object class="MixerBusEffectChain" id="{cd659f56-47ff-40cb-b951-38379a4005ac}">
		<relationship name="effects">
			<destination>{1fa319f7-bef9-4f94-a5f3-201e91b8a5b1}</destination>
		</relationship>
	</object>
	<object class="MixerBusPanner" id="{a4a06ab2-1ab8-49e2-a2b3-8ef2f75f6888}" />
	<object class="MixerBusFader" id="{08278967-2796-4200-a375-fddab38b3b7b}" />
	<object class="SingleSound" id="{c652c348-09b2-445f-b0a8-703cc69b39e9}">
		<relationship name="audioFile">
			<destination>{3ffa120c-c791-469e-8045-7fb9e3ea7a3f}</destination>
		</relationship>
	</object>
	<object class="SingleSound" id="{f4877c4d-fa3f-490e-b1cb-0e88726459ef}">
		<relationship name="audioFile">
			<destination>{4f69dc0a-2170-40b1-a027-e0b6bc1e0c80}</destination>
		</relationship>
	</object>
	<object class="SingleSound" id="{003cc22e-7ae7-43d5-a2a0-78bd82d1571b}">
		<relationship name="audioFile">
			<destination>{83167ebc-b6eb-4fa4-9e56-7f2beeaa7060}</destination>
		</relationship>
	</object>
	<object class="SingleSound" id="{bdc4ec25-509a-46c6-9b8c-3cd12e39d1fa}">
		<relationship name="audioFile">
			<destination>{c09bfa3a-a935-4275-9cc1-3dba1f53e3a6}</destination>
		</relationship>
	</object>
	<object class="MixerBusEffectChain" id="{030f4def-0a77-45ec-86a2-acac4bdcbcf1}">
		<relationship name="effects">
			<destination>{e6160f42-2a53-49a5-9061-ab398fbd2c2a}</destination>
		</relationship>
	</object>
	<object class="MixerBusPanner" id="{dbac6f62-ebed-4d57-adc4-6a430388cc8b}" />
	<object class="MixerBusFader" id="{1fa319f7-bef9-4f94-a5f3-201e91b8a5b1}" />
	<object class="MixerBusFader" id="{e6160f42-2a53-49a5-9061-ab398fbd2c2a}" />
</objects>
