<?xml version="1.0" encoding="UTF-8"?>
<objects serializationModel="Studio.02.01.00">
	<object class="Event" id="{056ed459-3037-4273-8648-0c43db44c6f6}">
		<property name="name">
			<value>MissionAbort</value>
		</property>
		<property name="outputFormat">
			<value>0</value>
		</property>
		<relationship name="folder">
			<destination>{f2237232-9754-4aa7-addf-f0892c5e0fae}</destination>
		</relationship>
		<relationship name="mixer">
			<destination>{c34da64f-8766-40af-8ce5-76799c192c9c}</destination>
		</relationship>
		<relationship name="masterTrack">
			<destination>{4884acbb-8ae5-4ba4-b0b2-1ead9139875a}</destination>
		</relationship>
		<relationship name="mixerInput">
			<destination>{f493129f-be0c-4f52-956b-a4cb0e93adba}</destination>
		</relationship>
		<relationship name="automatableProperties">
			<destination>{c4d0d4cd-963b-46aa-ad4f-1aeb5581b9fe}</destination>
		</relationship>
		<relationship name="markerTracks">
			<destination>{f65b25fd-7490-4168-8314-65b409b18063}</destination>
		</relationship>
		<relationship name="groupTracks">
			<destination>{df6ddbd2-41fb-4eb4-a488-886d5d7541d8}</destination>
		</relationship>
		<relationship name="timeline">
			<destination>{15ccc4d4-88b6-49dc-b44f-eb4fe3500e81}</destination>
		</relationship>
		<relationship name="banks">
			<destination>{8c3f9de4-14c8-4279-a712-2040780fff61}</destination>
		</relationship>
	</object>
	<object class="EventMixer" id="{c34da64f-8766-40af-8ce5-76799c192c9c}">
		<relationship name="masterBus">
			<destination>{7f33cbf9-000e-45d8-9a4b-7b216d47a894}</destination>
		</relationship>
	</object>
	<object class="MasterTrack" id="{4884acbb-8ae5-4ba4-b0b2-1ead9139875a}">
		<relationship name="mixerGroup">
			<destination>{7f33cbf9-000e-45d8-9a4b-7b216d47a894}</destination>
		</relationship>
	</object>
	<object class="MixerInput" id="{f493129f-be0c-4f52-956b-a4cb0e93adba}">
		<relationship name="effectChain">
			<destination>{842f97c4-504e-4188-a3f3-f8f76615a5f2}</destination>
		</relationship>
		<relationship name="panner">
			<destination>{745502fe-b859-442d-97d0-156dd6b9db7b}</destination>
		</relationship>
		<relationship name="output">
			<destination>{a74bdffc-cbb2-488b-ae3c-038020e1273d}</destination>
		</relationship>
	</object>
	<object class="EventAutomatableProperties" id="{c4d0d4cd-963b-46aa-ad4f-1aeb5581b9fe}" />
	<object class="MarkerTrack" id="{f65b25fd-7490-4168-8314-65b409b18063}" />
	<object class="GroupTrack" id="{df6ddbd2-41fb-4eb4-a488-886d5d7541d8}">
		<relationship name="modules">
			<destination>{91933fe4-851a-446e-8dd3-f64333f41be3}</destination>
		</relationship>
		<relationship name="mixerGroup">
			<destination>{c329ec65-6d03-4cd2-b0c4-d4e91a8dbc69}</destination>
		</relationship>
	</object>
	<object class="Timeline" id="{15ccc4d4-88b6-49dc-b44f-eb4fe3500e81}">
		<relationship name="modules">
			<destination>{91933fe4-851a-446e-8dd3-f64333f41be3}</destination>
		</relationship>
	</object>
	<object class="EventMixerMaster" id="{7f33cbf9-000e-45d8-9a4b-7b216d47a894}">
		<relationship name="effectChain">
			<destination>{4dade4aa-69b7-4c64-854e-cb59778aeddb}</destination>
		</relationship>
		<relationship name="panner">
			<destination>{23342ae1-bd50-4f32-8bdf-12159df05819}</destination>
		</relationship>
		<relationship name="mixer">
			<destination>{c34da64f-8766-40af-8ce5-76799c192c9c}</destination>
		</relationship>
	</object>
	<object class="MixerBusEffectChain" id="{842f97c4-504e-4188-a3f3-f8f76615a5f2}">
		<relationship name="effects">
			<destination>{a11f7b31-8c76-4da8-984f-7ffe719e48fb}</destination>
		</relationship>
	</object>
	<object class="MixerBusPanner" id="{745502fe-b859-442d-97d0-156dd6b9db7b}" />
	<object class="MultiSound" id="{91933fe4-851a-446e-8dd3-f64333f41be3}">
		<property name="length">
			<value>1.6718958333333334</value>
		</property>
		<relationship name="sounds">
			<destination>{ef52f1be-0349-40dd-af84-15ed40e337d3}</destination>
			<destination>{6da96c45-07af-48b4-889c-cecb9a2fd32f}</destination>
			<destination>{b41f8be2-75b2-434d-8921-9c437d3fd71b}</destination>
			<destination>{00011afa-8cec-49a4-bb8d-cdbcbefaf655}</destination>
		</relationship>
	</object>
	<object class="EventMixerGroup" id="{c329ec65-6d03-4cd2-b0c4-d4e91a8dbc69}">
		<property name="name">
			<value>Audio 1</value>
		</property>
		<relationship name="effectChain">
			<destination>{c4ad4a4a-899f-4063-9338-4d5fca504818}</destination>
		</relationship>
		<relationship name="panner">
			<destination>{5031b64e-562c-459b-a3e8-3cb6e027158c}</destination>
		</relationship>
		<relationship name="output">
			<destination>{7f33cbf9-000e-45d8-9a4b-7b216d47a894}</destination>
		</relationship>
	</object>
	<object class="MixerBusEffectChain" id="{4dade4aa-69b7-4c64-854e-cb59778aeddb}">
		<relationship name="effects">
			<destination>{f2b63877-e08d-4c1e-a405-551c648e23f6}</destination>
		</relationship>
	</object>
	<object class="MixerBusPanner" id="{23342ae1-bd50-4f32-8bdf-12159df05819}" />
	<object class="MixerBusFader" id="{a11f7b31-8c76-4da8-984f-7ffe719e48fb}" />
	<object class="SingleSound" id="{ef52f1be-0349-40dd-af84-15ed40e337d3}">
		<relationship name="audioFile">
			<destination>{9981cbfd-558a-48c4-a967-f23af24d0bc6}</destination>
		</relationship>
	</object>
	<object class="SingleSound" id="{6da96c45-07af-48b4-889c-cecb9a2fd32f}">
		<relationship name="audioFile">
			<destination>{5ad33b00-2390-422c-9a28-49bc09f3b1d1}</destination>
		</relationship>
	</object>
	<object class="SingleSound" id="{b41f8be2-75b2-434d-8921-9c437d3fd71b}">
		<relationship name="audioFile">
			<destination>{bd9b46e8-426f-4062-aad7-ca4d22c0e9b7}</destination>
		</relationship>
	</object>
	<object class="SingleSound" id="{00011afa-8cec-49a4-bb8d-cdbcbefaf655}">
		<relationship name="audioFile">
			<destination>{bcdfcadc-f475-47b7-b314-3c8757500e85}</destination>
		</relationship>
	</object>
	<object class="MixerBusEffectChain" id="{c4ad4a4a-899f-4063-9338-4d5fca504818}">
		<relationship name="effects">
			<destination>{c9b379e9-fcfc-4b6e-8b4b-e86659b77fd0}</destination>
		</relationship>
	</object>
	<object class="MixerBusPanner" id="{5031b64e-562c-459b-a3e8-3cb6e027158c}" />
	<object class="MixerBusFader" id="{f2b63877-e08d-4c1e-a405-551c648e23f6}" />
	<object class="MixerBusFader" id="{c9b379e9-fcfc-4b6e-8b4b-e86659b77fd0}" />
</objects>
