<?xml version="1.0" encoding="UTF-8"?>
<objects serializationModel="Studio.02.01.00">
	<object class="Event" id="{0584a78b-0e59-4379-9010-03c173232339}">
		<property name="name">
			<value>Failure</value>
		</property>
		<property name="outputFormat">
			<value>0</value>
		</property>
		<relationship name="folder">
			<destination>{42a87457-c9f0-40c7-8373-b9fbfed00c25}</destination>
		</relationship>
		<relationship name="mixer">
			<destination>{a69baf0a-f6bc-4283-9d43-886d39139020}</destination>
		</relationship>
		<relationship name="masterTrack">
			<destination>{3197242b-b81c-4aac-8121-11ed1d1deb0c}</destination>
		</relationship>
		<relationship name="mixerInput">
			<destination>{59af8a03-4916-446e-b045-692becb45f38}</destination>
		</relationship>
		<relationship name="automatableProperties">
			<destination>{051d3e19-785d-412c-9eb0-20e3274f85ee}</destination>
		</relationship>
		<relationship name="markerTracks">
			<destination>{17a35ec5-0f10-430e-b1bf-4a2039d4b4d7}</destination>
		</relationship>
		<relationship name="groupTracks">
			<destination>{414047df-ae7f-4e20-b2c5-c7de02bd2802}</destination>
		</relationship>
		<relationship name="timeline">
			<destination>{4dddbe23-f9d0-46c0-849d-bded65aab2f5}</destination>
		</relationship>
		<relationship name="banks">
			<destination>{8c3f9de4-14c8-4279-a712-2040780fff61}</destination>
		</relationship>
	</object>
	<object class="EventMixer" id="{a69baf0a-f6bc-4283-9d43-886d39139020}">
		<relationship name="masterBus">
			<destination>{4bb02828-a8a1-4459-bcbe-1f4f5143ad17}</destination>
		</relationship>
	</object>
	<object class="MasterTrack" id="{3197242b-b81c-4aac-8121-11ed1d1deb0c}">
		<relationship name="mixerGroup">
			<destination>{4bb02828-a8a1-4459-bcbe-1f4f5143ad17}</destination>
		</relationship>
	</object>
	<object class="MixerInput" id="{59af8a03-4916-446e-b045-692becb45f38}">
		<relationship name="effectChain">
			<destination>{a58e9ae8-c16f-4e56-a7b9-d51766ddf704}</destination>
		</relationship>
		<relationship name="panner">
			<destination>{6e2f111a-2084-47d2-877f-f562a0d1590f}</destination>
		</relationship>
		<relationship name="output">
			<destination>{a74bdffc-cbb2-488b-ae3c-038020e1273d}</destination>
		</relationship>
	</object>
	<object class="EventAutomatableProperties" id="{051d3e19-785d-412c-9eb0-20e3274f85ee}" />
	<object class="MarkerTrack" id="{17a35ec5-0f10-430e-b1bf-4a2039d4b4d7}" />
	<object class="GroupTrack" id="{414047df-ae7f-4e20-b2c5-c7de02bd2802}">
		<relationship name="modules">
			<destination>{465a8ab6-139e-42c8-b6ba-d51b2875f635}</destination>
		</relationship>
		<relationship name="mixerGroup">
			<destination>{e5aaac4d-fc71-4866-95d0-cc7d972ecb3e}</destination>
		</relationship>
	</object>
	<object class="Timeline" id="{4dddbe23-f9d0-46c0-849d-bded65aab2f5}">
		<relationship name="modules">
			<destination>{465a8ab6-139e-42c8-b6ba-d51b2875f635}</destination>
		</relationship>
	</object>
	<object class="EventMixerMaster" id="{4bb02828-a8a1-4459-bcbe-1f4f5143ad17}">
		<relationship name="effectChain">
			<destination>{e7d8a179-aa04-4994-bc0f-d082dfbbb30e}</destination>
		</relationship>
		<relationship name="panner">
			<destination>{957aed1e-7808-4894-82a3-14a8a39f6ea0}</destination>
		</relationship>
		<relationship name="mixer">
			<destination>{a69baf0a-f6bc-4283-9d43-886d39139020}</destination>
		</relationship>
	</object>
	<object class="MixerBusEffectChain" id="{a58e9ae8-c16f-4e56-a7b9-d51766ddf704}">
		<relationship name="effects">
			<destination>{d97f8c39-3a6a-488c-90f0-13d2153630fd}</destination>
		</relationship>
	</object>
	<object class="MixerBusPanner" id="{6e2f111a-2084-47d2-877f-f562a0d1590f}" />
	<object class="MultiSound" id="{465a8ab6-139e-42c8-b6ba-d51b2875f635}">
		<property name="length">
			<value>2.8485</value>
		</property>
		<relationship name="sounds">
			<destination>{746ef02d-868c-4ff6-9d0a-8dc2f667ed25}</destination>
			<destination>{8c7c8cf3-b358-44f5-a215-0f6215331a3a}</destination>
		</relationship>
	</object>
	<object class="EventMixerGroup" id="{e5aaac4d-fc71-4866-95d0-cc7d972ecb3e}">
		<property name="name">
			<value>Audio 1</value>
		</property>
		<relationship name="effectChain">
			<destination>{26e82c9c-e0b6-4946-815a-188ec130c8bb}</destination>
		</relationship>
		<relationship name="panner">
			<destination>{4ce25f64-8f53-4710-b260-13686c2ac549}</destination>
		</relationship>
		<relationship name="output">
			<destination>{4bb02828-a8a1-4459-bcbe-1f4f5143ad17}</destination>
		</relationship>
	</object>
	<object class="MixerBusEffectChain" id="{e7d8a179-aa04-4994-bc0f-d082dfbbb30e}">
		<relationship name="effects">
			<destination>{22721342-9e51-45dc-b999-6fcdc8807499}</destination>
		</relationship>
	</object>
	<object class="MixerBusPanner" id="{957aed1e-7808-4894-82a3-14a8a39f6ea0}" />
	<object class="MixerBusFader" id="{d97f8c39-3a6a-488c-90f0-13d2153630fd}" />
	<object class="SingleSound" id="{746ef02d-868c-4ff6-9d0a-8dc2f667ed25}">
		<relationship name="audioFile">
			<destination>{91d6d4c7-295d-47fc-b914-2bf465c6adec}</destination>
		</relationship>
	</object>
	<object class="SingleSound" id="{8c7c8cf3-b358-44f5-a215-0f6215331a3a}">
		<relationship name="audioFile">
			<destination>{e04e0d23-7271-47e5-a4cb-76c9fd8349d0}</destination>
		</relationship>
	</object>
	<object class="MixerBusEffectChain" id="{26e82c9c-e0b6-4946-815a-188ec130c8bb}">
		<relationship name="effects">
			<destination>{4f75a103-caa1-4c53-844a-45648ea7859b}</destination>
		</relationship>
	</object>
	<object class="MixerBusPanner" id="{4ce25f64-8f53-4710-b260-13686c2ac549}" />
	<object class="MixerBusFader" id="{22721342-9e51-45dc-b999-6fcdc8807499}" />
	<object class="MixerBusFader" id="{4f75a103-caa1-4c53-844a-45648ea7859b}" />
</objects>
