<?xml version="1.0" encoding="UTF-8"?>
<objects serializationModel="Studio.02.01.00">
	<object class="Event" id="{05b46764-2748-4f24-8cb7-f9c93ec00740}">
		<property name="name">
			<value>Success</value>
		</property>
		<property name="outputFormat">
			<value>0</value>
		</property>
		<relationship name="folder">
			<destination>{8dc239a5-50b8-495e-a86a-9a85c5604310}</destination>
		</relationship>
		<relationship name="mixer">
			<destination>{40d89421-c6b5-4560-a92a-754c3c8fe292}</destination>
		</relationship>
		<relationship name="masterTrack">
			<destination>{41c4c831-2a45-47b2-808d-a26385612c42}</destination>
		</relationship>
		<relationship name="mixerInput">
			<destination>{6fbc50aa-b595-41f9-b01c-8195383448e5}</destination>
		</relationship>
		<relationship name="automatableProperties">
			<destination>{c56cfbb9-a31f-4161-89fc-a0b689be8251}</destination>
		</relationship>
		<relationship name="markerTracks">
			<destination>{858c4615-f3cb-4438-8510-d2ee30d29c09}</destination>
		</relationship>
		<relationship name="groupTracks">
			<destination>{37198a5c-193b-4985-a41b-7642e144d8d0}</destination>
		</relationship>
		<relationship name="timeline">
			<destination>{af44eb78-8e40-4388-bb0d-65d8688d42e4}</destination>
		</relationship>
		<relationship name="banks">
			<destination>{8c3f9de4-14c8-4279-a712-2040780fff61}</destination>
		</relationship>
	</object>
	<object class="EventMixer" id="{40d89421-c6b5-4560-a92a-754c3c8fe292}">
		<relationship name="masterBus">
			<destination>{28cb6874-c9ac-4e37-81eb-e06416fc3d11}</destination>
		</relationship>
	</object>
	<object class="MasterTrack" id="{41c4c831-2a45-47b2-808d-a26385612c42}">
		<relationship name="mixerGroup">
			<destination>{28cb6874-c9ac-4e37-81eb-e06416fc3d11}</destination>
		</relationship>
	</object>
	<object class="MixerInput" id="{6fbc50aa-b595-41f9-b01c-8195383448e5}">
		<relationship name="effectChain">
			<destination>{491b2753-36b3-45c8-8566-2edf40042a23}</destination>
		</relationship>
		<relationship name="panner">
			<destination>{83ba86d9-8c31-45f2-b902-23c9dfa530c7}</destination>
		</relationship>
		<relationship name="output">
			<destination>{a74bdffc-cbb2-488b-ae3c-038020e1273d}</destination>
		</relationship>
	</object>
	<object class="EventAutomatableProperties" id="{c56cfbb9-a31f-4161-89fc-a0b689be8251}" />
	<object class="MarkerTrack" id="{858c4615-f3cb-4438-8510-d2ee30d29c09}" />
	<object class="GroupTrack" id="{37198a5c-193b-4985-a41b-7642e144d8d0}">
		<relationship name="modules">
			<destination>{fd2e79a1-9963-44ca-9ed2-f8936887b561}</destination>
		</relationship>
		<relationship name="mixerGroup">
			<destination>{278e5555-624d-4afa-a314-85bc0ac61467}</destination>
		</relationship>
	</object>
	<object class="Timeline" id="{af44eb78-8e40-4388-bb0d-65d8688d42e4}">
		<relationship name="modules">
			<destination>{fd2e79a1-9963-44ca-9ed2-f8936887b561}</destination>
		</relationship>
	</object>
	<object class="EventMixerMaster" id="{28cb6874-c9ac-4e37-81eb-e06416fc3d11}">
		<relationship name="effectChain">
			<destination>{a9964df6-95d2-4e05-880a-1a42b4a0fe12}</destination>
		</relationship>
		<relationship name="panner">
			<destination>{f0ed006f-c6cb-4d16-a0d7-6b9b8b12c438}</destination>
		</relationship>
		<relationship name="mixer">
			<destination>{40d89421-c6b5-4560-a92a-754c3c8fe292}</destination>
		</relationship>
	</object>
	<object class="MixerBusEffectChain" id="{491b2753-36b3-45c8-8566-2edf40042a23}">
		<relationship name="effects">
			<destination>{4da6c99b-5236-4229-9bc4-6aeb5492a168}</destination>
		</relationship>
	</object>
	<object class="MixerBusPanner" id="{83ba86d9-8c31-45f2-b902-23c9dfa530c7}" />
	<object class="MultiSound" id="{fd2e79a1-9963-44ca-9ed2-f8936887b561}">
		<property name="length">
			<value>1.7525416666666667</value>
		</property>
		<relationship name="sounds">
			<destination>{6c559506-05dd-451a-b638-e477807544f4}</destination>
			<destination>{fd76a856-52c7-4bb5-a503-ce3b9ae58bfe}</destination>
			<destination>{c6d825ed-2ce3-4082-a0fc-febb095449d2}</destination>
		</relationship>
	</object>
	<object class="EventMixerGroup" id="{278e5555-624d-4afa-a314-85bc0ac61467}">
		<property name="name">
			<value>Audio 1</value>
		</property>
		<relationship name="effectChain">
			<destination>{75a35c3e-8384-4e9e-b873-469a4f760c0e}</destination>
		</relationship>
		<relationship name="panner">
			<destination>{a37c7906-8408-45e5-baa9-e3c15d6e2215}</destination>
		</relationship>
		<relationship name="output">
			<destination>{28cb6874-c9ac-4e37-81eb-e06416fc3d11}</destination>
		</relationship>
	</object>
	<object class="MixerBusEffectChain" id="{a9964df6-95d2-4e05-880a-1a42b4a0fe12}">
		<relationship name="effects">
			<destination>{b0433c61-179c-4e9f-94bf-7cf25ef89df5}</destination>
		</relationship>
	</object>
	<object class="MixerBusPanner" id="{f0ed006f-c6cb-4d16-a0d7-6b9b8b12c438}" />
	<object class="MixerBusFader" id="{4da6c99b-5236-4229-9bc4-6aeb5492a168}" />
	<object class="SingleSound" id="{6c559506-05dd-451a-b638-e477807544f4}">
		<relationship name="audioFile">
			<destination>{2d73c2f4-9b46-47d1-ada5-955f23407c35}</destination>
		</relationship>
	</object>
	<object class="SingleSound" id="{fd76a856-52c7-4bb5-a503-ce3b9ae58bfe}">
		<relationship name="audioFile">
			<destination>{190b15ae-3459-49b7-812b-52e3215d37e0}</destination>
		</relationship>
	</object>
	<object class="SingleSound" id="{c6d825ed-2ce3-4082-a0fc-febb095449d2}">
		<relationship name="audioFile">
			<destination>{a1361857-4e15-4c79-b5e4-a4ae992d5e02}</destination>
		</relationship>
	</object>
	<object class="MixerBusEffectChain" id="{75a35c3e-8384-4e9e-b873-469a4f760c0e}">
		<relationship name="effects">
			<destination>{57cd44b6-db80-4e5b-a2e8-dc909f48849e}</destination>
		</relationship>
	</object>
	<object class="MixerBusPanner" id="{a37c7906-8408-45e5-baa9-e3c15d6e2215}" />
	<object class="MixerBusFader" id="{b0433c61-179c-4e9f-94bf-7cf25ef89df5}" />
	<object class="MixerBusFader" id="{57cd44b6-db80-4e5b-a2e8-dc909f48849e}" />
</objects>
