<?xml version="1.0" encoding="UTF-8"?>
<objects serializationModel="Studio.02.01.00">
	<object class="Event" id="{05ce0084-0ab0-4328-a50d-5687923d78fc}">
		<property name="name">
			<value>Abort</value>
		</property>
		<property name="outputFormat">
			<value>0</value>
		</property>
		<relationship name="folder">
			<destination>{63c4c7f9-e7b3-42ac-ac67-4bb5f225fc70}</destination>
		</relationship>
		<relationship name="mixer">
			<destination>{b2f73d33-12c7-4390-83c1-39b5ca1295f5}</destination>
		</relationship>
		<relationship name="masterTrack">
			<destination>{20148c1d-4b69-44a6-a8cd-ba949e081354}</destination>
		</relationship>
		<relationship name="mixerInput">
			<destination>{3b33d8d3-4016-4494-825d-34928bf7e3fe}</destination>
		</relationship>
		<relationship name="automatableProperties">
			<destination>{217d58c4-a81e-4e52-9454-1b02cf2b04d6}</destination>
		</relationship>
		<relationship name="markerTracks">
			<destination>{f305a293-9724-4ff8-aa59-473436aa75e6}</destination>
		</relationship>
		<relationship name="groupTracks">
			<destination>{6c130c0a-6715-498f-9e86-d7554a4f3c2f}</destination>
		</relationship>
		<relationship name="timeline">
			<destination>{9290b565-f87d-4729-8deb-e75005b16bc1}</destination>
		</relationship>
		<relationship name="banks">
			<destination>{8c3f9de4-14c8-4279-a712-2040780fff61}</destination>
		</relationship>
	</object>
	<object class="EventMixer" id="{b2f73d33-12c7-4390-83c1-39b5ca1295f5}">
		<relationship name="masterBus">
			<destination>{7af840c3-3e87-4280-b4bc-ea9420e25cea}</destination>
		</relationship>
	</object>
	<object class="MasterTrack" id="{20148c1d-4b69-44a6-a8cd-ba949e081354}">
		<relationship name="mixerGroup">
			<destination>{7af840c3-3e87-4280-b4bc-ea9420e25cea}</destination>
		</relationship>
	</object>
	<object class="MixerInput" id="{3b33d8d3-4016-4494-825d-34928bf7e3fe}">
		<relationship name="effectChain">
			<destination>{bdc6448f-8ce8-43bc-9ef1-023148dbf9e4}</destination>
		</relationship>
		<relationship name="panner">
			<destination>{a2c85c84-eaa9-48c9-8e2e-74b762db6e55}</destination>
		</relationship>
		<relationship name="output">
			<destination>{a74bdffc-cbb2-488b-ae3c-038020e1273d}</destination>
		</relationship>
	</object>
	<object class="EventAutomatableProperties" id="{217d58c4-a81e-4e52-9454-1b02cf2b04d6}" />
	<object class="MarkerTrack" id="{f305a293-9724-4ff8-aa59-473436aa75e6}" />
	<object class="GroupTrack" id="{6c130c0a-6715-498f-9e86-d7554a4f3c2f}">
		<relationship name="modules">
			<destination>{f06c1ea6-623c-46a2-8d2b-bc9e8f165cd9}</destination>
		</relationship>
		<relationship name="mixerGroup">
			<destination>{cb38e922-54e3-4995-b76a-301b40a44694}</destination>
		</relationship>
	</object>
	<object class="Timeline" id="{9290b565-f87d-4729-8deb-e75005b16bc1}">
		<relationship name="modules">
			<destination>{f06c1ea6-623c-46a2-8d2b-bc9e8f165cd9}</destination>
		</relationship>
	</object>
	<object class="EventMixerMaster" id="{7af840c3-3e87-4280-b4bc-ea9420e25cea}">
		<relationship name="effectChain">
			<destination>{123da726-bc1d-4bae-babe-961c791f9780}</destination>
		</relationship>
		<relationship name="panner">
			<destination>{317214c7-3777-432b-8609-5190ccb2b6d6}</destination>
		</relationship>
		<relationship name="mixer">
			<destination>{b2f73d33-12c7-4390-83c1-39b5ca1295f5}</destination>
		</relationship>
	</object>
	<object class="MixerBusEffectChain" id="{bdc6448f-8ce8-43bc-9ef1-023148dbf9e4}">
		<relationship name="effects">
			<destination>{d66be4c2-9e45-4295-bf89-5674f958c1e5}</destination>
		</relationship>
	</object>
	<object class="MixerBusPanner" id="{a2c85c84-eaa9-48c9-8e2e-74b762db6e55}" />
	<object class="MultiSound" id="{f06c1ea6-623c-46a2-8d2b-bc9e8f165cd9}">
		<property name="length">
			<value>1.9875</value>
		</property>
	</object>
	<object class="EventMixerGroup" id="{cb38e922-54e3-4995-b76a-301b40a44694}">
		<property name="name">
			<value>Audio 1</value>
		</property>
		<relationship name="effectChain">
			<destination>{429a377b-1dbb-4685-a34d-ae8035d53bd2}</destination>
		</relationship>
		<relationship name="panner">
			<destination>{b3373608-4d38-47cd-9285-138bf69b13f7}</destination>
		</relationship>
		<relationship name="output">
			<destination>{7af840c3-3e87-4280-b4bc-ea9420e25cea}</destination>
		</relationship>
	</object>
	<object class="MixerBusEffectChain" id="{123da726-bc1d-4bae-babe-961c791f9780}">
		<relationship name="effects">
			<destination>{860a24c1-2f3e-466c-bc39-9a089a664e81}</destination>
		</relationship>
	</object>
	<object class="MixerBusPanner" id="{317214c7-3777-432b-8609-5190ccb2b6d6}" />
	<object class="MixerBusFader" id="{d66be4c2-9e45-4295-bf89-5674f958c1e5}" />
	<object class="MixerBusEffectChain" id="{429a377b-1dbb-4685-a34d-ae8035d53bd2}">
		<relationship name="effects">
			<destination>{c9e317a0-3745-4f6e-b100-bb74fb4db591}</destination>
		</relationship>
	</object>
	<object class="MixerBusPanner" id="{b3373608-4d38-47cd-9285-138bf69b13f7}" />
	<object class="MixerBusFader" id="{860a24c1-2f3e-466c-bc39-9a089a664e81}" />
	<object class="MixerBusFader" id="{c9e317a0-3745-4f6e-b100-bb74fb4db591}" />
</objects>
