<?xml version="1.0" encoding="UTF-8"?>
<objects serializationModel="Studio.02.01.00">
	<object class="Event" id="{05d1bf88-cf8f-4106-b4f4-e20ee6c2a9a6}">
		<property name="name">
			<value>Failure</value>
		</property>
		<property name="outputFormat">
			<value>0</value>
		</property>
		<relationship name="folder">
			<destination>{b7914692-23f6-4200-a044-be5bc6daad21}</destination>
		</relationship>
		<relationship name="mixer">
			<destination>{a1ffdc64-aeb8-49d0-83d8-7ec5daee25af}</destination>
		</relationship>
		<relationship name="masterTrack">
			<destination>{b1a1b31f-2058-4c6d-baa1-21abda84a4a1}</destination>
		</relationship>
		<relationship name="mixerInput">
			<destination>{36e34f8d-bc31-42aa-97ff-604d7b3eaf35}</destination>
		</relationship>
		<relationship name="automatableProperties">
			<destination>{c2596a0d-7ea2-4e4e-89da-f899e49b4cc8}</destination>
		</relationship>
		<relationship name="markerTracks">
			<destination>{1e73efa8-f1d1-4aed-9753-849848102df6}</destination>
		</relationship>
		<relationship name="groupTracks">
			<destination>{3b55a8a2-8e97-46c2-83f7-1885a65460d0}</destination>
		</relationship>
		<relationship name="timeline">
			<destination>{1820efa1-842a-41b5-b7d9-e3d62bb18046}</destination>
		</relationship>
		<relationship name="banks">
			<destination>{8c3f9de4-14c8-4279-a712-2040780fff61}</destination>
		</relationship>
	</object>
	<object class="EventMixer" id="{a1ffdc64-aeb8-49d0-83d8-7ec5daee25af}">
		<relationship name="masterBus">
			<destination>{c502c7e4-a0d2-4d28-b155-edfbc598510f}</destination>
		</relationship>
	</object>
	<object class="MasterTrack" id="{b1a1b31f-2058-4c6d-baa1-21abda84a4a1}">
		<relationship name="mixerGroup">
			<destination>{c502c7e4-a0d2-4d28-b155-edfbc598510f}</destination>
		</relationship>
	</object>
	<object class="MixerInput" id="{36e34f8d-bc31-42aa-97ff-604d7b3eaf35}">
		<relationship name="effectChain">
			<destination>{03658c36-00f7-4453-adda-50ec73aabd70}</destination>
		</relationship>
		<relationship name="panner">
			<destination>{557ce192-5463-49ef-adc7-92cc3a9b561d}</destination>
		</relationship>
		<relationship name="output">
			<destination>{a74bdffc-cbb2-488b-ae3c-038020e1273d}</destination>
		</relationship>
	</object>
	<object class="EventAutomatableProperties" id="{c2596a0d-7ea2-4e4e-89da-f899e49b4cc8}" />
	<object class="MarkerTrack" id="{1e73efa8-f1d1-4aed-9753-849848102df6}" />
	<object class="GroupTrack" id="{3b55a8a2-8e97-46c2-83f7-1885a65460d0}">
		<relationship name="modules">
			<destination>{4310966b-6098-4d30-8051-f670aab408be}</destination>
		</relationship>
		<relationship name="mixerGroup">
			<destination>{277e9404-c03d-4d6e-a2cc-9755e4b9899b}</destination>
		</relationship>
	</object>
	<object class="Timeline" id="{1820efa1-842a-41b5-b7d9-e3d62bb18046}">
		<relationship name="modules">
			<destination>{4310966b-6098-4d30-8051-f670aab408be}</destination>
		</relationship>
	</object>
	<object class="EventMixerMaster" id="{c502c7e4-a0d2-4d28-b155-edfbc598510f}">
		<relationship name="effectChain">
			<destination>{2f9a297f-2f10-4ce7-9ed5-15e1cbd96988}</destination>
		</relationship>
		<relationship name="panner">
			<destination>{72a76521-5853-4f9f-a6d8-60e90e4c82e3}</destination>
		</relationship>
		<relationship name="mixer">
			<destination>{a1ffdc64-aeb8-49d0-83d8-7ec5daee25af}</destination>
		</relationship>
	</object>
	<object class="MixerBusEffectChain" id="{03658c36-00f7-4453-adda-50ec73aabd70}">
		<relationship name="effects">
			<destination>{dc01b513-da4e-4f61-9a73-35307ce4ac20}</destination>
		</relationship>
	</object>
	<object class="MixerBusPanner" id="{557ce192-5463-49ef-adc7-92cc3a9b561d}" />
	<object class="MultiSound" id="{4310966b-6098-4d30-8051-f670aab408be}">
		<property name="length">
			<value>2.2124999999999999</value>
		</property>
	</object>
	<object class="EventMixerGroup" id="{277e9404-c03d-4d6e-a2cc-9755e4b9899b}">
		<property name="name">
			<value>Audio 1</value>
		</property>
		<relationship name="effectChain">
			<destination>{3eb3b5db-b60b-4e74-a202-b1424a436983}</destination>
		</relationship>
		<relationship name="panner">
			<destination>{05bb5ed7-61d3-4050-ad46-23430026fb4a}</destination>
		</relationship>
		<relationship name="output">
			<destination>{c502c7e4-a0d2-4d28-b155-edfbc598510f}</destination>
		</relationship>
	</object>
	<object class="MixerBusEffectChain" id="{2f9a297f-2f10-4ce7-9ed5-15e1cbd96988}">
		<relationship name="effects">
			<destination>{64bfb757-15db-45bc-a7f1-ee1acacbd0b5}</destination>
		</relationship>
	</object>
	<object class="MixerBusPanner" id="{72a76521-5853-4f9f-a6d8-60e90e4c82e3}" />
	<object class="MixerBusFader" id="{dc01b513-da4e-4f61-9a73-35307ce4ac20}" />
	<object class="MixerBusEffectChain" id="{3eb3b5db-b60b-4e74-a202-b1424a436983}">
		<relationship name="effects">
			<destination>{ed88728f-f060-4d5e-95f9-848f619d464d}</destination>
		</relationship>
	</object>
	<object class="MixerBusPanner" id="{05bb5ed7-61d3-4050-ad46-23430026fb4a}" />
	<object class="MixerBusFader" id="{64bfb757-15db-45bc-a7f1-ee1acacbd0b5}" />
	<object class="MixerBusFader" id="{ed88728f-f060-4d5e-95f9-848f619d464d}" />
</objects>
