<?xml version="1.0" encoding="UTF-8"?>
<objects serializationModel="Studio.02.01.00">
	<object class="Event" id="{05e8b243-2739-44c1-9d44-0c5b08b000c7}">
		<property name="name">
			<value>Assigned</value>
		</property>
		<property name="outputFormat">
			<value>0</value>
		</property>
		<relationship name="folder">
			<destination>{b47e7f77-0565-469a-ab39-1f872bb3b0f9}</destination>
		</relationship>
		<relationship name="mixer">
			<destination>{13875a43-9a31-42a4-8fdb-b5f84a66dd8b}</destination>
		</relationship>
		<relationship name="masterTrack">
			<destination>{73c9c9b3-029e-497e-a50c-601e238b2925}</destination>
		</relationship>
		<relationship name="mixerInput">
			<destination>{6a1ceb23-cd7e-48e3-8ff6-ac30104071c8}</destination>
		</relationship>
		<relationship name="automatableProperties">
			<destination>{ab5d08a7-377d-46a3-b97e-f86d631a7fe8}</destination>
		</relationship>
		<relationship name="markerTracks">
			<destination>{de1d7075-fe69-4730-9168-1707ea70984a}</destination>
		</relationship>
		<relationship name="groupTracks">
			<destination>{04679759-34d3-4162-91c7-2a69f8238a48}</destination>
		</relationship>
		<relationship name="timeline">
			<destination>{304e5147-9a55-4c93-a42c-5eae37082598}</destination>
		</relationship>
		<relationship name="banks">
			<destination>{8c3f9de4-14c8-4279-a712-2040780fff61}</destination>
		</relationship>
	</object>
	<object class="EventMixer" id="{13875a43-9a31-42a4-8fdb-b5f84a66dd8b}">
		<relationship name="masterBus">
			<destination>{e0f40898-13dd-468d-90d8-e0d212db6ede}</destination>
		</relationship>
	</object>
	<object class="MasterTrack" id="{73c9c9b3-029e-497e-a50c-601e238b2925}">
		<relationship name="mixerGroup">
			<destination>{e0f40898-13dd-468d-90d8-e0d212db6ede}</destination>
		</relationship>
	</object>
	<object class="MixerInput" id="{6a1ceb23-cd7e-48e3-8ff6-ac30104071c8}">
		<relationship name="effectChain">
			<destination>{a4d62527-173b-4dd2-b8c3-0d37daad83ca}</destination>
		</relationship>
		<relationship name="panner">
			<destination>{42ca6acf-14cf-4e78-9214-fab88ce228f9}</destination>
		</relationship>
		<relationship name="output">
			<destination>{a74bdffc-cbb2-488b-ae3c-038020e1273d}</destination>
		</relationship>
	</object>
	<object class="EventAutomatableProperties" id="{ab5d08a7-377d-46a3-b97e-f86d631a7fe8}" />
	<object class="MarkerTrack" id="{de1d7075-fe69-4730-9168-1707ea70984a}" />
	<object class="GroupTrack" id="{04679759-34d3-4162-91c7-2a69f8238a48}">
		<relationship name="modules">
			<destination>{fe51f543-e198-4f5f-b7a3-d94e0be3577d}</destination>
		</relationship>
		<relationship name="mixerGroup">
			<destination>{24b1b147-c00f-4785-a832-2ad1afc20f5d}</destination>
		</relationship>
	</object>
	<object class="Timeline" id="{304e5147-9a55-4c93-a42c-5eae37082598}">
		<relationship name="modules">
			<destination>{fe51f543-e198-4f5f-b7a3-d94e0be3577d}</destination>
		</relationship>
	</object>
	<object class="EventMixerMaster" id="{e0f40898-13dd-468d-90d8-e0d212db6ede}">
		<relationship name="effectChain">
			<destination>{4b5e2418-4256-401e-928c-f1e6bf70f063}</destination>
		</relationship>
		<relationship name="panner">
			<destination>{5638898f-103a-4fd4-8679-429264853e37}</destination>
		</relationship>
		<relationship name="mixer">
			<destination>{13875a43-9a31-42a4-8fdb-b5f84a66dd8b}</destination>
		</relationship>
	</object>
	<object class="MixerBusEffectChain" id="{a4d62527-173b-4dd2-b8c3-0d37daad83ca}">
		<relationship name="effects">
			<destination>{de5449e8-da01-42bf-9cc6-43bacf7c3fe2}</destination>
		</relationship>
	</object>
	<object class="MixerBusPanner" id="{42ca6acf-14cf-4e78-9214-fab88ce228f9}" />
	<object class="MultiSound" id="{fe51f543-e198-4f5f-b7a3-d94e0be3577d}">
		<property name="length">
			<value>1.4929166666666667</value>
		</property>
		<relationship name="sounds">
			<destination>{08aedf3b-8375-461d-9259-c9a9fb135228}</destination>
			<destination>{958e58df-951d-41fa-bd2a-b31ca91ca1ae}</destination>
			<destination>{86ac67cc-550e-4b98-987b-05c69d88f6c6}</destination>
			<destination>{31f1e5a2-5cc6-4447-8709-a03d017c8bf7}</destination>
		</relationship>
	</object>
	<object class="EventMixerGroup" id="{24b1b147-c00f-4785-a832-2ad1afc20f5d}">
		<property name="name">
			<value>Audio 1</value>
		</property>
		<relationship name="effectChain">
			<destination>{ddc02b9d-9c4b-4348-a22b-47d8f33f5dab}</destination>
		</relationship>
		<relationship name="panner">
			<destination>{a583b0c7-54a7-46f1-9d4d-4f77b0c90643}</destination>
		</relationship>
		<relationship name="output">
			<destination>{e0f40898-13dd-468d-90d8-e0d212db6ede}</destination>
		</relationship>
	</object>
	<object class="MixerBusEffectChain" id="{4b5e2418-4256-401e-928c-f1e6bf70f063}">
		<relationship name="effects">
			<destination>{20846aae-d14a-4751-ba79-03acfff0d312}</destination>
		</relationship>
	</object>
	<object class="MixerBusPanner" id="{5638898f-103a-4fd4-8679-429264853e37}" />
	<object class="MixerBusFader" id="{de5449e8-da01-42bf-9cc6-43bacf7c3fe2}" />
	<object class="SingleSound" id="{08aedf3b-8375-461d-9259-c9a9fb135228}">
		<relationship name="audioFile">
			<destination>{f8828ad5-7101-46a9-86f5-46efdae92e8d}</destination>
		</relationship>
	</object>
	<object class="SingleSound" id="{958e58df-951d-41fa-bd2a-b31ca91ca1ae}">
		<relationship name="audioFile">
			<destination>{34355891-18b5-4df6-b74d-68c588b62183}</destination>
		</relationship>
	</object>
	<object class="SingleSound" id="{86ac67cc-550e-4b98-987b-05c69d88f6c6}">
		<relationship name="audioFile">
			<destination>{2b2cc9ad-3f6c-4194-bad5-63c26334fa2d}</destination>
		</relationship>
	</object>
	<object class="SingleSound" id="{31f1e5a2-5cc6-4447-8709-a03d017c8bf7}">
		<relationship name="audioFile">
			<destination>{f7e0c4d6-1036-42e8-b1ea-bad62bdcd6f5}</destination>
		</relationship>
	</object>
	<object class="MixerBusEffectChain" id="{ddc02b9d-9c4b-4348-a22b-47d8f33f5dab}">
		<relationship name="effects">
			<destination>{4a080b6c-3d30-4f4b-ab31-a74b3c0f0c76}</destination>
		</relationship>
	</object>
	<object class="MixerBusPanner" id="{a583b0c7-54a7-46f1-9d4d-4f77b0c90643}" />
	<object class="MixerBusFader" id="{20846aae-d14a-4751-ba79-03acfff0d312}" />
	<object class="MixerBusFader" id="{4a080b6c-3d30-4f4b-ab31-a74b3c0f0c76}" />
</objects>
