<?xml version="1.0" encoding="UTF-8"?>
<objects serializationModel="Studio.02.01.00">
	<object class="Event" id="{05e44943-4dee-4eb3-bc0b-f5b2a9123435}">
		<property name="name">
			<value>TechQuote_SuperconductingMagnets</value>
		</property>
		<property name="outputFormat">
			<value>0</value>
		</property>
		<relationship name="folder">
			<destination>{158ad337-8269-4a32-865c-d3c458683eff}</destination>
		</relationship>
		<relationship name="mixer">
			<destination>{c9063ac9-725b-4a43-bff9-9d4e65e5dda3}</destination>
		</relationship>
		<relationship name="masterTrack">
			<destination>{322e71d1-2151-483f-9a61-ae9c94ac8a28}</destination>
		</relationship>
		<relationship name="mixerInput">
			<destination>{4fc7dae9-8ad5-4dbd-9c65-5ad2b5b897a0}</destination>
		</relationship>
		<relationship name="automatableProperties">
			<destination>{41a7243e-d966-414f-8a2b-dd6752ffe4a9}</destination>
		</relationship>
		<relationship name="markerTracks">
			<destination>{9367524b-6ad9-4c79-b25a-0192a6376e36}</destination>
		</relationship>
		<relationship name="groupTracks">
			<destination>{70ca043f-4d04-4d25-8934-a251d7cc6364}</destination>
		</relationship>
		<relationship name="timeline">
			<destination>{e7b39307-6bf4-44a3-9bf3-5822a2fe5903}</destination>
		</relationship>
		<relationship name="banks">
			<destination>{8c3f9de4-14c8-4279-a712-2040780fff61}</destination>
		</relationship>
	</object>
	<object class="EventMixer" id="{c9063ac9-725b-4a43-bff9-9d4e65e5dda3}">
		<relationship name="masterBus">
			<destination>{c59f17c0-ab3b-4f6c-b001-d3c339b1ea42}</destination>
		</relationship>
	</object>
	<object class="MasterTrack" id="{322e71d1-2151-483f-9a61-ae9c94ac8a28}">
		<relationship name="mixerGroup">
			<destination>{c59f17c0-ab3b-4f6c-b001-d3c339b1ea42}</destination>
		</relationship>
	</object>
	<object class="MixerInput" id="{4fc7dae9-8ad5-4dbd-9c65-5ad2b5b897a0}">
		<relationship name="effectChain">
			<destination>{55ae7007-46a5-48d6-98c2-17646f25bc9c}</destination>
		</relationship>
		<relationship name="panner">
			<destination>{8109e0fd-d87e-43f3-804c-65422026a99f}</destination>
		</relationship>
		<relationship name="output">
			<destination>{a74bdffc-cbb2-488b-ae3c-038020e1273d}</destination>
		</relationship>
	</object>
	<object class="EventAutomatableProperties" id="{41a7243e-d966-414f-8a2b-dd6752ffe4a9}" />
	<object class="MarkerTrack" id="{9367524b-6ad9-4c79-b25a-0192a6376e36}" />
	<object class="GroupTrack" id="{70ca043f-4d04-4d25-8934-a251d7cc6364}">
		<relationship name="modules">
			<destination>{e9974aee-94f1-45dc-8843-c84c9d6174b5}</destination>
		</relationship>
		<relationship name="mixerGroup">
			<destination>{9f258c77-d6e0-4f10-89d2-cbaedb3eae76}</destination>
		</relationship>
	</object>
	<object class="Timeline" id="{e7b39307-6bf4-44a3-9bf3-5822a2fe5903}">
		<relationship name="modules">
			<destination>{e9974aee-94f1-45dc-8843-c84c9d6174b5}</destination>
		</relationship>
	</object>
	<object class="EventMixerMaster" id="{c59f17c0-ab3b-4f6c-b001-d3c339b1ea42}">
		<relationship name="effectChain">
			<destination>{efc6e1a8-5517-483a-8dff-4cfda072c3e4}</destination>
		</relationship>
		<relationship name="panner">
			<destination>{73de22cb-ac7c-45c2-983e-1acbef4b4915}</destination>
		</relationship>
		<relationship name="mixer">
			<destination>{c9063ac9-725b-4a43-bff9-9d4e65e5dda3}</destination>
		</relationship>
	</object>
	<object class="MixerBusEffectChain" id="{55ae7007-46a5-48d6-98c2-17646f25bc9c}">
		<relationship name="effects">
			<destination>{d26e6a57-05f3-44aa-b789-54c21363a980}</destination>
		</relationship>
	</object>
	<object class="MixerBusPanner" id="{8109e0fd-d87e-43f3-804c-65422026a99f}" />
	<object class="SingleSound" id="{e9974aee-94f1-45dc-8843-c84c9d6174b5}">
		<property name="length">
			<value>16.069333333333333</value>
		</property>
		<relationship name="audioFile">
			<destination>{909dc4bb-8870-48eb-a6ba-074d0391a609}</destination>
		</relationship>
	</object>
	<object class="EventMixerGroup" id="{9f258c77-d6e0-4f10-89d2-cbaedb3eae76}">
		<property name="name">
			<value>Audio 1</value>
		</property>
		<relationship name="effectChain">
			<destination>{0a2e89c4-401c-464a-8931-e51b8aa2d451}</destination>
		</relationship>
		<relationship name="panner">
			<destination>{937d5a63-0b7a-4577-9992-66ebaeafa768}</destination>
		</relationship>
		<relationship name="output">
			<destination>{c59f17c0-ab3b-4f6c-b001-d3c339b1ea42}</destination>
		</relationship>
	</object>
	<object class="MixerBusEffectChain" id="{efc6e1a8-5517-483a-8dff-4cfda072c3e4}">
		<relationship name="effects">
			<destination>{e425c3e8-f5d1-47fe-8197-9557d725bc81}</destination>
		</relationship>
	</object>
	<object class="MixerBusPanner" id="{73de22cb-ac7c-45c2-983e-1acbef4b4915}" />
	<object class="MixerBusFader" id="{d26e6a57-05f3-44aa-b789-54c21363a980}" />
	<object class="MixerBusEffectChain" id="{0a2e89c4-401c-464a-8931-e51b8aa2d451}">
		<relationship name="effects">
			<destination>{3d53bbf6-904f-403c-9d7f-48a2c89cc367}</destination>
		</relationship>
	</object>
	<object class="MixerBusPanner" id="{937d5a63-0b7a-4577-9992-66ebaeafa768}" />
	<object class="MixerBusFader" id="{e425c3e8-f5d1-47fe-8197-9557d725bc81}" />
	<object class="MixerBusFader" id="{3d53bbf6-904f-403c-9d7f-48a2c89cc367}" />
</objects>
