<?xml version="1.0" encoding="UTF-8"?>
<objects serializationModel="Studio.02.01.00">
	<object class="Event" id="{05e8842d-6c84-4637-9150-3ea02f3c598e}">
		<property name="name">
			<value>TechQuote_ExploitSpaceScience</value>
		</property>
		<property name="outputFormat">
			<value>0</value>
		</property>
		<relationship name="folder">
			<destination>{158ad337-8269-4a32-865c-d3c458683eff}</destination>
		</relationship>
		<relationship name="mixer">
			<destination>{0d9b2301-53fe-4ff3-9376-d6369a3afb99}</destination>
		</relationship>
		<relationship name="masterTrack">
			<destination>{8d9833ad-98ed-4cab-b2fa-b6bf3e30caec}</destination>
		</relationship>
		<relationship name="mixerInput">
			<destination>{82f27582-1be0-440e-a31c-538f9859174e}</destination>
		</relationship>
		<relationship name="automatableProperties">
			<destination>{51c181f1-31d6-4e41-a7cd-bf78daaf84b9}</destination>
		</relationship>
		<relationship name="markerTracks">
			<destination>{2463b1e1-f173-4083-a57f-fc9ea6152030}</destination>
		</relationship>
		<relationship name="groupTracks">
			<destination>{ce83f1b8-9300-4e61-8d92-87d54f36d159}</destination>
		</relationship>
		<relationship name="timeline">
			<destination>{246bc697-6a86-4f15-87a0-1b8867e6b508}</destination>
		</relationship>
		<relationship name="banks">
			<destination>{8c3f9de4-14c8-4279-a712-2040780fff61}</destination>
		</relationship>
	</object>
	<object class="EventMixer" id="{0d9b2301-53fe-4ff3-9376-d6369a3afb99}">
		<relationship name="masterBus">
			<destination>{a2b22c94-1c41-4490-9de3-500c83f96f98}</destination>
		</relationship>
	</object>
	<object class="MasterTrack" id="{8d9833ad-98ed-4cab-b2fa-b6bf3e30caec}">
		<relationship name="mixerGroup">
			<destination>{a2b22c94-1c41-4490-9de3-500c83f96f98}</destination>
		</relationship>
	</object>
	<object class="MixerInput" id="{82f27582-1be0-440e-a31c-538f9859174e}">
		<relationship name="effectChain">
			<destination>{7542dc76-64ff-46a9-99a9-0a35746abd80}</destination>
		</relationship>
		<relationship name="panner">
			<destination>{1bc1eddc-436a-4f1e-9f52-9aa750bc0150}</destination>
		</relationship>
		<relationship name="output">
			<destination>{a74bdffc-cbb2-488b-ae3c-038020e1273d}</destination>
		</relationship>
	</object>
	<object class="EventAutomatableProperties" id="{51c181f1-31d6-4e41-a7cd-bf78daaf84b9}" />
	<object class="MarkerTrack" id="{2463b1e1-f173-4083-a57f-fc9ea6152030}" />
	<object class="GroupTrack" id="{ce83f1b8-9300-4e61-8d92-87d54f36d159}">
		<relationship name="modules">
			<destination>{48fdee5f-fbf8-4780-87ee-7373cf060e76}</destination>
		</relationship>
		<relationship name="mixerGroup">
			<destination>{d8754d7d-6f5f-4df4-ac1d-23add31469a9}</destination>
		</relationship>
	</object>
	<object class="Timeline" id="{246bc697-6a86-4f15-87a0-1b8867e6b508}">
		<relationship name="modules">
			<destination>{48fdee5f-fbf8-4780-87ee-7373cf060e76}</destination>
		</relationship>
	</object>
	<object class="EventMixerMaster" id="{a2b22c94-1c41-4490-9de3-500c83f96f98}">
		<relationship name="effectChain">
			<destination>{7b27c2d8-2eb5-46b3-87d8-92cf9810a213}</destination>
		</relationship>
		<relationship name="panner">
			<destination>{f7f4c8d7-380a-4cbe-ae2d-f3df6d47ddc2}</destination>
		</relationship>
		<relationship name="mixer">
			<destination>{0d9b2301-53fe-4ff3-9376-d6369a3afb99}</destination>
		</relationship>
	</object>
	<object class="MixerBusEffectChain" id="{7542dc76-64ff-46a9-99a9-0a35746abd80}">
		<relationship name="effects">
			<destination>{a30e084e-897a-42f1-afef-8994381db06f}</destination>
		</relationship>
	</object>
	<object class="MixerBusPanner" id="{1bc1eddc-436a-4f1e-9f52-9aa750bc0150}" />
	<object class="SingleSound" id="{48fdee5f-fbf8-4780-87ee-7373cf060e76}">
		<property name="length">
			<value>11.641708333333334</value>
		</property>
		<relationship name="audioFile">
			<destination>{60f78584-90d2-4e10-801e-ea6ab859d4c9}</destination>
		</relationship>
	</object>
	<object class="EventMixerGroup" id="{d8754d7d-6f5f-4df4-ac1d-23add31469a9}">
		<property name="name">
			<value>Audio 1</value>
		</property>
		<relationship name="effectChain">
			<destination>{8987cd10-aa3f-4a33-83eb-d693c677d462}</destination>
		</relationship>
		<relationship name="panner">
			<destination>{32e28ad0-7e9c-4890-82d5-00fb5fb8a929}</destination>
		</relationship>
		<relationship name="output">
			<destination>{a2b22c94-1c41-4490-9de3-500c83f96f98}</destination>
		</relationship>
	</object>
	<object class="MixerBusEffectChain" id="{7b27c2d8-2eb5-46b3-87d8-92cf9810a213}">
		<relationship name="effects">
			<destination>{ea7f643d-be53-40c6-a8ec-5fdbddaac9d1}</destination>
		</relationship>
	</object>
	<object class="MixerBusPanner" id="{f7f4c8d7-380a-4cbe-ae2d-f3df6d47ddc2}" />
	<object class="MixerBusFader" id="{a30e084e-897a-42f1-afef-8994381db06f}" />
	<object class="MixerBusEffectChain" id="{8987cd10-aa3f-4a33-83eb-d693c677d462}">
		<relationship name="effects">
			<destination>{f0c211e8-d788-4885-a664-133d1f6801eb}</destination>
		</relationship>
	</object>
	<object class="MixerBusPanner" id="{32e28ad0-7e9c-4890-82d5-00fb5fb8a929}" />
	<object class="MixerBusFader" id="{ea7f643d-be53-40c6-a8ec-5fdbddaac9d1}" />
	<object class="MixerBusFader" id="{f0c211e8-d788-4885-a664-133d1f6801eb}" />
</objects>
