<?xml version="1.0" encoding="UTF-8"?>
<objects serializationModel="Studio.02.01.00">
	<object class="Event" id="{060858c5-9452-40d4-a597-f0aa1ac23f5c}">
		<property name="name">
			<value>Success</value>
		</property>
		<property name="outputFormat">
			<value>0</value>
		</property>
		<relationship name="folder">
			<destination>{e34dfb59-bf34-4321-ac2f-35b1309ae5a4}</destination>
		</relationship>
		<relationship name="mixer">
			<destination>{c6a614b9-0f42-4d24-90fd-9a2375ec4ee4}</destination>
		</relationship>
		<relationship name="masterTrack">
			<destination>{ea73b758-16e8-4bbc-a4f4-1fe644d26be3}</destination>
		</relationship>
		<relationship name="mixerInput">
			<destination>{a8a106e1-3875-4207-9843-c0119fa5b27b}</destination>
		</relationship>
		<relationship name="automatableProperties">
			<destination>{b9dcaaeb-d80a-43e2-860e-07a92a9ffae9}</destination>
		</relationship>
		<relationship name="markerTracks">
			<destination>{c7f1e267-7971-4c52-b8e3-b6f3dba74722}</destination>
		</relationship>
		<relationship name="groupTracks">
			<destination>{b51f6c2a-7359-4c53-a447-87a0e944c2ab}</destination>
		</relationship>
		<relationship name="timeline">
			<destination>{79a1e656-fa7c-4b66-9243-daa27a482cfc}</destination>
		</relationship>
		<relationship name="banks">
			<destination>{8c3f9de4-14c8-4279-a712-2040780fff61}</destination>
		</relationship>
	</object>
	<object class="EventMixer" id="{c6a614b9-0f42-4d24-90fd-9a2375ec4ee4}">
		<relationship name="masterBus">
			<destination>{55c5601b-b63f-4142-a3eb-9d1821643674}</destination>
		</relationship>
	</object>
	<object class="MasterTrack" id="{ea73b758-16e8-4bbc-a4f4-1fe644d26be3}">
		<relationship name="mixerGroup">
			<destination>{55c5601b-b63f-4142-a3eb-9d1821643674}</destination>
		</relationship>
	</object>
	<object class="MixerInput" id="{a8a106e1-3875-4207-9843-c0119fa5b27b}">
		<relationship name="effectChain">
			<destination>{34d7b2fd-2df6-48b4-abed-39f9273563f0}</destination>
		</relationship>
		<relationship name="panner">
			<destination>{a1aa0aeb-e082-497a-bbc2-095a38f281d0}</destination>
		</relationship>
		<relationship name="output">
			<destination>{a74bdffc-cbb2-488b-ae3c-038020e1273d}</destination>
		</relationship>
	</object>
	<object class="EventAutomatableProperties" id="{b9dcaaeb-d80a-43e2-860e-07a92a9ffae9}" />
	<object class="MarkerTrack" id="{c7f1e267-7971-4c52-b8e3-b6f3dba74722}" />
	<object class="GroupTrack" id="{b51f6c2a-7359-4c53-a447-87a0e944c2ab}">
		<relationship name="modules">
			<destination>{e03f5a23-6fa1-4026-8c8f-4797087ffa8d}</destination>
		</relationship>
		<relationship name="mixerGroup">
			<destination>{b4963105-5e5b-4927-ab52-06e1dc908c0d}</destination>
		</relationship>
	</object>
	<object class="Timeline" id="{79a1e656-fa7c-4b66-9243-daa27a482cfc}">
		<relationship name="modules">
			<destination>{e03f5a23-6fa1-4026-8c8f-4797087ffa8d}</destination>
		</relationship>
	</object>
	<object class="EventMixerMaster" id="{55c5601b-b63f-4142-a3eb-9d1821643674}">
		<relationship name="effectChain">
			<destination>{ba6ce313-1357-4f3d-85b7-fcc10a133c84}</destination>
		</relationship>
		<relationship name="panner">
			<destination>{c4e70252-c161-4d92-a513-d9ddfb9f4ee5}</destination>
		</relationship>
		<relationship name="mixer">
			<destination>{c6a614b9-0f42-4d24-90fd-9a2375ec4ee4}</destination>
		</relationship>
	</object>
	<object class="MixerBusEffectChain" id="{34d7b2fd-2df6-48b4-abed-39f9273563f0}">
		<relationship name="effects">
			<destination>{904fdb5d-3f26-42bf-b0ce-850b20322977}</destination>
		</relationship>
	</object>
	<object class="MixerBusPanner" id="{a1aa0aeb-e082-497a-bbc2-095a38f281d0}" />
	<object class="MultiSound" id="{e03f5a23-6fa1-4026-8c8f-4797087ffa8d}">
		<property name="length">
			<value>2.4989791666666665</value>
		</property>
		<relationship name="sounds">
			<destination>{bb1d3c96-90c6-413e-a712-c8dc65e79740}</destination>
			<destination>{4d11137c-d0c5-4567-935f-a0186d16c00d}</destination>
			<destination>{44a6a950-238a-48ef-a44e-9aacab46a3c5}</destination>
			<destination>{aad41859-7fa9-4f07-ae32-a541c31e5c1b}</destination>
		</relationship>
	</object>
	<object class="EventMixerGroup" id="{b4963105-5e5b-4927-ab52-06e1dc908c0d}">
		<property name="name">
			<value>Audio 1</value>
		</property>
		<relationship name="effectChain">
			<destination>{20441ec5-64a8-4b1a-bcc3-e9879552de45}</destination>
		</relationship>
		<relationship name="panner">
			<destination>{f962cc5e-79f6-466a-bbd9-7f747f541cfd}</destination>
		</relationship>
		<relationship name="output">
			<destination>{55c5601b-b63f-4142-a3eb-9d1821643674}</destination>
		</relationship>
	</object>
	<object class="MixerBusEffectChain" id="{ba6ce313-1357-4f3d-85b7-fcc10a133c84}">
		<relationship name="effects">
			<destination>{b72d7ecd-cee1-4222-9109-2e59aa44fbe8}</destination>
		</relationship>
	</object>
	<object class="MixerBusPanner" id="{c4e70252-c161-4d92-a513-d9ddfb9f4ee5}" />
	<object class="MixerBusFader" id="{904fdb5d-3f26-42bf-b0ce-850b20322977}" />
	<object class="SingleSound" id="{bb1d3c96-90c6-413e-a712-c8dc65e79740}">
		<relationship name="audioFile">
			<destination>{3536d247-58b8-4ca2-8b37-9e94f118e82a}</destination>
		</relationship>
	</object>
	<object class="SingleSound" id="{4d11137c-d0c5-4567-935f-a0186d16c00d}">
		<relationship name="audioFile">
			<destination>{3ad1b1d8-3928-477a-ac8c-e1165f788d28}</destination>
		</relationship>
	</object>
	<object class="SingleSound" id="{44a6a950-238a-48ef-a44e-9aacab46a3c5}">
		<relationship name="audioFile">
			<destination>{d26a63f2-f3c0-49c5-a1a1-a96d33870f27}</destination>
		</relationship>
	</object>
	<object class="SingleSound" id="{aad41859-7fa9-4f07-ae32-a541c31e5c1b}">
		<relationship name="audioFile">
			<destination>{8e7a4eeb-2b40-4a43-815a-530e3f1b2057}</destination>
		</relationship>
	</object>
	<object class="MixerBusEffectChain" id="{20441ec5-64a8-4b1a-bcc3-e9879552de45}">
		<relationship name="effects">
			<destination>{6e87f2d1-473e-446b-ba41-a2ed116f41fd}</destination>
		</relationship>
	</object>
	<object class="MixerBusPanner" id="{f962cc5e-79f6-466a-bbd9-7f747f541cfd}" />
	<object class="MixerBusFader" id="{b72d7ecd-cee1-4222-9109-2e59aa44fbe8}" />
	<object class="MixerBusFader" id="{6e87f2d1-473e-446b-ba41-a2ed116f41fd}" />
</objects>
