<?xml version="1.0" encoding="UTF-8"?>
<objects serializationModel="Studio.02.01.00">
	<object class="Event" id="{060dc371-ee8c-4351-9da1-2ec951b50425}">
		<property name="name">
			<value>Success</value>
		</property>
		<property name="outputFormat">
			<value>0</value>
		</property>
		<relationship name="folder">
			<destination>{6b9b4813-3ad7-4b03-a3a5-c338a6023760}</destination>
		</relationship>
		<relationship name="mixer">
			<destination>{bd50c7ba-39ee-4116-9044-94b33877e447}</destination>
		</relationship>
		<relationship name="masterTrack">
			<destination>{c9ae54ac-721d-4741-85b7-0c6ac6394a9b}</destination>
		</relationship>
		<relationship name="mixerInput">
			<destination>{40d12742-ae00-4fc7-9762-deaeec5b6ede}</destination>
		</relationship>
		<relationship name="automatableProperties">
			<destination>{79f5bf46-263b-44b3-bced-2eac45834551}</destination>
		</relationship>
		<relationship name="markerTracks">
			<destination>{0d263263-96c0-43e4-9dab-955de16e9020}</destination>
		</relationship>
		<relationship name="groupTracks">
			<destination>{36c2c682-c545-44af-b0d8-2f3037a43ab1}</destination>
		</relationship>
		<relationship name="timeline">
			<destination>{1d0ef036-1c69-490e-a2de-b220f33d6651}</destination>
		</relationship>
		<relationship name="banks">
			<destination>{8c3f9de4-14c8-4279-a712-2040780fff61}</destination>
		</relationship>
	</object>
	<object class="EventMixer" id="{bd50c7ba-39ee-4116-9044-94b33877e447}">
		<relationship name="masterBus">
			<destination>{0578a60d-c3df-4c7e-a1ce-c7c7d2640676}</destination>
		</relationship>
	</object>
	<object class="MasterTrack" id="{c9ae54ac-721d-4741-85b7-0c6ac6394a9b}">
		<relationship name="mixerGroup">
			<destination>{0578a60d-c3df-4c7e-a1ce-c7c7d2640676}</destination>
		</relationship>
	</object>
	<object class="MixerInput" id="{40d12742-ae00-4fc7-9762-deaeec5b6ede}">
		<relationship name="effectChain">
			<destination>{aa3e6f1c-3325-4dc0-bc32-8d0252abfadc}</destination>
		</relationship>
		<relationship name="panner">
			<destination>{84d9cfa3-5402-4f3c-8026-b057f9e83a76}</destination>
		</relationship>
		<relationship name="output">
			<destination>{a74bdffc-cbb2-488b-ae3c-038020e1273d}</destination>
		</relationship>
	</object>
	<object class="EventAutomatableProperties" id="{79f5bf46-263b-44b3-bced-2eac45834551}" />
	<object class="MarkerTrack" id="{0d263263-96c0-43e4-9dab-955de16e9020}" />
	<object class="GroupTrack" id="{36c2c682-c545-44af-b0d8-2f3037a43ab1}">
		<relationship name="modules">
			<destination>{40d1faac-9a14-454e-9102-0249d0c40179}</destination>
		</relationship>
		<relationship name="mixerGroup">
			<destination>{722fd6f9-5e0c-45bb-bc36-31251cb4aceb}</destination>
		</relationship>
	</object>
	<object class="Timeline" id="{1d0ef036-1c69-490e-a2de-b220f33d6651}">
		<relationship name="modules">
			<destination>{40d1faac-9a14-454e-9102-0249d0c40179}</destination>
		</relationship>
	</object>
	<object class="EventMixerMaster" id="{0578a60d-c3df-4c7e-a1ce-c7c7d2640676}">
		<relationship name="effectChain">
			<destination>{f54b59f1-649f-4444-bcef-945fd971a8ab}</destination>
		</relationship>
		<relationship name="panner">
			<destination>{28158182-f5ca-4176-bd59-2425a7a12434}</destination>
		</relationship>
		<relationship name="mixer">
			<destination>{bd50c7ba-39ee-4116-9044-94b33877e447}</destination>
		</relationship>
	</object>
	<object class="MixerBusEffectChain" id="{aa3e6f1c-3325-4dc0-bc32-8d0252abfadc}">
		<relationship name="effects">
			<destination>{a19c853d-84f7-4676-8f28-14422eea7165}</destination>
		</relationship>
	</object>
	<object class="MixerBusPanner" id="{84d9cfa3-5402-4f3c-8026-b057f9e83a76}" />
	<object class="MultiSound" id="{40d1faac-9a14-454e-9102-0249d0c40179}">
		<property name="length">
			<value>2.1565833333333333</value>
		</property>
		<relationship name="sounds">
			<destination>{a00ff3b4-3fed-4473-98dc-ec4f3d4d024a}</destination>
			<destination>{871ad2f6-f7c9-4a89-aea4-bd9145ea5cca}</destination>
			<destination>{9ff36786-1d97-498c-8bc3-49da27a86757}</destination>
		</relationship>
	</object>
	<object class="EventMixerGroup" id="{722fd6f9-5e0c-45bb-bc36-31251cb4aceb}">
		<property name="name">
			<value>Audio 1</value>
		</property>
		<relationship name="effectChain">
			<destination>{fd20ada6-8e2a-4684-8462-6c4c70b40127}</destination>
		</relationship>
		<relationship name="panner">
			<destination>{dfb35f36-bab2-4259-ac87-92d404978362}</destination>
		</relationship>
		<relationship name="output">
			<destination>{0578a60d-c3df-4c7e-a1ce-c7c7d2640676}</destination>
		</relationship>
	</object>
	<object class="MixerBusEffectChain" id="{f54b59f1-649f-4444-bcef-945fd971a8ab}">
		<relationship name="effects">
			<destination>{33ef2569-37e8-4457-8ff7-cc283548553e}</destination>
		</relationship>
	</object>
	<object class="MixerBusPanner" id="{28158182-f5ca-4176-bd59-2425a7a12434}" />
	<object class="MixerBusFader" id="{a19c853d-84f7-4676-8f28-14422eea7165}" />
	<object class="SingleSound" id="{a00ff3b4-3fed-4473-98dc-ec4f3d4d024a}">
		<relationship name="audioFile">
			<destination>{614c17ab-7d47-4f21-a93c-fe12993b71d5}</destination>
		</relationship>
	</object>
	<object class="SingleSound" id="{871ad2f6-f7c9-4a89-aea4-bd9145ea5cca}">
		<relationship name="audioFile">
			<destination>{22e392a4-65ba-4d23-9104-dd163f10bea3}</destination>
		</relationship>
	</object>
	<object class="SingleSound" id="{9ff36786-1d97-498c-8bc3-49da27a86757}">
		<relationship name="audioFile">
			<destination>{63a3a7d7-0f94-456d-b6cf-7bee4a45a33b}</destination>
		</relationship>
	</object>
	<object class="MixerBusEffectChain" id="{fd20ada6-8e2a-4684-8462-6c4c70b40127}">
		<relationship name="effects">
			<destination>{54dacb9c-02bc-4bdb-a3bd-d18bf2e3e00c}</destination>
		</relationship>
	</object>
	<object class="MixerBusPanner" id="{dfb35f36-bab2-4259-ac87-92d404978362}" />
	<object class="MixerBusFader" id="{33ef2569-37e8-4457-8ff7-cc283548553e}" />
	<object class="MixerBusFader" id="{54dacb9c-02bc-4bdb-a3bd-d18bf2e3e00c}" />
</objects>
