<?xml version="1.0" encoding="UTF-8"?>
<objects serializationModel="Studio.02.01.00">
	<object class="Event" id="{061329af-9d93-4562-8a08-f797d0f49bf4}">
		<property name="name">
			<value>Success</value>
		</property>
		<property name="outputFormat">
			<value>0</value>
		</property>
		<relationship name="folder">
			<destination>{4bc80257-2287-43e5-92cf-981828e8bb56}</destination>
		</relationship>
		<relationship name="mixer">
			<destination>{1feb4ccc-fd96-4191-8920-3ce5a0bf75a0}</destination>
		</relationship>
		<relationship name="masterTrack">
			<destination>{ca174e19-e514-4daf-b2e9-92e2526ace83}</destination>
		</relationship>
		<relationship name="mixerInput">
			<destination>{0eafca1b-c75c-48c5-a380-1acefa3872af}</destination>
		</relationship>
		<relationship name="automatableProperties">
			<destination>{43fc8fca-f4bb-491a-9f87-05ea837e6ffa}</destination>
		</relationship>
		<relationship name="markerTracks">
			<destination>{084052d5-5181-49de-b5b5-96e8a47279fa}</destination>
		</relationship>
		<relationship name="groupTracks">
			<destination>{b1ae7598-a6f4-438f-ac33-11482247d895}</destination>
		</relationship>
		<relationship name="timeline">
			<destination>{de94633a-848d-4910-a396-8cf3bf223a29}</destination>
		</relationship>
		<relationship name="banks">
			<destination>{8c3f9de4-14c8-4279-a712-2040780fff61}</destination>
		</relationship>
	</object>
	<object class="EventMixer" id="{1feb4ccc-fd96-4191-8920-3ce5a0bf75a0}">
		<relationship name="masterBus">
			<destination>{a4d22e04-238c-4889-9282-39b92a8c9cb9}</destination>
		</relationship>
	</object>
	<object class="MasterTrack" id="{ca174e19-e514-4daf-b2e9-92e2526ace83}">
		<relationship name="mixerGroup">
			<destination>{a4d22e04-238c-4889-9282-39b92a8c9cb9}</destination>
		</relationship>
	</object>
	<object class="MixerInput" id="{0eafca1b-c75c-48c5-a380-1acefa3872af}">
		<relationship name="effectChain">
			<destination>{03723729-f79f-4500-b3f9-31e1459d6d2a}</destination>
		</relationship>
		<relationship name="panner">
			<destination>{4f54baaa-2573-40ca-8df0-6f7283d92bfa}</destination>
		</relationship>
		<relationship name="output">
			<destination>{a74bdffc-cbb2-488b-ae3c-038020e1273d}</destination>
		</relationship>
	</object>
	<object class="EventAutomatableProperties" id="{43fc8fca-f4bb-491a-9f87-05ea837e6ffa}" />
	<object class="MarkerTrack" id="{084052d5-5181-49de-b5b5-96e8a47279fa}" />
	<object class="GroupTrack" id="{b1ae7598-a6f4-438f-ac33-11482247d895}">
		<relationship name="modules">
			<destination>{9548dce1-c9fa-4e2f-aa9e-1ef064772b73}</destination>
		</relationship>
		<relationship name="mixerGroup">
			<destination>{e8816b57-19bb-4b77-afa2-b3062644c8d4}</destination>
		</relationship>
	</object>
	<object class="Timeline" id="{de94633a-848d-4910-a396-8cf3bf223a29}">
		<relationship name="modules">
			<destination>{9548dce1-c9fa-4e2f-aa9e-1ef064772b73}</destination>
		</relationship>
	</object>
	<object class="EventMixerMaster" id="{a4d22e04-238c-4889-9282-39b92a8c9cb9}">
		<relationship name="effectChain">
			<destination>{28fc5d0b-b572-438f-9772-bf5dc21eef2a}</destination>
		</relationship>
		<relationship name="panner">
			<destination>{935c7c66-749f-4606-9e76-787c78ec1cbd}</destination>
		</relationship>
		<relationship name="mixer">
			<destination>{1feb4ccc-fd96-4191-8920-3ce5a0bf75a0}</destination>
		</relationship>
	</object>
	<object class="MixerBusEffectChain" id="{03723729-f79f-4500-b3f9-31e1459d6d2a}">
		<relationship name="effects">
			<destination>{539606e8-08b3-4b5d-a504-224c877923b5}</destination>
		</relationship>
	</object>
	<object class="MixerBusPanner" id="{4f54baaa-2573-40ca-8df0-6f7283d92bfa}" />
	<object class="MultiSound" id="{9548dce1-c9fa-4e2f-aa9e-1ef064772b73}">
		<property name="length">
			<value>2.4049791666666667</value>
		</property>
		<relationship name="sounds">
			<destination>{49abf23e-2861-45b0-bf0c-7cced66bce99}</destination>
			<destination>{0c65f6bc-f691-4177-ae41-c2289efe0801}</destination>
			<destination>{71f90df6-4746-4f07-95ac-758baf957586}</destination>
		</relationship>
	</object>
	<object class="EventMixerGroup" id="{e8816b57-19bb-4b77-afa2-b3062644c8d4}">
		<property name="name">
			<value>Audio 1</value>
		</property>
		<relationship name="effectChain">
			<destination>{efb40fbe-e4a8-47ec-8a09-9fd0916c9bfb}</destination>
		</relationship>
		<relationship name="panner">
			<destination>{35c02a46-ebd0-479e-9f4d-214a0e3720a6}</destination>
		</relationship>
		<relationship name="output">
			<destination>{a4d22e04-238c-4889-9282-39b92a8c9cb9}</destination>
		</relationship>
	</object>
	<object class="MixerBusEffectChain" id="{28fc5d0b-b572-438f-9772-bf5dc21eef2a}">
		<relationship name="effects">
			<destination>{b8d55af4-a261-40c4-a815-d9b4bf145097}</destination>
		</relationship>
	</object>
	<object class="MixerBusPanner" id="{935c7c66-749f-4606-9e76-787c78ec1cbd}" />
	<object class="MixerBusFader" id="{539606e8-08b3-4b5d-a504-224c877923b5}" />
	<object class="SingleSound" id="{49abf23e-2861-45b0-bf0c-7cced66bce99}">
		<relationship name="audioFile">
			<destination>{84f31d45-6bb7-4837-a9b6-121692e1356d}</destination>
		</relationship>
	</object>
	<object class="SingleSound" id="{0c65f6bc-f691-4177-ae41-c2289efe0801}">
		<relationship name="audioFile">
			<destination>{2bf1af16-0622-474b-9365-77be48837706}</destination>
		</relationship>
	</object>
	<object class="SingleSound" id="{71f90df6-4746-4f07-95ac-758baf957586}">
		<relationship name="audioFile">
			<destination>{5e8183ce-db06-4522-a51f-16c72c8deaa3}</destination>
		</relationship>
	</object>
	<object class="MixerBusEffectChain" id="{efb40fbe-e4a8-47ec-8a09-9fd0916c9bfb}">
		<relationship name="effects">
			<destination>{a4515a72-d7b5-4f8b-bf64-58f90818b0f1}</destination>
		</relationship>
	</object>
	<object class="MixerBusPanner" id="{35c02a46-ebd0-479e-9f4d-214a0e3720a6}" />
	<object class="MixerBusFader" id="{b8d55af4-a261-40c4-a815-d9b4bf145097}" />
	<object class="MixerBusFader" id="{a4515a72-d7b5-4f8b-bf64-58f90818b0f1}" />
</objects>
