<?xml version="1.0" encoding="UTF-8"?>
<objects serializationModel="Studio.02.01.00">
	<object class="Event" id="{0610da4b-3108-4f8a-8480-9a7b5e471337}">
		<property name="name">
			<value>Failure</value>
		</property>
		<property name="outputFormat">
			<value>0</value>
		</property>
		<relationship name="folder">
			<destination>{4d058b9e-7b7f-4a40-9f75-87b0ed4f85b4}</destination>
		</relationship>
		<relationship name="mixer">
			<destination>{1624a029-6b0a-4d62-a707-136f9735a730}</destination>
		</relationship>
		<relationship name="masterTrack">
			<destination>{c3cb6e8c-cfb7-402f-9d8f-d374276a2495}</destination>
		</relationship>
		<relationship name="mixerInput">
			<destination>{393ae378-397f-4ebc-a5a5-7d6a5b155d71}</destination>
		</relationship>
		<relationship name="automatableProperties">
			<destination>{e404ea6d-b7a1-434d-9f9f-91dd09ca9381}</destination>
		</relationship>
		<relationship name="markerTracks">
			<destination>{556f8b7a-d436-4dd4-8374-1a7a245324b9}</destination>
		</relationship>
		<relationship name="groupTracks">
			<destination>{b2b0d1db-b789-48a5-81c2-53c10c061b3a}</destination>
		</relationship>
		<relationship name="timeline">
			<destination>{4f354340-997e-4310-a863-d331d75e09b2}</destination>
		</relationship>
		<relationship name="banks">
			<destination>{8c3f9de4-14c8-4279-a712-2040780fff61}</destination>
		</relationship>
	</object>
	<object class="EventMixer" id="{1624a029-6b0a-4d62-a707-136f9735a730}">
		<relationship name="masterBus">
			<destination>{bb7d86ff-8a37-48fe-9dea-3000e68e0036}</destination>
		</relationship>
	</object>
	<object class="MasterTrack" id="{c3cb6e8c-cfb7-402f-9d8f-d374276a2495}">
		<relationship name="mixerGroup">
			<destination>{bb7d86ff-8a37-48fe-9dea-3000e68e0036}</destination>
		</relationship>
	</object>
	<object class="MixerInput" id="{393ae378-397f-4ebc-a5a5-7d6a5b155d71}">
		<relationship name="effectChain">
			<destination>{2a2dc907-6950-4754-867e-99ce0a1f2e33}</destination>
		</relationship>
		<relationship name="panner">
			<destination>{8e2d2351-b18f-4168-9264-b92a30cd42dc}</destination>
		</relationship>
		<relationship name="output">
			<destination>{a74bdffc-cbb2-488b-ae3c-038020e1273d}</destination>
		</relationship>
	</object>
	<object class="EventAutomatableProperties" id="{e404ea6d-b7a1-434d-9f9f-91dd09ca9381}" />
	<object class="MarkerTrack" id="{556f8b7a-d436-4dd4-8374-1a7a245324b9}" />
	<object class="GroupTrack" id="{b2b0d1db-b789-48a5-81c2-53c10c061b3a}">
		<relationship name="modules">
			<destination>{c317139f-04aa-49d5-8aad-9de26c352d12}</destination>
		</relationship>
		<relationship name="mixerGroup">
			<destination>{0f307647-85c6-4d85-bb25-cfdae0d5465a}</destination>
		</relationship>
	</object>
	<object class="Timeline" id="{4f354340-997e-4310-a863-d331d75e09b2}">
		<relationship name="modules">
			<destination>{c317139f-04aa-49d5-8aad-9de26c352d12}</destination>
		</relationship>
	</object>
	<object class="EventMixerMaster" id="{bb7d86ff-8a37-48fe-9dea-3000e68e0036}">
		<relationship name="effectChain">
			<destination>{70054b46-1189-417f-8052-fa902034367b}</destination>
		</relationship>
		<relationship name="panner">
			<destination>{7cccb6d4-e686-4fe2-b2d5-b1e7863ae244}</destination>
		</relationship>
		<relationship name="mixer">
			<destination>{1624a029-6b0a-4d62-a707-136f9735a730}</destination>
		</relationship>
	</object>
	<object class="MixerBusEffectChain" id="{2a2dc907-6950-4754-867e-99ce0a1f2e33}">
		<relationship name="effects">
			<destination>{73cee633-fb79-49a6-81d4-2adbb1642a85}</destination>
		</relationship>
	</object>
	<object class="MixerBusPanner" id="{8e2d2351-b18f-4168-9264-b92a30cd42dc}" />
	<object class="MultiSound" id="{c317139f-04aa-49d5-8aad-9de26c352d12}">
		<property name="length">
			<value>1.7849999999999999</value>
		</property>
		<relationship name="sounds">
			<destination>{89f8647f-f2b1-406b-8342-d7d555487356}</destination>
			<destination>{de128f39-17d8-4f39-a792-b366204d79c7}</destination>
			<destination>{2dafc89f-d26a-41ba-9a6b-f98295cd4187}</destination>
		</relationship>
	</object>
	<object class="EventMixerGroup" id="{0f307647-85c6-4d85-bb25-cfdae0d5465a}">
		<property name="name">
			<value>Audio 1</value>
		</property>
		<relationship name="effectChain">
			<destination>{4c371ed5-8b6f-4f5d-b63f-8783f39f3ed6}</destination>
		</relationship>
		<relationship name="panner">
			<destination>{a8c7f323-da8c-4b3e-a692-99326035cd44}</destination>
		</relationship>
		<relationship name="output">
			<destination>{bb7d86ff-8a37-48fe-9dea-3000e68e0036}</destination>
		</relationship>
	</object>
	<object class="MixerBusEffectChain" id="{70054b46-1189-417f-8052-fa902034367b}">
		<relationship name="effects">
			<destination>{ed2f760a-04c3-4bd4-819e-7be11a2b1922}</destination>
		</relationship>
	</object>
	<object class="MixerBusPanner" id="{7cccb6d4-e686-4fe2-b2d5-b1e7863ae244}" />
	<object class="MixerBusFader" id="{73cee633-fb79-49a6-81d4-2adbb1642a85}" />
	<object class="SingleSound" id="{89f8647f-f2b1-406b-8342-d7d555487356}">
		<relationship name="audioFile">
			<destination>{d7de8b18-7938-4266-8342-5c56d47a25ab}</destination>
		</relationship>
	</object>
	<object class="SingleSound" id="{de128f39-17d8-4f39-a792-b366204d79c7}">
		<relationship name="audioFile">
			<destination>{a732121a-8055-4486-8180-a06b10c79e92}</destination>
		</relationship>
	</object>
	<object class="SingleSound" id="{2dafc89f-d26a-41ba-9a6b-f98295cd4187}">
		<relationship name="audioFile">
			<destination>{2c8f439d-1d27-45bc-8f78-f0dd3e8e29c4}</destination>
		</relationship>
	</object>
	<object class="MixerBusEffectChain" id="{4c371ed5-8b6f-4f5d-b63f-8783f39f3ed6}">
		<relationship name="effects">
			<destination>{448ff658-8700-4dda-b03d-e26fc54cadff}</destination>
		</relationship>
	</object>
	<object class="MixerBusPanner" id="{a8c7f323-da8c-4b3e-a692-99326035cd44}" />
	<object class="MixerBusFader" id="{ed2f760a-04c3-4bd4-819e-7be11a2b1922}" />
	<object class="MixerBusFader" id="{448ff658-8700-4dda-b03d-e26fc54cadff}" />
</objects>
