<?xml version="1.0" encoding="UTF-8"?>
<objects serializationModel="Studio.02.01.00">
	<object class="Event" id="{06198911-27ea-411e-80a8-25b1eb4c93ff}">
		<property name="name">
			<value>Assigned</value>
		</property>
		<property name="outputFormat">
			<value>0</value>
		</property>
		<relationship name="folder">
			<destination>{5e42bf72-ca90-474f-abc1-0bb00a3648ad}</destination>
		</relationship>
		<relationship name="mixer">
			<destination>{7cfd4b22-c750-4421-8856-7eb23e2bacae}</destination>
		</relationship>
		<relationship name="masterTrack">
			<destination>{32aae275-375d-4a2f-a47e-65bc9857e4e7}</destination>
		</relationship>
		<relationship name="mixerInput">
			<destination>{4b9baccf-287e-42e4-a51f-23697dbcc66f}</destination>
		</relationship>
		<relationship name="automatableProperties">
			<destination>{e7e8d875-e9cd-40b4-8dd4-e580a87482ca}</destination>
		</relationship>
		<relationship name="markerTracks">
			<destination>{5b0d07fe-a9f3-415f-968f-641a54661687}</destination>
		</relationship>
		<relationship name="groupTracks">
			<destination>{2e432ca1-c477-4f6a-a365-f2dfd752e37c}</destination>
		</relationship>
		<relationship name="timeline">
			<destination>{29c50729-bcd6-412e-8e0b-ee8cb8e0a3c3}</destination>
		</relationship>
		<relationship name="banks">
			<destination>{8c3f9de4-14c8-4279-a712-2040780fff61}</destination>
		</relationship>
	</object>
	<object class="EventMixer" id="{7cfd4b22-c750-4421-8856-7eb23e2bacae}">
		<relationship name="masterBus">
			<destination>{2187dc5d-6e8f-4737-8709-35b1fd395d9b}</destination>
		</relationship>
	</object>
	<object class="MasterTrack" id="{32aae275-375d-4a2f-a47e-65bc9857e4e7}">
		<relationship name="mixerGroup">
			<destination>{2187dc5d-6e8f-4737-8709-35b1fd395d9b}</destination>
		</relationship>
	</object>
	<object class="MixerInput" id="{4b9baccf-287e-42e4-a51f-23697dbcc66f}">
		<relationship name="effectChain">
			<destination>{f062be82-4bc6-4c31-a5d4-6f58d1257147}</destination>
		</relationship>
		<relationship name="panner">
			<destination>{ba4abeb4-5e88-4b1e-a9aa-9ef265bfd62c}</destination>
		</relationship>
		<relationship name="output">
			<destination>{a74bdffc-cbb2-488b-ae3c-038020e1273d}</destination>
		</relationship>
	</object>
	<object class="EventAutomatableProperties" id="{e7e8d875-e9cd-40b4-8dd4-e580a87482ca}" />
	<object class="MarkerTrack" id="{5b0d07fe-a9f3-415f-968f-641a54661687}" />
	<object class="GroupTrack" id="{2e432ca1-c477-4f6a-a365-f2dfd752e37c}">
		<relationship name="modules">
			<destination>{73fd7dc4-4e4e-4410-88e1-11600ee134f8}</destination>
		</relationship>
		<relationship name="mixerGroup">
			<destination>{f8a7f08d-bc69-4f1c-8185-18cf576cb8ae}</destination>
		</relationship>
	</object>
	<object class="Timeline" id="{29c50729-bcd6-412e-8e0b-ee8cb8e0a3c3}">
		<relationship name="modules">
			<destination>{73fd7dc4-4e4e-4410-88e1-11600ee134f8}</destination>
		</relationship>
	</object>
	<object class="EventMixerMaster" id="{2187dc5d-6e8f-4737-8709-35b1fd395d9b}">
		<relationship name="effectChain">
			<destination>{7e84d1ce-9f8c-40fd-8013-f72335b9b424}</destination>
		</relationship>
		<relationship name="panner">
			<destination>{78bc6ba9-9aa2-47b4-a2aa-8d52bfbb1b7a}</destination>
		</relationship>
		<relationship name="mixer">
			<destination>{7cfd4b22-c750-4421-8856-7eb23e2bacae}</destination>
		</relationship>
	</object>
	<object class="MixerBusEffectChain" id="{f062be82-4bc6-4c31-a5d4-6f58d1257147}">
		<relationship name="effects">
			<destination>{1d34274d-a6a0-4765-b5eb-2dcfd367903e}</destination>
		</relationship>
	</object>
	<object class="MixerBusPanner" id="{ba4abeb4-5e88-4b1e-a9aa-9ef265bfd62c}" />
	<object class="MultiSound" id="{73fd7dc4-4e4e-4410-88e1-11600ee134f8}">
		<property name="length">
			<value>2.3976875</value>
		</property>
		<relationship name="sounds">
			<destination>{0b84638b-cd63-452f-8274-8e8ac4eb80bb}</destination>
			<destination>{becbacf6-dcce-46ca-9a51-12ab24eb3fd8}</destination>
			<destination>{93c1eced-b613-445b-9013-d9e107b635cf}</destination>
		</relationship>
	</object>
	<object class="EventMixerGroup" id="{f8a7f08d-bc69-4f1c-8185-18cf576cb8ae}">
		<property name="name">
			<value>Audio 1</value>
		</property>
		<relationship name="effectChain">
			<destination>{899e254b-3da0-4ba0-acad-7d85cd410763}</destination>
		</relationship>
		<relationship name="panner">
			<destination>{96e9804a-6f47-44f4-adee-251abea89f0c}</destination>
		</relationship>
		<relationship name="output">
			<destination>{2187dc5d-6e8f-4737-8709-35b1fd395d9b}</destination>
		</relationship>
	</object>
	<object class="MixerBusEffectChain" id="{7e84d1ce-9f8c-40fd-8013-f72335b9b424}">
		<relationship name="effects">
			<destination>{d1adb27e-33f0-44e2-adb2-e90be998b05c}</destination>
		</relationship>
	</object>
	<object class="MixerBusPanner" id="{78bc6ba9-9aa2-47b4-a2aa-8d52bfbb1b7a}" />
	<object class="MixerBusFader" id="{1d34274d-a6a0-4765-b5eb-2dcfd367903e}" />
	<object class="SingleSound" id="{0b84638b-cd63-452f-8274-8e8ac4eb80bb}">
		<relationship name="audioFile">
			<destination>{25bfa1f4-dee0-4936-9632-2e949f1e1ad1}</destination>
		</relationship>
	</object>
	<object class="SingleSound" id="{becbacf6-dcce-46ca-9a51-12ab24eb3fd8}">
		<relationship name="audioFile">
			<destination>{dd0fb4ef-60b9-4367-a45c-d3b8e0b1e337}</destination>
		</relationship>
	</object>
	<object class="SingleSound" id="{93c1eced-b613-445b-9013-d9e107b635cf}">
		<relationship name="audioFile">
			<destination>{d68a84d6-cdbf-4c73-aa5f-bd41f68da982}</destination>
		</relationship>
	</object>
	<object class="MixerBusEffectChain" id="{899e254b-3da0-4ba0-acad-7d85cd410763}">
		<relationship name="effects">
			<destination>{583e3b96-dffc-4580-9ae8-5892ef13979e}</destination>
		</relationship>
	</object>
	<object class="MixerBusPanner" id="{96e9804a-6f47-44f4-adee-251abea89f0c}" />
	<object class="MixerBusFader" id="{d1adb27e-33f0-44e2-adb2-e90be998b05c}" />
	<object class="MixerBusFader" id="{583e3b96-dffc-4580-9ae8-5892ef13979e}" />
</objects>
