<?xml version="1.0" encoding="UTF-8"?>
<objects serializationModel="Studio.02.01.00">
	<object class="Event" id="{062abd7b-c674-41dd-9b6e-e4461bc9c268}">
		<property name="name">
			<value>Assigned</value>
		</property>
		<property name="outputFormat">
			<value>0</value>
		</property>
		<relationship name="folder">
			<destination>{85efb405-1582-44cb-b47a-d4756e30decd}</destination>
		</relationship>
		<relationship name="mixer">
			<destination>{3e799a13-057f-4b99-81fd-f4c9b17a5a43}</destination>
		</relationship>
		<relationship name="masterTrack">
			<destination>{443a7493-820c-4b18-9c34-8cb43571b8cb}</destination>
		</relationship>
		<relationship name="mixerInput">
			<destination>{776ba83a-2730-4610-b4d2-ebb3b56b6884}</destination>
		</relationship>
		<relationship name="automatableProperties">
			<destination>{dca10760-281b-4bcb-a0f6-774251842ee6}</destination>
		</relationship>
		<relationship name="markerTracks">
			<destination>{1437e583-0111-421b-bdb6-72826986ba2e}</destination>
		</relationship>
		<relationship name="groupTracks">
			<destination>{7cf01806-cc3e-4bae-bdc3-1c79b1f45a83}</destination>
		</relationship>
		<relationship name="timeline">
			<destination>{bdb8ca6a-fac4-4838-a273-abbd68704338}</destination>
		</relationship>
		<relationship name="banks">
			<destination>{8c3f9de4-14c8-4279-a712-2040780fff61}</destination>
		</relationship>
	</object>
	<object class="EventMixer" id="{3e799a13-057f-4b99-81fd-f4c9b17a5a43}">
		<relationship name="masterBus">
			<destination>{90d86593-cb27-4c17-9dc6-3ac325678c6f}</destination>
		</relationship>
	</object>
	<object class="MasterTrack" id="{443a7493-820c-4b18-9c34-8cb43571b8cb}">
		<relationship name="mixerGroup">
			<destination>{90d86593-cb27-4c17-9dc6-3ac325678c6f}</destination>
		</relationship>
	</object>
	<object class="MixerInput" id="{776ba83a-2730-4610-b4d2-ebb3b56b6884}">
		<relationship name="effectChain">
			<destination>{6716f65c-3964-43d4-b4bf-fa3299859264}</destination>
		</relationship>
		<relationship name="panner">
			<destination>{de2626ac-d8d6-4374-bc2b-7387317cbffe}</destination>
		</relationship>
		<relationship name="output">
			<destination>{a74bdffc-cbb2-488b-ae3c-038020e1273d}</destination>
		</relationship>
	</object>
	<object class="EventAutomatableProperties" id="{dca10760-281b-4bcb-a0f6-774251842ee6}" />
	<object class="MarkerTrack" id="{1437e583-0111-421b-bdb6-72826986ba2e}" />
	<object class="GroupTrack" id="{7cf01806-cc3e-4bae-bdc3-1c79b1f45a83}">
		<relationship name="modules">
			<destination>{804b5037-2245-4904-aea2-3f0a6d2e5349}</destination>
		</relationship>
		<relationship name="mixerGroup">
			<destination>{5d60263d-4156-4571-b589-53245525253d}</destination>
		</relationship>
	</object>
	<object class="Timeline" id="{bdb8ca6a-fac4-4838-a273-abbd68704338}">
		<relationship name="modules">
			<destination>{804b5037-2245-4904-aea2-3f0a6d2e5349}</destination>
		</relationship>
	</object>
	<object class="EventMixerMaster" id="{90d86593-cb27-4c17-9dc6-3ac325678c6f}">
		<relationship name="effectChain">
			<destination>{9d28fd12-57a3-4e9a-840f-e8a2361bf960}</destination>
		</relationship>
		<relationship name="panner">
			<destination>{d5032c19-5c7d-46f6-9901-8024ae766fc0}</destination>
		</relationship>
		<relationship name="mixer">
			<destination>{3e799a13-057f-4b99-81fd-f4c9b17a5a43}</destination>
		</relationship>
	</object>
	<object class="MixerBusEffectChain" id="{6716f65c-3964-43d4-b4bf-fa3299859264}">
		<relationship name="effects">
			<destination>{6b949916-9748-4a3d-a17c-3adbd5efe65d}</destination>
		</relationship>
	</object>
	<object class="MixerBusPanner" id="{de2626ac-d8d6-4374-bc2b-7387317cbffe}" />
	<object class="MultiSound" id="{804b5037-2245-4904-aea2-3f0a6d2e5349}">
		<property name="length">
			<value>1.8537291666666667</value>
		</property>
		<relationship name="sounds">
			<destination>{18683616-469e-47b3-98b7-0575383ba3cd}</destination>
			<destination>{c3b1c488-4459-41d3-82e3-409030ba6880}</destination>
			<destination>{22e53119-8092-465e-b4fc-8fbabdec3168}</destination>
			<destination>{3db2b08b-86f6-4e42-a28c-a4c75bed5497}</destination>
		</relationship>
	</object>
	<object class="EventMixerGroup" id="{5d60263d-4156-4571-b589-53245525253d}">
		<property name="name">
			<value>Audio 1</value>
		</property>
		<relationship name="effectChain">
			<destination>{4d7ad4b4-4d4d-47eb-8e68-a99fe28f56e2}</destination>
		</relationship>
		<relationship name="panner">
			<destination>{a564fa08-5613-4354-892e-9f95f93a7ff8}</destination>
		</relationship>
		<relationship name="output">
			<destination>{90d86593-cb27-4c17-9dc6-3ac325678c6f}</destination>
		</relationship>
	</object>
	<object class="MixerBusEffectChain" id="{9d28fd12-57a3-4e9a-840f-e8a2361bf960}">
		<relationship name="effects">
			<destination>{80634869-ba83-41cc-a547-727015550452}</destination>
		</relationship>
	</object>
	<object class="MixerBusPanner" id="{d5032c19-5c7d-46f6-9901-8024ae766fc0}" />
	<object class="MixerBusFader" id="{6b949916-9748-4a3d-a17c-3adbd5efe65d}" />
	<object class="SingleSound" id="{18683616-469e-47b3-98b7-0575383ba3cd}">
		<relationship name="audioFile">
			<destination>{1f7355fc-2824-43ee-a510-2f63c5fd98e3}</destination>
		</relationship>
	</object>
	<object class="SingleSound" id="{c3b1c488-4459-41d3-82e3-409030ba6880}">
		<relationship name="audioFile">
			<destination>{51dea88b-3254-4a65-8b13-184c7ccb272d}</destination>
		</relationship>
	</object>
	<object class="SingleSound" id="{22e53119-8092-465e-b4fc-8fbabdec3168}">
		<relationship name="audioFile">
			<destination>{574c8214-fddf-415c-af02-dda8894ac38d}</destination>
		</relationship>
	</object>
	<object class="SingleSound" id="{3db2b08b-86f6-4e42-a28c-a4c75bed5497}">
		<relationship name="audioFile">
			<destination>{13db7c35-6d94-429f-a294-9d949232d5c6}</destination>
		</relationship>
	</object>
	<object class="MixerBusEffectChain" id="{4d7ad4b4-4d4d-47eb-8e68-a99fe28f56e2}">
		<relationship name="effects">
			<destination>{2ec95d01-d6e1-4a37-bf37-00561e5b557e}</destination>
		</relationship>
	</object>
	<object class="MixerBusPanner" id="{a564fa08-5613-4354-892e-9f95f93a7ff8}" />
	<object class="MixerBusFader" id="{80634869-ba83-41cc-a547-727015550452}" />
	<object class="MixerBusFader" id="{2ec95d01-d6e1-4a37-bf37-00561e5b557e}" />
</objects>
