<?xml version="1.0" encoding="UTF-8"?>
<objects serializationModel="Studio.02.01.00">
	<object class="Event" id="{063db11a-4344-4074-82f4-9ee9253f5539}">
		<property name="name">
			<value>Success</value>
		</property>
		<property name="outputFormat">
			<value>0</value>
		</property>
		<relationship name="folder">
			<destination>{2d8482fd-97c2-444d-846d-4909368054fa}</destination>
		</relationship>
		<relationship name="mixer">
			<destination>{3779e633-51f2-4112-8829-2df3364e3668}</destination>
		</relationship>
		<relationship name="masterTrack">
			<destination>{b7302503-87a1-4a1b-bb9c-1b8cf9e04a41}</destination>
		</relationship>
		<relationship name="mixerInput">
			<destination>{6d77d5dc-850b-4f7a-91fa-56ca8225024e}</destination>
		</relationship>
		<relationship name="automatableProperties">
			<destination>{1ca5fade-5cef-46e3-8ef2-8e362f784eaf}</destination>
		</relationship>
		<relationship name="markerTracks">
			<destination>{0c0a7305-7e11-4543-b2c8-f60faf19c2bb}</destination>
		</relationship>
		<relationship name="groupTracks">
			<destination>{6a7fe00e-4fc6-45a7-9186-1a8744ab726c}</destination>
		</relationship>
		<relationship name="timeline">
			<destination>{1201f96a-3158-44ce-b9b3-af4dbff747b5}</destination>
		</relationship>
		<relationship name="banks">
			<destination>{8c3f9de4-14c8-4279-a712-2040780fff61}</destination>
		</relationship>
	</object>
	<object class="EventMixer" id="{3779e633-51f2-4112-8829-2df3364e3668}">
		<relationship name="masterBus">
			<destination>{6f78f051-ad80-4201-aa29-f2f40f3353dc}</destination>
		</relationship>
	</object>
	<object class="MasterTrack" id="{b7302503-87a1-4a1b-bb9c-1b8cf9e04a41}">
		<relationship name="mixerGroup">
			<destination>{6f78f051-ad80-4201-aa29-f2f40f3353dc}</destination>
		</relationship>
	</object>
	<object class="MixerInput" id="{6d77d5dc-850b-4f7a-91fa-56ca8225024e}">
		<relationship name="effectChain">
			<destination>{caa0bd70-ca01-4039-b463-9725eaf0b09b}</destination>
		</relationship>
		<relationship name="panner">
			<destination>{3d7abd05-9ba7-4e61-a4a4-16aa9ca26ca8}</destination>
		</relationship>
		<relationship name="output">
			<destination>{a74bdffc-cbb2-488b-ae3c-038020e1273d}</destination>
		</relationship>
	</object>
	<object class="EventAutomatableProperties" id="{1ca5fade-5cef-46e3-8ef2-8e362f784eaf}" />
	<object class="MarkerTrack" id="{0c0a7305-7e11-4543-b2c8-f60faf19c2bb}" />
	<object class="GroupTrack" id="{6a7fe00e-4fc6-45a7-9186-1a8744ab726c}">
		<relationship name="modules">
			<destination>{d30d6f50-cb78-4698-a218-96ec53b70820}</destination>
		</relationship>
		<relationship name="mixerGroup">
			<destination>{015ff420-acff-4943-b8c7-26beb92b4f60}</destination>
		</relationship>
	</object>
	<object class="Timeline" id="{1201f96a-3158-44ce-b9b3-af4dbff747b5}">
		<relationship name="modules">
			<destination>{d30d6f50-cb78-4698-a218-96ec53b70820}</destination>
		</relationship>
	</object>
	<object class="EventMixerMaster" id="{6f78f051-ad80-4201-aa29-f2f40f3353dc}">
		<relationship name="effectChain">
			<destination>{bb8f695c-eaa3-4974-a097-be7e22da7a60}</destination>
		</relationship>
		<relationship name="panner">
			<destination>{b4debaca-efa7-4391-bcc6-93a2d488e901}</destination>
		</relationship>
		<relationship name="mixer">
			<destination>{3779e633-51f2-4112-8829-2df3364e3668}</destination>
		</relationship>
	</object>
	<object class="MixerBusEffectChain" id="{caa0bd70-ca01-4039-b463-9725eaf0b09b}">
		<relationship name="effects">
			<destination>{9663c353-93ee-47d8-83d5-a99409f68205}</destination>
		</relationship>
	</object>
	<object class="MixerBusPanner" id="{3d7abd05-9ba7-4e61-a4a4-16aa9ca26ca8}" />
	<object class="MultiSound" id="{d30d6f50-cb78-4698-a218-96ec53b70820}">
		<property name="length">
			<value>2.0228333333333333</value>
		</property>
		<relationship name="sounds">
			<destination>{0d969bab-6892-4112-90f4-210e5299fa29}</destination>
			<destination>{64f03707-5d40-4957-9b9c-b3f7670ae11c}</destination>
			<destination>{6b46a4f1-3557-4ce2-a3d8-aa4b73cda9a0}</destination>
			<destination>{1f7d5cc0-4ac6-44eb-9a6e-f67f7a8724b0}</destination>
		</relationship>
	</object>
	<object class="EventMixerGroup" id="{015ff420-acff-4943-b8c7-26beb92b4f60}">
		<property name="name">
			<value>Audio 1</value>
		</property>
		<relationship name="effectChain">
			<destination>{183749e7-44d5-40a6-b456-d2ce365d1de7}</destination>
		</relationship>
		<relationship name="panner">
			<destination>{9c89a5bb-4f4a-4263-affa-b372a5669d15}</destination>
		</relationship>
		<relationship name="output">
			<destination>{6f78f051-ad80-4201-aa29-f2f40f3353dc}</destination>
		</relationship>
	</object>
	<object class="MixerBusEffectChain" id="{bb8f695c-eaa3-4974-a097-be7e22da7a60}">
		<relationship name="effects">
			<destination>{462c54ca-0b9f-40f2-a205-ebcba22868ae}</destination>
		</relationship>
	</object>
	<object class="MixerBusPanner" id="{b4debaca-efa7-4391-bcc6-93a2d488e901}" />
	<object class="MixerBusFader" id="{9663c353-93ee-47d8-83d5-a99409f68205}" />
	<object class="SingleSound" id="{0d969bab-6892-4112-90f4-210e5299fa29}">
		<relationship name="audioFile">
			<destination>{c020b6a1-ab77-4251-a3e7-58529fe9f89b}</destination>
		</relationship>
	</object>
	<object class="SingleSound" id="{64f03707-5d40-4957-9b9c-b3f7670ae11c}">
		<relationship name="audioFile">
			<destination>{85865713-ea55-4f06-aa1b-14fdc44b7cea}</destination>
		</relationship>
	</object>
	<object class="SingleSound" id="{6b46a4f1-3557-4ce2-a3d8-aa4b73cda9a0}">
		<relationship name="audioFile">
			<destination>{5693ee94-a743-44c2-9c57-4fdaf87fd313}</destination>
		</relationship>
	</object>
	<object class="SingleSound" id="{1f7d5cc0-4ac6-44eb-9a6e-f67f7a8724b0}">
		<relationship name="audioFile">
			<destination>{2374d62d-8dcb-41ba-a46c-0b87b320b7c8}</destination>
		</relationship>
	</object>
	<object class="MixerBusEffectChain" id="{183749e7-44d5-40a6-b456-d2ce365d1de7}">
		<relationship name="effects">
			<destination>{c083c05b-5057-41b5-b247-b8faed75c931}</destination>
		</relationship>
	</object>
	<object class="MixerBusPanner" id="{9c89a5bb-4f4a-4263-affa-b372a5669d15}" />
	<object class="MixerBusFader" id="{462c54ca-0b9f-40f2-a205-ebcba22868ae}" />
	<object class="MixerBusFader" id="{c083c05b-5057-41b5-b247-b8faed75c931}" />
</objects>
