<?xml version="1.0" encoding="UTF-8"?>
<objects serializationModel="Studio.02.01.00">
	<object class="Event" id="{06312845-aa6e-4eae-bf46-9ef67d851d18}">
		<property name="name">
			<value>Assigned</value>
		</property>
		<property name="outputFormat">
			<value>0</value>
		</property>
		<relationship name="folder">
			<destination>{7a8e93a9-0894-453f-869e-a273962102c0}</destination>
		</relationship>
		<relationship name="mixer">
			<destination>{68d645cd-9b21-4560-a98e-6402389f9e6b}</destination>
		</relationship>
		<relationship name="masterTrack">
			<destination>{ae2f36bf-a3ea-4682-83e3-cddb24f5c5f9}</destination>
		</relationship>
		<relationship name="mixerInput">
			<destination>{645d15f6-fcd5-4622-8a8d-0ab4bc8818c7}</destination>
		</relationship>
		<relationship name="automatableProperties">
			<destination>{5e4ab214-aad9-4f24-b8f1-b9ac8186f434}</destination>
		</relationship>
		<relationship name="markerTracks">
			<destination>{b7a79411-58fc-48d3-8229-5c2ea46e9a39}</destination>
		</relationship>
		<relationship name="groupTracks">
			<destination>{21697c78-0ce0-49c8-a7db-4fc278f80fe8}</destination>
		</relationship>
		<relationship name="timeline">
			<destination>{4655fe25-3765-4132-8599-bf7e1bafeb22}</destination>
		</relationship>
		<relationship name="banks">
			<destination>{8c3f9de4-14c8-4279-a712-2040780fff61}</destination>
		</relationship>
	</object>
	<object class="EventMixer" id="{68d645cd-9b21-4560-a98e-6402389f9e6b}">
		<relationship name="masterBus">
			<destination>{8bb0385f-b58d-494b-bfc0-b0cea0eed5fc}</destination>
		</relationship>
	</object>
	<object class="MasterTrack" id="{ae2f36bf-a3ea-4682-83e3-cddb24f5c5f9}">
		<relationship name="mixerGroup">
			<destination>{8bb0385f-b58d-494b-bfc0-b0cea0eed5fc}</destination>
		</relationship>
	</object>
	<object class="MixerInput" id="{645d15f6-fcd5-4622-8a8d-0ab4bc8818c7}">
		<relationship name="effectChain">
			<destination>{249b94e0-1ec7-4d20-a17c-448b7d270cd2}</destination>
		</relationship>
		<relationship name="panner">
			<destination>{247e78d7-fa75-46a5-88ec-1ff730b51a3b}</destination>
		</relationship>
		<relationship name="output">
			<destination>{a74bdffc-cbb2-488b-ae3c-038020e1273d}</destination>
		</relationship>
	</object>
	<object class="EventAutomatableProperties" id="{5e4ab214-aad9-4f24-b8f1-b9ac8186f434}" />
	<object class="MarkerTrack" id="{b7a79411-58fc-48d3-8229-5c2ea46e9a39}" />
	<object class="GroupTrack" id="{21697c78-0ce0-49c8-a7db-4fc278f80fe8}">
		<relationship name="modules">
			<destination>{0013e97b-4e6e-4af1-9c48-8a49d05c9eb0}</destination>
		</relationship>
		<relationship name="mixerGroup">
			<destination>{f320d282-ba3e-4a40-bfeb-28ed26c497a9}</destination>
		</relationship>
	</object>
	<object class="Timeline" id="{4655fe25-3765-4132-8599-bf7e1bafeb22}">
		<relationship name="modules">
			<destination>{0013e97b-4e6e-4af1-9c48-8a49d05c9eb0}</destination>
		</relationship>
	</object>
	<object class="EventMixerMaster" id="{8bb0385f-b58d-494b-bfc0-b0cea0eed5fc}">
		<relationship name="effectChain">
			<destination>{6708713d-882e-4be5-8b2e-0ac5069f2729}</destination>
		</relationship>
		<relationship name="panner">
			<destination>{2f7a15a9-9fec-4a03-8fbb-f37c70a5e181}</destination>
		</relationship>
		<relationship name="mixer">
			<destination>{68d645cd-9b21-4560-a98e-6402389f9e6b}</destination>
		</relationship>
	</object>
	<object class="MixerBusEffectChain" id="{249b94e0-1ec7-4d20-a17c-448b7d270cd2}">
		<relationship name="effects">
			<destination>{ccdf82fe-06da-46a0-b786-3fa351e5f565}</destination>
		</relationship>
	</object>
	<object class="MixerBusPanner" id="{247e78d7-fa75-46a5-88ec-1ff730b51a3b}" />
	<object class="MultiSound" id="{0013e97b-4e6e-4af1-9c48-8a49d05c9eb0}">
		<property name="length">
			<value>2.6154375000000001</value>
		</property>
		<relationship name="sounds">
			<destination>{b50ff6ea-5f7c-4303-a262-92284d82a5a3}</destination>
			<destination>{6cb2767b-873c-47b8-bdeb-5dc7af80e994}</destination>
			<destination>{a17c39ec-5c40-4335-adfb-fc38357560e9}</destination>
			<destination>{4038ca9f-4c21-451f-b10f-932c6c5713de}</destination>
		</relationship>
	</object>
	<object class="EventMixerGroup" id="{f320d282-ba3e-4a40-bfeb-28ed26c497a9}">
		<property name="name">
			<value>Audio 1</value>
		</property>
		<relationship name="effectChain">
			<destination>{bcf50f8b-d3f4-498c-9bc5-cf2a840b4f0e}</destination>
		</relationship>
		<relationship name="panner">
			<destination>{e197b5a4-a8b8-4b29-8ddf-9c1c81cb40ac}</destination>
		</relationship>
		<relationship name="output">
			<destination>{8bb0385f-b58d-494b-bfc0-b0cea0eed5fc}</destination>
		</relationship>
	</object>
	<object class="MixerBusEffectChain" id="{6708713d-882e-4be5-8b2e-0ac5069f2729}">
		<relationship name="effects">
			<destination>{71a536e2-746b-4961-807a-afdc23169962}</destination>
		</relationship>
	</object>
	<object class="MixerBusPanner" id="{2f7a15a9-9fec-4a03-8fbb-f37c70a5e181}" />
	<object class="MixerBusFader" id="{ccdf82fe-06da-46a0-b786-3fa351e5f565}" />
	<object class="SingleSound" id="{b50ff6ea-5f7c-4303-a262-92284d82a5a3}">
		<relationship name="audioFile">
			<destination>{b0a14f17-3343-4ad8-8c55-edacac52a89f}</destination>
		</relationship>
	</object>
	<object class="SingleSound" id="{6cb2767b-873c-47b8-bdeb-5dc7af80e994}">
		<relationship name="audioFile">
			<destination>{b73a5e76-c6e8-4176-aa55-5b3c7b9fddf4}</destination>
		</relationship>
	</object>
	<object class="SingleSound" id="{a17c39ec-5c40-4335-adfb-fc38357560e9}">
		<relationship name="audioFile">
			<destination>{41e865e0-729e-4f87-a9ae-3c215c309ff8}</destination>
		</relationship>
	</object>
	<object class="SingleSound" id="{4038ca9f-4c21-451f-b10f-932c6c5713de}">
		<relationship name="audioFile">
			<destination>{a9a785e2-e96b-439e-a57b-3245265a5301}</destination>
		</relationship>
	</object>
	<object class="MixerBusEffectChain" id="{bcf50f8b-d3f4-498c-9bc5-cf2a840b4f0e}">
		<relationship name="effects">
			<destination>{c1764b20-1e7b-459d-8d96-044d87b79c1f}</destination>
		</relationship>
	</object>
	<object class="MixerBusPanner" id="{e197b5a4-a8b8-4b29-8ddf-9c1c81cb40ac}" />
	<object class="MixerBusFader" id="{71a536e2-746b-4961-807a-afdc23169962}" />
	<object class="MixerBusFader" id="{c1764b20-1e7b-459d-8d96-044d87b79c1f}" />
</objects>
