<?xml version="1.0" encoding="UTF-8"?>
<objects serializationModel="Studio.02.01.00">
	<object class="Event" id="{06644ad6-0959-4ad7-bd05-419f0c83c9e2}">
		<property name="name">
			<value>Success</value>
		</property>
		<property name="outputFormat">
			<value>0</value>
		</property>
		<relationship name="folder">
			<destination>{f4477875-414f-4568-a4a9-4815d596f176}</destination>
		</relationship>
		<relationship name="mixer">
			<destination>{203737cf-616b-49f5-b039-1c5ca8b92a14}</destination>
		</relationship>
		<relationship name="masterTrack">
			<destination>{b94324c1-294b-40e1-acaf-647fdea64e11}</destination>
		</relationship>
		<relationship name="mixerInput">
			<destination>{c0843f70-feb7-4864-bad0-0b810d677023}</destination>
		</relationship>
		<relationship name="automatableProperties">
			<destination>{c0aed5c8-3168-436e-9bbb-c85af50c2318}</destination>
		</relationship>
		<relationship name="markerTracks">
			<destination>{709ea0f1-3fa6-4d51-ab4d-8a04d088c54e}</destination>
		</relationship>
		<relationship name="groupTracks">
			<destination>{bf0ebf75-c44d-4754-a92d-60398f630abe}</destination>
		</relationship>
		<relationship name="timeline">
			<destination>{d879372f-c1a7-414e-8def-f769bfd959c9}</destination>
		</relationship>
		<relationship name="banks">
			<destination>{8c3f9de4-14c8-4279-a712-2040780fff61}</destination>
		</relationship>
	</object>
	<object class="EventMixer" id="{203737cf-616b-49f5-b039-1c5ca8b92a14}">
		<relationship name="masterBus">
			<destination>{bbd097a0-762e-41b7-8c0e-6432f67711ed}</destination>
		</relationship>
	</object>
	<object class="MasterTrack" id="{b94324c1-294b-40e1-acaf-647fdea64e11}">
		<relationship name="mixerGroup">
			<destination>{bbd097a0-762e-41b7-8c0e-6432f67711ed}</destination>
		</relationship>
	</object>
	<object class="MixerInput" id="{c0843f70-feb7-4864-bad0-0b810d677023}">
		<relationship name="effectChain">
			<destination>{9fa80c01-79b5-422b-b217-c14512b7599a}</destination>
		</relationship>
		<relationship name="panner">
			<destination>{0d5463fb-35c7-4127-ad4c-61a489bae446}</destination>
		</relationship>
		<relationship name="output">
			<destination>{a74bdffc-cbb2-488b-ae3c-038020e1273d}</destination>
		</relationship>
	</object>
	<object class="EventAutomatableProperties" id="{c0aed5c8-3168-436e-9bbb-c85af50c2318}" />
	<object class="MarkerTrack" id="{709ea0f1-3fa6-4d51-ab4d-8a04d088c54e}" />
	<object class="GroupTrack" id="{bf0ebf75-c44d-4754-a92d-60398f630abe}">
		<relationship name="modules">
			<destination>{d0792a8e-6a81-4bdf-a6d7-7f5411131c9d}</destination>
		</relationship>
		<relationship name="mixerGroup">
			<destination>{e1169de7-51ce-4972-b6be-8036bdf54600}</destination>
		</relationship>
	</object>
	<object class="Timeline" id="{d879372f-c1a7-414e-8def-f769bfd959c9}">
		<relationship name="modules">
			<destination>{d0792a8e-6a81-4bdf-a6d7-7f5411131c9d}</destination>
		</relationship>
	</object>
	<object class="EventMixerMaster" id="{bbd097a0-762e-41b7-8c0e-6432f67711ed}">
		<relationship name="effectChain">
			<destination>{9b37b99f-283d-4705-bca3-9846aa5bc7fe}</destination>
		</relationship>
		<relationship name="panner">
			<destination>{d0f5a7fa-a6d4-4dbd-8336-02e9ea1d7b5f}</destination>
		</relationship>
		<relationship name="mixer">
			<destination>{203737cf-616b-49f5-b039-1c5ca8b92a14}</destination>
		</relationship>
	</object>
	<object class="MixerBusEffectChain" id="{9fa80c01-79b5-422b-b217-c14512b7599a}">
		<relationship name="effects">
			<destination>{2034b5ad-054c-4d68-a413-c0679c082bcf}</destination>
		</relationship>
	</object>
	<object class="MixerBusPanner" id="{0d5463fb-35c7-4127-ad4c-61a489bae446}" />
	<object class="MultiSound" id="{d0792a8e-6a81-4bdf-a6d7-7f5411131c9d}">
		<property name="length">
			<value>2.5975208333333333</value>
		</property>
		<relationship name="sounds">
			<destination>{6528e4b7-905b-4cad-89e8-7a1527e2b48a}</destination>
			<destination>{cd1e45d2-7676-4d43-a0b7-b0f72a193a36}</destination>
			<destination>{3030ca98-cb53-4fe3-92ba-fa917a03a0af}</destination>
			<destination>{e01ab5ac-21eb-4050-bf53-77a1cf0b4b2d}</destination>
		</relationship>
	</object>
	<object class="EventMixerGroup" id="{e1169de7-51ce-4972-b6be-8036bdf54600}">
		<property name="name">
			<value>Audio 1</value>
		</property>
		<relationship name="effectChain">
			<destination>{ac682fb1-86b7-4a8f-9b42-d899d00d0b3d}</destination>
		</relationship>
		<relationship name="panner">
			<destination>{8e101fad-414c-4ba5-8af0-38ad6431a9d3}</destination>
		</relationship>
		<relationship name="output">
			<destination>{bbd097a0-762e-41b7-8c0e-6432f67711ed}</destination>
		</relationship>
	</object>
	<object class="MixerBusEffectChain" id="{9b37b99f-283d-4705-bca3-9846aa5bc7fe}">
		<relationship name="effects">
			<destination>{1547918e-315a-4846-ba97-a2741c76b2ec}</destination>
		</relationship>
	</object>
	<object class="MixerBusPanner" id="{d0f5a7fa-a6d4-4dbd-8336-02e9ea1d7b5f}" />
	<object class="MixerBusFader" id="{2034b5ad-054c-4d68-a413-c0679c082bcf}" />
	<object class="SingleSound" id="{6528e4b7-905b-4cad-89e8-7a1527e2b48a}">
		<relationship name="audioFile">
			<destination>{3dd2a476-0f82-4e6a-ba9a-98b8279f5dff}</destination>
		</relationship>
	</object>
	<object class="SingleSound" id="{cd1e45d2-7676-4d43-a0b7-b0f72a193a36}">
		<relationship name="audioFile">
			<destination>{72200ea4-4559-4be4-81c0-08abce1a7f09}</destination>
		</relationship>
	</object>
	<object class="SingleSound" id="{3030ca98-cb53-4fe3-92ba-fa917a03a0af}">
		<relationship name="audioFile">
			<destination>{cafe3f2a-a0d0-449e-9336-4f140d68ed4f}</destination>
		</relationship>
	</object>
	<object class="SingleSound" id="{e01ab5ac-21eb-4050-bf53-77a1cf0b4b2d}">
		<relationship name="audioFile">
			<destination>{02a3b325-cee5-469f-9e6e-0ed42c6cc15e}</destination>
		</relationship>
	</object>
	<object class="MixerBusEffectChain" id="{ac682fb1-86b7-4a8f-9b42-d899d00d0b3d}">
		<relationship name="effects">
			<destination>{94488eb9-9173-4f2a-bfe9-832dfd389c7c}</destination>
		</relationship>
	</object>
	<object class="MixerBusPanner" id="{8e101fad-414c-4ba5-8af0-38ad6431a9d3}" />
	<object class="MixerBusFader" id="{1547918e-315a-4846-ba97-a2741c76b2ec}" />
	<object class="MixerBusFader" id="{94488eb9-9173-4f2a-bfe9-832dfd389c7c}" />
</objects>
