<?xml version="1.0" encoding="UTF-8"?>
<objects serializationModel="Studio.02.01.00">
	<object class="Event" id="{06672417-f408-4c52-8333-66976f1709d1}">
		<property name="name">
			<value>Assigned</value>
		</property>
		<property name="outputFormat">
			<value>0</value>
		</property>
		<relationship name="folder">
			<destination>{389c8426-7dd2-471d-908b-937d1ec26dd8}</destination>
		</relationship>
		<relationship name="mixer">
			<destination>{efafbc9f-67c6-48df-b556-3061dc2b8373}</destination>
		</relationship>
		<relationship name="masterTrack">
			<destination>{6b9531fe-f64c-41da-ad1f-863497610ba8}</destination>
		</relationship>
		<relationship name="mixerInput">
			<destination>{4b3c4192-52e7-4d64-8423-7bf66a081efe}</destination>
		</relationship>
		<relationship name="automatableProperties">
			<destination>{a85e4308-9779-4fae-bbba-a915a1ffd442}</destination>
		</relationship>
		<relationship name="markerTracks">
			<destination>{ca02dff5-2984-43d2-b47c-85d9ed57ab93}</destination>
		</relationship>
		<relationship name="groupTracks">
			<destination>{9a2ea4c7-7e5b-40bb-be5c-77d007fbc647}</destination>
		</relationship>
		<relationship name="timeline">
			<destination>{66f289c7-9319-4742-ab26-620d3e978aa7}</destination>
		</relationship>
		<relationship name="banks">
			<destination>{8c3f9de4-14c8-4279-a712-2040780fff61}</destination>
		</relationship>
	</object>
	<object class="EventMixer" id="{efafbc9f-67c6-48df-b556-3061dc2b8373}">
		<relationship name="masterBus">
			<destination>{e288b38b-3d86-480f-bd6a-4ae3c0f2d7a5}</destination>
		</relationship>
	</object>
	<object class="MasterTrack" id="{6b9531fe-f64c-41da-ad1f-863497610ba8}">
		<relationship name="mixerGroup">
			<destination>{e288b38b-3d86-480f-bd6a-4ae3c0f2d7a5}</destination>
		</relationship>
	</object>
	<object class="MixerInput" id="{4b3c4192-52e7-4d64-8423-7bf66a081efe}">
		<relationship name="effectChain">
			<destination>{e310011d-5386-4336-b26d-4b1d8c85b04b}</destination>
		</relationship>
		<relationship name="panner">
			<destination>{21c5894d-94d9-4ffe-b31c-d4c2ea010e43}</destination>
		</relationship>
		<relationship name="output">
			<destination>{a74bdffc-cbb2-488b-ae3c-038020e1273d}</destination>
		</relationship>
	</object>
	<object class="EventAutomatableProperties" id="{a85e4308-9779-4fae-bbba-a915a1ffd442}" />
	<object class="MarkerTrack" id="{ca02dff5-2984-43d2-b47c-85d9ed57ab93}" />
	<object class="GroupTrack" id="{9a2ea4c7-7e5b-40bb-be5c-77d007fbc647}">
		<relationship name="modules">
			<destination>{d8d13ab2-5ed6-43ee-b016-ca2b1a9e1e5e}</destination>
		</relationship>
		<relationship name="mixerGroup">
			<destination>{dcaa5193-f8c0-44ab-b3b9-a96b4698a367}</destination>
		</relationship>
	</object>
	<object class="Timeline" id="{66f289c7-9319-4742-ab26-620d3e978aa7}">
		<relationship name="modules">
			<destination>{d8d13ab2-5ed6-43ee-b016-ca2b1a9e1e5e}</destination>
		</relationship>
	</object>
	<object class="EventMixerMaster" id="{e288b38b-3d86-480f-bd6a-4ae3c0f2d7a5}">
		<relationship name="effectChain">
			<destination>{f6df8df9-925e-4528-b716-4bfc584008cb}</destination>
		</relationship>
		<relationship name="panner">
			<destination>{9aa5ad1c-f0eb-4eee-9fd2-e4731c367681}</destination>
		</relationship>
		<relationship name="mixer">
			<destination>{efafbc9f-67c6-48df-b556-3061dc2b8373}</destination>
		</relationship>
	</object>
	<object class="MixerBusEffectChain" id="{e310011d-5386-4336-b26d-4b1d8c85b04b}">
		<relationship name="effects">
			<destination>{f32ac76e-c005-42f4-ab8e-cc79f7c3c52e}</destination>
		</relationship>
	</object>
	<object class="MixerBusPanner" id="{21c5894d-94d9-4ffe-b31c-d4c2ea010e43}" />
	<object class="MultiSound" id="{d8d13ab2-5ed6-43ee-b016-ca2b1a9e1e5e}">
		<property name="length">
			<value>1.8920833333333333</value>
		</property>
		<relationship name="sounds">
			<destination>{e61c46df-5d81-4d3e-ac6f-86304a7e593a}</destination>
			<destination>{5a4280fe-60ee-417d-8f8e-785fd33c76f5}</destination>
			<destination>{ef2d7f2a-650a-48e9-b260-2fd778caf789}</destination>
			<destination>{f340fbd0-5b35-4904-8c63-5f6a141cb1d6}</destination>
			<destination>{321fb3cc-58d0-4d75-bad1-5a1a2d02a96f}</destination>
		</relationship>
	</object>
	<object class="EventMixerGroup" id="{dcaa5193-f8c0-44ab-b3b9-a96b4698a367}">
		<property name="name">
			<value>Audio 1</value>
		</property>
		<relationship name="effectChain">
			<destination>{e94cf44f-44e6-4334-94f5-7fba8da9a39a}</destination>
		</relationship>
		<relationship name="panner">
			<destination>{65d8684c-f93a-474a-be53-bd5a9c949f0b}</destination>
		</relationship>
		<relationship name="output">
			<destination>{e288b38b-3d86-480f-bd6a-4ae3c0f2d7a5}</destination>
		</relationship>
	</object>
	<object class="MixerBusEffectChain" id="{f6df8df9-925e-4528-b716-4bfc584008cb}">
		<relationship name="effects">
			<destination>{1b73bd38-7200-4148-a5fd-bb87cf9d7b82}</destination>
		</relationship>
	</object>
	<object class="MixerBusPanner" id="{9aa5ad1c-f0eb-4eee-9fd2-e4731c367681}" />
	<object class="MixerBusFader" id="{f32ac76e-c005-42f4-ab8e-cc79f7c3c52e}" />
	<object class="SingleSound" id="{e61c46df-5d81-4d3e-ac6f-86304a7e593a}">
		<relationship name="audioFile">
			<destination>{5f0baecb-ae76-4f9e-b7d2-b52f2cbe3318}</destination>
		</relationship>
	</object>
	<object class="SingleSound" id="{5a4280fe-60ee-417d-8f8e-785fd33c76f5}">
		<relationship name="audioFile">
			<destination>{db68c18e-bfe5-41f0-b843-dfb94610f01e}</destination>
		</relationship>
	</object>
	<object class="SingleSound" id="{ef2d7f2a-650a-48e9-b260-2fd778caf789}">
		<relationship name="audioFile">
			<destination>{5ca5c49a-41cd-4d31-b92b-f4d9d9757a23}</destination>
		</relationship>
	</object>
	<object class="SingleSound" id="{f340fbd0-5b35-4904-8c63-5f6a141cb1d6}">
		<relationship name="audioFile">
			<destination>{b4c1dac8-8b4a-4f63-a04a-1e4f4a616e57}</destination>
		</relationship>
	</object>
	<object class="SingleSound" id="{321fb3cc-58d0-4d75-bad1-5a1a2d02a96f}">
		<relationship name="audioFile">
			<destination>{eb2749d1-60b7-48ff-947a-2b87a42e6b15}</destination>
		</relationship>
	</object>
	<object class="MixerBusEffectChain" id="{e94cf44f-44e6-4334-94f5-7fba8da9a39a}">
		<relationship name="effects">
			<destination>{a116476f-4cd8-4db6-85d5-6b1aff86c343}</destination>
		</relationship>
	</object>
	<object class="MixerBusPanner" id="{65d8684c-f93a-474a-be53-bd5a9c949f0b}" />
	<object class="MixerBusFader" id="{1b73bd38-7200-4148-a5fd-bb87cf9d7b82}" />
	<object class="MixerBusFader" id="{a116476f-4cd8-4db6-85d5-6b1aff86c343}" />
</objects>
