<?xml version="1.0" encoding="UTF-8"?>
<objects serializationModel="Studio.02.01.00">
	<object class="Event" id="{0664689f-6399-4071-8dd8-b65cc6eb0b2f}">
		<property name="name">
			<value>Assigned</value>
		</property>
		<property name="outputFormat">
			<value>0</value>
		</property>
		<relationship name="folder">
			<destination>{6793cffa-5674-4e31-98aa-904081b5c1a2}</destination>
		</relationship>
		<relationship name="mixer">
			<destination>{94228029-2b4b-4364-abc4-4b30672aa4ce}</destination>
		</relationship>
		<relationship name="masterTrack">
			<destination>{b9089622-c079-4250-bb97-73660627addb}</destination>
		</relationship>
		<relationship name="mixerInput">
			<destination>{f7a5fedb-9be0-497d-a7ce-6fd84f71ca45}</destination>
		</relationship>
		<relationship name="automatableProperties">
			<destination>{109493d0-f626-42e8-be07-7fa18f7491ac}</destination>
		</relationship>
		<relationship name="markerTracks">
			<destination>{b6be99d5-67a9-4569-8fa8-da8ba8bfa6ea}</destination>
		</relationship>
		<relationship name="groupTracks">
			<destination>{b774a0e4-0113-4ceb-9e5c-75e0729b031f}</destination>
		</relationship>
		<relationship name="timeline">
			<destination>{2d34f6a7-443d-4f22-b101-7afe34ddc822}</destination>
		</relationship>
		<relationship name="banks">
			<destination>{8c3f9de4-14c8-4279-a712-2040780fff61}</destination>
		</relationship>
	</object>
	<object class="EventMixer" id="{94228029-2b4b-4364-abc4-4b30672aa4ce}">
		<relationship name="masterBus">
			<destination>{f4033fcc-89c3-4290-96c2-db00d846fc94}</destination>
		</relationship>
	</object>
	<object class="MasterTrack" id="{b9089622-c079-4250-bb97-73660627addb}">
		<relationship name="mixerGroup">
			<destination>{f4033fcc-89c3-4290-96c2-db00d846fc94}</destination>
		</relationship>
	</object>
	<object class="MixerInput" id="{f7a5fedb-9be0-497d-a7ce-6fd84f71ca45}">
		<relationship name="effectChain">
			<destination>{db55de16-298a-4bc6-ad74-2d3ab236182e}</destination>
		</relationship>
		<relationship name="panner">
			<destination>{c6d6122a-fd7c-4761-bb9f-b1cef2aa3e4d}</destination>
		</relationship>
		<relationship name="output">
			<destination>{a74bdffc-cbb2-488b-ae3c-038020e1273d}</destination>
		</relationship>
	</object>
	<object class="EventAutomatableProperties" id="{109493d0-f626-42e8-be07-7fa18f7491ac}" />
	<object class="MarkerTrack" id="{b6be99d5-67a9-4569-8fa8-da8ba8bfa6ea}" />
	<object class="GroupTrack" id="{b774a0e4-0113-4ceb-9e5c-75e0729b031f}">
		<relationship name="modules">
			<destination>{9e0f4ef3-25e0-4e59-b386-b59b43b137bd}</destination>
		</relationship>
		<relationship name="mixerGroup">
			<destination>{2b951d4a-c15e-4264-a1c2-55eda19ce1a9}</destination>
		</relationship>
	</object>
	<object class="Timeline" id="{2d34f6a7-443d-4f22-b101-7afe34ddc822}">
		<relationship name="modules">
			<destination>{9e0f4ef3-25e0-4e59-b386-b59b43b137bd}</destination>
		</relationship>
	</object>
	<object class="EventMixerMaster" id="{f4033fcc-89c3-4290-96c2-db00d846fc94}">
		<relationship name="effectChain">
			<destination>{80530801-07fb-42e5-b579-d6098cd26a4f}</destination>
		</relationship>
		<relationship name="panner">
			<destination>{8591f8b0-c074-42e9-8880-2bc3dd27bf4b}</destination>
		</relationship>
		<relationship name="mixer">
			<destination>{94228029-2b4b-4364-abc4-4b30672aa4ce}</destination>
		</relationship>
	</object>
	<object class="MixerBusEffectChain" id="{db55de16-298a-4bc6-ad74-2d3ab236182e}">
		<relationship name="effects">
			<destination>{42121e9b-767f-45b6-812e-be16f0cbeab1}</destination>
		</relationship>
	</object>
	<object class="MixerBusPanner" id="{c6d6122a-fd7c-4761-bb9f-b1cef2aa3e4d}" />
	<object class="MultiSound" id="{9e0f4ef3-25e0-4e59-b386-b59b43b137bd}">
		<property name="length">
			<value>1.6245208333333334</value>
		</property>
		<relationship name="sounds">
			<destination>{effbc61c-f8ff-45e8-9152-be8ba6e49960}</destination>
			<destination>{2c5d4ce4-ef48-4e3d-b301-be76b53704e2}</destination>
			<destination>{9916d08f-a957-4e5e-b11e-5b87961ce4cd}</destination>
			<destination>{f06b73d2-3eb6-4776-b372-7b58bbc10793}</destination>
			<destination>{536dcab2-de6c-4f9d-83c9-0a9bdbedc7fc}</destination>
		</relationship>
	</object>
	<object class="EventMixerGroup" id="{2b951d4a-c15e-4264-a1c2-55eda19ce1a9}">
		<property name="name">
			<value>Audio 1</value>
		</property>
		<relationship name="effectChain">
			<destination>{8ef01ce6-b005-4315-9fd5-7b26e627401d}</destination>
		</relationship>
		<relationship name="panner">
			<destination>{ddd61492-e065-4e37-aa6d-7a8b0efd7fe2}</destination>
		</relationship>
		<relationship name="output">
			<destination>{f4033fcc-89c3-4290-96c2-db00d846fc94}</destination>
		</relationship>
	</object>
	<object class="MixerBusEffectChain" id="{80530801-07fb-42e5-b579-d6098cd26a4f}">
		<relationship name="effects">
			<destination>{85a19a7a-b69d-461f-9d6b-60468cc5118e}</destination>
		</relationship>
	</object>
	<object class="MixerBusPanner" id="{8591f8b0-c074-42e9-8880-2bc3dd27bf4b}" />
	<object class="MixerBusFader" id="{42121e9b-767f-45b6-812e-be16f0cbeab1}" />
	<object class="SingleSound" id="{effbc61c-f8ff-45e8-9152-be8ba6e49960}">
		<relationship name="audioFile">
			<destination>{b97dc9f4-ecc8-4230-a34a-8240332034f4}</destination>
		</relationship>
	</object>
	<object class="SingleSound" id="{2c5d4ce4-ef48-4e3d-b301-be76b53704e2}">
		<relationship name="audioFile">
			<destination>{a9b2ff23-c3a3-436c-8e70-73c8bad80473}</destination>
		</relationship>
	</object>
	<object class="SingleSound" id="{9916d08f-a957-4e5e-b11e-5b87961ce4cd}">
		<relationship name="audioFile">
			<destination>{e0fda29b-5a52-4501-886c-51165e4cd5ff}</destination>
		</relationship>
	</object>
	<object class="SingleSound" id="{f06b73d2-3eb6-4776-b372-7b58bbc10793}">
		<relationship name="audioFile">
			<destination>{f954000d-b6da-447a-a6c2-5a7f73bff0e4}</destination>
		</relationship>
	</object>
	<object class="SingleSound" id="{536dcab2-de6c-4f9d-83c9-0a9bdbedc7fc}">
		<relationship name="audioFile">
			<destination>{d886279a-d952-4f21-8a33-a3491e5f46fa}</destination>
		</relationship>
	</object>
	<object class="MixerBusEffectChain" id="{8ef01ce6-b005-4315-9fd5-7b26e627401d}">
		<relationship name="effects">
			<destination>{3445509b-704c-4bfe-abd9-adc0198bc99a}</destination>
		</relationship>
	</object>
	<object class="MixerBusPanner" id="{ddd61492-e065-4e37-aa6d-7a8b0efd7fe2}" />
	<object class="MixerBusFader" id="{85a19a7a-b69d-461f-9d6b-60468cc5118e}" />
	<object class="MixerBusFader" id="{3445509b-704c-4bfe-abd9-adc0198bc99a}" />
</objects>
