<?xml version="1.0" encoding="UTF-8"?>
<objects serializationModel="Studio.02.01.00">
	<object class="Event" id="{06623ef3-4a7e-435f-9f0f-726f5d971ae8}">
		<property name="name">
			<value>Success</value>
		</property>
		<property name="outputFormat">
			<value>0</value>
		</property>
		<relationship name="folder">
			<destination>{a291bb82-276f-4d52-aada-ced7c2bd70e7}</destination>
		</relationship>
		<relationship name="mixer">
			<destination>{b9231cec-31e2-46b9-82c8-8cd805b43638}</destination>
		</relationship>
		<relationship name="masterTrack">
			<destination>{886d8132-9fb7-4f9e-88b0-db546a1be851}</destination>
		</relationship>
		<relationship name="mixerInput">
			<destination>{2ce55969-350a-4835-b188-ca8c07de7ff6}</destination>
		</relationship>
		<relationship name="automatableProperties">
			<destination>{ecdef473-0b7a-476c-a7bf-728b72e10e5f}</destination>
		</relationship>
		<relationship name="markerTracks">
			<destination>{9529a0e4-ee03-47cf-9752-b612805291d3}</destination>
		</relationship>
		<relationship name="groupTracks">
			<destination>{3db016f3-d754-4cb8-8a2e-548f3a415289}</destination>
		</relationship>
		<relationship name="timeline">
			<destination>{379faed9-faed-461e-b041-ac51aa1effab}</destination>
		</relationship>
		<relationship name="banks">
			<destination>{8c3f9de4-14c8-4279-a712-2040780fff61}</destination>
		</relationship>
	</object>
	<object class="EventMixer" id="{b9231cec-31e2-46b9-82c8-8cd805b43638}">
		<relationship name="masterBus">
			<destination>{064fe449-1e24-4d72-b6b2-3444e2dbf7ff}</destination>
		</relationship>
	</object>
	<object class="MasterTrack" id="{886d8132-9fb7-4f9e-88b0-db546a1be851}">
		<relationship name="mixerGroup">
			<destination>{064fe449-1e24-4d72-b6b2-3444e2dbf7ff}</destination>
		</relationship>
	</object>
	<object class="MixerInput" id="{2ce55969-350a-4835-b188-ca8c07de7ff6}">
		<relationship name="effectChain">
			<destination>{e0470428-3e98-47c6-b8e8-db5aea2bddf8}</destination>
		</relationship>
		<relationship name="panner">
			<destination>{f30f9e2e-a989-4d4a-b275-e52741218273}</destination>
		</relationship>
		<relationship name="output">
			<destination>{a74bdffc-cbb2-488b-ae3c-038020e1273d}</destination>
		</relationship>
	</object>
	<object class="EventAutomatableProperties" id="{ecdef473-0b7a-476c-a7bf-728b72e10e5f}" />
	<object class="MarkerTrack" id="{9529a0e4-ee03-47cf-9752-b612805291d3}" />
	<object class="GroupTrack" id="{3db016f3-d754-4cb8-8a2e-548f3a415289}">
		<relationship name="modules">
			<destination>{af0f6ffe-d8bd-4e22-b856-7ed072e23abd}</destination>
		</relationship>
		<relationship name="mixerGroup">
			<destination>{685f3da3-8989-4eee-b84f-6efbdcf1b8b4}</destination>
		</relationship>
	</object>
	<object class="Timeline" id="{379faed9-faed-461e-b041-ac51aa1effab}">
		<relationship name="modules">
			<destination>{af0f6ffe-d8bd-4e22-b856-7ed072e23abd}</destination>
		</relationship>
	</object>
	<object class="EventMixerMaster" id="{064fe449-1e24-4d72-b6b2-3444e2dbf7ff}">
		<relationship name="effectChain">
			<destination>{643ae58c-a419-4d41-a77d-07e4619b5324}</destination>
		</relationship>
		<relationship name="panner">
			<destination>{89a74c36-19e0-41c1-be48-bac320c17e4c}</destination>
		</relationship>
		<relationship name="mixer">
			<destination>{b9231cec-31e2-46b9-82c8-8cd805b43638}</destination>
		</relationship>
	</object>
	<object class="MixerBusEffectChain" id="{e0470428-3e98-47c6-b8e8-db5aea2bddf8}">
		<relationship name="effects">
			<destination>{61bc8c91-d919-49eb-9ea6-8d0fd84a4bab}</destination>
		</relationship>
	</object>
	<object class="MixerBusPanner" id="{f30f9e2e-a989-4d4a-b275-e52741218273}" />
	<object class="MultiSound" id="{af0f6ffe-d8bd-4e22-b856-7ed072e23abd}">
		<property name="length">
			<value>3.2129791666666665</value>
		</property>
		<relationship name="sounds">
			<destination>{cc953563-d3fc-46ff-b39e-2c775900cd99}</destination>
			<destination>{3ecb83ca-e558-47e6-b287-a3920a96741a}</destination>
			<destination>{3c652cd3-bb4b-4434-b015-3331ef11a1b1}</destination>
			<destination>{df08d29f-02c8-4657-8fc3-3dfb0e472ebe}</destination>
			<destination>{3a287d48-9f39-4574-a2a9-fb5f79f94ece}</destination>
		</relationship>
	</object>
	<object class="EventMixerGroup" id="{685f3da3-8989-4eee-b84f-6efbdcf1b8b4}">
		<property name="name">
			<value>Audio 1</value>
		</property>
		<relationship name="effectChain">
			<destination>{a259a4bb-b21b-49e1-b0ff-3efa5caaead7}</destination>
		</relationship>
		<relationship name="panner">
			<destination>{76c172f7-122d-4c4c-8ad7-ab375a296fbe}</destination>
		</relationship>
		<relationship name="output">
			<destination>{064fe449-1e24-4d72-b6b2-3444e2dbf7ff}</destination>
		</relationship>
	</object>
	<object class="MixerBusEffectChain" id="{643ae58c-a419-4d41-a77d-07e4619b5324}">
		<relationship name="effects">
			<destination>{7b178f11-f32f-4cd5-8fb6-f0bf1e974402}</destination>
		</relationship>
	</object>
	<object class="MixerBusPanner" id="{89a74c36-19e0-41c1-be48-bac320c17e4c}" />
	<object class="MixerBusFader" id="{61bc8c91-d919-49eb-9ea6-8d0fd84a4bab}" />
	<object class="SingleSound" id="{cc953563-d3fc-46ff-b39e-2c775900cd99}">
		<relationship name="audioFile">
			<destination>{55ef8098-c8d5-4dc0-9534-a8afd238f0ad}</destination>
		</relationship>
	</object>
	<object class="SingleSound" id="{3ecb83ca-e558-47e6-b287-a3920a96741a}">
		<relationship name="audioFile">
			<destination>{a2494fca-e69f-418c-b6e3-ba7b1dcf7879}</destination>
		</relationship>
	</object>
	<object class="SingleSound" id="{3c652cd3-bb4b-4434-b015-3331ef11a1b1}">
		<relationship name="audioFile">
			<destination>{b1274ea6-6c53-4726-b9ea-0fbdc95d57b4}</destination>
		</relationship>
	</object>
	<object class="SingleSound" id="{df08d29f-02c8-4657-8fc3-3dfb0e472ebe}">
		<relationship name="audioFile">
			<destination>{671782f9-f685-4b62-905d-80809835c152}</destination>
		</relationship>
	</object>
	<object class="SingleSound" id="{3a287d48-9f39-4574-a2a9-fb5f79f94ece}" />
	<object class="MixerBusEffectChain" id="{a259a4bb-b21b-49e1-b0ff-3efa5caaead7}">
		<relationship name="effects">
			<destination>{90f52786-51a5-4f94-9866-38115e6861ce}</destination>
		</relationship>
	</object>
	<object class="MixerBusPanner" id="{76c172f7-122d-4c4c-8ad7-ab375a296fbe}" />
	<object class="MixerBusFader" id="{7b178f11-f32f-4cd5-8fb6-f0bf1e974402}" />
	<object class="MixerBusFader" id="{90f52786-51a5-4f94-9866-38115e6861ce}" />
</objects>
