<?xml version="1.0" encoding="UTF-8"?>
<objects serializationModel="Studio.02.01.00">
	<object class="Event" id="{067aa05e-3770-4034-9cce-5eacb8426d78}">
		<property name="name">
			<value>Assigned</value>
		</property>
		<property name="outputFormat">
			<value>0</value>
		</property>
		<relationship name="folder">
			<destination>{9f804897-e010-4f8c-aaa6-b20096de6144}</destination>
		</relationship>
		<relationship name="mixer">
			<destination>{afa5332c-1380-4028-b7df-6abb2444650d}</destination>
		</relationship>
		<relationship name="masterTrack">
			<destination>{679afe1d-a9bf-40a2-9435-222f92b2f39e}</destination>
		</relationship>
		<relationship name="mixerInput">
			<destination>{121265fe-3a6a-4de3-ac3a-be9107b9ea89}</destination>
		</relationship>
		<relationship name="automatableProperties">
			<destination>{8951c991-753f-4ee9-87f5-c8dec4755d18}</destination>
		</relationship>
		<relationship name="markerTracks">
			<destination>{e692b667-5153-479a-96ee-5c6a4307a460}</destination>
		</relationship>
		<relationship name="groupTracks">
			<destination>{e4567a4a-d302-4531-bf78-63c091c08a84}</destination>
		</relationship>
		<relationship name="timeline">
			<destination>{1da466c8-2b42-47b1-91e1-efff65e3e336}</destination>
		</relationship>
		<relationship name="banks">
			<destination>{8c3f9de4-14c8-4279-a712-2040780fff61}</destination>
		</relationship>
	</object>
	<object class="EventMixer" id="{afa5332c-1380-4028-b7df-6abb2444650d}">
		<relationship name="masterBus">
			<destination>{7bd1b07c-3441-4676-9c71-bbf73222521f}</destination>
		</relationship>
	</object>
	<object class="MasterTrack" id="{679afe1d-a9bf-40a2-9435-222f92b2f39e}">
		<relationship name="mixerGroup">
			<destination>{7bd1b07c-3441-4676-9c71-bbf73222521f}</destination>
		</relationship>
	</object>
	<object class="MixerInput" id="{121265fe-3a6a-4de3-ac3a-be9107b9ea89}">
		<relationship name="effectChain">
			<destination>{35226987-fbfa-40fc-8dfc-17442d67bb03}</destination>
		</relationship>
		<relationship name="panner">
			<destination>{7e640677-e8ea-4265-9105-1fde5d8ce64f}</destination>
		</relationship>
		<relationship name="output">
			<destination>{a74bdffc-cbb2-488b-ae3c-038020e1273d}</destination>
		</relationship>
	</object>
	<object class="EventAutomatableProperties" id="{8951c991-753f-4ee9-87f5-c8dec4755d18}" />
	<object class="MarkerTrack" id="{e692b667-5153-479a-96ee-5c6a4307a460}" />
	<object class="GroupTrack" id="{e4567a4a-d302-4531-bf78-63c091c08a84}">
		<relationship name="modules">
			<destination>{80e79ef6-ef6c-4e2a-b229-8fd48d0badc9}</destination>
		</relationship>
		<relationship name="mixerGroup">
			<destination>{ce768628-9dec-44b6-8d97-8e3af73fa18f}</destination>
		</relationship>
	</object>
	<object class="Timeline" id="{1da466c8-2b42-47b1-91e1-efff65e3e336}">
		<relationship name="modules">
			<destination>{80e79ef6-ef6c-4e2a-b229-8fd48d0badc9}</destination>
		</relationship>
	</object>
	<object class="EventMixerMaster" id="{7bd1b07c-3441-4676-9c71-bbf73222521f}">
		<relationship name="effectChain">
			<destination>{e7ab5f6e-d04a-4950-b59a-e6913e487eb8}</destination>
		</relationship>
		<relationship name="panner">
			<destination>{207f0973-cafc-45aa-b0a5-908a0bc10510}</destination>
		</relationship>
		<relationship name="mixer">
			<destination>{afa5332c-1380-4028-b7df-6abb2444650d}</destination>
		</relationship>
	</object>
	<object class="MixerBusEffectChain" id="{35226987-fbfa-40fc-8dfc-17442d67bb03}">
		<relationship name="effects">
			<destination>{ff4216de-84e5-4d0d-9827-2d47c6427983}</destination>
		</relationship>
	</object>
	<object class="MixerBusPanner" id="{7e640677-e8ea-4265-9105-1fde5d8ce64f}" />
	<object class="MultiSound" id="{80e79ef6-ef6c-4e2a-b229-8fd48d0badc9}">
		<property name="length">
			<value>2.0322083333333332</value>
		</property>
		<relationship name="sounds">
			<destination>{fe4b80fd-2ac0-46f5-8bf5-82f89faf2c5d}</destination>
			<destination>{b202d1fd-3b73-43ce-9585-8771c6ac9acb}</destination>
			<destination>{f2dea75a-7ff1-40ce-8a54-cd8d001a82e7}</destination>
			<destination>{d6cce4c9-0d83-4b8c-8adb-7f9af4684fb0}</destination>
			<destination>{6f049411-09b8-4a63-aafa-f285ec78eeb8}</destination>
			<destination>{356a01dd-458b-4986-a35c-2518c71b3680}</destination>
		</relationship>
	</object>
	<object class="EventMixerGroup" id="{ce768628-9dec-44b6-8d97-8e3af73fa18f}">
		<property name="name">
			<value>Audio 1</value>
		</property>
		<relationship name="effectChain">
			<destination>{f58cf8dc-cea3-4ca9-b212-68dbdea7ea24}</destination>
		</relationship>
		<relationship name="panner">
			<destination>{29cf5c16-fcbd-4e97-b5dd-156dee559fa2}</destination>
		</relationship>
		<relationship name="output">
			<destination>{7bd1b07c-3441-4676-9c71-bbf73222521f}</destination>
		</relationship>
	</object>
	<object class="MixerBusEffectChain" id="{e7ab5f6e-d04a-4950-b59a-e6913e487eb8}">
		<relationship name="effects">
			<destination>{69cfaa54-be6c-496f-9a61-ca6a4fa1e850}</destination>
		</relationship>
	</object>
	<object class="MixerBusPanner" id="{207f0973-cafc-45aa-b0a5-908a0bc10510}" />
	<object class="MixerBusFader" id="{ff4216de-84e5-4d0d-9827-2d47c6427983}" />
	<object class="SingleSound" id="{fe4b80fd-2ac0-46f5-8bf5-82f89faf2c5d}">
		<relationship name="audioFile">
			<destination>{9393e90a-89f8-4c8f-aaf2-781e86d09eb8}</destination>
		</relationship>
	</object>
	<object class="SingleSound" id="{b202d1fd-3b73-43ce-9585-8771c6ac9acb}">
		<relationship name="audioFile">
			<destination>{71b76619-b2f9-4a40-80e4-9dc5a0b70246}</destination>
		</relationship>
	</object>
	<object class="SingleSound" id="{f2dea75a-7ff1-40ce-8a54-cd8d001a82e7}">
		<relationship name="audioFile">
			<destination>{f73c2f9e-d7df-49e8-b1e5-3d3453c95d8f}</destination>
		</relationship>
	</object>
	<object class="SingleSound" id="{d6cce4c9-0d83-4b8c-8adb-7f9af4684fb0}">
		<relationship name="audioFile">
			<destination>{fabecd49-32cd-4405-972c-3cf715bbee2f}</destination>
		</relationship>
	</object>
	<object class="SingleSound" id="{6f049411-09b8-4a63-aafa-f285ec78eeb8}">
		<relationship name="audioFile">
			<destination>{d3ea0181-38b9-4cc0-b207-5d79b9d57482}</destination>
		</relationship>
	</object>
	<object class="SingleSound" id="{356a01dd-458b-4986-a35c-2518c71b3680}">
		<relationship name="audioFile">
			<destination>{96d3c2a9-9133-4e10-9759-330925414f32}</destination>
		</relationship>
	</object>
	<object class="MixerBusEffectChain" id="{f58cf8dc-cea3-4ca9-b212-68dbdea7ea24}">
		<relationship name="effects">
			<destination>{2f214cc6-daa2-4acf-9c3c-099e97231a0f}</destination>
		</relationship>
	</object>
	<object class="MixerBusPanner" id="{29cf5c16-fcbd-4e97-b5dd-156dee559fa2}" />
	<object class="MixerBusFader" id="{69cfaa54-be6c-496f-9a61-ca6a4fa1e850}" />
	<object class="MixerBusFader" id="{2f214cc6-daa2-4acf-9c3c-099e97231a0f}" />
</objects>
