<?xml version="1.0" encoding="UTF-8"?>
<objects serializationModel="Studio.02.01.00">
	<object class="Event" id="{0687f87d-d7c9-4ab2-bc69-2e9f12b51cfa}">
		<property name="name">
			<value>Assigned</value>
		</property>
		<property name="outputFormat">
			<value>0</value>
		</property>
		<relationship name="folder">
			<destination>{56894431-0bce-4d8d-899c-48fe3089dfaa}</destination>
		</relationship>
		<relationship name="mixer">
			<destination>{3ca211cf-970d-448a-9f00-5399cd80b88b}</destination>
		</relationship>
		<relationship name="masterTrack">
			<destination>{30968a67-6153-4086-88ef-566dfd1d4f12}</destination>
		</relationship>
		<relationship name="mixerInput">
			<destination>{55b312a9-8b1e-48e5-820e-473c1320346e}</destination>
		</relationship>
		<relationship name="automatableProperties">
			<destination>{4700fbd2-caba-45aa-99fd-12a5e79e09a2}</destination>
		</relationship>
		<relationship name="markerTracks">
			<destination>{822f1f55-52a5-4ccb-a74b-cd76ff5eaccf}</destination>
		</relationship>
		<relationship name="groupTracks">
			<destination>{5886de67-63b8-4dc1-8490-332c4f71ce2e}</destination>
		</relationship>
		<relationship name="timeline">
			<destination>{76bcec62-e48a-4194-b142-d44721e6546c}</destination>
		</relationship>
		<relationship name="banks">
			<destination>{8c3f9de4-14c8-4279-a712-2040780fff61}</destination>
		</relationship>
	</object>
	<object class="EventMixer" id="{3ca211cf-970d-448a-9f00-5399cd80b88b}">
		<relationship name="masterBus">
			<destination>{851fefa8-3101-4967-9801-076bccb928e0}</destination>
		</relationship>
	</object>
	<object class="MasterTrack" id="{30968a67-6153-4086-88ef-566dfd1d4f12}">
		<relationship name="mixerGroup">
			<destination>{851fefa8-3101-4967-9801-076bccb928e0}</destination>
		</relationship>
	</object>
	<object class="MixerInput" id="{55b312a9-8b1e-48e5-820e-473c1320346e}">
		<relationship name="effectChain">
			<destination>{dd0134ff-ba60-4ad1-aa82-1190a72deb4b}</destination>
		</relationship>
		<relationship name="panner">
			<destination>{dc49c664-5718-411a-8c9b-a49f84f390d1}</destination>
		</relationship>
		<relationship name="output">
			<destination>{a74bdffc-cbb2-488b-ae3c-038020e1273d}</destination>
		</relationship>
	</object>
	<object class="EventAutomatableProperties" id="{4700fbd2-caba-45aa-99fd-12a5e79e09a2}" />
	<object class="MarkerTrack" id="{822f1f55-52a5-4ccb-a74b-cd76ff5eaccf}" />
	<object class="GroupTrack" id="{5886de67-63b8-4dc1-8490-332c4f71ce2e}">
		<relationship name="modules">
			<destination>{f2211f94-b1df-4f64-96df-04f571f81292}</destination>
		</relationship>
		<relationship name="mixerGroup">
			<destination>{c7bc2b35-5d47-4ba4-b3f6-d176f911ac58}</destination>
		</relationship>
	</object>
	<object class="Timeline" id="{76bcec62-e48a-4194-b142-d44721e6546c}">
		<relationship name="modules">
			<destination>{f2211f94-b1df-4f64-96df-04f571f81292}</destination>
		</relationship>
	</object>
	<object class="EventMixerMaster" id="{851fefa8-3101-4967-9801-076bccb928e0}">
		<relationship name="effectChain">
			<destination>{1f71773a-f938-4290-9d38-88b516772fcf}</destination>
		</relationship>
		<relationship name="panner">
			<destination>{9e9b4415-bb44-483c-99f2-3efd73782217}</destination>
		</relationship>
		<relationship name="mixer">
			<destination>{3ca211cf-970d-448a-9f00-5399cd80b88b}</destination>
		</relationship>
	</object>
	<object class="MixerBusEffectChain" id="{dd0134ff-ba60-4ad1-aa82-1190a72deb4b}">
		<relationship name="effects">
			<destination>{7e0ae2c5-b4a8-4cf2-bfb8-1c7bbb7bd3d4}</destination>
		</relationship>
	</object>
	<object class="MixerBusPanner" id="{dc49c664-5718-411a-8c9b-a49f84f390d1}" />
	<object class="MultiSound" id="{f2211f94-b1df-4f64-96df-04f571f81292}">
		<property name="length">
			<value>1.4929166666666667</value>
		</property>
		<relationship name="sounds">
			<destination>{25f9eff0-957f-4685-9622-e6e44f88dda8}</destination>
			<destination>{e6efd1b1-6245-4d88-a50f-501de9c1ee51}</destination>
			<destination>{8990ce74-2076-4de4-874a-bd14645e0c50}</destination>
			<destination>{ea1eeebb-bedf-40e8-8125-ee189c1af2a3}</destination>
		</relationship>
	</object>
	<object class="EventMixerGroup" id="{c7bc2b35-5d47-4ba4-b3f6-d176f911ac58}">
		<property name="name">
			<value>Audio 1</value>
		</property>
		<relationship name="effectChain">
			<destination>{4ffc73b0-8354-44ac-90ed-bb94a567daa6}</destination>
		</relationship>
		<relationship name="panner">
			<destination>{c73ce244-8ab3-43c3-a50d-1efcb50cc87d}</destination>
		</relationship>
		<relationship name="output">
			<destination>{851fefa8-3101-4967-9801-076bccb928e0}</destination>
		</relationship>
	</object>
	<object class="MixerBusEffectChain" id="{1f71773a-f938-4290-9d38-88b516772fcf}">
		<relationship name="effects">
			<destination>{c92b3c32-e840-4a1d-91c2-5a2735aa14b1}</destination>
		</relationship>
	</object>
	<object class="MixerBusPanner" id="{9e9b4415-bb44-483c-99f2-3efd73782217}" />
	<object class="MixerBusFader" id="{7e0ae2c5-b4a8-4cf2-bfb8-1c7bbb7bd3d4}" />
	<object class="SingleSound" id="{25f9eff0-957f-4685-9622-e6e44f88dda8}">
		<relationship name="audioFile">
			<destination>{1815b165-0c43-4813-bbee-945749dcabff}</destination>
		</relationship>
	</object>
	<object class="SingleSound" id="{e6efd1b1-6245-4d88-a50f-501de9c1ee51}">
		<relationship name="audioFile">
			<destination>{8f0adeab-fc72-4968-b901-659981244fd7}</destination>
		</relationship>
	</object>
	<object class="SingleSound" id="{8990ce74-2076-4de4-874a-bd14645e0c50}">
		<relationship name="audioFile">
			<destination>{4ba034b9-6d96-416e-98ac-f9cdd4d62e24}</destination>
		</relationship>
	</object>
	<object class="SingleSound" id="{ea1eeebb-bedf-40e8-8125-ee189c1af2a3}">
		<relationship name="audioFile">
			<destination>{ee57a652-9e53-4eca-9766-6ebf51d8f0d8}</destination>
		</relationship>
	</object>
	<object class="MixerBusEffectChain" id="{4ffc73b0-8354-44ac-90ed-bb94a567daa6}">
		<relationship name="effects">
			<destination>{b0055f9a-20d7-4475-8adb-ad09bfd3ee5e}</destination>
		</relationship>
	</object>
	<object class="MixerBusPanner" id="{c73ce244-8ab3-43c3-a50d-1efcb50cc87d}" />
	<object class="MixerBusFader" id="{c92b3c32-e840-4a1d-91c2-5a2735aa14b1}" />
	<object class="MixerBusFader" id="{b0055f9a-20d7-4475-8adb-ad09bfd3ee5e}" />
</objects>
