<?xml version="1.0" encoding="UTF-8"?>
<objects serializationModel="Studio.02.01.00">
	<object class="Event" id="{068d34a1-32ea-4540-8950-9e2c90094302}">
		<property name="name">
			<value>Assigned</value>
		</property>
		<property name="outputFormat">
			<value>0</value>
		</property>
		<relationship name="folder">
			<destination>{02543abf-fea3-4c2f-9286-08febc5a8cf3}</destination>
		</relationship>
		<relationship name="mixer">
			<destination>{ead3651b-5961-430e-9bff-d03506b55bf7}</destination>
		</relationship>
		<relationship name="masterTrack">
			<destination>{64c6c208-4cbb-47fb-8402-d662870586aa}</destination>
		</relationship>
		<relationship name="mixerInput">
			<destination>{99b9e72c-e2f8-49d3-ade4-8d3e91d32ac9}</destination>
		</relationship>
		<relationship name="automatableProperties">
			<destination>{190c4e5c-726f-4f3b-aec5-54cc39cbcce5}</destination>
		</relationship>
		<relationship name="markerTracks">
			<destination>{016bec16-a30b-42c4-95da-61d9a99c5cf7}</destination>
		</relationship>
		<relationship name="groupTracks">
			<destination>{e37ef1ea-2678-4d07-8d45-817f13934b40}</destination>
		</relationship>
		<relationship name="timeline">
			<destination>{ecb6aa4f-d368-4700-93d8-87e880ce3a54}</destination>
		</relationship>
		<relationship name="banks">
			<destination>{8c3f9de4-14c8-4279-a712-2040780fff61}</destination>
		</relationship>
	</object>
	<object class="EventMixer" id="{ead3651b-5961-430e-9bff-d03506b55bf7}">
		<relationship name="masterBus">
			<destination>{b72b26c8-972b-4138-9892-002d12946a0f}</destination>
		</relationship>
	</object>
	<object class="MasterTrack" id="{64c6c208-4cbb-47fb-8402-d662870586aa}">
		<relationship name="mixerGroup">
			<destination>{b72b26c8-972b-4138-9892-002d12946a0f}</destination>
		</relationship>
	</object>
	<object class="MixerInput" id="{99b9e72c-e2f8-49d3-ade4-8d3e91d32ac9}">
		<relationship name="effectChain">
			<destination>{a301724d-3bd8-44eb-89e8-40032ac4f842}</destination>
		</relationship>
		<relationship name="panner">
			<destination>{05cdc424-b1a5-4dbe-8fe8-a8a2a4e5268d}</destination>
		</relationship>
		<relationship name="output">
			<destination>{a74bdffc-cbb2-488b-ae3c-038020e1273d}</destination>
		</relationship>
	</object>
	<object class="EventAutomatableProperties" id="{190c4e5c-726f-4f3b-aec5-54cc39cbcce5}" />
	<object class="MarkerTrack" id="{016bec16-a30b-42c4-95da-61d9a99c5cf7}" />
	<object class="GroupTrack" id="{e37ef1ea-2678-4d07-8d45-817f13934b40}">
		<relationship name="modules">
			<destination>{eb03e499-5e88-45e6-a9f7-265db527e341}</destination>
		</relationship>
		<relationship name="mixerGroup">
			<destination>{a5f62509-559a-4397-aa89-ddb92b7e8713}</destination>
		</relationship>
	</object>
	<object class="Timeline" id="{ecb6aa4f-d368-4700-93d8-87e880ce3a54}">
		<relationship name="modules">
			<destination>{eb03e499-5e88-45e6-a9f7-265db527e341}</destination>
		</relationship>
	</object>
	<object class="EventMixerMaster" id="{b72b26c8-972b-4138-9892-002d12946a0f}">
		<relationship name="effectChain">
			<destination>{7255f07a-0374-4013-af86-c615eb36799c}</destination>
		</relationship>
		<relationship name="panner">
			<destination>{ed8fd96f-38d6-493e-a231-420bc65c170e}</destination>
		</relationship>
		<relationship name="mixer">
			<destination>{ead3651b-5961-430e-9bff-d03506b55bf7}</destination>
		</relationship>
	</object>
	<object class="MixerBusEffectChain" id="{a301724d-3bd8-44eb-89e8-40032ac4f842}">
		<relationship name="effects">
			<destination>{dfd9521a-0d57-4794-907f-2266067e029b}</destination>
		</relationship>
	</object>
	<object class="MixerBusPanner" id="{05cdc424-b1a5-4dbe-8fe8-a8a2a4e5268d}" />
	<object class="MultiSound" id="{eb03e499-5e88-45e6-a9f7-265db527e341}">
		<property name="length">
			<value>1.3623333333333334</value>
		</property>
		<relationship name="sounds">
			<destination>{9d89dd5d-73bd-4538-af1b-e55e5ef3593b}</destination>
			<destination>{f411d3f8-5f5d-4c1f-a90d-5c89067007b0}</destination>
			<destination>{ffc0ca7d-692c-46f8-8eae-53d6180711ee}</destination>
		</relationship>
	</object>
	<object class="EventMixerGroup" id="{a5f62509-559a-4397-aa89-ddb92b7e8713}">
		<property name="name">
			<value>Audio 1</value>
		</property>
		<relationship name="effectChain">
			<destination>{6b78d04c-266a-469b-8309-e0604c4a871b}</destination>
		</relationship>
		<relationship name="panner">
			<destination>{06efac89-7d3c-4b0f-92b2-7de64b0e5c66}</destination>
		</relationship>
		<relationship name="output">
			<destination>{b72b26c8-972b-4138-9892-002d12946a0f}</destination>
		</relationship>
	</object>
	<object class="MixerBusEffectChain" id="{7255f07a-0374-4013-af86-c615eb36799c}">
		<relationship name="effects">
			<destination>{481a5532-c0c5-4b10-86a8-6b190e89102d}</destination>
		</relationship>
	</object>
	<object class="MixerBusPanner" id="{ed8fd96f-38d6-493e-a231-420bc65c170e}" />
	<object class="MixerBusFader" id="{dfd9521a-0d57-4794-907f-2266067e029b}" />
	<object class="SingleSound" id="{9d89dd5d-73bd-4538-af1b-e55e5ef3593b}">
		<relationship name="audioFile">
			<destination>{b86095d1-276d-4fe3-9e7c-0e3295acb082}</destination>
		</relationship>
	</object>
	<object class="SingleSound" id="{f411d3f8-5f5d-4c1f-a90d-5c89067007b0}">
		<relationship name="audioFile">
			<destination>{f93ced4c-7fd1-47d3-ad9e-c2ebf85879ae}</destination>
		</relationship>
	</object>
	<object class="SingleSound" id="{ffc0ca7d-692c-46f8-8eae-53d6180711ee}">
		<relationship name="audioFile">
			<destination>{939d5fea-9caf-4777-a47d-85e977a1125f}</destination>
		</relationship>
	</object>
	<object class="MixerBusEffectChain" id="{6b78d04c-266a-469b-8309-e0604c4a871b}">
		<relationship name="effects">
			<destination>{62102831-42b1-4175-b86a-1cd1ec46763f}</destination>
		</relationship>
	</object>
	<object class="MixerBusPanner" id="{06efac89-7d3c-4b0f-92b2-7de64b0e5c66}" />
	<object class="MixerBusFader" id="{481a5532-c0c5-4b10-86a8-6b190e89102d}" />
	<object class="MixerBusFader" id="{62102831-42b1-4175-b86a-1cd1ec46763f}" />
</objects>
