<?xml version="1.0" encoding="UTF-8"?>
<objects serializationModel="Studio.02.01.00">
	<object class="Event" id="{06978836-f026-4b29-97a1-2574a7edb6b5}">
		<property name="name">
			<value>Success</value>
		</property>
		<property name="outputFormat">
			<value>0</value>
		</property>
		<relationship name="folder">
			<destination>{4241f66f-8bc4-40b5-8c8f-d51f54a2606e}</destination>
		</relationship>
		<relationship name="mixer">
			<destination>{3b10c247-2db7-44a0-83b3-7682423a2c98}</destination>
		</relationship>
		<relationship name="masterTrack">
			<destination>{4b677d7f-5b05-4ff6-86a8-67d38bf169de}</destination>
		</relationship>
		<relationship name="mixerInput">
			<destination>{ff15f0ef-c407-4130-b9f2-2d85481b87a6}</destination>
		</relationship>
		<relationship name="automatableProperties">
			<destination>{24378aa3-5322-4a75-8381-b194e692d189}</destination>
		</relationship>
		<relationship name="markerTracks">
			<destination>{ccdb2f22-69c9-463f-9033-bf6ef0f30023}</destination>
		</relationship>
		<relationship name="groupTracks">
			<destination>{987a80ce-29b5-429a-aab4-945a06e3b642}</destination>
		</relationship>
		<relationship name="timeline">
			<destination>{b79812c3-cbca-4ec5-afe6-eaabdc1e3e19}</destination>
		</relationship>
		<relationship name="banks">
			<destination>{8c3f9de4-14c8-4279-a712-2040780fff61}</destination>
		</relationship>
	</object>
	<object class="EventMixer" id="{3b10c247-2db7-44a0-83b3-7682423a2c98}">
		<relationship name="masterBus">
			<destination>{f29e8045-0573-4f9b-a352-d8ceaa32c3c5}</destination>
		</relationship>
	</object>
	<object class="MasterTrack" id="{4b677d7f-5b05-4ff6-86a8-67d38bf169de}">
		<relationship name="mixerGroup">
			<destination>{f29e8045-0573-4f9b-a352-d8ceaa32c3c5}</destination>
		</relationship>
	</object>
	<object class="MixerInput" id="{ff15f0ef-c407-4130-b9f2-2d85481b87a6}">
		<relationship name="effectChain">
			<destination>{2f092e7d-a470-40df-b154-2e61bb9b0e7b}</destination>
		</relationship>
		<relationship name="panner">
			<destination>{41c686b0-1978-41f9-9293-22a3942319b3}</destination>
		</relationship>
		<relationship name="output">
			<destination>{a74bdffc-cbb2-488b-ae3c-038020e1273d}</destination>
		</relationship>
	</object>
	<object class="EventAutomatableProperties" id="{24378aa3-5322-4a75-8381-b194e692d189}" />
	<object class="MarkerTrack" id="{ccdb2f22-69c9-463f-9033-bf6ef0f30023}" />
	<object class="GroupTrack" id="{987a80ce-29b5-429a-aab4-945a06e3b642}">
		<relationship name="modules">
			<destination>{d27221c7-b883-4d2e-aadd-b58d2d6bf91a}</destination>
		</relationship>
		<relationship name="mixerGroup">
			<destination>{00932bbd-3a44-409f-9ddb-a0a1ab295623}</destination>
		</relationship>
	</object>
	<object class="Timeline" id="{b79812c3-cbca-4ec5-afe6-eaabdc1e3e19}">
		<relationship name="modules">
			<destination>{d27221c7-b883-4d2e-aadd-b58d2d6bf91a}</destination>
		</relationship>
	</object>
	<object class="EventMixerMaster" id="{f29e8045-0573-4f9b-a352-d8ceaa32c3c5}">
		<relationship name="effectChain">
			<destination>{1b69a479-ecb9-4671-9cbe-cd9528dc0030}</destination>
		</relationship>
		<relationship name="panner">
			<destination>{7a256843-d9f2-464b-b8e6-f45ebb2ad435}</destination>
		</relationship>
		<relationship name="mixer">
			<destination>{3b10c247-2db7-44a0-83b3-7682423a2c98}</destination>
		</relationship>
	</object>
	<object class="MixerBusEffectChain" id="{2f092e7d-a470-40df-b154-2e61bb9b0e7b}">
		<relationship name="effects">
			<destination>{77fc579d-468e-4ebe-8368-6317c6355590}</destination>
		</relationship>
	</object>
	<object class="MixerBusPanner" id="{41c686b0-1978-41f9-9293-22a3942319b3}" />
	<object class="MultiSound" id="{d27221c7-b883-4d2e-aadd-b58d2d6bf91a}">
		<property name="length">
			<value>2.3623541666666665</value>
		</property>
		<relationship name="sounds">
			<destination>{8d59eee4-7b86-4860-8c03-fa60b3a5038e}</destination>
			<destination>{d2fe34e3-1b4a-426e-a803-a99cc2890169}</destination>
			<destination>{4a575931-5395-4951-887c-0498f82e4777}</destination>
		</relationship>
	</object>
	<object class="EventMixerGroup" id="{00932bbd-3a44-409f-9ddb-a0a1ab295623}">
		<property name="name">
			<value>Audio 1</value>
		</property>
		<relationship name="effectChain">
			<destination>{16a737ed-2a36-4925-9a14-5fb5dd156a76}</destination>
		</relationship>
		<relationship name="panner">
			<destination>{efb8594e-3136-4010-9e6a-b7ed83ef9ece}</destination>
		</relationship>
		<relationship name="output">
			<destination>{f29e8045-0573-4f9b-a352-d8ceaa32c3c5}</destination>
		</relationship>
	</object>
	<object class="MixerBusEffectChain" id="{1b69a479-ecb9-4671-9cbe-cd9528dc0030}">
		<relationship name="effects">
			<destination>{4ac4f06a-0f41-41eb-acba-ca1ce2a72319}</destination>
		</relationship>
	</object>
	<object class="MixerBusPanner" id="{7a256843-d9f2-464b-b8e6-f45ebb2ad435}" />
	<object class="MixerBusFader" id="{77fc579d-468e-4ebe-8368-6317c6355590}" />
	<object class="SingleSound" id="{8d59eee4-7b86-4860-8c03-fa60b3a5038e}">
		<relationship name="audioFile">
			<destination>{ef32522f-cdc0-4a4c-9cdb-798d494d4a89}</destination>
		</relationship>
	</object>
	<object class="SingleSound" id="{d2fe34e3-1b4a-426e-a803-a99cc2890169}">
		<relationship name="audioFile">
			<destination>{6f4b5977-4471-4401-9cc4-b251ba5ca251}</destination>
		</relationship>
	</object>
	<object class="SingleSound" id="{4a575931-5395-4951-887c-0498f82e4777}">
		<relationship name="audioFile">
			<destination>{8b50d757-e028-4413-8968-0d5120cd23da}</destination>
		</relationship>
	</object>
	<object class="MixerBusEffectChain" id="{16a737ed-2a36-4925-9a14-5fb5dd156a76}">
		<relationship name="effects">
			<destination>{0906566b-ef8f-47e3-a78a-39907a117083}</destination>
		</relationship>
	</object>
	<object class="MixerBusPanner" id="{efb8594e-3136-4010-9e6a-b7ed83ef9ece}" />
	<object class="MixerBusFader" id="{4ac4f06a-0f41-41eb-acba-ca1ce2a72319}" />
	<object class="MixerBusFader" id="{0906566b-ef8f-47e3-a78a-39907a117083}" />
</objects>
