<?xml version="1.0" encoding="UTF-8"?>
<objects serializationModel="Studio.02.01.00">
	<object class="Event" id="{069d4bf5-dd3c-40ba-aa2d-b56fb6805a7d}">
		<property name="name">
			<value>trig_SFX_Kaiju_Monster_Moving</value>
		</property>
		<property name="outputFormat">
			<value>1</value>
		</property>
		<relationship name="folder">
			<destination>{61aad043-b443-4bac-90c1-0c35429bb71d}</destination>
		</relationship>
		<relationship name="mixer">
			<destination>{9e1038cb-bb2c-41ba-a722-4ed7d6c18c91}</destination>
		</relationship>
		<relationship name="masterTrack">
			<destination>{920ab806-57cf-4056-926d-f450e3b3af72}</destination>
		</relationship>
		<relationship name="mixerInput">
			<destination>{98b6e227-4d84-4f6f-8337-528cd2e5a04c}</destination>
		</relationship>
		<relationship name="automatableProperties">
			<destination>{96558f2a-4e4c-4c3e-ba9c-abd4448ea098}</destination>
		</relationship>
		<relationship name="markerTracks">
			<destination>{6c559783-17d5-4877-84e2-11b4b28045d6}</destination>
		</relationship>
		<relationship name="groupTracks">
			<destination>{a21b4cd1-d640-4b16-be1a-9fc2411f1096}</destination>
		</relationship>
		<relationship name="timeline">
			<destination>{4ff6b606-9d1b-4d35-aa23-2552509637c9}</destination>
		</relationship>
		<relationship name="banks">
			<destination>{a792df1b-ccc4-472a-8b0c-9a5e79d5e945}</destination>
		</relationship>
	</object>
	<object class="EventMixer" id="{9e1038cb-bb2c-41ba-a722-4ed7d6c18c91}">
		<relationship name="masterBus">
			<destination>{263c8f35-d133-4d4c-9d67-708d66f3d606}</destination>
		</relationship>
	</object>
	<object class="MasterTrack" id="{920ab806-57cf-4056-926d-f450e3b3af72}">
		<relationship name="mixerGroup">
			<destination>{263c8f35-d133-4d4c-9d67-708d66f3d606}</destination>
		</relationship>
	</object>
	<object class="MixerInput" id="{98b6e227-4d84-4f6f-8337-528cd2e5a04c}">
		<relationship name="effectChain">
			<destination>{7d74fc3e-a616-4853-96fa-92b911309080}</destination>
		</relationship>
		<relationship name="panner">
			<destination>{c126ec21-3e55-4b88-a7f1-5318b1f0007f}</destination>
		</relationship>
		<relationship name="output">
			<destination>{5d209edc-e969-4505-b4b1-676ab30b3980}</destination>
		</relationship>
	</object>
	<object class="EventAutomatableProperties" id="{96558f2a-4e4c-4c3e-ba9c-abd4448ea098}" />
	<object class="MarkerTrack" id="{6c559783-17d5-4877-84e2-11b4b28045d6}" />
	<object class="GroupTrack" id="{a21b4cd1-d640-4b16-be1a-9fc2411f1096}">
		<relationship name="modules">
			<destination>{f17f61d2-0dfa-44f8-a6cb-3744e74b2e9a}</destination>
		</relationship>
		<relationship name="mixerGroup">
			<destination>{981aa453-4c6b-426d-b66c-533346fd9e61}</destination>
		</relationship>
	</object>
	<object class="Timeline" id="{4ff6b606-9d1b-4d35-aa23-2552509637c9}">
		<relationship name="modules">
			<destination>{f17f61d2-0dfa-44f8-a6cb-3744e74b2e9a}</destination>
		</relationship>
		<relationship name="markers">
			<destination>{33af1852-5cc8-4bbd-ab31-c86322854929}</destination>
		</relationship>
	</object>
	<object class="EventMixerMaster" id="{263c8f35-d133-4d4c-9d67-708d66f3d606}">
		<relationship name="effectChain">
			<destination>{595324bf-bddd-42d1-9b74-00e15e8ade60}</destination>
		</relationship>
		<relationship name="panner">
			<destination>{cef91eca-e0a2-4c37-97ba-1e5b19d961af}</destination>
		</relationship>
		<relationship name="mixer">
			<destination>{9e1038cb-bb2c-41ba-a722-4ed7d6c18c91}</destination>
		</relationship>
	</object>
	<object class="MixerBusEffectChain" id="{7d74fc3e-a616-4853-96fa-92b911309080}">
		<relationship name="effects">
			<destination>{a15572f6-874e-4134-82b2-667e69ddc311}</destination>
		</relationship>
	</object>
	<object class="MixerBusPanner" id="{c126ec21-3e55-4b88-a7f1-5318b1f0007f}" />
	<object class="SingleSound" id="{f17f61d2-0dfa-44f8-a6cb-3744e74b2e9a}">
		<property name="length">
			<value>6.4811249999999996</value>
		</property>
		<relationship name="audioFile">
			<destination>{141f4508-7ded-4c91-9fd6-ca2592d4daba}</destination>
		</relationship>
	</object>
	<object class="EventMixerGroup" id="{981aa453-4c6b-426d-b66c-533346fd9e61}">
		<property name="name">
			<value>Audio 1</value>
		</property>
		<relationship name="effectChain">
			<destination>{0b7d4d7a-3c60-4329-a815-81bde30ddb8a}</destination>
		</relationship>
		<relationship name="panner">
			<destination>{01c022ff-c780-470b-80a1-ae25ed706db1}</destination>
		</relationship>
		<relationship name="output">
			<destination>{263c8f35-d133-4d4c-9d67-708d66f3d606}</destination>
		</relationship>
	</object>
	<object class="LoopRegion" id="{33af1852-5cc8-4bbd-ab31-c86322854929}">
		<property name="position">
			<value>0</value>
		</property>
		<property name="length">
			<value>6.4811249999999996</value>
		</property>
		<relationship name="timeline">
			<destination>{4ff6b606-9d1b-4d35-aa23-2552509637c9}</destination>
		</relationship>
		<relationship name="markerTrack">
			<destination>{6c559783-17d5-4877-84e2-11b4b28045d6}</destination>
		</relationship>
	</object>
	<object class="MixerBusEffectChain" id="{595324bf-bddd-42d1-9b74-00e15e8ade60}">
		<relationship name="effects">
			<destination>{d1b44d31-e978-4e54-b7e8-d6ae4c69e82e}</destination>
		</relationship>
	</object>
	<object class="MixerBusPanner" id="{cef91eca-e0a2-4c37-97ba-1e5b19d961af}" />
	<object class="MixerBusFader" id="{a15572f6-874e-4134-82b2-667e69ddc311}" />
	<object class="MixerBusEffectChain" id="{0b7d4d7a-3c60-4329-a815-81bde30ddb8a}">
		<relationship name="effects">
			<destination>{cc427075-0574-4511-b56e-6e56775728a2}</destination>
		</relationship>
	</object>
	<object class="MixerBusPanner" id="{01c022ff-c780-470b-80a1-ae25ed706db1}" />
	<object class="MixerBusFader" id="{d1b44d31-e978-4e54-b7e8-d6ae4c69e82e}" />
	<object class="MixerBusFader" id="{cc427075-0574-4511-b56e-6e56775728a2}" />
</objects>
