<?xml version="1.0" encoding="UTF-8"?>
<objects serializationModel="Studio.02.01.00">
	<object class="Event" id="{06add016-920a-4c83-98c2-78dac81d5a6e}">
		<property name="name">
			<value>MissionAssigned</value>
		</property>
		<property name="outputFormat">
			<value>0</value>
		</property>
		<relationship name="folder">
			<destination>{44084ba5-7733-47d3-b1e2-fdf0e536e236}</destination>
		</relationship>
		<relationship name="mixer">
			<destination>{b7a9c53a-210d-4260-92d9-85ee17cd6189}</destination>
		</relationship>
		<relationship name="masterTrack">
			<destination>{fe6c3862-47ec-4fc3-bcaf-c152e17b3177}</destination>
		</relationship>
		<relationship name="mixerInput">
			<destination>{16ee3877-3eee-4358-b11f-507cb57ef462}</destination>
		</relationship>
		<relationship name="automatableProperties">
			<destination>{2a2f601e-01f6-4ef6-9192-6d432c8f9324}</destination>
		</relationship>
		<relationship name="markerTracks">
			<destination>{32f6ef4b-d62a-403a-8c76-a4607caf98e3}</destination>
		</relationship>
		<relationship name="groupTracks">
			<destination>{e0f6c8e1-c977-4e7b-b8fd-bd8aa09aade1}</destination>
		</relationship>
		<relationship name="timeline">
			<destination>{bfff7000-9e69-41ff-bc6b-d2651c2f4ed4}</destination>
		</relationship>
		<relationship name="banks">
			<destination>{8c3f9de4-14c8-4279-a712-2040780fff61}</destination>
		</relationship>
	</object>
	<object class="EventMixer" id="{b7a9c53a-210d-4260-92d9-85ee17cd6189}">
		<relationship name="masterBus">
			<destination>{33ed5162-1d37-496d-bef1-994d11425b72}</destination>
		</relationship>
	</object>
	<object class="MasterTrack" id="{fe6c3862-47ec-4fc3-bcaf-c152e17b3177}">
		<relationship name="mixerGroup">
			<destination>{33ed5162-1d37-496d-bef1-994d11425b72}</destination>
		</relationship>
	</object>
	<object class="MixerInput" id="{16ee3877-3eee-4358-b11f-507cb57ef462}">
		<relationship name="effectChain">
			<destination>{93f6ee57-cf9e-46a7-a73c-cb727fb60e4c}</destination>
		</relationship>
		<relationship name="panner">
			<destination>{68429ded-8211-4407-b586-96db9b16a6e5}</destination>
		</relationship>
		<relationship name="output">
			<destination>{a74bdffc-cbb2-488b-ae3c-038020e1273d}</destination>
		</relationship>
	</object>
	<object class="EventAutomatableProperties" id="{2a2f601e-01f6-4ef6-9192-6d432c8f9324}" />
	<object class="MarkerTrack" id="{32f6ef4b-d62a-403a-8c76-a4607caf98e3}" />
	<object class="GroupTrack" id="{e0f6c8e1-c977-4e7b-b8fd-bd8aa09aade1}">
		<relationship name="modules">
			<destination>{d2127700-e565-4397-9d98-92561e363874}</destination>
		</relationship>
		<relationship name="mixerGroup">
			<destination>{b00963d9-fbb0-4a97-8eb6-fc3b23946a90}</destination>
		</relationship>
	</object>
	<object class="Timeline" id="{bfff7000-9e69-41ff-bc6b-d2651c2f4ed4}">
		<relationship name="modules">
			<destination>{d2127700-e565-4397-9d98-92561e363874}</destination>
		</relationship>
	</object>
	<object class="EventMixerMaster" id="{33ed5162-1d37-496d-bef1-994d11425b72}">
		<relationship name="effectChain">
			<destination>{efe46382-a383-4a87-88e2-eaa4c3cf083d}</destination>
		</relationship>
		<relationship name="panner">
			<destination>{362bdfe8-a174-404d-92b8-75861894eff0}</destination>
		</relationship>
		<relationship name="mixer">
			<destination>{b7a9c53a-210d-4260-92d9-85ee17cd6189}</destination>
		</relationship>
	</object>
	<object class="MixerBusEffectChain" id="{93f6ee57-cf9e-46a7-a73c-cb727fb60e4c}">
		<relationship name="effects">
			<destination>{7553d8e9-febf-4bff-a5a4-64b7a2b0455e}</destination>
		</relationship>
	</object>
	<object class="MixerBusPanner" id="{68429ded-8211-4407-b586-96db9b16a6e5}" />
	<object class="MultiSound" id="{d2127700-e565-4397-9d98-92561e363874}">
		<property name="length">
			<value>2.2960208333333334</value>
		</property>
		<relationship name="sounds">
			<destination>{0253ba76-7af1-4942-a740-6777e67766f6}</destination>
			<destination>{a2419028-f16e-4f86-8238-3879fe08718b}</destination>
			<destination>{2d49d670-0458-47b2-b711-9546f1605c72}</destination>
			<destination>{ddc3566d-2386-4bba-964e-29f9c1a95d6e}</destination>
		</relationship>
	</object>
	<object class="EventMixerGroup" id="{b00963d9-fbb0-4a97-8eb6-fc3b23946a90}">
		<property name="name">
			<value>Audio 1</value>
		</property>
		<relationship name="effectChain">
			<destination>{db68e4da-b350-411c-ada3-15df1bba6beb}</destination>
		</relationship>
		<relationship name="panner">
			<destination>{cae209ac-04f1-42df-bafa-329a5374baad}</destination>
		</relationship>
		<relationship name="output">
			<destination>{33ed5162-1d37-496d-bef1-994d11425b72}</destination>
		</relationship>
	</object>
	<object class="MixerBusEffectChain" id="{efe46382-a383-4a87-88e2-eaa4c3cf083d}">
		<relationship name="effects">
			<destination>{bd888040-1d4f-4b7c-a281-bfa891b4923a}</destination>
		</relationship>
	</object>
	<object class="MixerBusPanner" id="{362bdfe8-a174-404d-92b8-75861894eff0}" />
	<object class="MixerBusFader" id="{7553d8e9-febf-4bff-a5a4-64b7a2b0455e}" />
	<object class="SingleSound" id="{0253ba76-7af1-4942-a740-6777e67766f6}">
		<relationship name="audioFile">
			<destination>{14c4b222-fa7c-4de1-969d-cd76dd044328}</destination>
		</relationship>
	</object>
	<object class="SingleSound" id="{a2419028-f16e-4f86-8238-3879fe08718b}">
		<relationship name="audioFile">
			<destination>{b2f27d33-d769-4403-adb0-78ae2d82159e}</destination>
		</relationship>
	</object>
	<object class="SingleSound" id="{2d49d670-0458-47b2-b711-9546f1605c72}">
		<relationship name="audioFile">
			<destination>{3a8fffee-6f50-4f3f-9065-a4c331d0d11d}</destination>
		</relationship>
	</object>
	<object class="SingleSound" id="{ddc3566d-2386-4bba-964e-29f9c1a95d6e}">
		<relationship name="audioFile">
			<destination>{500500c5-16a7-4af9-9d2e-9f917b4aeb86}</destination>
		</relationship>
	</object>
	<object class="MixerBusEffectChain" id="{db68e4da-b350-411c-ada3-15df1bba6beb}">
		<relationship name="effects">
			<destination>{3a59b1ea-0149-4cff-a414-b5a51f16c18e}</destination>
		</relationship>
	</object>
	<object class="MixerBusPanner" id="{cae209ac-04f1-42df-bafa-329a5374baad}" />
	<object class="MixerBusFader" id="{bd888040-1d4f-4b7c-a281-bfa891b4923a}" />
	<object class="MixerBusFader" id="{3a59b1ea-0149-4cff-a414-b5a51f16c18e}" />
</objects>
