<?xml version="1.0" encoding="UTF-8"?>
<objects serializationModel="Studio.02.01.00">
	<object class="Event" id="{06a2b8a2-7940-49ab-86b1-097044a30e9c}">
		<property name="name">
			<value>Assigned</value>
		</property>
		<property name="outputFormat">
			<value>0</value>
		</property>
		<relationship name="folder">
			<destination>{efd5ae7f-7de5-4074-8e40-f7d684140c99}</destination>
		</relationship>
		<relationship name="mixer">
			<destination>{d2fde4ca-bcb9-4486-b1fe-9b28da2fee0c}</destination>
		</relationship>
		<relationship name="masterTrack">
			<destination>{7535b76b-0035-46c4-851c-e718259ed93a}</destination>
		</relationship>
		<relationship name="mixerInput">
			<destination>{f416e278-9dc0-4f3b-8876-66310ae8cab0}</destination>
		</relationship>
		<relationship name="automatableProperties">
			<destination>{98a922c2-bf5f-405c-9f3c-1fd34ddd370e}</destination>
		</relationship>
		<relationship name="markerTracks">
			<destination>{766054c6-5425-45dd-88d0-c4620dad3b88}</destination>
		</relationship>
		<relationship name="groupTracks">
			<destination>{d43bdee5-d3a5-4d6d-8e24-d369378a901d}</destination>
		</relationship>
		<relationship name="timeline">
			<destination>{fcb3782e-bf6e-4f02-8b5d-4939b7415a09}</destination>
		</relationship>
		<relationship name="banks">
			<destination>{8c3f9de4-14c8-4279-a712-2040780fff61}</destination>
		</relationship>
	</object>
	<object class="EventMixer" id="{d2fde4ca-bcb9-4486-b1fe-9b28da2fee0c}">
		<relationship name="masterBus">
			<destination>{a2c049e9-9059-43bf-a3a5-ceeabfe7c616}</destination>
		</relationship>
	</object>
	<object class="MasterTrack" id="{7535b76b-0035-46c4-851c-e718259ed93a}">
		<relationship name="mixerGroup">
			<destination>{a2c049e9-9059-43bf-a3a5-ceeabfe7c616}</destination>
		</relationship>
	</object>
	<object class="MixerInput" id="{f416e278-9dc0-4f3b-8876-66310ae8cab0}">
		<relationship name="effectChain">
			<destination>{f2f01a58-1ece-43e5-94c3-10beaf21c7e7}</destination>
		</relationship>
		<relationship name="panner">
			<destination>{ba139a53-1f2b-4107-b52a-99f4772ca55a}</destination>
		</relationship>
		<relationship name="output">
			<destination>{a74bdffc-cbb2-488b-ae3c-038020e1273d}</destination>
		</relationship>
	</object>
	<object class="EventAutomatableProperties" id="{98a922c2-bf5f-405c-9f3c-1fd34ddd370e}" />
	<object class="MarkerTrack" id="{766054c6-5425-45dd-88d0-c4620dad3b88}" />
	<object class="GroupTrack" id="{d43bdee5-d3a5-4d6d-8e24-d369378a901d}">
		<relationship name="modules">
			<destination>{55287bcd-f69e-4d49-ba87-c3cab7a297f1}</destination>
		</relationship>
		<relationship name="mixerGroup">
			<destination>{49da89d6-dc79-47ab-bf5e-d09a3b1e832d}</destination>
		</relationship>
	</object>
	<object class="Timeline" id="{fcb3782e-bf6e-4f02-8b5d-4939b7415a09}">
		<relationship name="modules">
			<destination>{55287bcd-f69e-4d49-ba87-c3cab7a297f1}</destination>
		</relationship>
	</object>
	<object class="EventMixerMaster" id="{a2c049e9-9059-43bf-a3a5-ceeabfe7c616}">
		<relationship name="effectChain">
			<destination>{e57345c5-3963-4d12-9fb7-b01d53e55c9a}</destination>
		</relationship>
		<relationship name="panner">
			<destination>{3e5abe44-69a5-4d1d-8d68-24db71707b01}</destination>
		</relationship>
		<relationship name="mixer">
			<destination>{d2fde4ca-bcb9-4486-b1fe-9b28da2fee0c}</destination>
		</relationship>
	</object>
	<object class="MixerBusEffectChain" id="{f2f01a58-1ece-43e5-94c3-10beaf21c7e7}">
		<relationship name="effects">
			<destination>{c40af635-89fc-422f-a981-a0229a3ec0a8}</destination>
		</relationship>
	</object>
	<object class="MixerBusPanner" id="{ba139a53-1f2b-4107-b52a-99f4772ca55a}" />
	<object class="MultiSound" id="{55287bcd-f69e-4d49-ba87-c3cab7a297f1}">
		<property name="length">
			<value>2.2292708333333335</value>
		</property>
		<relationship name="sounds">
			<destination>{47e12b36-f106-4b69-9606-5a242bc19371}</destination>
			<destination>{5193e34e-a595-4a9d-978a-1f6a00bfa1cc}</destination>
			<destination>{80823aa3-3e7d-499e-98b7-762f4e10cdba}</destination>
			<destination>{be8fb7b3-3836-48d5-9cfa-2542e5dea4c9}</destination>
			<destination>{0203d53d-faab-4fb6-9450-7712fbbaa407}</destination>
			<destination>{6e03125c-1499-4603-9368-a13608e9b857}</destination>
		</relationship>
	</object>
	<object class="EventMixerGroup" id="{49da89d6-dc79-47ab-bf5e-d09a3b1e832d}">
		<property name="name">
			<value>Audio 1</value>
		</property>
		<relationship name="effectChain">
			<destination>{7707ecbc-eab3-45fe-a254-7de0be2af1db}</destination>
		</relationship>
		<relationship name="panner">
			<destination>{29d91373-f1cb-4889-873f-a25b6c72f932}</destination>
		</relationship>
		<relationship name="output">
			<destination>{a2c049e9-9059-43bf-a3a5-ceeabfe7c616}</destination>
		</relationship>
	</object>
	<object class="MixerBusEffectChain" id="{e57345c5-3963-4d12-9fb7-b01d53e55c9a}">
		<relationship name="effects">
			<destination>{15bc6dd5-4ce0-4c5b-9301-82e4a0bd3cbe}</destination>
		</relationship>
	</object>
	<object class="MixerBusPanner" id="{3e5abe44-69a5-4d1d-8d68-24db71707b01}" />
	<object class="MixerBusFader" id="{c40af635-89fc-422f-a981-a0229a3ec0a8}" />
	<object class="SingleSound" id="{47e12b36-f106-4b69-9606-5a242bc19371}">
		<relationship name="audioFile">
			<destination>{acb203fb-e570-42f6-9891-d1d6c51b6d0e}</destination>
		</relationship>
	</object>
	<object class="SingleSound" id="{5193e34e-a595-4a9d-978a-1f6a00bfa1cc}">
		<relationship name="audioFile">
			<destination>{f1d5f061-1a09-4746-8177-c61c29881b3f}</destination>
		</relationship>
	</object>
	<object class="SingleSound" id="{80823aa3-3e7d-499e-98b7-762f4e10cdba}">
		<relationship name="audioFile">
			<destination>{09984922-4e2d-4510-9f24-0d5a91232eac}</destination>
		</relationship>
	</object>
	<object class="SingleSound" id="{be8fb7b3-3836-48d5-9cfa-2542e5dea4c9}">
		<relationship name="audioFile">
			<destination>{e4001e2a-30b9-4757-a720-5f8dbdc9f546}</destination>
		</relationship>
	</object>
	<object class="SingleSound" id="{0203d53d-faab-4fb6-9450-7712fbbaa407}">
		<relationship name="audioFile">
			<destination>{5f52a0b4-abfd-4217-823b-c0e4cddbf56b}</destination>
		</relationship>
	</object>
	<object class="SingleSound" id="{6e03125c-1499-4603-9368-a13608e9b857}">
		<relationship name="audioFile">
			<destination>{983b7294-17a6-4dd3-9004-0874ca307439}</destination>
		</relationship>
	</object>
	<object class="MixerBusEffectChain" id="{7707ecbc-eab3-45fe-a254-7de0be2af1db}">
		<relationship name="effects">
			<destination>{811bce12-38b0-419e-91f2-5663ed5682cf}</destination>
		</relationship>
	</object>
	<object class="MixerBusPanner" id="{29d91373-f1cb-4889-873f-a25b6c72f932}" />
	<object class="MixerBusFader" id="{15bc6dd5-4ce0-4c5b-9301-82e4a0bd3cbe}" />
	<object class="MixerBusFader" id="{811bce12-38b0-419e-91f2-5663ed5682cf}" />
</objects>
