<?xml version="1.0" encoding="UTF-8"?>
<objects serializationModel="Studio.02.01.00">
	<object class="Event" id="{06cf36bc-a072-4ee1-9e56-c7b9753542c8}">
		<property name="name">
			<value>Success</value>
		</property>
		<property name="outputFormat">
			<value>0</value>
		</property>
		<relationship name="folder">
			<destination>{bf655bd4-2fc6-4885-a62a-344c0ed6156d}</destination>
		</relationship>
		<relationship name="mixer">
			<destination>{8f8e76b8-a9f2-4a53-a1be-ba1bb317e01c}</destination>
		</relationship>
		<relationship name="masterTrack">
			<destination>{c926c6ec-bb28-4b61-8124-ca701b39c422}</destination>
		</relationship>
		<relationship name="mixerInput">
			<destination>{a2f2e01d-3624-48ea-b280-58a5008b3c49}</destination>
		</relationship>
		<relationship name="automatableProperties">
			<destination>{f8b3706a-b0da-4649-b2d8-5c102b6c691c}</destination>
		</relationship>
		<relationship name="markerTracks">
			<destination>{70670579-6fdd-495f-980d-e1428dd62af5}</destination>
		</relationship>
		<relationship name="groupTracks">
			<destination>{10519605-3daa-4a2f-8a56-4f76645eafc5}</destination>
		</relationship>
		<relationship name="timeline">
			<destination>{a39e90ad-95fd-484b-82dd-be6cafa6e28f}</destination>
		</relationship>
		<relationship name="banks">
			<destination>{8c3f9de4-14c8-4279-a712-2040780fff61}</destination>
		</relationship>
	</object>
	<object class="EventMixer" id="{8f8e76b8-a9f2-4a53-a1be-ba1bb317e01c}">
		<relationship name="masterBus">
			<destination>{3e908847-b551-49ef-855a-e6796430292a}</destination>
		</relationship>
	</object>
	<object class="MasterTrack" id="{c926c6ec-bb28-4b61-8124-ca701b39c422}">
		<relationship name="mixerGroup">
			<destination>{3e908847-b551-49ef-855a-e6796430292a}</destination>
		</relationship>
	</object>
	<object class="MixerInput" id="{a2f2e01d-3624-48ea-b280-58a5008b3c49}">
		<relationship name="effectChain">
			<destination>{d74f2fd5-41d5-4933-8eb8-fd0633099a4e}</destination>
		</relationship>
		<relationship name="panner">
			<destination>{98b6a27f-2541-46e4-8a2e-a0288eaf2f11}</destination>
		</relationship>
		<relationship name="output">
			<destination>{a74bdffc-cbb2-488b-ae3c-038020e1273d}</destination>
		</relationship>
	</object>
	<object class="EventAutomatableProperties" id="{f8b3706a-b0da-4649-b2d8-5c102b6c691c}" />
	<object class="MarkerTrack" id="{70670579-6fdd-495f-980d-e1428dd62af5}" />
	<object class="GroupTrack" id="{10519605-3daa-4a2f-8a56-4f76645eafc5}">
		<relationship name="modules">
			<destination>{5f57c685-3c14-41f6-afcf-b09c99d858da}</destination>
		</relationship>
		<relationship name="mixerGroup">
			<destination>{4401f1fd-ba4a-415d-a2ad-b3d15056be4a}</destination>
		</relationship>
	</object>
	<object class="Timeline" id="{a39e90ad-95fd-484b-82dd-be6cafa6e28f}">
		<relationship name="modules">
			<destination>{5f57c685-3c14-41f6-afcf-b09c99d858da}</destination>
		</relationship>
	</object>
	<object class="EventMixerMaster" id="{3e908847-b551-49ef-855a-e6796430292a}">
		<relationship name="effectChain">
			<destination>{6b8b3033-221b-42c9-b838-51f015ce57dd}</destination>
		</relationship>
		<relationship name="panner">
			<destination>{0a07fc99-082c-4475-86c3-d29ee052726b}</destination>
		</relationship>
		<relationship name="mixer">
			<destination>{8f8e76b8-a9f2-4a53-a1be-ba1bb317e01c}</destination>
		</relationship>
	</object>
	<object class="MixerBusEffectChain" id="{d74f2fd5-41d5-4933-8eb8-fd0633099a4e}">
		<relationship name="effects">
			<destination>{e52e107a-a0bb-4eee-b558-584487ceb694}</destination>
		</relationship>
	</object>
	<object class="MixerBusPanner" id="{98b6a27f-2541-46e4-8a2e-a0288eaf2f11}" />
	<object class="MultiSound" id="{5f57c685-3c14-41f6-afcf-b09c99d858da}">
		<property name="length">
			<value>3.0682291666666668</value>
		</property>
		<relationship name="sounds">
			<destination>{de64de9a-d5ff-4d41-9f9c-489a64c49f9d}</destination>
			<destination>{3e81f17e-9b4e-42c3-9a95-5e24543a95c9}</destination>
			<destination>{9ddc8157-8786-41b7-a558-f2790b4b7a99}</destination>
			<destination>{03cdd6fe-4f1c-43f0-bf32-cf75ae97c3ce}</destination>
		</relationship>
	</object>
	<object class="EventMixerGroup" id="{4401f1fd-ba4a-415d-a2ad-b3d15056be4a}">
		<property name="name">
			<value>Audio 1</value>
		</property>
		<relationship name="effectChain">
			<destination>{63b248ac-bae2-40cf-b78f-0f3e21b7faf6}</destination>
		</relationship>
		<relationship name="panner">
			<destination>{bf6ef757-8cc6-444c-87fa-1b6d7810e89b}</destination>
		</relationship>
		<relationship name="output">
			<destination>{3e908847-b551-49ef-855a-e6796430292a}</destination>
		</relationship>
	</object>
	<object class="MixerBusEffectChain" id="{6b8b3033-221b-42c9-b838-51f015ce57dd}">
		<relationship name="effects">
			<destination>{b1c5afdc-ab49-4197-9f42-9d1310b57d82}</destination>
		</relationship>
	</object>
	<object class="MixerBusPanner" id="{0a07fc99-082c-4475-86c3-d29ee052726b}" />
	<object class="MixerBusFader" id="{e52e107a-a0bb-4eee-b558-584487ceb694}" />
	<object class="SingleSound" id="{de64de9a-d5ff-4d41-9f9c-489a64c49f9d}">
		<relationship name="audioFile">
			<destination>{a4c8e806-159a-4946-8a76-1803b10e4e57}</destination>
		</relationship>
	</object>
	<object class="SingleSound" id="{3e81f17e-9b4e-42c3-9a95-5e24543a95c9}">
		<relationship name="audioFile">
			<destination>{6c25fd3e-f422-48df-b464-49436fd09a11}</destination>
		</relationship>
	</object>
	<object class="SingleSound" id="{9ddc8157-8786-41b7-a558-f2790b4b7a99}">
		<relationship name="audioFile">
			<destination>{f923c0aa-6258-4451-81d6-a2e5a056435a}</destination>
		</relationship>
	</object>
	<object class="SingleSound" id="{03cdd6fe-4f1c-43f0-bf32-cf75ae97c3ce}">
		<relationship name="audioFile">
			<destination>{b9695220-2b61-4db4-bb31-168d145f0535}</destination>
		</relationship>
	</object>
	<object class="MixerBusEffectChain" id="{63b248ac-bae2-40cf-b78f-0f3e21b7faf6}">
		<relationship name="effects">
			<destination>{dfd7d714-dd5f-49bf-9cd8-d9dac6072891}</destination>
		</relationship>
	</object>
	<object class="MixerBusPanner" id="{bf6ef757-8cc6-444c-87fa-1b6d7810e89b}" />
	<object class="MixerBusFader" id="{b1c5afdc-ab49-4197-9f42-9d1310b57d82}" />
	<object class="MixerBusFader" id="{dfd7d714-dd5f-49bf-9cd8-d9dac6072891}" />
</objects>
