<?xml version="1.0" encoding="UTF-8"?>
<objects serializationModel="Studio.02.01.00">
	<object class="Event" id="{06cbcb7b-eb1f-454f-938e-7e31390a577c}">
		<property name="name">
			<value>Failure</value>
		</property>
		<property name="outputFormat">
			<value>0</value>
		</property>
		<relationship name="folder">
			<destination>{aec05eee-7124-4535-9065-fecf1a255b4d}</destination>
		</relationship>
		<relationship name="mixer">
			<destination>{4eafe565-bc31-499a-8e56-d05ba5848cf2}</destination>
		</relationship>
		<relationship name="masterTrack">
			<destination>{5a7eeb4f-5218-4fea-8088-7c21b5101e0a}</destination>
		</relationship>
		<relationship name="mixerInput">
			<destination>{cbdc8a9d-f89c-483f-b70c-bd76ed834a48}</destination>
		</relationship>
		<relationship name="automatableProperties">
			<destination>{21f9b6b9-30e7-4c46-bc3a-860dabbbaec0}</destination>
		</relationship>
		<relationship name="markerTracks">
			<destination>{1575e464-48bb-4864-9553-a804c7c69a62}</destination>
		</relationship>
		<relationship name="groupTracks">
			<destination>{307e86ba-7dc6-41b4-9c0b-e46efb0c6725}</destination>
		</relationship>
		<relationship name="timeline">
			<destination>{c2b9bc22-24c9-440e-b9a3-bec9ac3a1f9b}</destination>
		</relationship>
		<relationship name="banks">
			<destination>{8c3f9de4-14c8-4279-a712-2040780fff61}</destination>
		</relationship>
	</object>
	<object class="EventMixer" id="{4eafe565-bc31-499a-8e56-d05ba5848cf2}">
		<relationship name="masterBus">
			<destination>{7ae0c84d-b922-4d03-9d2b-d4050461e420}</destination>
		</relationship>
	</object>
	<object class="MasterTrack" id="{5a7eeb4f-5218-4fea-8088-7c21b5101e0a}">
		<relationship name="mixerGroup">
			<destination>{7ae0c84d-b922-4d03-9d2b-d4050461e420}</destination>
		</relationship>
	</object>
	<object class="MixerInput" id="{cbdc8a9d-f89c-483f-b70c-bd76ed834a48}">
		<relationship name="effectChain">
			<destination>{16b20f00-634f-4662-b53c-eb5dbd5a6c4a}</destination>
		</relationship>
		<relationship name="panner">
			<destination>{a5da0cb0-cee4-47bb-bd00-36d669243bce}</destination>
		</relationship>
		<relationship name="output">
			<destination>{a74bdffc-cbb2-488b-ae3c-038020e1273d}</destination>
		</relationship>
	</object>
	<object class="EventAutomatableProperties" id="{21f9b6b9-30e7-4c46-bc3a-860dabbbaec0}" />
	<object class="MarkerTrack" id="{1575e464-48bb-4864-9553-a804c7c69a62}" />
	<object class="GroupTrack" id="{307e86ba-7dc6-41b4-9c0b-e46efb0c6725}">
		<relationship name="modules">
			<destination>{768f1015-5ab8-4aea-951b-88416c8a4a27}</destination>
		</relationship>
		<relationship name="mixerGroup">
			<destination>{aeafb327-1b73-4539-a8d6-be8f2c258063}</destination>
		</relationship>
	</object>
	<object class="Timeline" id="{c2b9bc22-24c9-440e-b9a3-bec9ac3a1f9b}">
		<relationship name="modules">
			<destination>{768f1015-5ab8-4aea-951b-88416c8a4a27}</destination>
		</relationship>
	</object>
	<object class="EventMixerMaster" id="{7ae0c84d-b922-4d03-9d2b-d4050461e420}">
		<relationship name="effectChain">
			<destination>{dc0b34ff-6349-4067-aa8e-d08f5e4497d2}</destination>
		</relationship>
		<relationship name="panner">
			<destination>{14df7246-2606-499b-a345-1ad4f31806bf}</destination>
		</relationship>
		<relationship name="mixer">
			<destination>{4eafe565-bc31-499a-8e56-d05ba5848cf2}</destination>
		</relationship>
	</object>
	<object class="MixerBusEffectChain" id="{16b20f00-634f-4662-b53c-eb5dbd5a6c4a}">
		<relationship name="effects">
			<destination>{977acf1a-2845-4874-b7d4-f81acf4c046a}</destination>
		</relationship>
	</object>
	<object class="MixerBusPanner" id="{a5da0cb0-cee4-47bb-bd00-36d669243bce}" />
	<object class="MultiSound" id="{768f1015-5ab8-4aea-951b-88416c8a4a27}">
		<property name="length">
			<value>2.7072083333333334</value>
		</property>
		<relationship name="sounds">
			<destination>{151da964-723d-4f3f-a726-68c83c8602c2}</destination>
			<destination>{ece2397e-5996-468a-b811-a23af5ed21d6}</destination>
			<destination>{cf1fbc80-fad3-4bbf-abb5-8bcde8fc2316}</destination>
			<destination>{b8cecd75-410e-48b4-aa6c-dfd000ef7419}</destination>
			<destination>{40e79145-7734-446a-ab32-34512e7d63c0}</destination>
		</relationship>
	</object>
	<object class="EventMixerGroup" id="{aeafb327-1b73-4539-a8d6-be8f2c258063}">
		<property name="name">
			<value>Audio 1</value>
		</property>
		<relationship name="effectChain">
			<destination>{8bd55756-da9c-4d9a-8503-40a1cd5da080}</destination>
		</relationship>
		<relationship name="panner">
			<destination>{27a32d7a-4786-4611-8e48-2649d2ca6547}</destination>
		</relationship>
		<relationship name="output">
			<destination>{7ae0c84d-b922-4d03-9d2b-d4050461e420}</destination>
		</relationship>
	</object>
	<object class="MixerBusEffectChain" id="{dc0b34ff-6349-4067-aa8e-d08f5e4497d2}">
		<relationship name="effects">
			<destination>{d5f2f6b4-1e1e-4603-951c-98a822367788}</destination>
		</relationship>
	</object>
	<object class="MixerBusPanner" id="{14df7246-2606-499b-a345-1ad4f31806bf}" />
	<object class="MixerBusFader" id="{977acf1a-2845-4874-b7d4-f81acf4c046a}" />
	<object class="SingleSound" id="{151da964-723d-4f3f-a726-68c83c8602c2}">
		<relationship name="audioFile">
			<destination>{1c3d400f-f287-4537-a4fe-7f0371ca51ce}</destination>
		</relationship>
	</object>
	<object class="SingleSound" id="{ece2397e-5996-468a-b811-a23af5ed21d6}">
		<relationship name="audioFile">
			<destination>{c853b3c9-98bd-4425-8cc9-3fa36357cdcf}</destination>
		</relationship>
	</object>
	<object class="SingleSound" id="{cf1fbc80-fad3-4bbf-abb5-8bcde8fc2316}">
		<relationship name="audioFile">
			<destination>{6cf17c6e-b0a2-43b9-9dd6-0efd5505db3c}</destination>
		</relationship>
	</object>
	<object class="SingleSound" id="{b8cecd75-410e-48b4-aa6c-dfd000ef7419}">
		<relationship name="audioFile">
			<destination>{fea7d4eb-76e4-4698-8978-634db4717413}</destination>
		</relationship>
	</object>
	<object class="SingleSound" id="{40e79145-7734-446a-ab32-34512e7d63c0}">
		<relationship name="audioFile">
			<destination>{58cf965a-d17e-4241-b048-632ede33a096}</destination>
		</relationship>
	</object>
	<object class="MixerBusEffectChain" id="{8bd55756-da9c-4d9a-8503-40a1cd5da080}">
		<relationship name="effects">
			<destination>{162d0758-3a3f-4825-be3e-b2335eb8dd6a}</destination>
		</relationship>
	</object>
	<object class="MixerBusPanner" id="{27a32d7a-4786-4611-8e48-2649d2ca6547}" />
	<object class="MixerBusFader" id="{d5f2f6b4-1e1e-4603-951c-98a822367788}" />
	<object class="MixerBusFader" id="{162d0758-3a3f-4825-be3e-b2335eb8dd6a}" />
</objects>
