<?xml version="1.0" encoding="UTF-8"?>
<objects serializationModel="Studio.02.01.00">
	<object class="Event" id="{06d3c93a-e874-4965-a225-961c0d71c4da}">
		<property name="name">
			<value>Success</value>
		</property>
		<property name="outputFormat">
			<value>0</value>
		</property>
		<relationship name="folder">
			<destination>{5326abf6-b104-4109-8166-3605a8dc5b14}</destination>
		</relationship>
		<relationship name="mixer">
			<destination>{429da35e-a90a-49d3-be9d-4948a2dc275f}</destination>
		</relationship>
		<relationship name="masterTrack">
			<destination>{9221d0a2-f94e-4f42-8861-9f5a03b746f0}</destination>
		</relationship>
		<relationship name="mixerInput">
			<destination>{81eb3b71-9b36-498c-9a67-3acbf29e79cd}</destination>
		</relationship>
		<relationship name="automatableProperties">
			<destination>{885cb4a0-e198-4d8d-b1ed-d3a9dab54ae6}</destination>
		</relationship>
		<relationship name="markerTracks">
			<destination>{c57059bf-bcfb-41ff-9425-b9b5171b864d}</destination>
		</relationship>
		<relationship name="groupTracks">
			<destination>{0d084e43-fbd6-4bbd-9671-a7d518542c9c}</destination>
		</relationship>
		<relationship name="timeline">
			<destination>{f07cd771-ed6e-49a3-91f0-8eabe4d1a663}</destination>
		</relationship>
		<relationship name="banks">
			<destination>{8c3f9de4-14c8-4279-a712-2040780fff61}</destination>
		</relationship>
	</object>
	<object class="EventMixer" id="{429da35e-a90a-49d3-be9d-4948a2dc275f}">
		<relationship name="masterBus">
			<destination>{533cb13b-7eb9-4dd6-b7f5-d65339a45503}</destination>
		</relationship>
	</object>
	<object class="MasterTrack" id="{9221d0a2-f94e-4f42-8861-9f5a03b746f0}">
		<relationship name="mixerGroup">
			<destination>{533cb13b-7eb9-4dd6-b7f5-d65339a45503}</destination>
		</relationship>
	</object>
	<object class="MixerInput" id="{81eb3b71-9b36-498c-9a67-3acbf29e79cd}">
		<relationship name="effectChain">
			<destination>{602855ba-f3d0-4900-802a-5b9508f0a698}</destination>
		</relationship>
		<relationship name="panner">
			<destination>{00d502bd-6c4b-4bc7-81c2-fe754df4bc2b}</destination>
		</relationship>
		<relationship name="output">
			<destination>{a74bdffc-cbb2-488b-ae3c-038020e1273d}</destination>
		</relationship>
	</object>
	<object class="EventAutomatableProperties" id="{885cb4a0-e198-4d8d-b1ed-d3a9dab54ae6}" />
	<object class="MarkerTrack" id="{c57059bf-bcfb-41ff-9425-b9b5171b864d}" />
	<object class="GroupTrack" id="{0d084e43-fbd6-4bbd-9671-a7d518542c9c}">
		<relationship name="modules">
			<destination>{936ee085-b9cb-469b-ad31-ec24ee4cde87}</destination>
		</relationship>
		<relationship name="mixerGroup">
			<destination>{b18bf57c-f1e2-43cf-9507-3493d2f4d745}</destination>
		</relationship>
	</object>
	<object class="Timeline" id="{f07cd771-ed6e-49a3-91f0-8eabe4d1a663}">
		<relationship name="modules">
			<destination>{936ee085-b9cb-469b-ad31-ec24ee4cde87}</destination>
		</relationship>
	</object>
	<object class="EventMixerMaster" id="{533cb13b-7eb9-4dd6-b7f5-d65339a45503}">
		<relationship name="effectChain">
			<destination>{35a302c9-8d9e-4e28-9a50-30f239fabf8c}</destination>
		</relationship>
		<relationship name="panner">
			<destination>{60d65af8-7ce5-4fcb-b48e-c371dac5af96}</destination>
		</relationship>
		<relationship name="mixer">
			<destination>{429da35e-a90a-49d3-be9d-4948a2dc275f}</destination>
		</relationship>
	</object>
	<object class="MixerBusEffectChain" id="{602855ba-f3d0-4900-802a-5b9508f0a698}">
		<relationship name="effects">
			<destination>{fc599a9d-54d8-45e2-bb52-9403ae4908a3}</destination>
		</relationship>
	</object>
	<object class="MixerBusPanner" id="{00d502bd-6c4b-4bc7-81c2-fe754df4bc2b}" />
	<object class="MultiSound" id="{936ee085-b9cb-469b-ad31-ec24ee4cde87}">
		<property name="length">
			<value>1.7445416666666667</value>
		</property>
		<relationship name="sounds">
			<destination>{68c22897-7b98-4d5d-8b4c-0d2f93bc1451}</destination>
			<destination>{d0447a37-3b14-495f-844f-fc4c6538d54b}</destination>
			<destination>{5e5b1ea3-8188-4a3f-8ab6-cb997e2da310}</destination>
		</relationship>
	</object>
	<object class="EventMixerGroup" id="{b18bf57c-f1e2-43cf-9507-3493d2f4d745}">
		<property name="name">
			<value>Audio 1</value>
		</property>
		<relationship name="effectChain">
			<destination>{07338977-c704-492b-addd-ccd000130493}</destination>
		</relationship>
		<relationship name="panner">
			<destination>{99c8ded9-d5cf-4755-a0ee-e291f7746bee}</destination>
		</relationship>
		<relationship name="output">
			<destination>{533cb13b-7eb9-4dd6-b7f5-d65339a45503}</destination>
		</relationship>
	</object>
	<object class="MixerBusEffectChain" id="{35a302c9-8d9e-4e28-9a50-30f239fabf8c}">
		<relationship name="effects">
			<destination>{2d758351-926c-420e-b3be-40c90a7125df}</destination>
		</relationship>
	</object>
	<object class="MixerBusPanner" id="{60d65af8-7ce5-4fcb-b48e-c371dac5af96}" />
	<object class="MixerBusFader" id="{fc599a9d-54d8-45e2-bb52-9403ae4908a3}" />
	<object class="SingleSound" id="{68c22897-7b98-4d5d-8b4c-0d2f93bc1451}">
		<relationship name="audioFile">
			<destination>{6d4dc77d-beb8-450a-8755-6f5f60c044af}</destination>
		</relationship>
	</object>
	<object class="SingleSound" id="{d0447a37-3b14-495f-844f-fc4c6538d54b}">
		<relationship name="audioFile">
			<destination>{350a7e2e-1d95-4d2f-bcb8-5095d543550b}</destination>
		</relationship>
	</object>
	<object class="SingleSound" id="{5e5b1ea3-8188-4a3f-8ab6-cb997e2da310}">
		<relationship name="audioFile">
			<destination>{a218c313-ffe5-45b3-95ce-ef87ac8a63bc}</destination>
		</relationship>
	</object>
	<object class="MixerBusEffectChain" id="{07338977-c704-492b-addd-ccd000130493}">
		<relationship name="effects">
			<destination>{e3da2d87-e06e-4b21-afb3-845adbfed3c7}</destination>
		</relationship>
	</object>
	<object class="MixerBusPanner" id="{99c8ded9-d5cf-4755-a0ee-e291f7746bee}" />
	<object class="MixerBusFader" id="{2d758351-926c-420e-b3be-40c90a7125df}" />
	<object class="MixerBusFader" id="{e3da2d87-e06e-4b21-afb3-845adbfed3c7}" />
</objects>
