<?xml version="1.0" encoding="UTF-8"?>
<objects serializationModel="Studio.02.01.00">
	<object class="Event" id="{06d9c54b-9f0d-494f-b241-49e950c2fcd5}">
		<property name="name">
			<value>Failure</value>
		</property>
		<property name="outputFormat">
			<value>0</value>
		</property>
		<relationship name="folder">
			<destination>{bd3401c7-481d-421b-a12a-9f5fda1882f7}</destination>
		</relationship>
		<relationship name="mixer">
			<destination>{3bc5dc11-20f6-4ede-af05-541bab08e95d}</destination>
		</relationship>
		<relationship name="masterTrack">
			<destination>{4202d528-dbba-49ba-8522-a35226964cf5}</destination>
		</relationship>
		<relationship name="mixerInput">
			<destination>{62eb4be6-959f-460a-8d09-4e972ee98b4b}</destination>
		</relationship>
		<relationship name="automatableProperties">
			<destination>{499c5f99-b918-4125-889d-b20a150dc352}</destination>
		</relationship>
		<relationship name="markerTracks">
			<destination>{6f4c09b0-4098-4a42-8754-045ec5edb0cf}</destination>
		</relationship>
		<relationship name="groupTracks">
			<destination>{90f8dce2-6530-4b4a-8399-98024bbe9263}</destination>
		</relationship>
		<relationship name="timeline">
			<destination>{1eb1f27e-de0e-4bc6-be14-7f1c7563ddcb}</destination>
		</relationship>
		<relationship name="banks">
			<destination>{8c3f9de4-14c8-4279-a712-2040780fff61}</destination>
		</relationship>
	</object>
	<object class="EventMixer" id="{3bc5dc11-20f6-4ede-af05-541bab08e95d}">
		<relationship name="masterBus">
			<destination>{bf0efab0-41f9-42ca-a4ea-528ac40d744b}</destination>
		</relationship>
	</object>
	<object class="MasterTrack" id="{4202d528-dbba-49ba-8522-a35226964cf5}">
		<relationship name="mixerGroup">
			<destination>{bf0efab0-41f9-42ca-a4ea-528ac40d744b}</destination>
		</relationship>
	</object>
	<object class="MixerInput" id="{62eb4be6-959f-460a-8d09-4e972ee98b4b}">
		<relationship name="effectChain">
			<destination>{11959fe6-a393-46b1-8377-11054eac1615}</destination>
		</relationship>
		<relationship name="panner">
			<destination>{bc005b46-db02-401a-a1c8-47a88a5bd1e8}</destination>
		</relationship>
		<relationship name="output">
			<destination>{a74bdffc-cbb2-488b-ae3c-038020e1273d}</destination>
		</relationship>
	</object>
	<object class="EventAutomatableProperties" id="{499c5f99-b918-4125-889d-b20a150dc352}" />
	<object class="MarkerTrack" id="{6f4c09b0-4098-4a42-8754-045ec5edb0cf}" />
	<object class="GroupTrack" id="{90f8dce2-6530-4b4a-8399-98024bbe9263}">
		<relationship name="modules">
			<destination>{9aa1aba5-bd6b-4cfd-b69e-1e900752cce8}</destination>
		</relationship>
		<relationship name="mixerGroup">
			<destination>{c1174617-926c-49bf-9c4c-60ff0d6b7cc2}</destination>
		</relationship>
	</object>
	<object class="Timeline" id="{1eb1f27e-de0e-4bc6-be14-7f1c7563ddcb}">
		<relationship name="modules">
			<destination>{9aa1aba5-bd6b-4cfd-b69e-1e900752cce8}</destination>
		</relationship>
	</object>
	<object class="EventMixerMaster" id="{bf0efab0-41f9-42ca-a4ea-528ac40d744b}">
		<relationship name="effectChain">
			<destination>{3b88133d-f7b9-4192-962a-f8e92a796ff0}</destination>
		</relationship>
		<relationship name="panner">
			<destination>{5175e755-5ab3-42a3-b221-8750740771c8}</destination>
		</relationship>
		<relationship name="mixer">
			<destination>{3bc5dc11-20f6-4ede-af05-541bab08e95d}</destination>
		</relationship>
	</object>
	<object class="MixerBusEffectChain" id="{11959fe6-a393-46b1-8377-11054eac1615}">
		<relationship name="effects">
			<destination>{053b17cf-a533-4248-84ff-a9cff1bf07fe}</destination>
		</relationship>
	</object>
	<object class="MixerBusPanner" id="{bc005b46-db02-401a-a1c8-47a88a5bd1e8}" />
	<object class="MultiSound" id="{9aa1aba5-bd6b-4cfd-b69e-1e900752cce8}">
		<property name="length">
			<value>2.6568958333333335</value>
		</property>
		<relationship name="sounds">
			<destination>{ee37c901-94d5-4e46-b6c0-92423a71510e}</destination>
			<destination>{581e3c86-b060-4a8a-8b88-4fa23a14a015}</destination>
			<destination>{79983937-921a-474f-b8fa-d92311958cff}</destination>
		</relationship>
	</object>
	<object class="EventMixerGroup" id="{c1174617-926c-49bf-9c4c-60ff0d6b7cc2}">
		<property name="name">
			<value>Audio 1</value>
		</property>
		<relationship name="effectChain">
			<destination>{2bf7aea5-180f-48a5-a685-dd892b601383}</destination>
		</relationship>
		<relationship name="panner">
			<destination>{20f22686-c378-4be0-ae0a-2fcec300aac3}</destination>
		</relationship>
		<relationship name="output">
			<destination>{bf0efab0-41f9-42ca-a4ea-528ac40d744b}</destination>
		</relationship>
	</object>
	<object class="MixerBusEffectChain" id="{3b88133d-f7b9-4192-962a-f8e92a796ff0}">
		<relationship name="effects">
			<destination>{8edc6ec5-8ad7-46f6-87c3-e9f48e21cb35}</destination>
		</relationship>
	</object>
	<object class="MixerBusPanner" id="{5175e755-5ab3-42a3-b221-8750740771c8}" />
	<object class="MixerBusFader" id="{053b17cf-a533-4248-84ff-a9cff1bf07fe}" />
	<object class="SingleSound" id="{ee37c901-94d5-4e46-b6c0-92423a71510e}">
		<relationship name="audioFile">
			<destination>{93c941ac-1d0e-4f43-b3f8-59eef62de0b9}</destination>
		</relationship>
	</object>
	<object class="SingleSound" id="{581e3c86-b060-4a8a-8b88-4fa23a14a015}">
		<relationship name="audioFile">
			<destination>{5d2568a0-1284-4db0-a22e-5f011ab42ec1}</destination>
		</relationship>
	</object>
	<object class="SingleSound" id="{79983937-921a-474f-b8fa-d92311958cff}">
		<relationship name="audioFile">
			<destination>{f0139344-edef-45ba-ae22-66a0defa0625}</destination>
		</relationship>
	</object>
	<object class="MixerBusEffectChain" id="{2bf7aea5-180f-48a5-a685-dd892b601383}">
		<relationship name="effects">
			<destination>{2d9f4a36-4a2d-417a-b741-49782d291780}</destination>
		</relationship>
	</object>
	<object class="MixerBusPanner" id="{20f22686-c378-4be0-ae0a-2fcec300aac3}" />
	<object class="MixerBusFader" id="{8edc6ec5-8ad7-46f6-87c3-e9f48e21cb35}" />
	<object class="MixerBusFader" id="{2d9f4a36-4a2d-417a-b741-49782d291780}" />
</objects>
