<?xml version="1.0" encoding="UTF-8"?>
<objects serializationModel="Studio.02.01.00">
	<object class="Event" id="{06d207c7-71ad-4912-8a0c-0e747a54d54d}">
		<property name="name">
			<value>Success</value>
		</property>
		<property name="outputFormat">
			<value>0</value>
		</property>
		<relationship name="folder">
			<destination>{27dea2cd-dc90-4a32-bcf0-46bfee75b5a9}</destination>
		</relationship>
		<relationship name="mixer">
			<destination>{7bac5ec6-ee14-462f-809b-3ef16b7b5168}</destination>
		</relationship>
		<relationship name="masterTrack">
			<destination>{07ce2887-d1f2-449b-a6f8-0050a24df0db}</destination>
		</relationship>
		<relationship name="mixerInput">
			<destination>{9bd9743b-ecef-4b6e-8d97-dbc08bf8e829}</destination>
		</relationship>
		<relationship name="automatableProperties">
			<destination>{81730c5f-9a4e-4347-98d9-74d3f622876b}</destination>
		</relationship>
		<relationship name="markerTracks">
			<destination>{5beaca01-8c56-44f2-abb6-657f50763233}</destination>
		</relationship>
		<relationship name="groupTracks">
			<destination>{179cc8cb-d751-4f75-9741-26665e1f4bf7}</destination>
		</relationship>
		<relationship name="timeline">
			<destination>{f80142b1-06c9-4b6d-9b3d-7a98537cffa8}</destination>
		</relationship>
		<relationship name="banks">
			<destination>{8c3f9de4-14c8-4279-a712-2040780fff61}</destination>
		</relationship>
	</object>
	<object class="EventMixer" id="{7bac5ec6-ee14-462f-809b-3ef16b7b5168}">
		<relationship name="masterBus">
			<destination>{81c71a2c-e7e4-48c1-88ad-c3f9496b8b26}</destination>
		</relationship>
	</object>
	<object class="MasterTrack" id="{07ce2887-d1f2-449b-a6f8-0050a24df0db}">
		<relationship name="mixerGroup">
			<destination>{81c71a2c-e7e4-48c1-88ad-c3f9496b8b26}</destination>
		</relationship>
	</object>
	<object class="MixerInput" id="{9bd9743b-ecef-4b6e-8d97-dbc08bf8e829}">
		<relationship name="effectChain">
			<destination>{7de8dcad-123a-4076-b4e1-d83ae3f2f356}</destination>
		</relationship>
		<relationship name="panner">
			<destination>{8bbdcdc3-e38c-4cee-8096-367468b9fd69}</destination>
		</relationship>
		<relationship name="output">
			<destination>{a74bdffc-cbb2-488b-ae3c-038020e1273d}</destination>
		</relationship>
	</object>
	<object class="EventAutomatableProperties" id="{81730c5f-9a4e-4347-98d9-74d3f622876b}" />
	<object class="MarkerTrack" id="{5beaca01-8c56-44f2-abb6-657f50763233}" />
	<object class="GroupTrack" id="{179cc8cb-d751-4f75-9741-26665e1f4bf7}">
		<relationship name="modules">
			<destination>{f287736f-1944-41b2-8310-1a05647991b2}</destination>
		</relationship>
		<relationship name="mixerGroup">
			<destination>{bc3b9022-1300-4a1f-939c-34eea3b67c42}</destination>
		</relationship>
	</object>
	<object class="Timeline" id="{f80142b1-06c9-4b6d-9b3d-7a98537cffa8}">
		<relationship name="modules">
			<destination>{f287736f-1944-41b2-8310-1a05647991b2}</destination>
		</relationship>
	</object>
	<object class="EventMixerMaster" id="{81c71a2c-e7e4-48c1-88ad-c3f9496b8b26}">
		<relationship name="effectChain">
			<destination>{5b3072c8-0060-433d-ac58-023208360612}</destination>
		</relationship>
		<relationship name="panner">
			<destination>{37d5a464-2542-4fd7-8da2-de2c58d7bd8b}</destination>
		</relationship>
		<relationship name="mixer">
			<destination>{7bac5ec6-ee14-462f-809b-3ef16b7b5168}</destination>
		</relationship>
	</object>
	<object class="MixerBusEffectChain" id="{7de8dcad-123a-4076-b4e1-d83ae3f2f356}">
		<relationship name="effects">
			<destination>{a4dc9458-2ce9-4bb5-945e-1835bce33f1c}</destination>
		</relationship>
	</object>
	<object class="MixerBusPanner" id="{8bbdcdc3-e38c-4cee-8096-367468b9fd69}" />
	<object class="MultiSound" id="{f287736f-1944-41b2-8310-1a05647991b2}">
		<property name="length">
			<value>1.6586458333333334</value>
		</property>
		<relationship name="sounds">
			<destination>{d83a347b-5da9-4d6f-a688-6ab88f4940ad}</destination>
			<destination>{f8e7c79d-5703-4c8b-92e5-3dd72ae44023}</destination>
		</relationship>
	</object>
	<object class="EventMixerGroup" id="{bc3b9022-1300-4a1f-939c-34eea3b67c42}">
		<property name="name">
			<value>Audio 1</value>
		</property>
		<relationship name="effectChain">
			<destination>{5ac7d6d5-83d0-4997-b2ea-2fab408cca24}</destination>
		</relationship>
		<relationship name="panner">
			<destination>{f6da3b12-f986-4cff-8736-ece11163a1cd}</destination>
		</relationship>
		<relationship name="output">
			<destination>{81c71a2c-e7e4-48c1-88ad-c3f9496b8b26}</destination>
		</relationship>
	</object>
	<object class="MixerBusEffectChain" id="{5b3072c8-0060-433d-ac58-023208360612}">
		<relationship name="effects">
			<destination>{6799e852-cf33-4eb6-bb26-8a8f56d73044}</destination>
		</relationship>
	</object>
	<object class="MixerBusPanner" id="{37d5a464-2542-4fd7-8da2-de2c58d7bd8b}" />
	<object class="MixerBusFader" id="{a4dc9458-2ce9-4bb5-945e-1835bce33f1c}" />
	<object class="SingleSound" id="{d83a347b-5da9-4d6f-a688-6ab88f4940ad}">
		<relationship name="audioFile">
			<destination>{83b8476f-5e23-4446-828a-f941f05fd2ef}</destination>
		</relationship>
	</object>
	<object class="SingleSound" id="{f8e7c79d-5703-4c8b-92e5-3dd72ae44023}">
		<relationship name="audioFile">
			<destination>{50977ac4-6806-4038-b225-e367a2f6a201}</destination>
		</relationship>
	</object>
	<object class="MixerBusEffectChain" id="{5ac7d6d5-83d0-4997-b2ea-2fab408cca24}">
		<relationship name="effects">
			<destination>{39fd8967-5e21-433e-b035-f75a0f4566ce}</destination>
		</relationship>
	</object>
	<object class="MixerBusPanner" id="{f6da3b12-f986-4cff-8736-ece11163a1cd}" />
	<object class="MixerBusFader" id="{6799e852-cf33-4eb6-bb26-8a8f56d73044}" />
	<object class="MixerBusFader" id="{39fd8967-5e21-433e-b035-f75a0f4566ce}" />
</objects>
