<?xml version="1.0" encoding="UTF-8"?>
<objects serializationModel="Studio.02.01.00">
	<object class="Event" id="{06e75c8f-ec89-45bc-9eb9-0f4874311abf}">
		<property name="name">
			<value>Tutorial_TutorialEquipOrg</value>
		</property>
		<property name="outputFormat">
			<value>0</value>
		</property>
		<relationship name="folder">
			<destination>{158ad337-8269-4a32-865c-d3c458683eff}</destination>
		</relationship>
		<relationship name="mixer">
			<destination>{fdadedc2-772f-42ad-87b9-fd7fd63772b5}</destination>
		</relationship>
		<relationship name="masterTrack">
			<destination>{aeaed0bb-eeed-4abe-8c13-06a8dfd01d37}</destination>
		</relationship>
		<relationship name="mixerInput">
			<destination>{7546a980-b2bb-4ad3-9cd9-83f8bc3c2166}</destination>
		</relationship>
		<relationship name="automatableProperties">
			<destination>{12f0ee62-d8f1-4065-a283-1dcca9cb366f}</destination>
		</relationship>
		<relationship name="markerTracks">
			<destination>{21b1150a-4a40-4f24-befb-0b9f63fc621e}</destination>
		</relationship>
		<relationship name="groupTracks">
			<destination>{067e9e59-1f86-4cc0-a641-fbf6d967d158}</destination>
		</relationship>
		<relationship name="timeline">
			<destination>{e528a72f-cc3a-496e-bd6c-2c0bd10d3785}</destination>
		</relationship>
		<relationship name="banks">
			<destination>{8c3f9de4-14c8-4279-a712-2040780fff61}</destination>
		</relationship>
	</object>
	<object class="EventMixer" id="{fdadedc2-772f-42ad-87b9-fd7fd63772b5}">
		<relationship name="masterBus">
			<destination>{0e1495e9-12aa-4bf1-996e-2e8470f35dc3}</destination>
		</relationship>
	</object>
	<object class="MasterTrack" id="{aeaed0bb-eeed-4abe-8c13-06a8dfd01d37}">
		<relationship name="mixerGroup">
			<destination>{0e1495e9-12aa-4bf1-996e-2e8470f35dc3}</destination>
		</relationship>
	</object>
	<object class="MixerInput" id="{7546a980-b2bb-4ad3-9cd9-83f8bc3c2166}">
		<relationship name="effectChain">
			<destination>{8d4e54d7-03df-478a-8aff-1a744283df31}</destination>
		</relationship>
		<relationship name="panner">
			<destination>{b8f9a060-4395-4914-a78c-4f002def86fd}</destination>
		</relationship>
		<relationship name="output">
			<destination>{a74bdffc-cbb2-488b-ae3c-038020e1273d}</destination>
		</relationship>
	</object>
	<object class="EventAutomatableProperties" id="{12f0ee62-d8f1-4065-a283-1dcca9cb366f}" />
	<object class="MarkerTrack" id="{21b1150a-4a40-4f24-befb-0b9f63fc621e}" />
	<object class="GroupTrack" id="{067e9e59-1f86-4cc0-a641-fbf6d967d158}">
		<relationship name="modules">
			<destination>{533a51e5-5e07-4c72-9e46-067522b5ca49}</destination>
		</relationship>
		<relationship name="mixerGroup">
			<destination>{fd051a4c-0bf2-4952-942f-f0c6f653897a}</destination>
		</relationship>
	</object>
	<object class="Timeline" id="{e528a72f-cc3a-496e-bd6c-2c0bd10d3785}">
		<relationship name="modules">
			<destination>{533a51e5-5e07-4c72-9e46-067522b5ca49}</destination>
		</relationship>
	</object>
	<object class="EventMixerMaster" id="{0e1495e9-12aa-4bf1-996e-2e8470f35dc3}">
		<relationship name="effectChain">
			<destination>{14276007-6b8a-40c2-9c83-888689b9d26d}</destination>
		</relationship>
		<relationship name="panner">
			<destination>{dec915f0-865a-41e0-8397-9a5de152a270}</destination>
		</relationship>
		<relationship name="mixer">
			<destination>{fdadedc2-772f-42ad-87b9-fd7fd63772b5}</destination>
		</relationship>
	</object>
	<object class="MixerBusEffectChain" id="{8d4e54d7-03df-478a-8aff-1a744283df31}">
		<relationship name="effects">
			<destination>{1f9436c4-2e46-49d7-9432-20381c9355fa}</destination>
		</relationship>
	</object>
	<object class="MixerBusPanner" id="{b8f9a060-4395-4914-a78c-4f002def86fd}" />
	<object class="SingleSound" id="{533a51e5-5e07-4c72-9e46-067522b5ca49}">
		<property name="length">
			<value>7.7183541666666668</value>
		</property>
		<relationship name="audioFile">
			<destination>{b0fb53c7-a4e6-408c-84d7-4f6c0adfa2ec}</destination>
		</relationship>
	</object>
	<object class="EventMixerGroup" id="{fd051a4c-0bf2-4952-942f-f0c6f653897a}">
		<property name="name">
			<value>Audio 1</value>
		</property>
		<relationship name="effectChain">
			<destination>{cbaf1ded-60ac-47ff-bd7c-66e2b9592e09}</destination>
		</relationship>
		<relationship name="panner">
			<destination>{c190c56f-f335-49d6-a7e8-1422d4abc4df}</destination>
		</relationship>
		<relationship name="output">
			<destination>{0e1495e9-12aa-4bf1-996e-2e8470f35dc3}</destination>
		</relationship>
	</object>
	<object class="MixerBusEffectChain" id="{14276007-6b8a-40c2-9c83-888689b9d26d}">
		<relationship name="effects">
			<destination>{63d3649c-65e3-4f11-8954-9d1531315529}</destination>
		</relationship>
	</object>
	<object class="MixerBusPanner" id="{dec915f0-865a-41e0-8397-9a5de152a270}" />
	<object class="MixerBusFader" id="{1f9436c4-2e46-49d7-9432-20381c9355fa}" />
	<object class="MixerBusEffectChain" id="{cbaf1ded-60ac-47ff-bd7c-66e2b9592e09}">
		<relationship name="effects">
			<destination>{3e8aebab-fbc8-4bfc-a1da-e99e7d8a0968}</destination>
		</relationship>
	</object>
	<object class="MixerBusPanner" id="{c190c56f-f335-49d6-a7e8-1422d4abc4df}" />
	<object class="MixerBusFader" id="{63d3649c-65e3-4f11-8954-9d1531315529}" />
	<object class="MixerBusFader" id="{3e8aebab-fbc8-4bfc-a1da-e99e7d8a0968}" />
</objects>
