<?xml version="1.0" encoding="UTF-8"?>
<objects serializationModel="Studio.02.01.00">
	<object class="Event" id="{06f43aa5-1a49-4e33-8794-24de9b02f06e}">
		<property name="name">
			<value>Assigned</value>
		</property>
		<property name="outputFormat">
			<value>0</value>
		</property>
		<relationship name="folder">
			<destination>{cf739314-222a-48fe-a4f8-97a0c746f7cb}</destination>
		</relationship>
		<relationship name="mixer">
			<destination>{1c4c58e8-eec3-4ec2-bbdd-eb3437bc7722}</destination>
		</relationship>
		<relationship name="masterTrack">
			<destination>{5895e914-348f-4637-8d86-2e823428540e}</destination>
		</relationship>
		<relationship name="mixerInput">
			<destination>{67638aae-832b-4566-bdd0-3597b3457577}</destination>
		</relationship>
		<relationship name="automatableProperties">
			<destination>{4ecff774-11a2-4bb5-8faf-2cd67813349b}</destination>
		</relationship>
		<relationship name="markerTracks">
			<destination>{74719814-09c3-4723-b9ab-d46dc8bf66b1}</destination>
		</relationship>
		<relationship name="groupTracks">
			<destination>{9dc62156-991c-4518-bad5-0019e037251c}</destination>
		</relationship>
		<relationship name="timeline">
			<destination>{0bba0de0-60c7-41f7-a276-373762ecdb11}</destination>
		</relationship>
		<relationship name="banks">
			<destination>{8c3f9de4-14c8-4279-a712-2040780fff61}</destination>
		</relationship>
	</object>
	<object class="EventMixer" id="{1c4c58e8-eec3-4ec2-bbdd-eb3437bc7722}">
		<relationship name="masterBus">
			<destination>{829c4f45-890c-4071-b2b3-b0a4d528ce72}</destination>
		</relationship>
	</object>
	<object class="MasterTrack" id="{5895e914-348f-4637-8d86-2e823428540e}">
		<relationship name="mixerGroup">
			<destination>{829c4f45-890c-4071-b2b3-b0a4d528ce72}</destination>
		</relationship>
	</object>
	<object class="MixerInput" id="{67638aae-832b-4566-bdd0-3597b3457577}">
		<relationship name="effectChain">
			<destination>{c408e4c9-4a70-4a8e-ab57-2373af23780f}</destination>
		</relationship>
		<relationship name="panner">
			<destination>{13619459-f020-4ad6-9af5-f2cd5d822e32}</destination>
		</relationship>
		<relationship name="output">
			<destination>{a74bdffc-cbb2-488b-ae3c-038020e1273d}</destination>
		</relationship>
	</object>
	<object class="EventAutomatableProperties" id="{4ecff774-11a2-4bb5-8faf-2cd67813349b}" />
	<object class="MarkerTrack" id="{74719814-09c3-4723-b9ab-d46dc8bf66b1}" />
	<object class="GroupTrack" id="{9dc62156-991c-4518-bad5-0019e037251c}">
		<relationship name="modules">
			<destination>{a9a514b3-7898-4f90-b35d-1dce0fb1665c}</destination>
		</relationship>
		<relationship name="mixerGroup">
			<destination>{2d7f8859-7005-4a8d-a65f-090c191b569f}</destination>
		</relationship>
	</object>
	<object class="Timeline" id="{0bba0de0-60c7-41f7-a276-373762ecdb11}">
		<relationship name="modules">
			<destination>{a9a514b3-7898-4f90-b35d-1dce0fb1665c}</destination>
		</relationship>
	</object>
	<object class="EventMixerMaster" id="{829c4f45-890c-4071-b2b3-b0a4d528ce72}">
		<relationship name="effectChain">
			<destination>{05eb32ff-f31d-479b-9546-f03e8b9cfbf2}</destination>
		</relationship>
		<relationship name="panner">
			<destination>{24bc3290-5478-4aee-86f1-ba3912884477}</destination>
		</relationship>
		<relationship name="mixer">
			<destination>{1c4c58e8-eec3-4ec2-bbdd-eb3437bc7722}</destination>
		</relationship>
	</object>
	<object class="MixerBusEffectChain" id="{c408e4c9-4a70-4a8e-ab57-2373af23780f}">
		<relationship name="effects">
			<destination>{78b21286-bcef-4e79-b7f1-91f42ce2adaf}</destination>
		</relationship>
	</object>
	<object class="MixerBusPanner" id="{13619459-f020-4ad6-9af5-f2cd5d822e32}" />
	<object class="MultiSound" id="{a9a514b3-7898-4f90-b35d-1dce0fb1665c}">
		<property name="length">
			<value>1.3147916666666666</value>
		</property>
		<relationship name="sounds">
			<destination>{ecdd3a80-a0e5-49d3-8d9c-56e8829e8670}</destination>
			<destination>{2c0e49e7-a7bf-445f-9c38-a4c155dd30ba}</destination>
			<destination>{7d4eb326-e094-4007-b39a-da9defc78312}</destination>
			<destination>{6154e1e4-f8ed-4746-a08d-34dcccf72dc3}</destination>
		</relationship>
	</object>
	<object class="EventMixerGroup" id="{2d7f8859-7005-4a8d-a65f-090c191b569f}">
		<property name="name">
			<value>Audio 1</value>
		</property>
		<relationship name="effectChain">
			<destination>{326e4b29-5d7d-4e84-961f-27c0ce971fbe}</destination>
		</relationship>
		<relationship name="panner">
			<destination>{3e93f31a-ae39-4902-9e47-8f304c2b5567}</destination>
		</relationship>
		<relationship name="output">
			<destination>{829c4f45-890c-4071-b2b3-b0a4d528ce72}</destination>
		</relationship>
	</object>
	<object class="MixerBusEffectChain" id="{05eb32ff-f31d-479b-9546-f03e8b9cfbf2}">
		<relationship name="effects">
			<destination>{e8c67bc4-d622-48d2-8a92-63a06d87567d}</destination>
		</relationship>
	</object>
	<object class="MixerBusPanner" id="{24bc3290-5478-4aee-86f1-ba3912884477}" />
	<object class="MixerBusFader" id="{78b21286-bcef-4e79-b7f1-91f42ce2adaf}" />
	<object class="SingleSound" id="{ecdd3a80-a0e5-49d3-8d9c-56e8829e8670}">
		<relationship name="audioFile">
			<destination>{d6d5d488-58d0-4764-b4f4-7422c4699deb}</destination>
		</relationship>
	</object>
	<object class="SingleSound" id="{2c0e49e7-a7bf-445f-9c38-a4c155dd30ba}">
		<relationship name="audioFile">
			<destination>{f1d746f5-167e-4c8b-b013-883a32254d6b}</destination>
		</relationship>
	</object>
	<object class="SingleSound" id="{7d4eb326-e094-4007-b39a-da9defc78312}">
		<relationship name="audioFile">
			<destination>{f28b571b-4da4-46de-8680-cac7dd878d81}</destination>
		</relationship>
	</object>
	<object class="SingleSound" id="{6154e1e4-f8ed-4746-a08d-34dcccf72dc3}">
		<relationship name="audioFile">
			<destination>{f105f640-64c5-4d6d-9c96-6b8ac9bdb321}</destination>
		</relationship>
	</object>
	<object class="MixerBusEffectChain" id="{326e4b29-5d7d-4e84-961f-27c0ce971fbe}">
		<relationship name="effects">
			<destination>{98f4efd3-3e65-4520-8f66-7f0f93d94855}</destination>
		</relationship>
	</object>
	<object class="MixerBusPanner" id="{3e93f31a-ae39-4902-9e47-8f304c2b5567}" />
	<object class="MixerBusFader" id="{e8c67bc4-d622-48d2-8a92-63a06d87567d}" />
	<object class="MixerBusFader" id="{98f4efd3-3e65-4520-8f66-7f0f93d94855}" />
</objects>
