<?xml version="1.0" encoding="UTF-8"?>
<objects serializationModel="Studio.02.01.00">
	<object class="Event" id="{074e729f-0ff4-4fea-946e-bb19c8da9291}">
		<property name="name">
			<value>trig_SFX_MyFleetSelect</value>
		</property>
		<property name="outputFormat">
			<value>0</value>
		</property>
		<relationship name="folder">
			<destination>{ba4774dd-2614-4dcc-8c10-9f12b5ae0bf5}</destination>
		</relationship>
		<relationship name="mixer">
			<destination>{6ad988ce-7007-4a94-93b7-3695eb4f5d70}</destination>
		</relationship>
		<relationship name="masterTrack">
			<destination>{8352000a-4a31-4467-8633-f0078c3d10cf}</destination>
		</relationship>
		<relationship name="mixerInput">
			<destination>{2d3ff548-a910-4ed3-a33c-87033669d9e9}</destination>
		</relationship>
		<relationship name="automatableProperties">
			<destination>{982a72f4-6ab1-408c-9929-366538a88926}</destination>
		</relationship>
		<relationship name="markerTracks">
			<destination>{888fd17a-52f5-4640-bc93-3a5119434057}</destination>
		</relationship>
		<relationship name="groupTracks">
			<destination>{da541bdf-caa6-488e-87f8-6a05c4a27238}</destination>
		</relationship>
		<relationship name="timeline">
			<destination>{cb6c274b-51f6-4bce-8a0b-b547ad005336}</destination>
		</relationship>
		<relationship name="banks">
			<destination>{2ec0683d-b5f3-4363-9478-8c0030d7bb75}</destination>
		</relationship>
	</object>
	<object class="EventMixer" id="{6ad988ce-7007-4a94-93b7-3695eb4f5d70}">
		<relationship name="masterBus">
			<destination>{7cae7e03-5efa-48cf-a999-6e4baffb571a}</destination>
		</relationship>
	</object>
	<object class="MasterTrack" id="{8352000a-4a31-4467-8633-f0078c3d10cf}">
		<relationship name="mixerGroup">
			<destination>{7cae7e03-5efa-48cf-a999-6e4baffb571a}</destination>
		</relationship>
	</object>
	<object class="MixerInput" id="{2d3ff548-a910-4ed3-a33c-87033669d9e9}">
		<relationship name="effectChain">
			<destination>{0ff51d10-6543-4952-b659-0c152946cde1}</destination>
		</relationship>
		<relationship name="panner">
			<destination>{1a3ef78c-afce-4f5c-9f5c-886514bb6793}</destination>
		</relationship>
		<relationship name="output">
			<destination>{3a33efed-fcb9-49fb-a61d-215dc3dd9124}</destination>
		</relationship>
	</object>
	<object class="EventAutomatableProperties" id="{982a72f4-6ab1-408c-9929-366538a88926}" />
	<object class="MarkerTrack" id="{888fd17a-52f5-4640-bc93-3a5119434057}" />
	<object class="GroupTrack" id="{da541bdf-caa6-488e-87f8-6a05c4a27238}">
		<relationship name="modules">
			<destination>{e6a24ea0-6fa1-44c2-9353-8bf75e549fff}</destination>
		</relationship>
		<relationship name="mixerGroup">
			<destination>{93e01792-d24a-4ee9-bbd2-682abc383b49}</destination>
		</relationship>
	</object>
	<object class="Timeline" id="{cb6c274b-51f6-4bce-8a0b-b547ad005336}">
		<relationship name="modules">
			<destination>{e6a24ea0-6fa1-44c2-9353-8bf75e549fff}</destination>
		</relationship>
	</object>
	<object class="EventMixerMaster" id="{7cae7e03-5efa-48cf-a999-6e4baffb571a}">
		<relationship name="effectChain">
			<destination>{6a9412af-854d-404f-a5ba-4cc9c532da8e}</destination>
		</relationship>
		<relationship name="panner">
			<destination>{dcd927fc-7ac1-4081-80e3-38576fe3811a}</destination>
		</relationship>
		<relationship name="mixer">
			<destination>{6ad988ce-7007-4a94-93b7-3695eb4f5d70}</destination>
		</relationship>
	</object>
	<object class="MixerBusEffectChain" id="{0ff51d10-6543-4952-b659-0c152946cde1}">
		<relationship name="effects">
			<destination>{f2f668c8-44c6-4a33-990f-4b93e39568d1}</destination>
		</relationship>
	</object>
	<object class="MixerBusPanner" id="{1a3ef78c-afce-4f5c-9f5c-886514bb6793}" />
	<object class="SingleSound" id="{e6a24ea0-6fa1-44c2-9353-8bf75e549fff}">
		<property name="length">
			<value>0.17108843537414967</value>
		</property>
		<relationship name="audioFile">
			<destination>{5e66a4b5-4e06-4dbd-be5b-1324da23431b}</destination>
		</relationship>
	</object>
	<object class="EventMixerGroup" id="{93e01792-d24a-4ee9-bbd2-682abc383b49}">
		<property name="name">
			<value>Audio 1</value>
		</property>
		<relationship name="effectChain">
			<destination>{12522aa8-e727-44dc-b31c-a05deb7ba80d}</destination>
		</relationship>
		<relationship name="panner">
			<destination>{b1ebf36b-8251-4540-b75e-37349d651d43}</destination>
		</relationship>
		<relationship name="output">
			<destination>{7cae7e03-5efa-48cf-a999-6e4baffb571a}</destination>
		</relationship>
	</object>
	<object class="MixerBusEffectChain" id="{6a9412af-854d-404f-a5ba-4cc9c532da8e}">
		<relationship name="effects">
			<destination>{8a4f2fe7-a0db-4c92-b5b5-50948c9888eb}</destination>
			<destination>{18f2ff32-a277-40ed-beaa-d2be9c63dbaa}</destination>
		</relationship>
	</object>
	<object class="MixerBusPanner" id="{dcd927fc-7ac1-4081-80e3-38576fe3811a}" />
	<object class="MixerBusFader" id="{f2f668c8-44c6-4a33-990f-4b93e39568d1}" />
	<object class="MixerBusEffectChain" id="{12522aa8-e727-44dc-b31c-a05deb7ba80d}">
		<relationship name="effects">
			<destination>{68a18f07-bd89-45e1-a996-5c78b3b416e6}</destination>
		</relationship>
	</object>
	<object class="MixerBusPanner" id="{b1ebf36b-8251-4540-b75e-37349d651d43}" />
	<object class="MixerBusFader" id="{8a4f2fe7-a0db-4c92-b5b5-50948c9888eb}" />
	<object class="MultibandEqEffect" id="{18f2ff32-a277-40ed-beaa-d2be9c63dbaa}">
		<property name="frequencyA">
			<value>6000</value>
		</property>
		<property name="qualityA">
			<value>1</value>
		</property>
	</object>
	<object class="MixerBusFader" id="{68a18f07-bd89-45e1-a996-5c78b3b416e6}" />
</objects>
