<?xml version="1.0" encoding="UTF-8"?>
<objects serializationModel="Studio.02.01.00">
	<object class="Event" id="{0755db6f-7a38-4290-98f7-0bdf0ca0ae90}">
		<property name="name">
			<value>Failure</value>
		</property>
		<property name="outputFormat">
			<value>0</value>
		</property>
		<relationship name="folder">
			<destination>{7b45fa82-b149-46ee-b3f2-2ab6fee1a0ce}</destination>
		</relationship>
		<relationship name="mixer">
			<destination>{9208773b-3c74-4630-9abe-fd10eae48e8b}</destination>
		</relationship>
		<relationship name="masterTrack">
			<destination>{64640487-9ab3-4ac3-9204-03cac86958f9}</destination>
		</relationship>
		<relationship name="mixerInput">
			<destination>{aea72c52-2a1b-4d1c-b828-3b7487940599}</destination>
		</relationship>
		<relationship name="automatableProperties">
			<destination>{d1ccd4b4-0a44-484f-94ef-1c685fb612d5}</destination>
		</relationship>
		<relationship name="markerTracks">
			<destination>{82dea315-b38f-4631-b64b-aed17f1a179d}</destination>
		</relationship>
		<relationship name="groupTracks">
			<destination>{394f53f9-feed-4a25-9d03-f71700b6ff6c}</destination>
		</relationship>
		<relationship name="timeline">
			<destination>{df96d236-6e73-45f2-93b7-9f2e4c92a1b8}</destination>
		</relationship>
		<relationship name="banks">
			<destination>{8c3f9de4-14c8-4279-a712-2040780fff61}</destination>
		</relationship>
	</object>
	<object class="EventMixer" id="{9208773b-3c74-4630-9abe-fd10eae48e8b}">
		<relationship name="masterBus">
			<destination>{32e31bba-ddaf-4691-a18a-0dfcc29c4126}</destination>
		</relationship>
	</object>
	<object class="MasterTrack" id="{64640487-9ab3-4ac3-9204-03cac86958f9}">
		<relationship name="mixerGroup">
			<destination>{32e31bba-ddaf-4691-a18a-0dfcc29c4126}</destination>
		</relationship>
	</object>
	<object class="MixerInput" id="{aea72c52-2a1b-4d1c-b828-3b7487940599}">
		<relationship name="effectChain">
			<destination>{fd4cb9e0-7d84-440b-a68a-bf9df38cd835}</destination>
		</relationship>
		<relationship name="panner">
			<destination>{c7b68b87-e4ec-4e26-98c2-bded9a1dd614}</destination>
		</relationship>
		<relationship name="output">
			<destination>{a74bdffc-cbb2-488b-ae3c-038020e1273d}</destination>
		</relationship>
	</object>
	<object class="EventAutomatableProperties" id="{d1ccd4b4-0a44-484f-94ef-1c685fb612d5}" />
	<object class="MarkerTrack" id="{82dea315-b38f-4631-b64b-aed17f1a179d}" />
	<object class="GroupTrack" id="{394f53f9-feed-4a25-9d03-f71700b6ff6c}">
		<relationship name="modules">
			<destination>{2ab18153-dfa5-4090-b97c-f2d7a83c2a35}</destination>
		</relationship>
		<relationship name="mixerGroup">
			<destination>{660cbf25-6f5c-49e6-baf1-fe863e9a3db9}</destination>
		</relationship>
	</object>
	<object class="Timeline" id="{df96d236-6e73-45f2-93b7-9f2e4c92a1b8}">
		<relationship name="modules">
			<destination>{2ab18153-dfa5-4090-b97c-f2d7a83c2a35}</destination>
		</relationship>
	</object>
	<object class="EventMixerMaster" id="{32e31bba-ddaf-4691-a18a-0dfcc29c4126}">
		<relationship name="effectChain">
			<destination>{c2038fdf-9635-4c92-87f0-834ba25f97f0}</destination>
		</relationship>
		<relationship name="panner">
			<destination>{5c3cc041-fe95-41c8-bfdc-881e9da875f4}</destination>
		</relationship>
		<relationship name="mixer">
			<destination>{9208773b-3c74-4630-9abe-fd10eae48e8b}</destination>
		</relationship>
	</object>
	<object class="MixerBusEffectChain" id="{fd4cb9e0-7d84-440b-a68a-bf9df38cd835}">
		<relationship name="effects">
			<destination>{35c22e10-b743-4f34-b917-8bf32ecc48fc}</destination>
		</relationship>
	</object>
	<object class="MixerBusPanner" id="{c7b68b87-e4ec-4e26-98c2-bded9a1dd614}" />
	<object class="MultiSound" id="{2ab18153-dfa5-4090-b97c-f2d7a83c2a35}">
		<property name="length">
			<value>2.5703958333333334</value>
		</property>
		<relationship name="sounds">
			<destination>{2e22bb11-9377-46d7-83a2-7f8e5621cb54}</destination>
			<destination>{5b5540a2-bb8d-4523-b854-2dbbbff407af}</destination>
			<destination>{89e117fd-5acd-4d52-b10d-acf24818c9f4}</destination>
		</relationship>
	</object>
	<object class="EventMixerGroup" id="{660cbf25-6f5c-49e6-baf1-fe863e9a3db9}">
		<property name="name">
			<value>Audio 1</value>
		</property>
		<relationship name="effectChain">
			<destination>{baa154f7-8117-4aab-bf32-9c84cfa5f921}</destination>
		</relationship>
		<relationship name="panner">
			<destination>{d0037ac5-7abe-4b1d-be3a-b82f33e100a3}</destination>
		</relationship>
		<relationship name="output">
			<destination>{32e31bba-ddaf-4691-a18a-0dfcc29c4126}</destination>
		</relationship>
	</object>
	<object class="MixerBusEffectChain" id="{c2038fdf-9635-4c92-87f0-834ba25f97f0}">
		<relationship name="effects">
			<destination>{c5167579-d5aa-478b-9972-02b87570aa5f}</destination>
		</relationship>
	</object>
	<object class="MixerBusPanner" id="{5c3cc041-fe95-41c8-bfdc-881e9da875f4}" />
	<object class="MixerBusFader" id="{35c22e10-b743-4f34-b917-8bf32ecc48fc}" />
	<object class="SingleSound" id="{2e22bb11-9377-46d7-83a2-7f8e5621cb54}">
		<relationship name="audioFile">
			<destination>{9d2e53e1-5c8e-4098-95f7-4d86d2439c5d}</destination>
		</relationship>
	</object>
	<object class="SingleSound" id="{5b5540a2-bb8d-4523-b854-2dbbbff407af}">
		<relationship name="audioFile">
			<destination>{857aef3c-79ad-4290-bb73-60206e527140}</destination>
		</relationship>
	</object>
	<object class="SingleSound" id="{89e117fd-5acd-4d52-b10d-acf24818c9f4}">
		<relationship name="audioFile">
			<destination>{250399a9-c9f6-419d-aa08-8ab8d21bd5ef}</destination>
		</relationship>
	</object>
	<object class="MixerBusEffectChain" id="{baa154f7-8117-4aab-bf32-9c84cfa5f921}">
		<relationship name="effects">
			<destination>{fa38b2ea-5184-4942-9b18-134f1d52450f}</destination>
		</relationship>
	</object>
	<object class="MixerBusPanner" id="{d0037ac5-7abe-4b1d-be3a-b82f33e100a3}" />
	<object class="MixerBusFader" id="{c5167579-d5aa-478b-9972-02b87570aa5f}" />
	<object class="MixerBusFader" id="{fa38b2ea-5184-4942-9b18-134f1d52450f}" />
</objects>
