<?xml version="1.0" encoding="UTF-8"?>
<objects serializationModel="Studio.02.01.00">
	<object class="Event" id="{076340e3-3fdd-4d5a-a484-df354fa0e2d9}">
		<property name="name">
			<value>Tutorial_TutorialAssignPurge</value>
		</property>
		<property name="outputFormat">
			<value>0</value>
		</property>
		<relationship name="folder">
			<destination>{158ad337-8269-4a32-865c-d3c458683eff}</destination>
		</relationship>
		<relationship name="mixer">
			<destination>{a725d251-1268-4234-8530-d1c92dc4ac3f}</destination>
		</relationship>
		<relationship name="masterTrack">
			<destination>{41cf1b2a-e3fc-4a77-bfaa-ef7b11db4085}</destination>
		</relationship>
		<relationship name="mixerInput">
			<destination>{649427b8-783d-45f3-9b8a-018a25768379}</destination>
		</relationship>
		<relationship name="automatableProperties">
			<destination>{6a62ee77-5188-4601-bf17-1fa2d79adcf7}</destination>
		</relationship>
		<relationship name="markerTracks">
			<destination>{dc4b345c-226b-4c96-83ba-17a847f26e12}</destination>
		</relationship>
		<relationship name="groupTracks">
			<destination>{8817582e-20aa-4d4c-a31a-c3d9efbcb71e}</destination>
		</relationship>
		<relationship name="timeline">
			<destination>{ac8eeee1-b17c-45f0-9c76-bc13e711ff87}</destination>
		</relationship>
		<relationship name="banks">
			<destination>{8c3f9de4-14c8-4279-a712-2040780fff61}</destination>
		</relationship>
	</object>
	<object class="EventMixer" id="{a725d251-1268-4234-8530-d1c92dc4ac3f}">
		<relationship name="masterBus">
			<destination>{97139f7c-dc25-4dd2-ae85-b1bf8db17105}</destination>
		</relationship>
	</object>
	<object class="MasterTrack" id="{41cf1b2a-e3fc-4a77-bfaa-ef7b11db4085}">
		<relationship name="mixerGroup">
			<destination>{97139f7c-dc25-4dd2-ae85-b1bf8db17105}</destination>
		</relationship>
	</object>
	<object class="MixerInput" id="{649427b8-783d-45f3-9b8a-018a25768379}">
		<relationship name="effectChain">
			<destination>{5b5416b8-a697-4564-931c-44c2c2f7c7d5}</destination>
		</relationship>
		<relationship name="panner">
			<destination>{2fd119a2-9923-49fc-a0b0-feaaa21269db}</destination>
		</relationship>
		<relationship name="output">
			<destination>{a74bdffc-cbb2-488b-ae3c-038020e1273d}</destination>
		</relationship>
	</object>
	<object class="EventAutomatableProperties" id="{6a62ee77-5188-4601-bf17-1fa2d79adcf7}" />
	<object class="MarkerTrack" id="{dc4b345c-226b-4c96-83ba-17a847f26e12}" />
	<object class="GroupTrack" id="{8817582e-20aa-4d4c-a31a-c3d9efbcb71e}">
		<relationship name="modules">
			<destination>{09b9c77b-47aa-4161-adf6-5fe64af12344}</destination>
		</relationship>
		<relationship name="mixerGroup">
			<destination>{eb87e0eb-276b-45ef-858c-eb7d5c14e350}</destination>
		</relationship>
	</object>
	<object class="Timeline" id="{ac8eeee1-b17c-45f0-9c76-bc13e711ff87}">
		<relationship name="modules">
			<destination>{09b9c77b-47aa-4161-adf6-5fe64af12344}</destination>
		</relationship>
	</object>
	<object class="EventMixerMaster" id="{97139f7c-dc25-4dd2-ae85-b1bf8db17105}">
		<relationship name="effectChain">
			<destination>{386199c1-bd15-4a2a-a683-f5a0975f6cf3}</destination>
		</relationship>
		<relationship name="panner">
			<destination>{2f27a9ce-e18a-4d39-9d9f-c64f05b8bf7d}</destination>
		</relationship>
		<relationship name="mixer">
			<destination>{a725d251-1268-4234-8530-d1c92dc4ac3f}</destination>
		</relationship>
	</object>
	<object class="MixerBusEffectChain" id="{5b5416b8-a697-4564-931c-44c2c2f7c7d5}">
		<relationship name="effects">
			<destination>{a9a7da67-e0ba-4707-a189-56521751e0cc}</destination>
		</relationship>
	</object>
	<object class="MixerBusPanner" id="{2fd119a2-9923-49fc-a0b0-feaaa21269db}" />
	<object class="SingleSound" id="{09b9c77b-47aa-4161-adf6-5fe64af12344}">
		<property name="length">
			<value>8.1735416666666669</value>
		</property>
		<relationship name="audioFile">
			<destination>{7e60a901-1ed1-43b7-a470-e99322cb240b}</destination>
		</relationship>
	</object>
	<object class="EventMixerGroup" id="{eb87e0eb-276b-45ef-858c-eb7d5c14e350}">
		<property name="name">
			<value>Audio 1</value>
		</property>
		<relationship name="effectChain">
			<destination>{430da5c4-041a-4b43-88de-5fe08baa91bc}</destination>
		</relationship>
		<relationship name="panner">
			<destination>{cc80aba3-7a29-4594-9b26-cf0339e09fb5}</destination>
		</relationship>
		<relationship name="output">
			<destination>{97139f7c-dc25-4dd2-ae85-b1bf8db17105}</destination>
		</relationship>
	</object>
	<object class="MixerBusEffectChain" id="{386199c1-bd15-4a2a-a683-f5a0975f6cf3}">
		<relationship name="effects">
			<destination>{eb155c4f-7f6d-4661-878e-6a9309db8759}</destination>
		</relationship>
	</object>
	<object class="MixerBusPanner" id="{2f27a9ce-e18a-4d39-9d9f-c64f05b8bf7d}" />
	<object class="MixerBusFader" id="{a9a7da67-e0ba-4707-a189-56521751e0cc}" />
	<object class="MixerBusEffectChain" id="{430da5c4-041a-4b43-88de-5fe08baa91bc}">
		<relationship name="effects">
			<destination>{b03fa871-e0f8-4851-b8b8-651f27880f5c}</destination>
		</relationship>
	</object>
	<object class="MixerBusPanner" id="{cc80aba3-7a29-4594-9b26-cf0339e09fb5}" />
	<object class="MixerBusFader" id="{eb155c4f-7f6d-4661-878e-6a9309db8759}" />
	<object class="MixerBusFader" id="{b03fa871-e0f8-4851-b8b8-651f27880f5c}" />
</objects>
