<?xml version="1.0" encoding="UTF-8"?>
<objects serializationModel="Studio.02.01.00">
	<object class="Event" id="{078abf14-ee59-4bc1-a374-4cda95075eae}">
		<property name="name">
			<value>Assigned</value>
		</property>
		<property name="outputFormat">
			<value>0</value>
		</property>
		<relationship name="folder">
			<destination>{d3f795d6-7be6-4ad7-8453-805b1c5d7f64}</destination>
		</relationship>
		<relationship name="mixer">
			<destination>{0e16ddfe-4a08-4908-9015-8079d2e22499}</destination>
		</relationship>
		<relationship name="masterTrack">
			<destination>{e0d62f79-9060-4e52-9ec3-6684a53e6070}</destination>
		</relationship>
		<relationship name="mixerInput">
			<destination>{1afbc795-0630-4e42-adab-11aa7c2a5d2f}</destination>
		</relationship>
		<relationship name="automatableProperties">
			<destination>{25951c9e-a4c1-4cfb-82aa-1a42f78798fd}</destination>
		</relationship>
		<relationship name="markerTracks">
			<destination>{5814ee77-0d7b-4d17-9706-1977836d8ca5}</destination>
		</relationship>
		<relationship name="groupTracks">
			<destination>{2c185745-83d7-4219-a9ff-fa5bcc6f276b}</destination>
		</relationship>
		<relationship name="timeline">
			<destination>{5effd796-5a36-4dd4-982e-ebb3fcba13b8}</destination>
		</relationship>
		<relationship name="banks">
			<destination>{8c3f9de4-14c8-4279-a712-2040780fff61}</destination>
		</relationship>
	</object>
	<object class="EventMixer" id="{0e16ddfe-4a08-4908-9015-8079d2e22499}">
		<relationship name="masterBus">
			<destination>{80da9b92-501b-4f22-b6f6-df4ea33c981a}</destination>
		</relationship>
	</object>
	<object class="MasterTrack" id="{e0d62f79-9060-4e52-9ec3-6684a53e6070}">
		<relationship name="mixerGroup">
			<destination>{80da9b92-501b-4f22-b6f6-df4ea33c981a}</destination>
		</relationship>
	</object>
	<object class="MixerInput" id="{1afbc795-0630-4e42-adab-11aa7c2a5d2f}">
		<relationship name="effectChain">
			<destination>{1e62828e-4a24-4d68-84bd-cc1bb68ae9eb}</destination>
		</relationship>
		<relationship name="panner">
			<destination>{6706adaf-ac04-420b-9270-4c1ac71af74a}</destination>
		</relationship>
		<relationship name="output">
			<destination>{a74bdffc-cbb2-488b-ae3c-038020e1273d}</destination>
		</relationship>
	</object>
	<object class="EventAutomatableProperties" id="{25951c9e-a4c1-4cfb-82aa-1a42f78798fd}" />
	<object class="MarkerTrack" id="{5814ee77-0d7b-4d17-9706-1977836d8ca5}" />
	<object class="GroupTrack" id="{2c185745-83d7-4219-a9ff-fa5bcc6f276b}">
		<relationship name="modules">
			<destination>{6b87b5c7-bfbd-499a-8d89-386d47e9c7c7}</destination>
		</relationship>
		<relationship name="mixerGroup">
			<destination>{36af8ccf-06eb-4f13-b758-2e4cd093d5c2}</destination>
		</relationship>
	</object>
	<object class="Timeline" id="{5effd796-5a36-4dd4-982e-ebb3fcba13b8}">
		<relationship name="modules">
			<destination>{6b87b5c7-bfbd-499a-8d89-386d47e9c7c7}</destination>
		</relationship>
	</object>
	<object class="EventMixerMaster" id="{80da9b92-501b-4f22-b6f6-df4ea33c981a}">
		<relationship name="effectChain">
			<destination>{5bf1ce24-8f82-45b9-9d96-f56749af6815}</destination>
		</relationship>
		<relationship name="panner">
			<destination>{99327e7c-6e93-479d-8d29-9ad540ca3453}</destination>
		</relationship>
		<relationship name="mixer">
			<destination>{0e16ddfe-4a08-4908-9015-8079d2e22499}</destination>
		</relationship>
	</object>
	<object class="MixerBusEffectChain" id="{1e62828e-4a24-4d68-84bd-cc1bb68ae9eb}">
		<relationship name="effects">
			<destination>{abfacb32-1683-429c-b675-b6d4023d817b}</destination>
		</relationship>
	</object>
	<object class="MixerBusPanner" id="{6706adaf-ac04-420b-9270-4c1ac71af74a}" />
	<object class="MultiSound" id="{6b87b5c7-bfbd-499a-8d89-386d47e9c7c7}">
		<property name="length">
			<value>1.6484166666666666</value>
		</property>
		<relationship name="sounds">
			<destination>{c29a8a43-e441-441c-87e5-7741ea1f94b8}</destination>
			<destination>{3d0f3c53-ebfa-4698-bbde-757c38c09b57}</destination>
		</relationship>
	</object>
	<object class="EventMixerGroup" id="{36af8ccf-06eb-4f13-b758-2e4cd093d5c2}">
		<property name="name">
			<value>Audio 1</value>
		</property>
		<relationship name="effectChain">
			<destination>{a164a878-6e8e-4d5f-bc93-3da938b140ee}</destination>
		</relationship>
		<relationship name="panner">
			<destination>{2da20002-4b1a-4fcb-9a4f-32b65fae0cb2}</destination>
		</relationship>
		<relationship name="output">
			<destination>{80da9b92-501b-4f22-b6f6-df4ea33c981a}</destination>
		</relationship>
	</object>
	<object class="MixerBusEffectChain" id="{5bf1ce24-8f82-45b9-9d96-f56749af6815}">
		<relationship name="effects">
			<destination>{c5ce1c99-01b6-4866-af08-ef25ced44b90}</destination>
		</relationship>
	</object>
	<object class="MixerBusPanner" id="{99327e7c-6e93-479d-8d29-9ad540ca3453}" />
	<object class="MixerBusFader" id="{abfacb32-1683-429c-b675-b6d4023d817b}" />
	<object class="SingleSound" id="{c29a8a43-e441-441c-87e5-7741ea1f94b8}">
		<relationship name="audioFile">
			<destination>{4f31c743-62f7-4e34-8605-edae7d4685cd}</destination>
		</relationship>
	</object>
	<object class="SingleSound" id="{3d0f3c53-ebfa-4698-bbde-757c38c09b57}">
		<relationship name="audioFile">
			<destination>{46474269-f616-40e6-b76d-3b6576b39088}</destination>
		</relationship>
	</object>
	<object class="MixerBusEffectChain" id="{a164a878-6e8e-4d5f-bc93-3da938b140ee}">
		<relationship name="effects">
			<destination>{82388b54-8649-417f-86c7-f57147761d50}</destination>
		</relationship>
	</object>
	<object class="MixerBusPanner" id="{2da20002-4b1a-4fcb-9a4f-32b65fae0cb2}" />
	<object class="MixerBusFader" id="{c5ce1c99-01b6-4866-af08-ef25ced44b90}" />
	<object class="MixerBusFader" id="{82388b54-8649-417f-86c7-f57147761d50}" />
</objects>
