<?xml version="1.0" encoding="UTF-8"?>
<objects serializationModel="Studio.02.01.00">
	<object class="Event" id="{079e5d08-90ad-4b47-abe3-87834fc7bf30}">
		<property name="name">
			<value>Assigned</value>
		</property>
		<property name="outputFormat">
			<value>0</value>
		</property>
		<relationship name="folder">
			<destination>{6c27e7d0-71e0-4e96-b895-7bd80d0e8a85}</destination>
		</relationship>
		<relationship name="mixer">
			<destination>{2ffac2b0-68a8-4394-81d1-e7607e59c483}</destination>
		</relationship>
		<relationship name="masterTrack">
			<destination>{a854c590-58a4-4e5c-a851-020fbc809a3a}</destination>
		</relationship>
		<relationship name="mixerInput">
			<destination>{91bc1bac-0f27-4b30-9e3f-d2a8dabf7207}</destination>
		</relationship>
		<relationship name="automatableProperties">
			<destination>{a70ab821-3b7a-4690-a25c-52c5e9b12a5d}</destination>
		</relationship>
		<relationship name="markerTracks">
			<destination>{531969a6-71f2-4bd9-957d-380438791d6a}</destination>
		</relationship>
		<relationship name="groupTracks">
			<destination>{903152d1-2e86-4c12-aa93-a22b74e9eb8f}</destination>
		</relationship>
		<relationship name="timeline">
			<destination>{fecd6e8a-06bd-41d6-bee9-38c93d361d54}</destination>
		</relationship>
		<relationship name="banks">
			<destination>{8c3f9de4-14c8-4279-a712-2040780fff61}</destination>
		</relationship>
	</object>
	<object class="EventMixer" id="{2ffac2b0-68a8-4394-81d1-e7607e59c483}">
		<relationship name="masterBus">
			<destination>{9929945f-ee99-48d1-9ff5-49eabd805065}</destination>
		</relationship>
	</object>
	<object class="MasterTrack" id="{a854c590-58a4-4e5c-a851-020fbc809a3a}">
		<relationship name="mixerGroup">
			<destination>{9929945f-ee99-48d1-9ff5-49eabd805065}</destination>
		</relationship>
	</object>
	<object class="MixerInput" id="{91bc1bac-0f27-4b30-9e3f-d2a8dabf7207}">
		<relationship name="effectChain">
			<destination>{e8008954-3072-4f98-9c06-a1bf0dc6bc13}</destination>
		</relationship>
		<relationship name="panner">
			<destination>{58832aea-f15b-4389-a525-97165f110e00}</destination>
		</relationship>
		<relationship name="output">
			<destination>{a74bdffc-cbb2-488b-ae3c-038020e1273d}</destination>
		</relationship>
	</object>
	<object class="EventAutomatableProperties" id="{a70ab821-3b7a-4690-a25c-52c5e9b12a5d}" />
	<object class="MarkerTrack" id="{531969a6-71f2-4bd9-957d-380438791d6a}" />
	<object class="GroupTrack" id="{903152d1-2e86-4c12-aa93-a22b74e9eb8f}">
		<relationship name="modules">
			<destination>{15205c24-69e2-431d-bbd1-68ef52cef73a}</destination>
		</relationship>
		<relationship name="mixerGroup">
			<destination>{10a0020e-1847-4c9d-b3e1-ce28e8f29d44}</destination>
		</relationship>
	</object>
	<object class="Timeline" id="{fecd6e8a-06bd-41d6-bee9-38c93d361d54}">
		<relationship name="modules">
			<destination>{15205c24-69e2-431d-bbd1-68ef52cef73a}</destination>
		</relationship>
	</object>
	<object class="EventMixerMaster" id="{9929945f-ee99-48d1-9ff5-49eabd805065}">
		<relationship name="effectChain">
			<destination>{777f11b8-b5b8-40f1-a67d-1c64cf7c6c30}</destination>
		</relationship>
		<relationship name="panner">
			<destination>{e3683e6d-f407-4bd5-be74-2e29e9bb2b97}</destination>
		</relationship>
		<relationship name="mixer">
			<destination>{2ffac2b0-68a8-4394-81d1-e7607e59c483}</destination>
		</relationship>
	</object>
	<object class="MixerBusEffectChain" id="{e8008954-3072-4f98-9c06-a1bf0dc6bc13}">
		<relationship name="effects">
			<destination>{01295d75-20cf-4589-9b62-db6e6987fe68}</destination>
		</relationship>
	</object>
	<object class="MixerBusPanner" id="{58832aea-f15b-4389-a525-97165f110e00}" />
	<object class="MultiSound" id="{15205c24-69e2-431d-bbd1-68ef52cef73a}">
		<property name="length">
			<value>2.3401458333333331</value>
		</property>
		<relationship name="sounds">
			<destination>{f6cdba50-8e1b-4ed9-8966-deafb1449132}</destination>
			<destination>{baccc725-2b01-48a5-96cf-4c12866aae61}</destination>
			<destination>{b8cdd27c-bdab-4d4f-bdef-923818b36326}</destination>
			<destination>{c181d044-e8de-4b37-9ca2-ae30a72ea3a7}</destination>
		</relationship>
	</object>
	<object class="EventMixerGroup" id="{10a0020e-1847-4c9d-b3e1-ce28e8f29d44}">
		<property name="name">
			<value>Audio 1</value>
		</property>
		<relationship name="effectChain">
			<destination>{5127c2b9-e034-47b1-8065-9b7067693c73}</destination>
		</relationship>
		<relationship name="panner">
			<destination>{8f52b45e-9221-4ab6-9db4-774a67459393}</destination>
		</relationship>
		<relationship name="output">
			<destination>{9929945f-ee99-48d1-9ff5-49eabd805065}</destination>
		</relationship>
	</object>
	<object class="MixerBusEffectChain" id="{777f11b8-b5b8-40f1-a67d-1c64cf7c6c30}">
		<relationship name="effects">
			<destination>{d5bf85da-9f53-48f1-b2d2-74599c423346}</destination>
		</relationship>
	</object>
	<object class="MixerBusPanner" id="{e3683e6d-f407-4bd5-be74-2e29e9bb2b97}" />
	<object class="MixerBusFader" id="{01295d75-20cf-4589-9b62-db6e6987fe68}" />
	<object class="SingleSound" id="{f6cdba50-8e1b-4ed9-8966-deafb1449132}">
		<relationship name="audioFile">
			<destination>{aba54093-2ccf-479c-953d-a443acf1a98f}</destination>
		</relationship>
	</object>
	<object class="SingleSound" id="{baccc725-2b01-48a5-96cf-4c12866aae61}">
		<relationship name="audioFile">
			<destination>{bcefefa3-320d-4244-928a-9030a9fe30bc}</destination>
		</relationship>
	</object>
	<object class="SingleSound" id="{b8cdd27c-bdab-4d4f-bdef-923818b36326}">
		<relationship name="audioFile">
			<destination>{a72b35cf-a97d-41c6-b179-b56ce203dc32}</destination>
		</relationship>
	</object>
	<object class="SingleSound" id="{c181d044-e8de-4b37-9ca2-ae30a72ea3a7}">
		<relationship name="audioFile">
			<destination>{6f74631e-596c-4453-95a3-717ba25f8eb4}</destination>
		</relationship>
	</object>
	<object class="MixerBusEffectChain" id="{5127c2b9-e034-47b1-8065-9b7067693c73}">
		<relationship name="effects">
			<destination>{d5de7cbd-6f15-4db8-a6ac-31cf30b51efa}</destination>
		</relationship>
	</object>
	<object class="MixerBusPanner" id="{8f52b45e-9221-4ab6-9db4-774a67459393}" />
	<object class="MixerBusFader" id="{d5bf85da-9f53-48f1-b2d2-74599c423346}" />
	<object class="MixerBusFader" id="{d5de7cbd-6f15-4db8-a6ac-31cf30b51efa}" />
</objects>
