<?xml version="1.0" encoding="UTF-8"?>
<objects serializationModel="Studio.02.01.00">
	<object class="Event" id="{079ad52c-f8e8-47db-a89e-61880c27402c}">
		<property name="name">
			<value>Success</value>
		</property>
		<property name="outputFormat">
			<value>0</value>
		</property>
		<relationship name="folder">
			<destination>{44c87c58-6f9f-4140-9bfa-cf0890d4dde3}</destination>
		</relationship>
		<relationship name="mixer">
			<destination>{17d84c68-a8e5-474c-ac3a-d55f7a94419d}</destination>
		</relationship>
		<relationship name="masterTrack">
			<destination>{4db92980-6404-44f7-8e31-a347280fbf58}</destination>
		</relationship>
		<relationship name="mixerInput">
			<destination>{1b793eff-5040-47b9-ab43-5c52f1311f64}</destination>
		</relationship>
		<relationship name="automatableProperties">
			<destination>{a49ee2c3-b64e-4459-9a5b-80c815a21f86}</destination>
		</relationship>
		<relationship name="markerTracks">
			<destination>{cd7f5eee-8f4b-4b7f-a17d-93e4e5b88fe0}</destination>
		</relationship>
		<relationship name="groupTracks">
			<destination>{af8bc5e7-62bd-4f91-9d3d-7bbd32805ab5}</destination>
		</relationship>
		<relationship name="timeline">
			<destination>{dd12f818-366e-4cf3-adde-56a0fef536a1}</destination>
		</relationship>
		<relationship name="banks">
			<destination>{8c3f9de4-14c8-4279-a712-2040780fff61}</destination>
		</relationship>
	</object>
	<object class="EventMixer" id="{17d84c68-a8e5-474c-ac3a-d55f7a94419d}">
		<relationship name="masterBus">
			<destination>{dcb2cb66-f3d1-46a0-bc5f-fe5d5b5930f2}</destination>
		</relationship>
	</object>
	<object class="MasterTrack" id="{4db92980-6404-44f7-8e31-a347280fbf58}">
		<relationship name="mixerGroup">
			<destination>{dcb2cb66-f3d1-46a0-bc5f-fe5d5b5930f2}</destination>
		</relationship>
	</object>
	<object class="MixerInput" id="{1b793eff-5040-47b9-ab43-5c52f1311f64}">
		<relationship name="effectChain">
			<destination>{59081626-cc31-4c7e-8307-f6f4b6d66c68}</destination>
		</relationship>
		<relationship name="panner">
			<destination>{c70fdb51-facf-449b-bdd9-14be58627960}</destination>
		</relationship>
		<relationship name="output">
			<destination>{a74bdffc-cbb2-488b-ae3c-038020e1273d}</destination>
		</relationship>
	</object>
	<object class="EventAutomatableProperties" id="{a49ee2c3-b64e-4459-9a5b-80c815a21f86}" />
	<object class="MarkerTrack" id="{cd7f5eee-8f4b-4b7f-a17d-93e4e5b88fe0}" />
	<object class="GroupTrack" id="{af8bc5e7-62bd-4f91-9d3d-7bbd32805ab5}">
		<relationship name="modules">
			<destination>{207271dc-783c-4662-90a5-e7bad4e8a7ba}</destination>
		</relationship>
		<relationship name="mixerGroup">
			<destination>{d5db2ebf-a7d1-4e71-b2fd-5205a4a589ad}</destination>
		</relationship>
	</object>
	<object class="Timeline" id="{dd12f818-366e-4cf3-adde-56a0fef536a1}">
		<relationship name="modules">
			<destination>{207271dc-783c-4662-90a5-e7bad4e8a7ba}</destination>
		</relationship>
	</object>
	<object class="EventMixerMaster" id="{dcb2cb66-f3d1-46a0-bc5f-fe5d5b5930f2}">
		<relationship name="effectChain">
			<destination>{245e4222-b56c-4f48-ae79-a835cbd412d3}</destination>
		</relationship>
		<relationship name="panner">
			<destination>{ce6459a4-59f6-4e08-ab59-0b72d3d1a09c}</destination>
		</relationship>
		<relationship name="mixer">
			<destination>{17d84c68-a8e5-474c-ac3a-d55f7a94419d}</destination>
		</relationship>
	</object>
	<object class="MixerBusEffectChain" id="{59081626-cc31-4c7e-8307-f6f4b6d66c68}">
		<relationship name="effects">
			<destination>{e0eeb547-0732-435d-ba40-862eb2d622cc}</destination>
		</relationship>
	</object>
	<object class="MixerBusPanner" id="{c70fdb51-facf-449b-bdd9-14be58627960}" />
	<object class="MultiSound" id="{207271dc-783c-4662-90a5-e7bad4e8a7ba}">
		<property name="length">
			<value>2.4776458333333333</value>
		</property>
		<relationship name="sounds">
			<destination>{f8cda1ce-5349-43b5-bb32-acaa29288f78}</destination>
			<destination>{07240409-e355-47a6-86f6-e2a80346818a}</destination>
			<destination>{d6401ae5-4da2-44bb-a00b-ac27d6880fb8}</destination>
			<destination>{47980250-7d2b-4b9d-be5c-792073096cdc}</destination>
			<destination>{868f5381-80c6-447c-b3b9-cd9b68a87253}</destination>
		</relationship>
	</object>
	<object class="EventMixerGroup" id="{d5db2ebf-a7d1-4e71-b2fd-5205a4a589ad}">
		<property name="name">
			<value>Audio 1</value>
		</property>
		<relationship name="effectChain">
			<destination>{ec845ab9-e672-49bd-8cfe-0f07131564f0}</destination>
		</relationship>
		<relationship name="panner">
			<destination>{670a26c1-632e-473f-8544-2f4125a146fa}</destination>
		</relationship>
		<relationship name="output">
			<destination>{dcb2cb66-f3d1-46a0-bc5f-fe5d5b5930f2}</destination>
		</relationship>
	</object>
	<object class="MixerBusEffectChain" id="{245e4222-b56c-4f48-ae79-a835cbd412d3}">
		<relationship name="effects">
			<destination>{33d6861d-32e3-417c-b214-20501261f1d4}</destination>
		</relationship>
	</object>
	<object class="MixerBusPanner" id="{ce6459a4-59f6-4e08-ab59-0b72d3d1a09c}" />
	<object class="MixerBusFader" id="{e0eeb547-0732-435d-ba40-862eb2d622cc}" />
	<object class="SingleSound" id="{f8cda1ce-5349-43b5-bb32-acaa29288f78}">
		<relationship name="audioFile">
			<destination>{bc39e963-b517-4b80-b3ff-d9a6cf320939}</destination>
		</relationship>
	</object>
	<object class="SingleSound" id="{07240409-e355-47a6-86f6-e2a80346818a}">
		<relationship name="audioFile">
			<destination>{c1c13b04-47bf-407f-bfa1-a2755af39af4}</destination>
		</relationship>
	</object>
	<object class="SingleSound" id="{d6401ae5-4da2-44bb-a00b-ac27d6880fb8}">
		<relationship name="audioFile">
			<destination>{39b69a59-25b4-49d4-af97-1a7685e75122}</destination>
		</relationship>
	</object>
	<object class="SingleSound" id="{47980250-7d2b-4b9d-be5c-792073096cdc}">
		<relationship name="audioFile">
			<destination>{0ccb02d8-330e-4a72-907c-0fbd3d90b130}</destination>
		</relationship>
	</object>
	<object class="SingleSound" id="{868f5381-80c6-447c-b3b9-cd9b68a87253}">
		<relationship name="audioFile">
			<destination>{6ac4c368-baae-4d3a-9585-8f755de7dabd}</destination>
		</relationship>
	</object>
	<object class="MixerBusEffectChain" id="{ec845ab9-e672-49bd-8cfe-0f07131564f0}">
		<relationship name="effects">
			<destination>{182a9421-d699-4c00-9bfe-7f42577bcbb9}</destination>
		</relationship>
	</object>
	<object class="MixerBusPanner" id="{670a26c1-632e-473f-8544-2f4125a146fa}" />
	<object class="MixerBusFader" id="{33d6861d-32e3-417c-b214-20501261f1d4}" />
	<object class="MixerBusFader" id="{182a9421-d699-4c00-9bfe-7f42577bcbb9}" />
</objects>
