<?xml version="1.0" encoding="UTF-8"?>
<objects serializationModel="Studio.02.01.00">
	<object class="Event" id="{07b96160-9e7e-4f18-bb97-3a26f887284c}">
		<property name="name">
			<value>trig_SFX_BlasterMediumVeryLoudHighMid002MonoRR</value>
		</property>
		<property name="outputFormat">
			<value>2</value>
		</property>
		<relationship name="folder">
			<destination>{7f41e00c-f766-4529-8391-881712592ace}</destination>
		</relationship>
		<relationship name="mixer">
			<destination>{0c6cb484-a49f-4c90-820f-25ab631b96cf}</destination>
		</relationship>
		<relationship name="masterTrack">
			<destination>{a82ee307-fdf1-465e-955a-180fe7b4df51}</destination>
		</relationship>
		<relationship name="mixerInput">
			<destination>{ba9344b6-13db-451f-bc0a-7f90a718cc52}</destination>
		</relationship>
		<relationship name="automatableProperties">
			<destination>{c4972d5d-4360-42b5-b371-fd1ec3eeb68a}</destination>
		</relationship>
		<relationship name="markerTracks">
			<destination>{1dbd9272-eaea-4d88-a819-49b648528ff2}</destination>
		</relationship>
		<relationship name="groupTracks">
			<destination>{41887991-246d-4e7e-9b07-8b2f06aec816}</destination>
		</relationship>
		<relationship name="timeline">
			<destination>{64e7ff3f-2b41-44ad-82b4-48339a445e49}</destination>
		</relationship>
		<relationship name="banks">
			<destination>{09901795-b9b9-4010-a4a3-3011ed4caaa2}</destination>
		</relationship>
	</object>
	<object class="EventMixer" id="{0c6cb484-a49f-4c90-820f-25ab631b96cf}">
		<relationship name="masterBus">
			<destination>{535cc07d-d7a8-4fbf-8647-32bfdf33c2e7}</destination>
		</relationship>
	</object>
	<object class="MasterTrack" id="{a82ee307-fdf1-465e-955a-180fe7b4df51}">
		<relationship name="mixerGroup">
			<destination>{535cc07d-d7a8-4fbf-8647-32bfdf33c2e7}</destination>
		</relationship>
	</object>
	<object class="MixerInput" id="{ba9344b6-13db-451f-bc0a-7f90a718cc52}">
		<relationship name="effectChain">
			<destination>{ca382432-dd60-4e17-929b-f2b0ce2360c1}</destination>
		</relationship>
		<relationship name="panner">
			<destination>{da83e98a-242e-40cd-8698-e02f37a36950}</destination>
		</relationship>
		<relationship name="output">
			<destination>{07daa3ae-3495-463d-8c3e-6a9ee1871371}</destination>
		</relationship>
	</object>
	<object class="EventAutomatableProperties" id="{c4972d5d-4360-42b5-b371-fd1ec3eeb68a}" />
	<object class="MarkerTrack" id="{1dbd9272-eaea-4d88-a819-49b648528ff2}" />
	<object class="GroupTrack" id="{41887991-246d-4e7e-9b07-8b2f06aec816}">
		<relationship name="modules">
			<destination>{63a0c91f-9d94-4ae9-9ec9-c329dec83809}</destination>
		</relationship>
		<relationship name="mixerGroup">
			<destination>{0804c2e5-3177-4bd0-b711-6481eb7d733a}</destination>
		</relationship>
	</object>
	<object class="Timeline" id="{64e7ff3f-2b41-44ad-82b4-48339a445e49}">
		<relationship name="modules">
			<destination>{63a0c91f-9d94-4ae9-9ec9-c329dec83809}</destination>
		</relationship>
	</object>
	<object class="EventMixerMaster" id="{535cc07d-d7a8-4fbf-8647-32bfdf33c2e7}">
		<relationship name="effectChain">
			<destination>{f3ffb7c3-230b-4fb9-91f5-d170d8c4418b}</destination>
		</relationship>
		<relationship name="panner">
			<destination>{9aff0270-f8ab-46c3-b6f3-f694f8c431ec}</destination>
		</relationship>
		<relationship name="mixer">
			<destination>{0c6cb484-a49f-4c90-820f-25ab631b96cf}</destination>
		</relationship>
	</object>
	<object class="MixerBusEffectChain" id="{ca382432-dd60-4e17-929b-f2b0ce2360c1}">
		<relationship name="effects">
			<destination>{52987f24-d729-437d-a917-08d7c2680512}</destination>
		</relationship>
	</object>
	<object class="MixerBusPanner" id="{da83e98a-242e-40cd-8698-e02f37a36950}" />
	<object class="MultiSound" id="{63a0c91f-9d94-4ae9-9ec9-c329dec83809}">
		<property name="length">
			<value>0.78136054421768708</value>
		</property>
		<relationship name="sounds">
			<destination>{25b1b0c5-aa3d-4cb3-84ff-60121c124042}</destination>
			<destination>{7ab931da-b95e-4b3d-8a73-370e3310fedb}</destination>
			<destination>{89145b84-a8fa-40ff-8c23-1f40aa33f0b4}</destination>
			<destination>{70a3be0f-2a0f-4a07-8ee9-0aa60bca65d3}</destination>
		</relationship>
	</object>
	<object class="EventMixerGroup" id="{0804c2e5-3177-4bd0-b711-6481eb7d733a}">
		<property name="name">
			<value>Audio 1</value>
		</property>
		<relationship name="effectChain">
			<destination>{2bac108e-95da-43ea-9fee-18c218d76b12}</destination>
		</relationship>
		<relationship name="panner">
			<destination>{b508b9f3-5c1b-44fd-aa61-c9efc0a5fdfc}</destination>
		</relationship>
		<relationship name="output">
			<destination>{535cc07d-d7a8-4fbf-8647-32bfdf33c2e7}</destination>
		</relationship>
	</object>
	<object class="MixerBusEffectChain" id="{f3ffb7c3-230b-4fb9-91f5-d170d8c4418b}">
		<relationship name="effects">
			<destination>{137607cb-91c2-4e12-b104-5b9df7abe028}</destination>
			<destination>{73da60fa-aaf3-4f06-be36-5fdff5f9b1c8}</destination>
		</relationship>
	</object>
	<object class="MixerBusPanner" id="{9aff0270-f8ab-46c3-b6f3-f694f8c431ec}" />
	<object class="MixerBusFader" id="{52987f24-d729-437d-a917-08d7c2680512}" />
	<object class="SingleSound" id="{25b1b0c5-aa3d-4cb3-84ff-60121c124042}">
		<relationship name="audioFile">
			<destination>{4e0a02ff-5d7d-49cf-a3fa-4cc09fd5c3fa}</destination>
		</relationship>
	</object>
	<object class="SingleSound" id="{7ab931da-b95e-4b3d-8a73-370e3310fedb}">
		<relationship name="audioFile">
			<destination>{f911f67d-f53c-4253-824e-9ddcb99077a7}</destination>
		</relationship>
	</object>
	<object class="SingleSound" id="{89145b84-a8fa-40ff-8c23-1f40aa33f0b4}">
		<relationship name="audioFile">
			<destination>{a82f65a5-b3a9-43e7-b973-b1d5ef0b4b2d}</destination>
		</relationship>
	</object>
	<object class="SingleSound" id="{70a3be0f-2a0f-4a07-8ee9-0aa60bca65d3}">
		<relationship name="audioFile">
			<destination>{7a7f06c0-92ba-428e-979f-0ebcb44b7dc7}</destination>
		</relationship>
	</object>
	<object class="MixerBusEffectChain" id="{2bac108e-95da-43ea-9fee-18c218d76b12}">
		<relationship name="effects">
			<destination>{2c00becb-e716-4437-8296-6d432f4328c2}</destination>
		</relationship>
	</object>
	<object class="MixerBusPanner" id="{b508b9f3-5c1b-44fd-aa61-c9efc0a5fdfc}" />
	<object class="MixerBusFader" id="{137607cb-91c2-4e12-b104-5b9df7abe028}" />
	<object class="SpatialiserEffect" id="{73da60fa-aaf3-4f06-be36-5fdff5f9b1c8}">
		<property name="minimumDistance">
			<value>0.5</value>
		</property>
		<property name="maximumDistance">
			<value>200</value>
		</property>
	</object>
	<object class="MixerBusFader" id="{2c00becb-e716-4437-8296-6d432f4328c2}" />
</objects>
