<?xml version="1.0" encoding="UTF-8"?>
<objects serializationModel="Studio.02.01.00">
	<object class="Event" id="{07d5b212-0cde-46f6-8363-c934580d47d0}">
		<property name="name">
			<value>Assigned</value>
		</property>
		<property name="outputFormat">
			<value>0</value>
		</property>
		<relationship name="folder">
			<destination>{123bd6b6-6d35-4814-b36d-cf6891dac69e}</destination>
		</relationship>
		<relationship name="mixer">
			<destination>{853a9758-bfca-4a17-936a-6a10feda98e6}</destination>
		</relationship>
		<relationship name="masterTrack">
			<destination>{6fdc63a2-9636-4fbc-b667-0c00fc8fe4a8}</destination>
		</relationship>
		<relationship name="mixerInput">
			<destination>{d805c25e-aafb-4a01-af6f-6e627b828fe0}</destination>
		</relationship>
		<relationship name="automatableProperties">
			<destination>{422c9587-40d7-4c6d-9677-03374a70bfbd}</destination>
		</relationship>
		<relationship name="markerTracks">
			<destination>{52c1736d-e67d-4164-91e9-5bca61ad0137}</destination>
		</relationship>
		<relationship name="groupTracks">
			<destination>{ced3ba00-8ac9-4fad-ab14-d157837942f7}</destination>
		</relationship>
		<relationship name="timeline">
			<destination>{2584ae25-08ee-403f-8a79-2d7184f951d1}</destination>
		</relationship>
		<relationship name="banks">
			<destination>{8c3f9de4-14c8-4279-a712-2040780fff61}</destination>
		</relationship>
	</object>
	<object class="EventMixer" id="{853a9758-bfca-4a17-936a-6a10feda98e6}">
		<relationship name="masterBus">
			<destination>{3b1b44f2-1dab-4ac1-940f-3e9d2d7caec0}</destination>
		</relationship>
	</object>
	<object class="MasterTrack" id="{6fdc63a2-9636-4fbc-b667-0c00fc8fe4a8}">
		<relationship name="mixerGroup">
			<destination>{3b1b44f2-1dab-4ac1-940f-3e9d2d7caec0}</destination>
		</relationship>
	</object>
	<object class="MixerInput" id="{d805c25e-aafb-4a01-af6f-6e627b828fe0}">
		<relationship name="effectChain">
			<destination>{5ecc1afe-aed8-4a8e-8995-9032bc1922f1}</destination>
		</relationship>
		<relationship name="panner">
			<destination>{7aaa3d88-687f-46a7-92f6-817892f0f8c5}</destination>
		</relationship>
		<relationship name="output">
			<destination>{a74bdffc-cbb2-488b-ae3c-038020e1273d}</destination>
		</relationship>
	</object>
	<object class="EventAutomatableProperties" id="{422c9587-40d7-4c6d-9677-03374a70bfbd}" />
	<object class="MarkerTrack" id="{52c1736d-e67d-4164-91e9-5bca61ad0137}" />
	<object class="GroupTrack" id="{ced3ba00-8ac9-4fad-ab14-d157837942f7}">
		<relationship name="modules">
			<destination>{7c764f16-3364-4839-b7f5-79e227efd2b7}</destination>
		</relationship>
		<relationship name="mixerGroup">
			<destination>{ae0eb53d-9922-4bf2-8a0a-e0c190f91e36}</destination>
		</relationship>
	</object>
	<object class="Timeline" id="{2584ae25-08ee-403f-8a79-2d7184f951d1}">
		<relationship name="modules">
			<destination>{7c764f16-3364-4839-b7f5-79e227efd2b7}</destination>
		</relationship>
	</object>
	<object class="EventMixerMaster" id="{3b1b44f2-1dab-4ac1-940f-3e9d2d7caec0}">
		<relationship name="effectChain">
			<destination>{b8b539c1-42ee-463d-8e59-13a7abdfeed2}</destination>
		</relationship>
		<relationship name="panner">
			<destination>{9f9f348c-7965-4bb6-9a32-cb74e2cd7480}</destination>
		</relationship>
		<relationship name="mixer">
			<destination>{853a9758-bfca-4a17-936a-6a10feda98e6}</destination>
		</relationship>
	</object>
	<object class="MixerBusEffectChain" id="{5ecc1afe-aed8-4a8e-8995-9032bc1922f1}">
		<relationship name="effects">
			<destination>{82534c47-883c-4fba-bd5f-97a9a3a2b0c8}</destination>
		</relationship>
	</object>
	<object class="MixerBusPanner" id="{7aaa3d88-687f-46a7-92f6-817892f0f8c5}" />
	<object class="MultiSound" id="{7c764f16-3364-4839-b7f5-79e227efd2b7}">
		<property name="length">
			<value>1.9402916666666667</value>
		</property>
		<relationship name="sounds">
			<destination>{97306727-d0b2-46df-b3eb-a730d7154321}</destination>
			<destination>{1522aa22-b062-46bd-90a2-cbd4a777dcbe}</destination>
			<destination>{5bbd1979-78b1-42b4-8c35-738607da29c8}</destination>
			<destination>{bbc5fe24-1e50-493c-ad84-6422e134331f}</destination>
		</relationship>
	</object>
	<object class="EventMixerGroup" id="{ae0eb53d-9922-4bf2-8a0a-e0c190f91e36}">
		<property name="name">
			<value>Audio 1</value>
		</property>
		<relationship name="effectChain">
			<destination>{99f7e91a-8d46-4103-be22-665212c826ef}</destination>
		</relationship>
		<relationship name="panner">
			<destination>{85cf00a0-cded-4c90-829f-7bfad0bbf233}</destination>
		</relationship>
		<relationship name="output">
			<destination>{3b1b44f2-1dab-4ac1-940f-3e9d2d7caec0}</destination>
		</relationship>
	</object>
	<object class="MixerBusEffectChain" id="{b8b539c1-42ee-463d-8e59-13a7abdfeed2}">
		<relationship name="effects">
			<destination>{c72f160a-83a2-406c-9a58-06564be89865}</destination>
		</relationship>
	</object>
	<object class="MixerBusPanner" id="{9f9f348c-7965-4bb6-9a32-cb74e2cd7480}" />
	<object class="MixerBusFader" id="{82534c47-883c-4fba-bd5f-97a9a3a2b0c8}" />
	<object class="SingleSound" id="{97306727-d0b2-46df-b3eb-a730d7154321}">
		<relationship name="audioFile">
			<destination>{086cc464-a86f-4473-8143-e3fea0a0b30b}</destination>
		</relationship>
	</object>
	<object class="SingleSound" id="{1522aa22-b062-46bd-90a2-cbd4a777dcbe}">
		<relationship name="audioFile">
			<destination>{bfafaa5e-0eb0-4f09-b566-052988c867a7}</destination>
		</relationship>
	</object>
	<object class="SingleSound" id="{5bbd1979-78b1-42b4-8c35-738607da29c8}">
		<relationship name="audioFile">
			<destination>{b73ad81d-77b4-4c63-b3f5-a2ac3e0463d2}</destination>
		</relationship>
	</object>
	<object class="SingleSound" id="{bbc5fe24-1e50-493c-ad84-6422e134331f}">
		<relationship name="audioFile">
			<destination>{0d48ccc2-fe7e-45a3-b9dd-5f991f1c63bf}</destination>
		</relationship>
	</object>
	<object class="MixerBusEffectChain" id="{99f7e91a-8d46-4103-be22-665212c826ef}">
		<relationship name="effects">
			<destination>{98d33853-2fde-44b0-acc3-59ab5a16cd87}</destination>
		</relationship>
	</object>
	<object class="MixerBusPanner" id="{85cf00a0-cded-4c90-829f-7bfad0bbf233}" />
	<object class="MixerBusFader" id="{c72f160a-83a2-406c-9a58-06564be89865}" />
	<object class="MixerBusFader" id="{98d33853-2fde-44b0-acc3-59ab5a16cd87}" />
</objects>
