<?xml version="1.0" encoding="UTF-8"?>
<objects serializationModel="Studio.02.01.00">
	<object class="Event" id="{07e812f8-c8b8-4d37-ab5e-762b4ae6fb11}">
		<property name="name">
			<value>TechQuote_ArrivalGovernance</value>
		</property>
		<property name="outputFormat">
			<value>0</value>
		</property>
		<relationship name="folder">
			<destination>{158ad337-8269-4a32-865c-d3c458683eff}</destination>
		</relationship>
		<relationship name="mixer">
			<destination>{b517f685-5677-41b7-93f0-05973bf0423f}</destination>
		</relationship>
		<relationship name="masterTrack">
			<destination>{b4a397a1-b86a-45e8-ab14-00e16de8b0fa}</destination>
		</relationship>
		<relationship name="mixerInput">
			<destination>{fb430835-52d7-4917-a2cb-8e88a5c250b3}</destination>
		</relationship>
		<relationship name="automatableProperties">
			<destination>{48a21d23-3ca4-4253-ab1d-29fb144bd92c}</destination>
		</relationship>
		<relationship name="markerTracks">
			<destination>{caac9ac6-164f-47c6-9e56-b644244bc38c}</destination>
		</relationship>
		<relationship name="groupTracks">
			<destination>{0d9f7123-3714-44b7-927a-51e2aa910c73}</destination>
		</relationship>
		<relationship name="timeline">
			<destination>{7301c27e-10f6-4615-87b7-542461bbfd8e}</destination>
		</relationship>
		<relationship name="banks">
			<destination>{8c3f9de4-14c8-4279-a712-2040780fff61}</destination>
		</relationship>
	</object>
	<object class="EventMixer" id="{b517f685-5677-41b7-93f0-05973bf0423f}">
		<relationship name="masterBus">
			<destination>{63c7d7bc-168e-46fd-9262-be9c7edf3fdb}</destination>
		</relationship>
	</object>
	<object class="MasterTrack" id="{b4a397a1-b86a-45e8-ab14-00e16de8b0fa}">
		<relationship name="mixerGroup">
			<destination>{63c7d7bc-168e-46fd-9262-be9c7edf3fdb}</destination>
		</relationship>
	</object>
	<object class="MixerInput" id="{fb430835-52d7-4917-a2cb-8e88a5c250b3}">
		<relationship name="effectChain">
			<destination>{e6765946-5cd8-4d81-948f-bcbe65b17843}</destination>
		</relationship>
		<relationship name="panner">
			<destination>{355effd8-895e-4a21-a7c8-498552335b93}</destination>
		</relationship>
		<relationship name="output">
			<destination>{a74bdffc-cbb2-488b-ae3c-038020e1273d}</destination>
		</relationship>
	</object>
	<object class="EventAutomatableProperties" id="{48a21d23-3ca4-4253-ab1d-29fb144bd92c}" />
	<object class="MarkerTrack" id="{caac9ac6-164f-47c6-9e56-b644244bc38c}" />
	<object class="GroupTrack" id="{0d9f7123-3714-44b7-927a-51e2aa910c73}">
		<relationship name="modules">
			<destination>{1013324f-9697-40b5-a2d6-21fccb5c5c59}</destination>
		</relationship>
		<relationship name="mixerGroup">
			<destination>{986073e7-1ac3-4fb2-b3eb-1dc6a04a2d99}</destination>
		</relationship>
	</object>
	<object class="Timeline" id="{7301c27e-10f6-4615-87b7-542461bbfd8e}">
		<relationship name="modules">
			<destination>{1013324f-9697-40b5-a2d6-21fccb5c5c59}</destination>
		</relationship>
	</object>
	<object class="EventMixerMaster" id="{63c7d7bc-168e-46fd-9262-be9c7edf3fdb}">
		<relationship name="effectChain">
			<destination>{5799cbcc-1d31-4378-adef-93e8aa83ca8e}</destination>
		</relationship>
		<relationship name="panner">
			<destination>{69535105-f2c9-4af1-9aa2-c4f950b3acce}</destination>
		</relationship>
		<relationship name="mixer">
			<destination>{b517f685-5677-41b7-93f0-05973bf0423f}</destination>
		</relationship>
	</object>
	<object class="MixerBusEffectChain" id="{e6765946-5cd8-4d81-948f-bcbe65b17843}">
		<relationship name="effects">
			<destination>{dcec7a11-7bba-4fb8-9b13-a13557cc4751}</destination>
		</relationship>
	</object>
	<object class="MixerBusPanner" id="{355effd8-895e-4a21-a7c8-498552335b93}" />
	<object class="SingleSound" id="{1013324f-9697-40b5-a2d6-21fccb5c5c59}">
		<property name="length">
			<value>30.064729166666666</value>
		</property>
		<relationship name="audioFile">
			<destination>{5e46f953-3b95-463a-9a94-01eeeff64883}</destination>
		</relationship>
	</object>
	<object class="EventMixerGroup" id="{986073e7-1ac3-4fb2-b3eb-1dc6a04a2d99}">
		<property name="name">
			<value>Audio 1</value>
		</property>
		<relationship name="effectChain">
			<destination>{2533ebec-7e5b-4cd0-b091-ef77c1762785}</destination>
		</relationship>
		<relationship name="panner">
			<destination>{1c578979-9a0b-41e4-aa7f-dda497f7f6ed}</destination>
		</relationship>
		<relationship name="output">
			<destination>{63c7d7bc-168e-46fd-9262-be9c7edf3fdb}</destination>
		</relationship>
	</object>
	<object class="MixerBusEffectChain" id="{5799cbcc-1d31-4378-adef-93e8aa83ca8e}">
		<relationship name="effects">
			<destination>{34443543-af2e-4d3e-94a0-da84b72704f1}</destination>
		</relationship>
	</object>
	<object class="MixerBusPanner" id="{69535105-f2c9-4af1-9aa2-c4f950b3acce}" />
	<object class="MixerBusFader" id="{dcec7a11-7bba-4fb8-9b13-a13557cc4751}" />
	<object class="MixerBusEffectChain" id="{2533ebec-7e5b-4cd0-b091-ef77c1762785}">
		<relationship name="effects">
			<destination>{7ec71413-b967-4831-aa0e-fb5b09063afb}</destination>
		</relationship>
	</object>
	<object class="MixerBusPanner" id="{1c578979-9a0b-41e4-aa7f-dda497f7f6ed}" />
	<object class="MixerBusFader" id="{34443543-af2e-4d3e-94a0-da84b72704f1}" />
	<object class="MixerBusFader" id="{7ec71413-b967-4831-aa0e-fb5b09063afb}" />
</objects>
