<?xml version="1.0" encoding="UTF-8"?>
<objects serializationModel="Studio.02.01.00">
	<object class="Event" id="{07f72cd6-d39e-4690-9bd0-33e27c76e092}">
		<property name="name">
			<value>Success</value>
		</property>
		<property name="outputFormat">
			<value>0</value>
		</property>
		<relationship name="folder">
			<destination>{76a9e52e-1d2c-4efa-aba6-0acd516946b8}</destination>
		</relationship>
		<relationship name="mixer">
			<destination>{b1692c87-8793-4ba3-be72-ec863be895f4}</destination>
		</relationship>
		<relationship name="masterTrack">
			<destination>{c3f53400-b3f2-4486-a99c-3c0c1c1414b0}</destination>
		</relationship>
		<relationship name="mixerInput">
			<destination>{a74923f2-768d-416e-bae7-692dac364bcc}</destination>
		</relationship>
		<relationship name="automatableProperties">
			<destination>{1b8c0a38-6342-4ee5-8fc4-e3f6461d82cf}</destination>
		</relationship>
		<relationship name="markerTracks">
			<destination>{6e22ade9-9abc-418a-9221-c14d18c4a45c}</destination>
		</relationship>
		<relationship name="groupTracks">
			<destination>{d74d2e6e-8358-4ad3-9900-a88f75fee22e}</destination>
		</relationship>
		<relationship name="timeline">
			<destination>{502b1fbe-1aad-42cc-8cea-d61c9bdd9e84}</destination>
		</relationship>
		<relationship name="banks">
			<destination>{8c3f9de4-14c8-4279-a712-2040780fff61}</destination>
		</relationship>
	</object>
	<object class="EventMixer" id="{b1692c87-8793-4ba3-be72-ec863be895f4}">
		<relationship name="masterBus">
			<destination>{16dd147f-8c6e-467f-91f9-561efbe4fe47}</destination>
		</relationship>
	</object>
	<object class="MasterTrack" id="{c3f53400-b3f2-4486-a99c-3c0c1c1414b0}">
		<relationship name="mixerGroup">
			<destination>{16dd147f-8c6e-467f-91f9-561efbe4fe47}</destination>
		</relationship>
	</object>
	<object class="MixerInput" id="{a74923f2-768d-416e-bae7-692dac364bcc}">
		<relationship name="effectChain">
			<destination>{8e6890ed-8500-482b-bc16-1285aeb509a6}</destination>
		</relationship>
		<relationship name="panner">
			<destination>{4d96430b-8108-480b-a849-fcc201d54ee0}</destination>
		</relationship>
		<relationship name="output">
			<destination>{a74bdffc-cbb2-488b-ae3c-038020e1273d}</destination>
		</relationship>
	</object>
	<object class="EventAutomatableProperties" id="{1b8c0a38-6342-4ee5-8fc4-e3f6461d82cf}" />
	<object class="MarkerTrack" id="{6e22ade9-9abc-418a-9221-c14d18c4a45c}" />
	<object class="GroupTrack" id="{d74d2e6e-8358-4ad3-9900-a88f75fee22e}">
		<relationship name="modules">
			<destination>{f188e6d7-a0cb-43cf-9932-d6aba06ac6c8}</destination>
		</relationship>
		<relationship name="mixerGroup">
			<destination>{63c90a8a-0e5f-4180-bbdf-41b14bf71fab}</destination>
		</relationship>
	</object>
	<object class="Timeline" id="{502b1fbe-1aad-42cc-8cea-d61c9bdd9e84}">
		<relationship name="modules">
			<destination>{f188e6d7-a0cb-43cf-9932-d6aba06ac6c8}</destination>
		</relationship>
	</object>
	<object class="EventMixerMaster" id="{16dd147f-8c6e-467f-91f9-561efbe4fe47}">
		<relationship name="effectChain">
			<destination>{a3857ce3-8648-4194-ad02-ccbe7fc4cf44}</destination>
		</relationship>
		<relationship name="panner">
			<destination>{32baaa1a-5547-4291-a501-d5c24f0fd565}</destination>
		</relationship>
		<relationship name="mixer">
			<destination>{b1692c87-8793-4ba3-be72-ec863be895f4}</destination>
		</relationship>
	</object>
	<object class="MixerBusEffectChain" id="{8e6890ed-8500-482b-bc16-1285aeb509a6}">
		<relationship name="effects">
			<destination>{1b72f10e-d690-49d1-8914-c6a19509a055}</destination>
		</relationship>
	</object>
	<object class="MixerBusPanner" id="{4d96430b-8108-480b-a849-fcc201d54ee0}" />
	<object class="MultiSound" id="{f188e6d7-a0cb-43cf-9932-d6aba06ac6c8}">
		<property name="length">
			<value>2.5900625000000002</value>
		</property>
		<relationship name="sounds">
			<destination>{c8e86c47-7e44-43b3-a20d-c9393d2382c9}</destination>
			<destination>{8f009b46-0dcc-4188-a998-c1c58951ac1b}</destination>
			<destination>{a5067c02-d518-4421-83b0-4eac941a545c}</destination>
			<destination>{fecc6aa4-12d6-40da-a682-bd38ad87d48b}</destination>
			<destination>{51b99544-51a9-4928-b991-6a4e7855b2d2}</destination>
		</relationship>
	</object>
	<object class="EventMixerGroup" id="{63c90a8a-0e5f-4180-bbdf-41b14bf71fab}">
		<property name="name">
			<value>Audio 1</value>
		</property>
		<relationship name="effectChain">
			<destination>{00b9803f-ccd4-4195-9426-908489ea3d75}</destination>
		</relationship>
		<relationship name="panner">
			<destination>{4cc8e530-e8fe-48b2-a434-8cc26502d14f}</destination>
		</relationship>
		<relationship name="output">
			<destination>{16dd147f-8c6e-467f-91f9-561efbe4fe47}</destination>
		</relationship>
	</object>
	<object class="MixerBusEffectChain" id="{a3857ce3-8648-4194-ad02-ccbe7fc4cf44}">
		<relationship name="effects">
			<destination>{c1b03a6b-0dc9-455d-bb6b-0844725b4ece}</destination>
		</relationship>
	</object>
	<object class="MixerBusPanner" id="{32baaa1a-5547-4291-a501-d5c24f0fd565}" />
	<object class="MixerBusFader" id="{1b72f10e-d690-49d1-8914-c6a19509a055}" />
	<object class="SingleSound" id="{c8e86c47-7e44-43b3-a20d-c9393d2382c9}">
		<relationship name="audioFile">
			<destination>{9bce757e-30b3-4b35-9efb-605e89c5d14f}</destination>
		</relationship>
	</object>
	<object class="SingleSound" id="{8f009b46-0dcc-4188-a998-c1c58951ac1b}">
		<relationship name="audioFile">
			<destination>{36df8cac-0964-413e-ab27-561a23e8d295}</destination>
		</relationship>
	</object>
	<object class="SingleSound" id="{a5067c02-d518-4421-83b0-4eac941a545c}">
		<relationship name="audioFile">
			<destination>{a1376d82-d469-4ec8-8cea-a8af0c4656e0}</destination>
		</relationship>
	</object>
	<object class="SingleSound" id="{fecc6aa4-12d6-40da-a682-bd38ad87d48b}">
		<relationship name="audioFile">
			<destination>{eb44d775-030b-4e09-873f-424e0c995c11}</destination>
		</relationship>
	</object>
	<object class="SingleSound" id="{51b99544-51a9-4928-b991-6a4e7855b2d2}">
		<relationship name="audioFile">
			<destination>{2336fecf-2e7e-4291-95eb-7c689d088e30}</destination>
		</relationship>
	</object>
	<object class="MixerBusEffectChain" id="{00b9803f-ccd4-4195-9426-908489ea3d75}">
		<relationship name="effects">
			<destination>{560591f0-7de1-4444-8565-11a06f7c78a9}</destination>
		</relationship>
	</object>
	<object class="MixerBusPanner" id="{4cc8e530-e8fe-48b2-a434-8cc26502d14f}" />
	<object class="MixerBusFader" id="{c1b03a6b-0dc9-455d-bb6b-0844725b4ece}" />
	<object class="MixerBusFader" id="{560591f0-7de1-4444-8565-11a06f7c78a9}" />
</objects>
