<?xml version="1.0" encoding="UTF-8"?>
<objects serializationModel="Studio.02.01.00">
	<object class="Event" id="{07f04bce-af87-4cd3-ac6d-9c5ef064f7fa}">
		<property name="name">
			<value>Failure</value>
		</property>
		<property name="outputFormat">
			<value>0</value>
		</property>
		<relationship name="folder">
			<destination>{9e95f19e-ea51-4b68-a7fc-661fc78e96dd}</destination>
		</relationship>
		<relationship name="mixer">
			<destination>{4ffdb193-975f-41b7-b092-849dc46fcf4f}</destination>
		</relationship>
		<relationship name="masterTrack">
			<destination>{fbcc8b50-971f-48b6-bb94-38602a86429c}</destination>
		</relationship>
		<relationship name="mixerInput">
			<destination>{16e6fa7b-a1fa-4376-a46b-08133137ba34}</destination>
		</relationship>
		<relationship name="automatableProperties">
			<destination>{9fa10eef-4964-4c79-add0-b5de4c5acd3d}</destination>
		</relationship>
		<relationship name="markerTracks">
			<destination>{7546aeb6-48e5-44d4-b43c-aa74da4a3e29}</destination>
		</relationship>
		<relationship name="groupTracks">
			<destination>{47c8ff74-c80d-4874-a821-cc3ffd1cb67d}</destination>
		</relationship>
		<relationship name="timeline">
			<destination>{804eb18c-2608-4f36-8bb2-30ef11924a1c}</destination>
		</relationship>
		<relationship name="banks">
			<destination>{8c3f9de4-14c8-4279-a712-2040780fff61}</destination>
		</relationship>
	</object>
	<object class="EventMixer" id="{4ffdb193-975f-41b7-b092-849dc46fcf4f}">
		<relationship name="masterBus">
			<destination>{7af7a348-27bb-47c4-b3bd-0a308a78b6fe}</destination>
		</relationship>
	</object>
	<object class="MasterTrack" id="{fbcc8b50-971f-48b6-bb94-38602a86429c}">
		<relationship name="mixerGroup">
			<destination>{7af7a348-27bb-47c4-b3bd-0a308a78b6fe}</destination>
		</relationship>
	</object>
	<object class="MixerInput" id="{16e6fa7b-a1fa-4376-a46b-08133137ba34}">
		<relationship name="effectChain">
			<destination>{a1d1bdd1-ab65-4d93-9352-cbdcb993b0a7}</destination>
		</relationship>
		<relationship name="panner">
			<destination>{6968cf16-a2c0-4ee4-8d1a-c38744c659a3}</destination>
		</relationship>
		<relationship name="output">
			<destination>{a74bdffc-cbb2-488b-ae3c-038020e1273d}</destination>
		</relationship>
	</object>
	<object class="EventAutomatableProperties" id="{9fa10eef-4964-4c79-add0-b5de4c5acd3d}" />
	<object class="MarkerTrack" id="{7546aeb6-48e5-44d4-b43c-aa74da4a3e29}" />
	<object class="GroupTrack" id="{47c8ff74-c80d-4874-a821-cc3ffd1cb67d}">
		<relationship name="modules">
			<destination>{1063b84f-6627-4010-a5e3-3a69396bf5b0}</destination>
		</relationship>
		<relationship name="mixerGroup">
			<destination>{dc9323e6-d8e3-46aa-9d9b-9acba4b03c11}</destination>
		</relationship>
	</object>
	<object class="Timeline" id="{804eb18c-2608-4f36-8bb2-30ef11924a1c}">
		<relationship name="modules">
			<destination>{1063b84f-6627-4010-a5e3-3a69396bf5b0}</destination>
		</relationship>
	</object>
	<object class="EventMixerMaster" id="{7af7a348-27bb-47c4-b3bd-0a308a78b6fe}">
		<relationship name="effectChain">
			<destination>{baa1f627-6d4c-4d1c-868c-98a15cdfc4c8}</destination>
		</relationship>
		<relationship name="panner">
			<destination>{7d31650f-89f6-4b87-99ea-dfd597412ac6}</destination>
		</relationship>
		<relationship name="mixer">
			<destination>{4ffdb193-975f-41b7-b092-849dc46fcf4f}</destination>
		</relationship>
	</object>
	<object class="MixerBusEffectChain" id="{a1d1bdd1-ab65-4d93-9352-cbdcb993b0a7}">
		<relationship name="effects">
			<destination>{ba37d2fe-27a9-4b67-8841-13cda2663825}</destination>
		</relationship>
	</object>
	<object class="MixerBusPanner" id="{6968cf16-a2c0-4ee4-8d1a-c38744c659a3}" />
	<object class="MultiSound" id="{1063b84f-6627-4010-a5e3-3a69396bf5b0}">
		<property name="length">
			<value>2.6307291666666668</value>
		</property>
		<relationship name="sounds">
			<destination>{9ade218e-182f-44fb-96f7-66cca71507c9}</destination>
			<destination>{398216fa-6205-49a4-b617-51ba3eb93a61}</destination>
			<destination>{d82f9e3b-36f7-423f-b1e3-8a51d0ac8ceb}</destination>
		</relationship>
	</object>
	<object class="EventMixerGroup" id="{dc9323e6-d8e3-46aa-9d9b-9acba4b03c11}">
		<property name="name">
			<value>Audio 1</value>
		</property>
		<relationship name="effectChain">
			<destination>{997e1900-5118-42ca-a4dc-f5a5f5dc9238}</destination>
		</relationship>
		<relationship name="panner">
			<destination>{d8400e1b-e51a-4ac5-9033-4ed3792f747c}</destination>
		</relationship>
		<relationship name="output">
			<destination>{7af7a348-27bb-47c4-b3bd-0a308a78b6fe}</destination>
		</relationship>
	</object>
	<object class="MixerBusEffectChain" id="{baa1f627-6d4c-4d1c-868c-98a15cdfc4c8}">
		<relationship name="effects">
			<destination>{51a21b86-64ab-4117-876d-109dea0899b5}</destination>
		</relationship>
	</object>
	<object class="MixerBusPanner" id="{7d31650f-89f6-4b87-99ea-dfd597412ac6}" />
	<object class="MixerBusFader" id="{ba37d2fe-27a9-4b67-8841-13cda2663825}" />
	<object class="SingleSound" id="{9ade218e-182f-44fb-96f7-66cca71507c9}">
		<relationship name="audioFile">
			<destination>{98d3a63b-7892-4c59-9893-9537b45e8076}</destination>
		</relationship>
	</object>
	<object class="SingleSound" id="{398216fa-6205-49a4-b617-51ba3eb93a61}">
		<relationship name="audioFile">
			<destination>{1585d27e-c70f-437e-94e7-bdd1e09de3f6}</destination>
		</relationship>
	</object>
	<object class="SingleSound" id="{d82f9e3b-36f7-423f-b1e3-8a51d0ac8ceb}">
		<relationship name="audioFile">
			<destination>{c3bfaad5-754c-484c-8373-396221cebbf4}</destination>
		</relationship>
	</object>
	<object class="MixerBusEffectChain" id="{997e1900-5118-42ca-a4dc-f5a5f5dc9238}">
		<relationship name="effects">
			<destination>{f076a8e5-cbdb-4958-9010-ccf62716cb2b}</destination>
		</relationship>
	</object>
	<object class="MixerBusPanner" id="{d8400e1b-e51a-4ac5-9033-4ed3792f747c}" />
	<object class="MixerBusFader" id="{51a21b86-64ab-4117-876d-109dea0899b5}" />
	<object class="MixerBusFader" id="{f076a8e5-cbdb-4958-9010-ccf62716cb2b}" />
</objects>
