<?xml version="1.0" encoding="UTF-8"?>
<objects serializationModel="Studio.02.01.00">
	<object class="Event" id="{080269db-a13e-4014-99ea-5c5f72611078}">
		<property name="name">
			<value>Faction_Diplomacy_Destroy_War_Appease</value>
		</property>
		<property name="outputFormat">
			<value>0</value>
		</property>
		<relationship name="folder">
			<destination>{158ad337-8269-4a32-865c-d3c458683eff}</destination>
		</relationship>
		<relationship name="mixer">
			<destination>{25a92f97-e3a6-4bd9-a79a-b44b7e9fb25b}</destination>
		</relationship>
		<relationship name="masterTrack">
			<destination>{3f13fda0-2202-42ee-bcc4-e1cbb14e2d40}</destination>
		</relationship>
		<relationship name="mixerInput">
			<destination>{5a30cf0d-091b-40c4-be52-e2fcf895c290}</destination>
		</relationship>
		<relationship name="automatableProperties">
			<destination>{06350d73-33df-404d-a761-2695f1678356}</destination>
		</relationship>
		<relationship name="markerTracks">
			<destination>{8e66a638-9b64-4c21-9a5f-e89ca013cd04}</destination>
		</relationship>
		<relationship name="groupTracks">
			<destination>{cbbd5304-60bb-4fe6-8da6-dcfc085bf9e7}</destination>
		</relationship>
		<relationship name="timeline">
			<destination>{8b7ba530-244e-45b2-b141-09397b43b545}</destination>
		</relationship>
		<relationship name="banks">
			<destination>{8c3f9de4-14c8-4279-a712-2040780fff61}</destination>
		</relationship>
	</object>
	<object class="EventMixer" id="{25a92f97-e3a6-4bd9-a79a-b44b7e9fb25b}">
		<relationship name="masterBus">
			<destination>{4f6848b4-42a0-4baa-a8b5-ec7705a2885d}</destination>
		</relationship>
	</object>
	<object class="MasterTrack" id="{3f13fda0-2202-42ee-bcc4-e1cbb14e2d40}">
		<relationship name="mixerGroup">
			<destination>{4f6848b4-42a0-4baa-a8b5-ec7705a2885d}</destination>
		</relationship>
	</object>
	<object class="MixerInput" id="{5a30cf0d-091b-40c4-be52-e2fcf895c290}">
		<relationship name="effectChain">
			<destination>{ee40638f-b1bc-4d4c-b93e-dbc5003d56fa}</destination>
		</relationship>
		<relationship name="panner">
			<destination>{a93235f2-c276-4228-9bf0-3be655e7655d}</destination>
		</relationship>
		<relationship name="output">
			<destination>{a74bdffc-cbb2-488b-ae3c-038020e1273d}</destination>
		</relationship>
	</object>
	<object class="EventAutomatableProperties" id="{06350d73-33df-404d-a761-2695f1678356}" />
	<object class="MarkerTrack" id="{8e66a638-9b64-4c21-9a5f-e89ca013cd04}" />
	<object class="GroupTrack" id="{cbbd5304-60bb-4fe6-8da6-dcfc085bf9e7}">
		<relationship name="modules">
			<destination>{880d4740-fc99-4706-b08f-2d1d6a8bb87f}</destination>
		</relationship>
		<relationship name="mixerGroup">
			<destination>{8eb06acc-79c9-480e-a3cc-99cddab95c34}</destination>
		</relationship>
	</object>
	<object class="Timeline" id="{8b7ba530-244e-45b2-b141-09397b43b545}">
		<relationship name="modules">
			<destination>{880d4740-fc99-4706-b08f-2d1d6a8bb87f}</destination>
		</relationship>
	</object>
	<object class="EventMixerMaster" id="{4f6848b4-42a0-4baa-a8b5-ec7705a2885d}">
		<relationship name="effectChain">
			<destination>{08325150-7feb-4f44-8816-455d644b43e9}</destination>
		</relationship>
		<relationship name="panner">
			<destination>{8fd351ab-dcd4-44a8-8869-d90a1498da55}</destination>
		</relationship>
		<relationship name="mixer">
			<destination>{25a92f97-e3a6-4bd9-a79a-b44b7e9fb25b}</destination>
		</relationship>
	</object>
	<object class="MixerBusEffectChain" id="{ee40638f-b1bc-4d4c-b93e-dbc5003d56fa}">
		<relationship name="effects">
			<destination>{59ec4012-d46d-4770-b72e-02bf1ee99455}</destination>
		</relationship>
	</object>
	<object class="MixerBusPanner" id="{a93235f2-c276-4228-9bf0-3be655e7655d}" />
	<object class="SingleSound" id="{880d4740-fc99-4706-b08f-2d1d6a8bb87f}">
		<property name="length">
			<value>3.5199791666666669</value>
		</property>
		<relationship name="audioFile">
			<destination>{596df049-473b-4fca-a868-157c623da3b0}</destination>
		</relationship>
	</object>
	<object class="EventMixerGroup" id="{8eb06acc-79c9-480e-a3cc-99cddab95c34}">
		<property name="name">
			<value>Audio 1</value>
		</property>
		<relationship name="effectChain">
			<destination>{359c6a79-3990-49d2-aedc-720ffb10b202}</destination>
		</relationship>
		<relationship name="panner">
			<destination>{839b9b5b-2a03-4675-93e4-ca16566e8628}</destination>
		</relationship>
		<relationship name="output">
			<destination>{4f6848b4-42a0-4baa-a8b5-ec7705a2885d}</destination>
		</relationship>
	</object>
	<object class="MixerBusEffectChain" id="{08325150-7feb-4f44-8816-455d644b43e9}">
		<relationship name="effects">
			<destination>{ab480c0e-3c93-48a5-a79c-7fb7aae688c6}</destination>
		</relationship>
	</object>
	<object class="MixerBusPanner" id="{8fd351ab-dcd4-44a8-8869-d90a1498da55}" />
	<object class="MixerBusFader" id="{59ec4012-d46d-4770-b72e-02bf1ee99455}" />
	<object class="MixerBusEffectChain" id="{359c6a79-3990-49d2-aedc-720ffb10b202}">
		<relationship name="effects">
			<destination>{b08cc6ae-3bce-4a8f-afef-15d749fbb8be}</destination>
		</relationship>
	</object>
	<object class="MixerBusPanner" id="{839b9b5b-2a03-4675-93e4-ca16566e8628}" />
	<object class="MixerBusFader" id="{ab480c0e-3c93-48a5-a79c-7fb7aae688c6}" />
	<object class="MixerBusFader" id="{b08cc6ae-3bce-4a8f-afef-15d749fbb8be}" />
</objects>
