<?xml version="1.0" encoding="UTF-8"?>
<objects serializationModel="Studio.02.01.00">
	<object class="Event" id="{08137f6d-8144-41fe-9b4c-bc2d4779abb4}">
		<property name="name">
			<value>Success</value>
		</property>
		<property name="outputFormat">
			<value>0</value>
		</property>
		<relationship name="folder">
			<destination>{deda44ab-d349-4515-925c-4c0c8c95a680}</destination>
		</relationship>
		<relationship name="mixer">
			<destination>{0713d0d9-b752-45da-b60f-10c7b2253dee}</destination>
		</relationship>
		<relationship name="masterTrack">
			<destination>{7681edfa-a635-4b29-89a3-0dadf43cdbc0}</destination>
		</relationship>
		<relationship name="mixerInput">
			<destination>{7489b5b2-c493-446d-ae1e-2691ecd2ef9d}</destination>
		</relationship>
		<relationship name="automatableProperties">
			<destination>{c1a49861-58b2-42e9-ba37-4fa314faa08f}</destination>
		</relationship>
		<relationship name="markerTracks">
			<destination>{93eb0d7e-3937-43c3-8a35-806316a9b9f8}</destination>
		</relationship>
		<relationship name="groupTracks">
			<destination>{7dfc881f-1ce0-4de0-aa44-cac6b659c61c}</destination>
		</relationship>
		<relationship name="timeline">
			<destination>{09b2e1b2-3b18-48fd-8e57-3760ab690a3c}</destination>
		</relationship>
		<relationship name="banks">
			<destination>{8c3f9de4-14c8-4279-a712-2040780fff61}</destination>
		</relationship>
	</object>
	<object class="EventMixer" id="{0713d0d9-b752-45da-b60f-10c7b2253dee}">
		<relationship name="masterBus">
			<destination>{b610bc95-8021-4d07-b966-69181eed6b4f}</destination>
		</relationship>
	</object>
	<object class="MasterTrack" id="{7681edfa-a635-4b29-89a3-0dadf43cdbc0}">
		<relationship name="mixerGroup">
			<destination>{b610bc95-8021-4d07-b966-69181eed6b4f}</destination>
		</relationship>
	</object>
	<object class="MixerInput" id="{7489b5b2-c493-446d-ae1e-2691ecd2ef9d}">
		<relationship name="effectChain">
			<destination>{95d957ea-9d78-420f-b5ff-f6d8d6ba634f}</destination>
		</relationship>
		<relationship name="panner">
			<destination>{9607a6f5-3620-4ddb-b3b6-7c7459ada70c}</destination>
		</relationship>
		<relationship name="output">
			<destination>{a74bdffc-cbb2-488b-ae3c-038020e1273d}</destination>
		</relationship>
	</object>
	<object class="EventAutomatableProperties" id="{c1a49861-58b2-42e9-ba37-4fa314faa08f}" />
	<object class="MarkerTrack" id="{93eb0d7e-3937-43c3-8a35-806316a9b9f8}" />
	<object class="GroupTrack" id="{7dfc881f-1ce0-4de0-aa44-cac6b659c61c}">
		<relationship name="modules">
			<destination>{2ffaf1b5-f754-4c7d-9b62-9d3d5ad9d114}</destination>
		</relationship>
		<relationship name="mixerGroup">
			<destination>{58c6f8a3-037e-458e-94f1-9d5d4f0f58cb}</destination>
		</relationship>
	</object>
	<object class="Timeline" id="{09b2e1b2-3b18-48fd-8e57-3760ab690a3c}">
		<relationship name="modules">
			<destination>{2ffaf1b5-f754-4c7d-9b62-9d3d5ad9d114}</destination>
		</relationship>
	</object>
	<object class="EventMixerMaster" id="{b610bc95-8021-4d07-b966-69181eed6b4f}">
		<relationship name="effectChain">
			<destination>{a9edadf9-8858-4649-9d64-4e99a9d3cf1d}</destination>
		</relationship>
		<relationship name="panner">
			<destination>{43668365-14ef-4faf-b5a8-a8145737bed4}</destination>
		</relationship>
		<relationship name="mixer">
			<destination>{0713d0d9-b752-45da-b60f-10c7b2253dee}</destination>
		</relationship>
	</object>
	<object class="MixerBusEffectChain" id="{95d957ea-9d78-420f-b5ff-f6d8d6ba634f}">
		<relationship name="effects">
			<destination>{cd91f198-a201-4854-aecb-1152515e1aa3}</destination>
		</relationship>
	</object>
	<object class="MixerBusPanner" id="{9607a6f5-3620-4ddb-b3b6-7c7459ada70c}" />
	<object class="MultiSound" id="{2ffaf1b5-f754-4c7d-9b62-9d3d5ad9d114}">
		<property name="length">
			<value>2.5182291666666665</value>
		</property>
		<relationship name="sounds">
			<destination>{dbe0623c-1cf4-48ee-82f8-6783135c4b47}</destination>
			<destination>{cee40af3-4df4-4816-befc-d881fbf78040}</destination>
			<destination>{b74114a8-e883-4277-8858-7b9d272fe975}</destination>
		</relationship>
	</object>
	<object class="EventMixerGroup" id="{58c6f8a3-037e-458e-94f1-9d5d4f0f58cb}">
		<property name="name">
			<value>Audio 1</value>
		</property>
		<relationship name="effectChain">
			<destination>{a0f3e1ac-a07b-4688-a6b0-b662738320de}</destination>
		</relationship>
		<relationship name="panner">
			<destination>{10cb9e02-e987-455a-8a94-b8e5aa1c8944}</destination>
		</relationship>
		<relationship name="output">
			<destination>{b610bc95-8021-4d07-b966-69181eed6b4f}</destination>
		</relationship>
	</object>
	<object class="MixerBusEffectChain" id="{a9edadf9-8858-4649-9d64-4e99a9d3cf1d}">
		<relationship name="effects">
			<destination>{9ce19844-c10a-4b89-8d13-022e89f27678}</destination>
		</relationship>
	</object>
	<object class="MixerBusPanner" id="{43668365-14ef-4faf-b5a8-a8145737bed4}" />
	<object class="MixerBusFader" id="{cd91f198-a201-4854-aecb-1152515e1aa3}" />
	<object class="SingleSound" id="{dbe0623c-1cf4-48ee-82f8-6783135c4b47}">
		<relationship name="audioFile">
			<destination>{47eb2c81-2c96-40e3-860c-da1ec61eb52d}</destination>
		</relationship>
	</object>
	<object class="SingleSound" id="{cee40af3-4df4-4816-befc-d881fbf78040}">
		<relationship name="audioFile">
			<destination>{46025874-df43-4a8c-bc23-ff15337c3085}</destination>
		</relationship>
	</object>
	<object class="SingleSound" id="{b74114a8-e883-4277-8858-7b9d272fe975}">
		<relationship name="audioFile">
			<destination>{1e3dd6d4-09fd-4245-baca-6214e31cf322}</destination>
		</relationship>
	</object>
	<object class="MixerBusEffectChain" id="{a0f3e1ac-a07b-4688-a6b0-b662738320de}">
		<relationship name="effects">
			<destination>{aa70eb0f-7d30-4cf9-b294-47c2503b4abd}</destination>
		</relationship>
	</object>
	<object class="MixerBusPanner" id="{10cb9e02-e987-455a-8a94-b8e5aa1c8944}" />
	<object class="MixerBusFader" id="{9ce19844-c10a-4b89-8d13-022e89f27678}" />
	<object class="MixerBusFader" id="{aa70eb0f-7d30-4cf9-b294-47c2503b4abd}" />
</objects>
