<?xml version="1.0" encoding="UTF-8"?>
<objects serializationModel="Studio.02.01.00">
	<object class="Event" id="{0817bd1f-7189-4928-8b74-4a2b0e4e9376}">
		<property name="name">
			<value>Assigned</value>
		</property>
		<property name="outputFormat">
			<value>0</value>
		</property>
		<relationship name="folder">
			<destination>{7d060267-8646-4d93-ae0a-cedcaf80d9aa}</destination>
		</relationship>
		<relationship name="mixer">
			<destination>{55098a27-8832-47eb-a525-44638d969dc9}</destination>
		</relationship>
		<relationship name="masterTrack">
			<destination>{588804cc-8040-443a-a6e9-62a0f1131382}</destination>
		</relationship>
		<relationship name="mixerInput">
			<destination>{b8d27963-a053-46a6-be77-5c7ea79b259a}</destination>
		</relationship>
		<relationship name="automatableProperties">
			<destination>{f118756d-6fb0-4f49-a1c8-11e71934b58d}</destination>
		</relationship>
		<relationship name="markerTracks">
			<destination>{7f89585e-9353-44a3-8521-3d938e03e3fc}</destination>
		</relationship>
		<relationship name="groupTracks">
			<destination>{1793ae31-d100-49e2-918d-3027f9f8b220}</destination>
		</relationship>
		<relationship name="timeline">
			<destination>{dfe10bb2-4922-47ea-abe7-15e7396da86d}</destination>
		</relationship>
		<relationship name="banks">
			<destination>{8c3f9de4-14c8-4279-a712-2040780fff61}</destination>
		</relationship>
	</object>
	<object class="EventMixer" id="{55098a27-8832-47eb-a525-44638d969dc9}">
		<relationship name="masterBus">
			<destination>{47c49fcb-7b4b-4a09-b3fd-4739fcce17f8}</destination>
		</relationship>
	</object>
	<object class="MasterTrack" id="{588804cc-8040-443a-a6e9-62a0f1131382}">
		<relationship name="mixerGroup">
			<destination>{47c49fcb-7b4b-4a09-b3fd-4739fcce17f8}</destination>
		</relationship>
	</object>
	<object class="MixerInput" id="{b8d27963-a053-46a6-be77-5c7ea79b259a}">
		<relationship name="effectChain">
			<destination>{2bd93aff-a91f-47a6-a969-4a2b47fbf9ec}</destination>
		</relationship>
		<relationship name="panner">
			<destination>{d50f6013-3cb3-4bb6-b622-da59e92a55f1}</destination>
		</relationship>
		<relationship name="output">
			<destination>{a74bdffc-cbb2-488b-ae3c-038020e1273d}</destination>
		</relationship>
	</object>
	<object class="EventAutomatableProperties" id="{f118756d-6fb0-4f49-a1c8-11e71934b58d}" />
	<object class="MarkerTrack" id="{7f89585e-9353-44a3-8521-3d938e03e3fc}" />
	<object class="GroupTrack" id="{1793ae31-d100-49e2-918d-3027f9f8b220}">
		<relationship name="modules">
			<destination>{df1dfb81-70d3-49a2-acbf-19076f79ffe2}</destination>
		</relationship>
		<relationship name="mixerGroup">
			<destination>{094bd43e-c773-4da7-8174-a7aa8f9056f2}</destination>
		</relationship>
	</object>
	<object class="Timeline" id="{dfe10bb2-4922-47ea-abe7-15e7396da86d}">
		<relationship name="modules">
			<destination>{df1dfb81-70d3-49a2-acbf-19076f79ffe2}</destination>
		</relationship>
	</object>
	<object class="EventMixerMaster" id="{47c49fcb-7b4b-4a09-b3fd-4739fcce17f8}">
		<relationship name="effectChain">
			<destination>{36918a21-62b3-42c7-990e-6ae29abf3670}</destination>
		</relationship>
		<relationship name="panner">
			<destination>{580d61c0-18b2-428d-8f21-ff3d8bb62ee1}</destination>
		</relationship>
		<relationship name="mixer">
			<destination>{55098a27-8832-47eb-a525-44638d969dc9}</destination>
		</relationship>
	</object>
	<object class="MixerBusEffectChain" id="{2bd93aff-a91f-47a6-a969-4a2b47fbf9ec}">
		<relationship name="effects">
			<destination>{9759a412-b918-4507-835e-ce0ddf61a21c}</destination>
		</relationship>
	</object>
	<object class="MixerBusPanner" id="{d50f6013-3cb3-4bb6-b622-da59e92a55f1}" />
	<object class="MultiSound" id="{df1dfb81-70d3-49a2-acbf-19076f79ffe2}">
		<property name="length">
			<value>1.5619166666666666</value>
		</property>
		<relationship name="sounds">
			<destination>{83f3d186-8c1c-40b4-a50f-b97465adcdcd}</destination>
			<destination>{d59d4c58-2522-4c18-bfce-6ce3eafe13ca}</destination>
			<destination>{2a9c390e-598c-40c9-ae34-9c010929e80b}</destination>
			<destination>{364d1787-8b9e-4810-a356-e9f4edaea6f8}</destination>
			<destination>{97247cc1-5f90-423f-afb7-51afe1b747bd}</destination>
			<destination>{d4a54729-1518-4eea-a57e-a329022d3cb6}</destination>
		</relationship>
	</object>
	<object class="EventMixerGroup" id="{094bd43e-c773-4da7-8174-a7aa8f9056f2}">
		<property name="name">
			<value>Audio 1</value>
		</property>
		<relationship name="effectChain">
			<destination>{8a4e330b-fc4e-43a0-ad26-553e8e852bf1}</destination>
		</relationship>
		<relationship name="panner">
			<destination>{755f1e8d-1cd8-4272-af08-d7ef09e716ea}</destination>
		</relationship>
		<relationship name="output">
			<destination>{47c49fcb-7b4b-4a09-b3fd-4739fcce17f8}</destination>
		</relationship>
	</object>
	<object class="MixerBusEffectChain" id="{36918a21-62b3-42c7-990e-6ae29abf3670}">
		<relationship name="effects">
			<destination>{db88c27d-4676-44fe-8c96-626a02be3e21}</destination>
		</relationship>
	</object>
	<object class="MixerBusPanner" id="{580d61c0-18b2-428d-8f21-ff3d8bb62ee1}" />
	<object class="MixerBusFader" id="{9759a412-b918-4507-835e-ce0ddf61a21c}" />
	<object class="SingleSound" id="{83f3d186-8c1c-40b4-a50f-b97465adcdcd}">
		<relationship name="audioFile">
			<destination>{72d72660-09c2-4e03-90c1-2dd2de033575}</destination>
		</relationship>
	</object>
	<object class="SingleSound" id="{d59d4c58-2522-4c18-bfce-6ce3eafe13ca}">
		<relationship name="audioFile">
			<destination>{91d7c8f6-4792-4779-b062-9815786d8b40}</destination>
		</relationship>
	</object>
	<object class="SingleSound" id="{2a9c390e-598c-40c9-ae34-9c010929e80b}">
		<relationship name="audioFile">
			<destination>{0ee9dab6-d55d-4763-8efe-c14b2e019ded}</destination>
		</relationship>
	</object>
	<object class="SingleSound" id="{364d1787-8b9e-4810-a356-e9f4edaea6f8}">
		<relationship name="audioFile">
			<destination>{739c5090-b0da-422f-984c-cc86316761cb}</destination>
		</relationship>
	</object>
	<object class="SingleSound" id="{97247cc1-5f90-423f-afb7-51afe1b747bd}">
		<relationship name="audioFile">
			<destination>{0cd5b2c7-8f7a-4d87-878e-b42f95bd638a}</destination>
		</relationship>
	</object>
	<object class="SingleSound" id="{d4a54729-1518-4eea-a57e-a329022d3cb6}">
		<relationship name="audioFile">
			<destination>{a8c593c3-acd9-4b13-9393-1337bb7e0185}</destination>
		</relationship>
	</object>
	<object class="MixerBusEffectChain" id="{8a4e330b-fc4e-43a0-ad26-553e8e852bf1}">
		<relationship name="effects">
			<destination>{9d83b619-9b6d-43b8-8a0f-78c8d71994c6}</destination>
		</relationship>
	</object>
	<object class="MixerBusPanner" id="{755f1e8d-1cd8-4272-af08-d7ef09e716ea}" />
	<object class="MixerBusFader" id="{db88c27d-4676-44fe-8c96-626a02be3e21}" />
	<object class="MixerBusFader" id="{9d83b619-9b6d-43b8-8a0f-78c8d71994c6}" />
</objects>
