<?xml version="1.0" encoding="UTF-8"?>
<objects serializationModel="Studio.02.01.00">
	<object class="Event" id="{081c60c5-02c4-4ccd-8799-b1e71d79a1c9}">
		<property name="name">
			<value>MissionFailure</value>
		</property>
		<property name="outputFormat">
			<value>0</value>
		</property>
		<relationship name="folder">
			<destination>{f433e1b9-965f-4b6c-bf8a-b2a4815382c9}</destination>
		</relationship>
		<relationship name="mixer">
			<destination>{7e6ebfb1-e3de-46d5-bd43-790065479013}</destination>
		</relationship>
		<relationship name="masterTrack">
			<destination>{622e25df-08de-4ea1-acbc-2aa8027fb97c}</destination>
		</relationship>
		<relationship name="mixerInput">
			<destination>{61d3c605-b7ac-4e2b-9a6c-be0c7cf94347}</destination>
		</relationship>
		<relationship name="automatableProperties">
			<destination>{7eb74de2-9e37-4854-a9b5-5b7f778bde29}</destination>
		</relationship>
		<relationship name="markerTracks">
			<destination>{7696f188-94da-40a8-8a63-67d5bf2c3f47}</destination>
		</relationship>
		<relationship name="groupTracks">
			<destination>{3877fa2d-6d39-4cd0-9d4d-fabfa65e74f6}</destination>
		</relationship>
		<relationship name="timeline">
			<destination>{3995aa24-d727-4edb-a41e-560c4e2b4dd8}</destination>
		</relationship>
		<relationship name="banks">
			<destination>{8c3f9de4-14c8-4279-a712-2040780fff61}</destination>
		</relationship>
	</object>
	<object class="EventMixer" id="{7e6ebfb1-e3de-46d5-bd43-790065479013}">
		<relationship name="masterBus">
			<destination>{74dbe52c-de3a-4e1a-8f01-f6627180771e}</destination>
		</relationship>
	</object>
	<object class="MasterTrack" id="{622e25df-08de-4ea1-acbc-2aa8027fb97c}">
		<relationship name="mixerGroup">
			<destination>{74dbe52c-de3a-4e1a-8f01-f6627180771e}</destination>
		</relationship>
	</object>
	<object class="MixerInput" id="{61d3c605-b7ac-4e2b-9a6c-be0c7cf94347}">
		<relationship name="effectChain">
			<destination>{1f4b2a86-a58c-43dd-8d48-7365db4f2dc2}</destination>
		</relationship>
		<relationship name="panner">
			<destination>{a3d1bd2a-e470-4d1f-b525-1286e98898f4}</destination>
		</relationship>
		<relationship name="output">
			<destination>{a74bdffc-cbb2-488b-ae3c-038020e1273d}</destination>
		</relationship>
	</object>
	<object class="EventAutomatableProperties" id="{7eb74de2-9e37-4854-a9b5-5b7f778bde29}" />
	<object class="MarkerTrack" id="{7696f188-94da-40a8-8a63-67d5bf2c3f47}" />
	<object class="GroupTrack" id="{3877fa2d-6d39-4cd0-9d4d-fabfa65e74f6}">
		<relationship name="modules">
			<destination>{0130432f-4fe4-4812-bf0c-006bdf2bcb8f}</destination>
		</relationship>
		<relationship name="mixerGroup">
			<destination>{7cfdeef5-668e-4ad2-b2f0-60675de5c32d}</destination>
		</relationship>
	</object>
	<object class="Timeline" id="{3995aa24-d727-4edb-a41e-560c4e2b4dd8}">
		<relationship name="modules">
			<destination>{0130432f-4fe4-4812-bf0c-006bdf2bcb8f}</destination>
		</relationship>
	</object>
	<object class="EventMixerMaster" id="{74dbe52c-de3a-4e1a-8f01-f6627180771e}">
		<relationship name="effectChain">
			<destination>{656e157c-2aec-454d-ac10-edbdc49cd490}</destination>
		</relationship>
		<relationship name="panner">
			<destination>{85da8248-801f-410d-a9aa-890481b6cbee}</destination>
		</relationship>
		<relationship name="mixer">
			<destination>{7e6ebfb1-e3de-46d5-bd43-790065479013}</destination>
		</relationship>
	</object>
	<object class="MixerBusEffectChain" id="{1f4b2a86-a58c-43dd-8d48-7365db4f2dc2}">
		<relationship name="effects">
			<destination>{686c76fb-84ad-47c2-8313-838960e8c5f0}</destination>
		</relationship>
	</object>
	<object class="MixerBusPanner" id="{a3d1bd2a-e470-4d1f-b525-1286e98898f4}" />
	<object class="MultiSound" id="{0130432f-4fe4-4812-bf0c-006bdf2bcb8f}">
		<property name="length">
			<value>1.9980833333333334</value>
		</property>
		<relationship name="sounds">
			<destination>{f725561d-062a-48bd-9867-3a260277e48e}</destination>
			<destination>{77291020-948a-4496-bae2-bd6270199962}</destination>
			<destination>{b1be8a15-a861-43d8-8b69-bdc061c6bdfe}</destination>
			<destination>{a7c85e0e-f2a3-4730-b379-4d5e44243ae1}</destination>
			<destination>{e90148a0-bbd4-4c84-9977-f48c802825ff}</destination>
			<destination>{cccdd60d-f92e-4299-b7b1-2b030e3ca670}</destination>
		</relationship>
	</object>
	<object class="EventMixerGroup" id="{7cfdeef5-668e-4ad2-b2f0-60675de5c32d}">
		<property name="name">
			<value>Audio 1</value>
		</property>
		<relationship name="effectChain">
			<destination>{60b13625-3085-4561-85a9-9b7a9ed1f0e2}</destination>
		</relationship>
		<relationship name="panner">
			<destination>{67ab26e2-8aba-4e97-bb97-c5eb4aad0663}</destination>
		</relationship>
		<relationship name="output">
			<destination>{74dbe52c-de3a-4e1a-8f01-f6627180771e}</destination>
		</relationship>
	</object>
	<object class="MixerBusEffectChain" id="{656e157c-2aec-454d-ac10-edbdc49cd490}">
		<relationship name="effects">
			<destination>{f12fbcb8-8e55-489f-908f-272de7a900aa}</destination>
		</relationship>
	</object>
	<object class="MixerBusPanner" id="{85da8248-801f-410d-a9aa-890481b6cbee}" />
	<object class="MixerBusFader" id="{686c76fb-84ad-47c2-8313-838960e8c5f0}" />
	<object class="SingleSound" id="{f725561d-062a-48bd-9867-3a260277e48e}">
		<relationship name="audioFile">
			<destination>{a7e344ee-95e2-4559-81fb-485d9d0ca605}</destination>
		</relationship>
	</object>
	<object class="SingleSound" id="{77291020-948a-4496-bae2-bd6270199962}">
		<relationship name="audioFile">
			<destination>{3d907e18-cca2-4dca-a1fd-1005c562600d}</destination>
		</relationship>
	</object>
	<object class="SingleSound" id="{b1be8a15-a861-43d8-8b69-bdc061c6bdfe}">
		<relationship name="audioFile">
			<destination>{ef5a5eaa-c993-48e3-82ff-c5c4ade1738d}</destination>
		</relationship>
	</object>
	<object class="SingleSound" id="{a7c85e0e-f2a3-4730-b379-4d5e44243ae1}">
		<relationship name="audioFile">
			<destination>{a574d4dd-c851-4954-9fec-ba10f476ee73}</destination>
		</relationship>
	</object>
	<object class="SingleSound" id="{e90148a0-bbd4-4c84-9977-f48c802825ff}">
		<relationship name="audioFile">
			<destination>{cd8d3241-8a14-485a-ba4c-9a498a3e5c96}</destination>
		</relationship>
	</object>
	<object class="SingleSound" id="{cccdd60d-f92e-4299-b7b1-2b030e3ca670}">
		<relationship name="audioFile">
			<destination>{9a5b63d1-434d-4e90-93b3-ccb377650acc}</destination>
		</relationship>
	</object>
	<object class="MixerBusEffectChain" id="{60b13625-3085-4561-85a9-9b7a9ed1f0e2}">
		<relationship name="effects">
			<destination>{e55bf0c0-8fae-4785-be74-8948f07cb60d}</destination>
		</relationship>
	</object>
	<object class="MixerBusPanner" id="{67ab26e2-8aba-4e97-bb97-c5eb4aad0663}" />
	<object class="MixerBusFader" id="{f12fbcb8-8e55-489f-908f-272de7a900aa}" />
	<object class="MixerBusFader" id="{e55bf0c0-8fae-4785-be74-8948f07cb60d}" />
</objects>
