<?xml version="1.0" encoding="UTF-8"?>
<objects serializationModel="Studio.02.01.00">
	<object class="Event" id="{08308931-3019-400f-86af-53a81d763fd4}">
		<property name="name">
			<value>Success</value>
		</property>
		<property name="outputFormat">
			<value>0</value>
		</property>
		<relationship name="folder">
			<destination>{6d72fe56-71c6-4be5-be2b-0a58a615d81d}</destination>
		</relationship>
		<relationship name="mixer">
			<destination>{480eba2a-b5a1-4428-9139-277685eda375}</destination>
		</relationship>
		<relationship name="masterTrack">
			<destination>{893b35e0-8a8a-42bb-bb7b-9e4446afad37}</destination>
		</relationship>
		<relationship name="mixerInput">
			<destination>{c0b88a89-e4cf-4779-a8f9-ee5925ce2059}</destination>
		</relationship>
		<relationship name="automatableProperties">
			<destination>{75307af6-3c5c-48b1-841c-e1f742f056f0}</destination>
		</relationship>
		<relationship name="markerTracks">
			<destination>{dae39f1f-1409-4f30-bdbd-e172d752ddd8}</destination>
		</relationship>
		<relationship name="groupTracks">
			<destination>{7cd84623-e37a-4314-8f23-89df088135df}</destination>
		</relationship>
		<relationship name="timeline">
			<destination>{692e8f5e-4efc-4508-b761-636ffe7c371b}</destination>
		</relationship>
		<relationship name="banks">
			<destination>{8c3f9de4-14c8-4279-a712-2040780fff61}</destination>
		</relationship>
	</object>
	<object class="EventMixer" id="{480eba2a-b5a1-4428-9139-277685eda375}">
		<relationship name="masterBus">
			<destination>{adf7c549-f73b-4d85-84ce-c27ba1c7aace}</destination>
		</relationship>
	</object>
	<object class="MasterTrack" id="{893b35e0-8a8a-42bb-bb7b-9e4446afad37}">
		<relationship name="mixerGroup">
			<destination>{adf7c549-f73b-4d85-84ce-c27ba1c7aace}</destination>
		</relationship>
	</object>
	<object class="MixerInput" id="{c0b88a89-e4cf-4779-a8f9-ee5925ce2059}">
		<relationship name="effectChain">
			<destination>{58ae503d-47b3-448b-a5a1-8d431c84ca5c}</destination>
		</relationship>
		<relationship name="panner">
			<destination>{afa73202-bc82-4b5f-97df-aaaf71dfb661}</destination>
		</relationship>
		<relationship name="output">
			<destination>{a74bdffc-cbb2-488b-ae3c-038020e1273d}</destination>
		</relationship>
	</object>
	<object class="EventAutomatableProperties" id="{75307af6-3c5c-48b1-841c-e1f742f056f0}" />
	<object class="MarkerTrack" id="{dae39f1f-1409-4f30-bdbd-e172d752ddd8}" />
	<object class="GroupTrack" id="{7cd84623-e37a-4314-8f23-89df088135df}">
		<relationship name="modules">
			<destination>{5ff043b6-b1ae-4052-ab95-88588010da01}</destination>
		</relationship>
		<relationship name="mixerGroup">
			<destination>{23feb019-4808-421f-893c-960bb8bdd71f}</destination>
		</relationship>
	</object>
	<object class="Timeline" id="{692e8f5e-4efc-4508-b761-636ffe7c371b}">
		<relationship name="modules">
			<destination>{5ff043b6-b1ae-4052-ab95-88588010da01}</destination>
		</relationship>
	</object>
	<object class="EventMixerMaster" id="{adf7c549-f73b-4d85-84ce-c27ba1c7aace}">
		<relationship name="effectChain">
			<destination>{669411a0-a3fe-495c-923d-87db5cf4d93a}</destination>
		</relationship>
		<relationship name="panner">
			<destination>{2474fbdd-dbc8-4b35-864d-a564b4d24f63}</destination>
		</relationship>
		<relationship name="mixer">
			<destination>{480eba2a-b5a1-4428-9139-277685eda375}</destination>
		</relationship>
	</object>
	<object class="MixerBusEffectChain" id="{58ae503d-47b3-448b-a5a1-8d431c84ca5c}">
		<relationship name="effects">
			<destination>{65ad16df-f741-4ed8-b5a9-24fb10459301}</destination>
		</relationship>
	</object>
	<object class="MixerBusPanner" id="{afa73202-bc82-4b5f-97df-aaaf71dfb661}" />
	<object class="MultiSound" id="{5ff043b6-b1ae-4052-ab95-88588010da01}">
		<property name="length">
			<value>3.0682291666666668</value>
		</property>
		<relationship name="sounds">
			<destination>{f4009cfd-102e-4ca9-bf24-3442d5184280}</destination>
			<destination>{7ebe6bc1-5c7b-4412-b8c7-fb3c58ed1705}</destination>
			<destination>{5cb6b72f-7c00-4bed-b6e1-3411d66b8f56}</destination>
			<destination>{c0ee3b99-6e3b-4a8f-b867-29eab19a051d}</destination>
		</relationship>
	</object>
	<object class="EventMixerGroup" id="{23feb019-4808-421f-893c-960bb8bdd71f}">
		<property name="name">
			<value>Audio 1</value>
		</property>
		<relationship name="effectChain">
			<destination>{5e4aeffe-63a2-49d9-a51b-83ab47751605}</destination>
		</relationship>
		<relationship name="panner">
			<destination>{78f426ce-e331-4d5b-a24c-2b3304ebe4db}</destination>
		</relationship>
		<relationship name="output">
			<destination>{adf7c549-f73b-4d85-84ce-c27ba1c7aace}</destination>
		</relationship>
	</object>
	<object class="MixerBusEffectChain" id="{669411a0-a3fe-495c-923d-87db5cf4d93a}">
		<relationship name="effects">
			<destination>{0e3c3b90-e327-48cc-97c4-c2a0707356f8}</destination>
		</relationship>
	</object>
	<object class="MixerBusPanner" id="{2474fbdd-dbc8-4b35-864d-a564b4d24f63}" />
	<object class="MixerBusFader" id="{65ad16df-f741-4ed8-b5a9-24fb10459301}" />
	<object class="SingleSound" id="{f4009cfd-102e-4ca9-bf24-3442d5184280}">
		<relationship name="audioFile">
			<destination>{287244d1-745c-4e11-aeb1-bb7aee1762c3}</destination>
		</relationship>
	</object>
	<object class="SingleSound" id="{7ebe6bc1-5c7b-4412-b8c7-fb3c58ed1705}">
		<relationship name="audioFile">
			<destination>{2e28c0bc-e4f2-4734-ad0d-7ce2102141a7}</destination>
		</relationship>
	</object>
	<object class="SingleSound" id="{5cb6b72f-7c00-4bed-b6e1-3411d66b8f56}">
		<relationship name="audioFile">
			<destination>{1ccc4367-6849-418e-a037-e5cc156f9000}</destination>
		</relationship>
	</object>
	<object class="SingleSound" id="{c0ee3b99-6e3b-4a8f-b867-29eab19a051d}">
		<relationship name="audioFile">
			<destination>{5569f840-2a85-4058-8249-e8a900240f47}</destination>
		</relationship>
	</object>
	<object class="MixerBusEffectChain" id="{5e4aeffe-63a2-49d9-a51b-83ab47751605}">
		<relationship name="effects">
			<destination>{38efc32e-42f1-45ef-9550-cc8e09468e3d}</destination>
		</relationship>
	</object>
	<object class="MixerBusPanner" id="{78f426ce-e331-4d5b-a24c-2b3304ebe4db}" />
	<object class="MixerBusFader" id="{0e3c3b90-e327-48cc-97c4-c2a0707356f8}" />
	<object class="MixerBusFader" id="{38efc32e-42f1-45ef-9550-cc8e09468e3d}" />
</objects>
