<?xml version="1.0" encoding="UTF-8"?>
<objects serializationModel="Studio.02.01.00">
	<object class="Event" id="{0833e9c2-d835-4973-9102-8ce64a63cd08}">
		<property name="name">
			<value>MissionGeneric</value>
		</property>
		<property name="outputFormat">
			<value>0</value>
		</property>
		<relationship name="folder">
			<destination>{a375447d-a62b-4127-adb9-32ed782d8dff}</destination>
		</relationship>
		<relationship name="mixer">
			<destination>{5fc11f4b-4ab0-475d-b669-a787286d5ee4}</destination>
		</relationship>
		<relationship name="masterTrack">
			<destination>{b971e018-4a6d-43c4-bb3d-e56d656fc6b9}</destination>
		</relationship>
		<relationship name="mixerInput">
			<destination>{a14e8901-69a8-439d-93c5-9281652c290d}</destination>
		</relationship>
		<relationship name="automatableProperties">
			<destination>{7ba7c84f-53f4-4dcc-a23d-246ab32d0cdf}</destination>
		</relationship>
		<relationship name="markerTracks">
			<destination>{8bffae98-0b87-4b9a-903b-4015b7743c25}</destination>
		</relationship>
		<relationship name="groupTracks">
			<destination>{0707cf57-2e53-483b-a4d8-e51653f294e9}</destination>
		</relationship>
		<relationship name="timeline">
			<destination>{d43964e7-8eae-4cf2-bc50-86edf824ff99}</destination>
		</relationship>
		<relationship name="banks">
			<destination>{8c3f9de4-14c8-4279-a712-2040780fff61}</destination>
		</relationship>
	</object>
	<object class="EventMixer" id="{5fc11f4b-4ab0-475d-b669-a787286d5ee4}">
		<relationship name="masterBus">
			<destination>{cc6e736d-5f68-4842-bd2f-89efce0157ad}</destination>
		</relationship>
	</object>
	<object class="MasterTrack" id="{b971e018-4a6d-43c4-bb3d-e56d656fc6b9}">
		<relationship name="mixerGroup">
			<destination>{cc6e736d-5f68-4842-bd2f-89efce0157ad}</destination>
		</relationship>
	</object>
	<object class="MixerInput" id="{a14e8901-69a8-439d-93c5-9281652c290d}">
		<relationship name="effectChain">
			<destination>{96723819-488b-469f-933d-974acbe28615}</destination>
		</relationship>
		<relationship name="panner">
			<destination>{22102b28-e84f-4241-acc5-91730bfd65e2}</destination>
		</relationship>
		<relationship name="output">
			<destination>{a74bdffc-cbb2-488b-ae3c-038020e1273d}</destination>
		</relationship>
	</object>
	<object class="EventAutomatableProperties" id="{7ba7c84f-53f4-4dcc-a23d-246ab32d0cdf}" />
	<object class="MarkerTrack" id="{8bffae98-0b87-4b9a-903b-4015b7743c25}" />
	<object class="GroupTrack" id="{0707cf57-2e53-483b-a4d8-e51653f294e9}">
		<relationship name="modules">
			<destination>{d2c70655-b69f-4720-b1cd-4c1a2d862a69}</destination>
		</relationship>
		<relationship name="mixerGroup">
			<destination>{370537e8-ea3b-43e0-ac32-3dfe6e467e55}</destination>
		</relationship>
	</object>
	<object class="Timeline" id="{d43964e7-8eae-4cf2-bc50-86edf824ff99}">
		<relationship name="modules">
			<destination>{d2c70655-b69f-4720-b1cd-4c1a2d862a69}</destination>
		</relationship>
	</object>
	<object class="EventMixerMaster" id="{cc6e736d-5f68-4842-bd2f-89efce0157ad}">
		<relationship name="effectChain">
			<destination>{88007653-24bb-4a34-aeb6-f2f86b81131c}</destination>
		</relationship>
		<relationship name="panner">
			<destination>{81a93734-bc57-4028-bf4f-ec6f2b1a0b77}</destination>
		</relationship>
		<relationship name="mixer">
			<destination>{5fc11f4b-4ab0-475d-b669-a787286d5ee4}</destination>
		</relationship>
	</object>
	<object class="MixerBusEffectChain" id="{96723819-488b-469f-933d-974acbe28615}">
		<relationship name="effects">
			<destination>{68dfedde-c39f-4836-9c93-a5586b2b15fc}</destination>
		</relationship>
	</object>
	<object class="MixerBusPanner" id="{22102b28-e84f-4241-acc5-91730bfd65e2}" />
	<object class="MultiSound" id="{d2c70655-b69f-4720-b1cd-4c1a2d862a69}">
		<property name="length">
			<value>1.7492916666666667</value>
		</property>
		<relationship name="sounds">
			<destination>{884bb0e3-100f-4d96-9bee-f95aa4746e92}</destination>
			<destination>{5f06ae41-6b2b-4d3d-95e1-d9b8bdad5317}</destination>
			<destination>{e5f5609a-7191-4048-9f96-3f9107ffa9a4}</destination>
			<destination>{846c1505-45b9-4438-9898-ba0db7f4380f}</destination>
			<destination>{ffda2163-4231-481d-a0b1-8a792b96f48d}</destination>
		</relationship>
	</object>
	<object class="EventMixerGroup" id="{370537e8-ea3b-43e0-ac32-3dfe6e467e55}">
		<property name="name">
			<value>Audio 1</value>
		</property>
		<relationship name="effectChain">
			<destination>{e0a0b165-8711-4e3f-b5d2-ae786f48f17d}</destination>
		</relationship>
		<relationship name="panner">
			<destination>{9a5f514a-b995-4e47-a3e3-de8f6d98a8ad}</destination>
		</relationship>
		<relationship name="output">
			<destination>{cc6e736d-5f68-4842-bd2f-89efce0157ad}</destination>
		</relationship>
	</object>
	<object class="MixerBusEffectChain" id="{88007653-24bb-4a34-aeb6-f2f86b81131c}">
		<relationship name="effects">
			<destination>{ad7aa893-3bb0-41d5-877d-2bc5a76b16a5}</destination>
		</relationship>
	</object>
	<object class="MixerBusPanner" id="{81a93734-bc57-4028-bf4f-ec6f2b1a0b77}" />
	<object class="MixerBusFader" id="{68dfedde-c39f-4836-9c93-a5586b2b15fc}" />
	<object class="SingleSound" id="{884bb0e3-100f-4d96-9bee-f95aa4746e92}">
		<relationship name="audioFile">
			<destination>{cf16873d-321f-4d73-b3bd-78c010636b8c}</destination>
		</relationship>
	</object>
	<object class="SingleSound" id="{5f06ae41-6b2b-4d3d-95e1-d9b8bdad5317}">
		<relationship name="audioFile">
			<destination>{e94a556f-26e2-4e50-8f13-b819e8039063}</destination>
		</relationship>
	</object>
	<object class="SingleSound" id="{e5f5609a-7191-4048-9f96-3f9107ffa9a4}">
		<relationship name="audioFile">
			<destination>{4c15bc31-6c49-45b9-a7a2-ad6951d4d18d}</destination>
		</relationship>
	</object>
	<object class="SingleSound" id="{846c1505-45b9-4438-9898-ba0db7f4380f}">
		<relationship name="audioFile">
			<destination>{229fdff3-b631-4922-8686-2d8b16aa239f}</destination>
		</relationship>
	</object>
	<object class="SingleSound" id="{ffda2163-4231-481d-a0b1-8a792b96f48d}">
		<relationship name="audioFile">
			<destination>{02e245b5-51fa-45e4-acef-49f8bdefc931}</destination>
		</relationship>
	</object>
	<object class="MixerBusEffectChain" id="{e0a0b165-8711-4e3f-b5d2-ae786f48f17d}">
		<relationship name="effects">
			<destination>{74e3e081-65bd-4863-9b90-8d8cb4b332e9}</destination>
		</relationship>
	</object>
	<object class="MixerBusPanner" id="{9a5f514a-b995-4e47-a3e3-de8f6d98a8ad}" />
	<object class="MixerBusFader" id="{ad7aa893-3bb0-41d5-877d-2bc5a76b16a5}" />
	<object class="MixerBusFader" id="{74e3e081-65bd-4863-9b90-8d8cb4b332e9}" />
</objects>
