<?xml version="1.0" encoding="UTF-8"?>
<objects serializationModel="Studio.02.01.00">
	<object class="Event" id="{0854f75a-46d0-4983-a214-4aade1e9f136}">
		<property name="name">
			<value>Success</value>
		</property>
		<property name="outputFormat">
			<value>0</value>
		</property>
		<relationship name="folder">
			<destination>{24a19402-9a50-4eb3-9269-d7bff7dd083b}</destination>
		</relationship>
		<relationship name="mixer">
			<destination>{ec9687a1-e835-4273-805f-e6750419321d}</destination>
		</relationship>
		<relationship name="masterTrack">
			<destination>{131e2e5d-5f8e-4ef8-95f6-3f84f505cbcd}</destination>
		</relationship>
		<relationship name="mixerInput">
			<destination>{455cbc2f-2689-4b31-839c-b6b2decc88f7}</destination>
		</relationship>
		<relationship name="automatableProperties">
			<destination>{dff36873-6a73-4ea1-96db-0cad34c591c1}</destination>
		</relationship>
		<relationship name="markerTracks">
			<destination>{1c7dea0d-4057-498b-835c-edbaaef5990a}</destination>
		</relationship>
		<relationship name="groupTracks">
			<destination>{01203a45-560a-4f04-85fa-b1fd9b67fe4a}</destination>
		</relationship>
		<relationship name="timeline">
			<destination>{f43322d3-c586-43b6-98ea-054fb6b40e53}</destination>
		</relationship>
		<relationship name="banks">
			<destination>{8c3f9de4-14c8-4279-a712-2040780fff61}</destination>
		</relationship>
	</object>
	<object class="EventMixer" id="{ec9687a1-e835-4273-805f-e6750419321d}">
		<relationship name="masterBus">
			<destination>{56a7bc1b-d9a0-414a-816d-4cd8e662dd97}</destination>
		</relationship>
	</object>
	<object class="MasterTrack" id="{131e2e5d-5f8e-4ef8-95f6-3f84f505cbcd}">
		<relationship name="mixerGroup">
			<destination>{56a7bc1b-d9a0-414a-816d-4cd8e662dd97}</destination>
		</relationship>
	</object>
	<object class="MixerInput" id="{455cbc2f-2689-4b31-839c-b6b2decc88f7}">
		<relationship name="effectChain">
			<destination>{b42cc761-0608-4ecb-a725-c5f63813f9a9}</destination>
		</relationship>
		<relationship name="panner">
			<destination>{b67d0c42-3189-42e7-927d-011fd2d2b9ab}</destination>
		</relationship>
		<relationship name="output">
			<destination>{a74bdffc-cbb2-488b-ae3c-038020e1273d}</destination>
		</relationship>
	</object>
	<object class="EventAutomatableProperties" id="{dff36873-6a73-4ea1-96db-0cad34c591c1}" />
	<object class="MarkerTrack" id="{1c7dea0d-4057-498b-835c-edbaaef5990a}" />
	<object class="GroupTrack" id="{01203a45-560a-4f04-85fa-b1fd9b67fe4a}">
		<relationship name="modules">
			<destination>{4b493488-b0aa-4c5b-916d-8cf238735cd2}</destination>
		</relationship>
		<relationship name="mixerGroup">
			<destination>{5b4a8920-b748-477d-a282-1269c95cb162}</destination>
		</relationship>
	</object>
	<object class="Timeline" id="{f43322d3-c586-43b6-98ea-054fb6b40e53}">
		<relationship name="modules">
			<destination>{4b493488-b0aa-4c5b-916d-8cf238735cd2}</destination>
		</relationship>
	</object>
	<object class="EventMixerMaster" id="{56a7bc1b-d9a0-414a-816d-4cd8e662dd97}">
		<relationship name="effectChain">
			<destination>{2698702e-3ac9-48cf-9441-73bae0ca4337}</destination>
		</relationship>
		<relationship name="panner">
			<destination>{aaa8ea55-1b2f-447d-bfc6-2e5de1cd6584}</destination>
		</relationship>
		<relationship name="mixer">
			<destination>{ec9687a1-e835-4273-805f-e6750419321d}</destination>
		</relationship>
	</object>
	<object class="MixerBusEffectChain" id="{b42cc761-0608-4ecb-a725-c5f63813f9a9}">
		<relationship name="effects">
			<destination>{18a0d8ea-e5d3-4450-abb9-f5a50e0caf99}</destination>
		</relationship>
	</object>
	<object class="MixerBusPanner" id="{b67d0c42-3189-42e7-927d-011fd2d2b9ab}" />
	<object class="MultiSound" id="{4b493488-b0aa-4c5b-916d-8cf238735cd2}">
		<property name="length">
			<value>2.5182291666666665</value>
		</property>
		<relationship name="sounds">
			<destination>{b39419b3-e651-4008-9dbb-19747df96d54}</destination>
			<destination>{58ec5fa0-f3c9-47e8-9806-850fb9a13986}</destination>
			<destination>{27971f0a-99ed-4787-89b7-a0f646b3370e}</destination>
		</relationship>
	</object>
	<object class="EventMixerGroup" id="{5b4a8920-b748-477d-a282-1269c95cb162}">
		<property name="name">
			<value>Audio 1</value>
		</property>
		<relationship name="effectChain">
			<destination>{9e5439d0-b174-4fd3-b321-3d84b6397c0a}</destination>
		</relationship>
		<relationship name="panner">
			<destination>{a2660072-6d13-45df-9d68-de0b2ff09e8f}</destination>
		</relationship>
		<relationship name="output">
			<destination>{56a7bc1b-d9a0-414a-816d-4cd8e662dd97}</destination>
		</relationship>
	</object>
	<object class="MixerBusEffectChain" id="{2698702e-3ac9-48cf-9441-73bae0ca4337}">
		<relationship name="effects">
			<destination>{d14d89b0-ec6b-4106-b711-16e5d70d877c}</destination>
		</relationship>
	</object>
	<object class="MixerBusPanner" id="{aaa8ea55-1b2f-447d-bfc6-2e5de1cd6584}" />
	<object class="MixerBusFader" id="{18a0d8ea-e5d3-4450-abb9-f5a50e0caf99}" />
	<object class="SingleSound" id="{b39419b3-e651-4008-9dbb-19747df96d54}">
		<relationship name="audioFile">
			<destination>{79434e45-c61d-42c8-80b2-85b2a7b11844}</destination>
		</relationship>
	</object>
	<object class="SingleSound" id="{58ec5fa0-f3c9-47e8-9806-850fb9a13986}">
		<relationship name="audioFile">
			<destination>{4b6f67b0-10d3-4ac0-b262-6c253feac92e}</destination>
		</relationship>
	</object>
	<object class="SingleSound" id="{27971f0a-99ed-4787-89b7-a0f646b3370e}">
		<relationship name="audioFile">
			<destination>{99313200-2142-4ffb-bcf9-1e4f9169e5e9}</destination>
		</relationship>
	</object>
	<object class="MixerBusEffectChain" id="{9e5439d0-b174-4fd3-b321-3d84b6397c0a}">
		<relationship name="effects">
			<destination>{127cde1d-47c6-4a4b-a4fd-ce9c814ea4a4}</destination>
		</relationship>
	</object>
	<object class="MixerBusPanner" id="{a2660072-6d13-45df-9d68-de0b2ff09e8f}" />
	<object class="MixerBusFader" id="{d14d89b0-ec6b-4106-b711-16e5d70d877c}" />
	<object class="MixerBusFader" id="{127cde1d-47c6-4a4b-a4fd-ce9c814ea4a4}" />
</objects>
