<?xml version="1.0" encoding="UTF-8"?>
<objects serializationModel="Studio.02.01.00">
	<object class="Event" id="{08678726-3ac4-491f-accf-7f2c9a39ecff}">
		<property name="name">
			<value>Assigned</value>
		</property>
		<property name="outputFormat">
			<value>0</value>
		</property>
		<relationship name="folder">
			<destination>{fc0b1b6e-4f9f-47ae-8ad6-cb60818068f9}</destination>
		</relationship>
		<relationship name="mixer">
			<destination>{37c5cc3a-c444-4854-bee5-5e0c3470baaa}</destination>
		</relationship>
		<relationship name="masterTrack">
			<destination>{ce45edea-0ac8-4e91-80d9-c3c15772b645}</destination>
		</relationship>
		<relationship name="mixerInput">
			<destination>{03b946ba-be75-43a4-9a2e-1f4f48017fba}</destination>
		</relationship>
		<relationship name="automatableProperties">
			<destination>{c106db2a-67fb-4cd7-8fbe-7e067330e809}</destination>
		</relationship>
		<relationship name="markerTracks">
			<destination>{1cc315ef-7ff2-47f5-906f-87887789016f}</destination>
		</relationship>
		<relationship name="groupTracks">
			<destination>{95e05686-282e-4775-b92c-be41159eb9b1}</destination>
		</relationship>
		<relationship name="timeline">
			<destination>{c0c3549b-e4e5-4e95-a613-64d84ac98fae}</destination>
		</relationship>
		<relationship name="banks">
			<destination>{8c3f9de4-14c8-4279-a712-2040780fff61}</destination>
		</relationship>
	</object>
	<object class="EventMixer" id="{37c5cc3a-c444-4854-bee5-5e0c3470baaa}">
		<relationship name="masterBus">
			<destination>{9c1edac3-f9f3-40ef-a994-e9e392e2cd20}</destination>
		</relationship>
	</object>
	<object class="MasterTrack" id="{ce45edea-0ac8-4e91-80d9-c3c15772b645}">
		<relationship name="mixerGroup">
			<destination>{9c1edac3-f9f3-40ef-a994-e9e392e2cd20}</destination>
		</relationship>
	</object>
	<object class="MixerInput" id="{03b946ba-be75-43a4-9a2e-1f4f48017fba}">
		<relationship name="effectChain">
			<destination>{7953859f-9e34-4127-ba2d-d55f3f461d2b}</destination>
		</relationship>
		<relationship name="panner">
			<destination>{49d0cd3b-4128-4e6d-9e8a-5a5c09d74a64}</destination>
		</relationship>
		<relationship name="output">
			<destination>{a74bdffc-cbb2-488b-ae3c-038020e1273d}</destination>
		</relationship>
	</object>
	<object class="EventAutomatableProperties" id="{c106db2a-67fb-4cd7-8fbe-7e067330e809}" />
	<object class="MarkerTrack" id="{1cc315ef-7ff2-47f5-906f-87887789016f}" />
	<object class="GroupTrack" id="{95e05686-282e-4775-b92c-be41159eb9b1}">
		<relationship name="modules">
			<destination>{9ff4f8e7-9f42-4df1-bbab-1f5155dae6c3}</destination>
		</relationship>
		<relationship name="mixerGroup">
			<destination>{aed95fc9-05a2-4877-9344-f04f6d6b5654}</destination>
		</relationship>
	</object>
	<object class="Timeline" id="{c0c3549b-e4e5-4e95-a613-64d84ac98fae}">
		<relationship name="modules">
			<destination>{9ff4f8e7-9f42-4df1-bbab-1f5155dae6c3}</destination>
		</relationship>
	</object>
	<object class="EventMixerMaster" id="{9c1edac3-f9f3-40ef-a994-e9e392e2cd20}">
		<relationship name="effectChain">
			<destination>{365b6bb4-c1d4-48fd-9889-dc0969ecc21c}</destination>
		</relationship>
		<relationship name="panner">
			<destination>{b919dd51-7f67-405f-9c6d-f7401a415118}</destination>
		</relationship>
		<relationship name="mixer">
			<destination>{37c5cc3a-c444-4854-bee5-5e0c3470baaa}</destination>
		</relationship>
	</object>
	<object class="MixerBusEffectChain" id="{7953859f-9e34-4127-ba2d-d55f3f461d2b}">
		<relationship name="effects">
			<destination>{80b8291b-27f5-404c-a986-8dff7b0a9ec4}</destination>
		</relationship>
	</object>
	<object class="MixerBusPanner" id="{49d0cd3b-4128-4e6d-9e8a-5a5c09d74a64}" />
	<object class="MultiSound" id="{9ff4f8e7-9f42-4df1-bbab-1f5155dae6c3}">
		<property name="length">
			<value>2.0147291666666667</value>
		</property>
		<relationship name="sounds">
			<destination>{3722741c-5622-4276-b294-32e6f17b253a}</destination>
			<destination>{8bfbacd1-cf28-4c67-a0cc-6cc8de8880ec}</destination>
			<destination>{a7a279ef-b53f-4b99-aec6-652589b5112b}</destination>
			<destination>{4a6b27e1-ac2e-4622-af74-197f64775997}</destination>
			<destination>{b4503478-539a-4fe3-b9e1-2e9454a90367}</destination>
			<destination>{da0af0b7-2b5c-4a3b-92dc-8eda12f3ae63}</destination>
		</relationship>
	</object>
	<object class="EventMixerGroup" id="{aed95fc9-05a2-4877-9344-f04f6d6b5654}">
		<property name="name">
			<value>Audio 1</value>
		</property>
		<relationship name="effectChain">
			<destination>{6173f517-5827-44ba-944a-a96257cb94ad}</destination>
		</relationship>
		<relationship name="panner">
			<destination>{15d10cf7-efe9-4a74-841c-5cc192501044}</destination>
		</relationship>
		<relationship name="output">
			<destination>{9c1edac3-f9f3-40ef-a994-e9e392e2cd20}</destination>
		</relationship>
	</object>
	<object class="MixerBusEffectChain" id="{365b6bb4-c1d4-48fd-9889-dc0969ecc21c}">
		<relationship name="effects">
			<destination>{408e5397-e7bc-4012-9503-30acbd8e6708}</destination>
		</relationship>
	</object>
	<object class="MixerBusPanner" id="{b919dd51-7f67-405f-9c6d-f7401a415118}" />
	<object class="MixerBusFader" id="{80b8291b-27f5-404c-a986-8dff7b0a9ec4}" />
	<object class="SingleSound" id="{3722741c-5622-4276-b294-32e6f17b253a}">
		<relationship name="audioFile">
			<destination>{49ea4322-50da-468e-aa1e-7275eb1cd61a}</destination>
		</relationship>
	</object>
	<object class="SingleSound" id="{8bfbacd1-cf28-4c67-a0cc-6cc8de8880ec}">
		<relationship name="audioFile">
			<destination>{0c87984f-287e-4692-866a-faee945ea45d}</destination>
		</relationship>
	</object>
	<object class="SingleSound" id="{a7a279ef-b53f-4b99-aec6-652589b5112b}">
		<relationship name="audioFile">
			<destination>{f4273218-7164-470f-8b3d-25841a0f6fd1}</destination>
		</relationship>
	</object>
	<object class="SingleSound" id="{4a6b27e1-ac2e-4622-af74-197f64775997}">
		<relationship name="audioFile">
			<destination>{2e84bb2e-2e72-42f5-b82f-5387fafafbab}</destination>
		</relationship>
	</object>
	<object class="SingleSound" id="{b4503478-539a-4fe3-b9e1-2e9454a90367}">
		<relationship name="audioFile">
			<destination>{705feb4f-02fe-4de7-86db-bff7f047f7c9}</destination>
		</relationship>
	</object>
	<object class="SingleSound" id="{da0af0b7-2b5c-4a3b-92dc-8eda12f3ae63}">
		<relationship name="audioFile">
			<destination>{5eb4958d-1d7f-4570-b82e-03fe3627ca1b}</destination>
		</relationship>
	</object>
	<object class="MixerBusEffectChain" id="{6173f517-5827-44ba-944a-a96257cb94ad}">
		<relationship name="effects">
			<destination>{a0218b20-f231-482c-97ad-5ff29cb9aae8}</destination>
		</relationship>
	</object>
	<object class="MixerBusPanner" id="{15d10cf7-efe9-4a74-841c-5cc192501044}" />
	<object class="MixerBusFader" id="{408e5397-e7bc-4012-9503-30acbd8e6708}" />
	<object class="MixerBusFader" id="{a0218b20-f231-482c-97ad-5ff29cb9aae8}" />
</objects>
