<?xml version="1.0" encoding="UTF-8"?>
<objects serializationModel="Studio.02.01.00">
	<object class="Event" id="{087b3e1d-62bc-46e2-93f8-0a74fcb16982}">
		<property name="name">
			<value>Faction_Diplomacy_Appease_Tolerance_Submit</value>
		</property>
		<property name="outputFormat">
			<value>0</value>
		</property>
		<relationship name="folder">
			<destination>{158ad337-8269-4a32-865c-d3c458683eff}</destination>
		</relationship>
		<relationship name="mixer">
			<destination>{671c64e8-b82a-41c3-b363-8367ca8c47b1}</destination>
		</relationship>
		<relationship name="masterTrack">
			<destination>{52f21b13-4929-4480-9446-1f9aeeba47b7}</destination>
		</relationship>
		<relationship name="mixerInput">
			<destination>{7e85232f-ac44-40d6-9043-de02d90620b8}</destination>
		</relationship>
		<relationship name="automatableProperties">
			<destination>{5f43138a-22dc-42c6-89eb-69b20e460674}</destination>
		</relationship>
		<relationship name="markerTracks">
			<destination>{b65095bf-47ae-41a8-a17d-777a052e0d85}</destination>
		</relationship>
		<relationship name="groupTracks">
			<destination>{c1010bb4-3946-4b06-9ab3-8346aca62d00}</destination>
		</relationship>
		<relationship name="timeline">
			<destination>{e1cb6544-8b34-4a10-8bbd-636de1e9e968}</destination>
		</relationship>
		<relationship name="banks">
			<destination>{8c3f9de4-14c8-4279-a712-2040780fff61}</destination>
		</relationship>
	</object>
	<object class="EventMixer" id="{671c64e8-b82a-41c3-b363-8367ca8c47b1}">
		<relationship name="masterBus">
			<destination>{225bc9b7-c4ea-40db-adb0-0b95ab1358fd}</destination>
		</relationship>
	</object>
	<object class="MasterTrack" id="{52f21b13-4929-4480-9446-1f9aeeba47b7}">
		<relationship name="mixerGroup">
			<destination>{225bc9b7-c4ea-40db-adb0-0b95ab1358fd}</destination>
		</relationship>
	</object>
	<object class="MixerInput" id="{7e85232f-ac44-40d6-9043-de02d90620b8}">
		<relationship name="effectChain">
			<destination>{794cc4ec-ed94-4ae5-a5fa-4320b2e317be}</destination>
		</relationship>
		<relationship name="panner">
			<destination>{a500b846-50bb-4d8d-9388-bc5ad7965ae5}</destination>
		</relationship>
		<relationship name="output">
			<destination>{a74bdffc-cbb2-488b-ae3c-038020e1273d}</destination>
		</relationship>
	</object>
	<object class="EventAutomatableProperties" id="{5f43138a-22dc-42c6-89eb-69b20e460674}" />
	<object class="MarkerTrack" id="{b65095bf-47ae-41a8-a17d-777a052e0d85}" />
	<object class="GroupTrack" id="{c1010bb4-3946-4b06-9ab3-8346aca62d00}">
		<relationship name="modules">
			<destination>{3ffa9350-1076-46fc-a60e-d30fe5de637e}</destination>
		</relationship>
		<relationship name="mixerGroup">
			<destination>{1e3e2b6c-09ed-4742-abdc-673097aeb254}</destination>
		</relationship>
	</object>
	<object class="Timeline" id="{e1cb6544-8b34-4a10-8bbd-636de1e9e968}">
		<relationship name="modules">
			<destination>{3ffa9350-1076-46fc-a60e-d30fe5de637e}</destination>
		</relationship>
	</object>
	<object class="EventMixerMaster" id="{225bc9b7-c4ea-40db-adb0-0b95ab1358fd}">
		<relationship name="effectChain">
			<destination>{a688c385-3fbe-4089-b707-ad94936aadaf}</destination>
		</relationship>
		<relationship name="panner">
			<destination>{624d6f60-b3b9-4e4f-8585-6197d45bbc3e}</destination>
		</relationship>
		<relationship name="mixer">
			<destination>{671c64e8-b82a-41c3-b363-8367ca8c47b1}</destination>
		</relationship>
	</object>
	<object class="MixerBusEffectChain" id="{794cc4ec-ed94-4ae5-a5fa-4320b2e317be}">
		<relationship name="effects">
			<destination>{7e101e59-e2ae-4d7e-a08e-8c6ea3c3180c}</destination>
		</relationship>
	</object>
	<object class="MixerBusPanner" id="{a500b846-50bb-4d8d-9388-bc5ad7965ae5}" />
	<object class="SingleSound" id="{3ffa9350-1076-46fc-a60e-d30fe5de637e}">
		<property name="length">
			<value>5.8248333333333333</value>
		</property>
		<relationship name="audioFile">
			<destination>{10932df2-a868-43d2-8736-d13b16f7100c}</destination>
		</relationship>
	</object>
	<object class="EventMixerGroup" id="{1e3e2b6c-09ed-4742-abdc-673097aeb254}">
		<property name="name">
			<value>Audio 1</value>
		</property>
		<relationship name="effectChain">
			<destination>{40bad43d-189b-44ff-9477-ecdabc60cdda}</destination>
		</relationship>
		<relationship name="panner">
			<destination>{a0f7f3b0-9a8e-49fe-b8d7-357237a2373b}</destination>
		</relationship>
		<relationship name="output">
			<destination>{225bc9b7-c4ea-40db-adb0-0b95ab1358fd}</destination>
		</relationship>
	</object>
	<object class="MixerBusEffectChain" id="{a688c385-3fbe-4089-b707-ad94936aadaf}">
		<relationship name="effects">
			<destination>{bff73883-16d7-4240-81eb-084e27e2b6ff}</destination>
		</relationship>
	</object>
	<object class="MixerBusPanner" id="{624d6f60-b3b9-4e4f-8585-6197d45bbc3e}" />
	<object class="MixerBusFader" id="{7e101e59-e2ae-4d7e-a08e-8c6ea3c3180c}" />
	<object class="MixerBusEffectChain" id="{40bad43d-189b-44ff-9477-ecdabc60cdda}">
		<relationship name="effects">
			<destination>{c8e399fd-82dd-4112-8957-09eb71179d2b}</destination>
		</relationship>
	</object>
	<object class="MixerBusPanner" id="{a0f7f3b0-9a8e-49fe-b8d7-357237a2373b}" />
	<object class="MixerBusFader" id="{bff73883-16d7-4240-81eb-084e27e2b6ff}" />
	<object class="MixerBusFader" id="{c8e399fd-82dd-4112-8957-09eb71179d2b}" />
</objects>
