<?xml version="1.0" encoding="UTF-8"?>
<objects serializationModel="Studio.02.01.00">
	<object class="Event" id="{08774f29-671d-4ff5-a5f1-eb358d719809}">
		<property name="name">
			<value>trig_SFX_BlasterLongLoudMid017MonoRR</value>
		</property>
		<property name="outputFormat">
			<value>2</value>
		</property>
		<relationship name="folder">
			<destination>{473f8835-5088-42a0-b1e9-30e1f41fd01c}</destination>
		</relationship>
		<relationship name="mixer">
			<destination>{9d2f21be-b4a4-4754-83a9-57e4df5a170e}</destination>
		</relationship>
		<relationship name="masterTrack">
			<destination>{d2358a47-aca9-4d01-a3d3-866c199d2043}</destination>
		</relationship>
		<relationship name="mixerInput">
			<destination>{9c6b6fc6-bc21-4371-8cca-89658f684648}</destination>
		</relationship>
		<relationship name="automatableProperties">
			<destination>{6e0dd02c-438e-4128-ba34-12594ef6d1e6}</destination>
		</relationship>
		<relationship name="markerTracks">
			<destination>{444995de-538f-4beb-85be-b1c04aabfa58}</destination>
		</relationship>
		<relationship name="groupTracks">
			<destination>{3d8ae5d4-903d-44c4-9751-a6e2e0a80458}</destination>
		</relationship>
		<relationship name="timeline">
			<destination>{c8a684bb-96e4-4074-beb8-a89d70184c1a}</destination>
		</relationship>
		<relationship name="banks">
			<destination>{09901795-b9b9-4010-a4a3-3011ed4caaa2}</destination>
		</relationship>
	</object>
	<object class="EventMixer" id="{9d2f21be-b4a4-4754-83a9-57e4df5a170e}">
		<relationship name="masterBus">
			<destination>{e6e652c8-88ae-4be8-8b1f-ceccbc219446}</destination>
		</relationship>
	</object>
	<object class="MasterTrack" id="{d2358a47-aca9-4d01-a3d3-866c199d2043}">
		<relationship name="mixerGroup">
			<destination>{e6e652c8-88ae-4be8-8b1f-ceccbc219446}</destination>
		</relationship>
	</object>
	<object class="MixerInput" id="{9c6b6fc6-bc21-4371-8cca-89658f684648}">
		<relationship name="effectChain">
			<destination>{056dfcef-3567-436f-8f9e-8b3e9317689a}</destination>
		</relationship>
		<relationship name="panner">
			<destination>{a5b43012-6535-4398-9e48-862853a37273}</destination>
		</relationship>
		<relationship name="output">
			<destination>{07daa3ae-3495-463d-8c3e-6a9ee1871371}</destination>
		</relationship>
	</object>
	<object class="EventAutomatableProperties" id="{6e0dd02c-438e-4128-ba34-12594ef6d1e6}">
		<property name="triggerCooldown">
			<value>3</value>
		</property>
	</object>
	<object class="MarkerTrack" id="{444995de-538f-4beb-85be-b1c04aabfa58}" />
	<object class="GroupTrack" id="{3d8ae5d4-903d-44c4-9751-a6e2e0a80458}">
		<relationship name="modules">
			<destination>{33a0b4a7-a4c8-49b8-b0d1-abf71a71fdbe}</destination>
		</relationship>
		<relationship name="mixerGroup">
			<destination>{7b67c8fa-8c30-433b-92ef-ec5331906c0b}</destination>
		</relationship>
	</object>
	<object class="Timeline" id="{c8a684bb-96e4-4074-beb8-a89d70184c1a}">
		<relationship name="modules">
			<destination>{33a0b4a7-a4c8-49b8-b0d1-abf71a71fdbe}</destination>
		</relationship>
	</object>
	<object class="EventMixerMaster" id="{e6e652c8-88ae-4be8-8b1f-ceccbc219446}">
		<property name="volume">
			<value>-2</value>
		</property>
		<relationship name="effectChain">
			<destination>{ddd83a15-ddb1-4cfb-87ac-a9aa70447a6f}</destination>
		</relationship>
		<relationship name="panner">
			<destination>{ec276eb3-6ea2-40d5-a4e2-42f6b74e3448}</destination>
		</relationship>
		<relationship name="mixer">
			<destination>{9d2f21be-b4a4-4754-83a9-57e4df5a170e}</destination>
		</relationship>
	</object>
	<object class="MixerBusEffectChain" id="{056dfcef-3567-436f-8f9e-8b3e9317689a}">
		<relationship name="effects">
			<destination>{c7e96ae1-065b-409e-b082-e7c037c78f08}</destination>
		</relationship>
	</object>
	<object class="MixerBusPanner" id="{a5b43012-6535-4398-9e48-862853a37273}" />
	<object class="MultiSound" id="{33a0b4a7-a4c8-49b8-b0d1-abf71a71fdbe}">
		<property name="length">
			<value>1.4322448979591837</value>
		</property>
		<relationship name="sounds">
			<destination>{14b622f2-5f40-44e8-9270-94ef3a19fd4d}</destination>
			<destination>{4e05cbbc-13cf-454c-bef7-20d96d0d0b52}</destination>
			<destination>{af192ff0-bda1-46c5-aaf9-e6cdd71f752c}</destination>
			<destination>{5d10fd52-3c14-4535-9a07-4b005f6e42fb}</destination>
		</relationship>
	</object>
	<object class="EventMixerGroup" id="{7b67c8fa-8c30-433b-92ef-ec5331906c0b}">
		<property name="name">
			<value>Audio 1</value>
		</property>
		<relationship name="effectChain">
			<destination>{c891e364-ac16-4fb2-9bc5-ab5323c62138}</destination>
		</relationship>
		<relationship name="panner">
			<destination>{4ded0a48-3d5d-40aa-aea1-19a8b9d07eaa}</destination>
		</relationship>
		<relationship name="output">
			<destination>{e6e652c8-88ae-4be8-8b1f-ceccbc219446}</destination>
		</relationship>
	</object>
	<object class="MixerBusEffectChain" id="{ddd83a15-ddb1-4cfb-87ac-a9aa70447a6f}">
		<relationship name="effects">
			<destination>{2b1eabfa-013b-4289-94ad-f82b4e7f6bf5}</destination>
			<destination>{6d42a62f-d3cd-4ff3-9da1-b716e85256c3}</destination>
		</relationship>
	</object>
	<object class="MixerBusPanner" id="{ec276eb3-6ea2-40d5-a4e2-42f6b74e3448}" />
	<object class="MixerBusFader" id="{c7e96ae1-065b-409e-b082-e7c037c78f08}" />
	<object class="SingleSound" id="{14b622f2-5f40-44e8-9270-94ef3a19fd4d}">
		<relationship name="audioFile">
			<destination>{953caaac-36b6-41fe-b285-e989839abcff}</destination>
		</relationship>
	</object>
	<object class="SingleSound" id="{4e05cbbc-13cf-454c-bef7-20d96d0d0b52}">
		<relationship name="audioFile">
			<destination>{22721fc6-dc41-4e9d-aa38-97da78a28a89}</destination>
		</relationship>
	</object>
	<object class="SingleSound" id="{af192ff0-bda1-46c5-aaf9-e6cdd71f752c}">
		<relationship name="audioFile">
			<destination>{f6ad8c94-e9e6-47a4-b752-472c86af80ea}</destination>
		</relationship>
	</object>
	<object class="SingleSound" id="{5d10fd52-3c14-4535-9a07-4b005f6e42fb}">
		<relationship name="audioFile">
			<destination>{e4ab177c-499b-43cd-b450-b584d0e5d112}</destination>
		</relationship>
	</object>
	<object class="MixerBusEffectChain" id="{c891e364-ac16-4fb2-9bc5-ab5323c62138}">
		<relationship name="effects">
			<destination>{b3646155-4d79-4818-b3f8-78d96e1747f5}</destination>
		</relationship>
	</object>
	<object class="MixerBusPanner" id="{4ded0a48-3d5d-40aa-aea1-19a8b9d07eaa}" />
	<object class="MixerBusFader" id="{2b1eabfa-013b-4289-94ad-f82b4e7f6bf5}" />
	<object class="SpatialiserEffect" id="{6d42a62f-d3cd-4ff3-9da1-b716e85256c3}">
		<property name="minimumDistance">
			<value>0.5</value>
		</property>
		<property name="maximumDistance">
			<value>200</value>
		</property>
	</object>
	<object class="MixerBusFader" id="{b3646155-4d79-4818-b3f8-78d96e1747f5}" />
</objects>
