<?xml version="1.0" encoding="UTF-8"?>
<objects serializationModel="Studio.02.01.00">
	<object class="Event" id="{08701e9f-6495-49fe-9eb6-c0d95226e0fa}">
		<property name="name">
			<value>Success</value>
		</property>
		<property name="outputFormat">
			<value>0</value>
		</property>
		<relationship name="folder">
			<destination>{0b13ea5b-1ad2-4068-8615-26a82ecee898}</destination>
		</relationship>
		<relationship name="mixer">
			<destination>{2827fd15-11d6-43bb-80ea-56245a6242f7}</destination>
		</relationship>
		<relationship name="masterTrack">
			<destination>{e3f435b8-ad97-46c6-966d-e33c3ae12c6e}</destination>
		</relationship>
		<relationship name="mixerInput">
			<destination>{4fbe5c93-a1ed-402f-af55-d893e8031dec}</destination>
		</relationship>
		<relationship name="automatableProperties">
			<destination>{e4dc1053-b1f5-44f3-83f6-4f581ff2f9ab}</destination>
		</relationship>
		<relationship name="markerTracks">
			<destination>{1a390ec1-fd2b-4a25-b20c-f9fbbcbcbe93}</destination>
		</relationship>
		<relationship name="groupTracks">
			<destination>{7f551e35-97af-4cf6-88dd-53806b2eccf4}</destination>
		</relationship>
		<relationship name="timeline">
			<destination>{7efbb5e2-8b0c-40d9-950d-c3c7ec481161}</destination>
		</relationship>
		<relationship name="banks">
			<destination>{8c3f9de4-14c8-4279-a712-2040780fff61}</destination>
		</relationship>
	</object>
	<object class="EventMixer" id="{2827fd15-11d6-43bb-80ea-56245a6242f7}">
		<relationship name="masterBus">
			<destination>{d5c020ba-0c66-43d2-9bfd-124b9545671f}</destination>
		</relationship>
	</object>
	<object class="MasterTrack" id="{e3f435b8-ad97-46c6-966d-e33c3ae12c6e}">
		<relationship name="mixerGroup">
			<destination>{d5c020ba-0c66-43d2-9bfd-124b9545671f}</destination>
		</relationship>
	</object>
	<object class="MixerInput" id="{4fbe5c93-a1ed-402f-af55-d893e8031dec}">
		<relationship name="effectChain">
			<destination>{3bef87eb-d23b-4aad-ab03-40b152102093}</destination>
		</relationship>
		<relationship name="panner">
			<destination>{5bb6eb26-e386-42ef-b188-c14ad2f2dc69}</destination>
		</relationship>
		<relationship name="output">
			<destination>{a74bdffc-cbb2-488b-ae3c-038020e1273d}</destination>
		</relationship>
	</object>
	<object class="EventAutomatableProperties" id="{e4dc1053-b1f5-44f3-83f6-4f581ff2f9ab}" />
	<object class="MarkerTrack" id="{1a390ec1-fd2b-4a25-b20c-f9fbbcbcbe93}" />
	<object class="GroupTrack" id="{7f551e35-97af-4cf6-88dd-53806b2eccf4}">
		<relationship name="modules">
			<destination>{b2649318-0821-4ff8-9f7f-c3478482a730}</destination>
		</relationship>
		<relationship name="mixerGroup">
			<destination>{bb2dc2b8-3130-467d-94d0-add9324a7586}</destination>
		</relationship>
	</object>
	<object class="Timeline" id="{7efbb5e2-8b0c-40d9-950d-c3c7ec481161}">
		<relationship name="modules">
			<destination>{b2649318-0821-4ff8-9f7f-c3478482a730}</destination>
		</relationship>
	</object>
	<object class="EventMixerMaster" id="{d5c020ba-0c66-43d2-9bfd-124b9545671f}">
		<relationship name="effectChain">
			<destination>{63803231-08c4-4c21-a455-64bbb09eee96}</destination>
		</relationship>
		<relationship name="panner">
			<destination>{d28f6cc7-6f69-4101-adfd-12bc8d85200f}</destination>
		</relationship>
		<relationship name="mixer">
			<destination>{2827fd15-11d6-43bb-80ea-56245a6242f7}</destination>
		</relationship>
	</object>
	<object class="MixerBusEffectChain" id="{3bef87eb-d23b-4aad-ab03-40b152102093}">
		<relationship name="effects">
			<destination>{b9ff6a9d-ceb9-493b-97ed-c30cc007464b}</destination>
		</relationship>
	</object>
	<object class="MixerBusPanner" id="{5bb6eb26-e386-42ef-b188-c14ad2f2dc69}" />
	<object class="MultiSound" id="{b2649318-0821-4ff8-9f7f-c3478482a730}">
		<property name="length">
			<value>2.5975208333333333</value>
		</property>
		<relationship name="sounds">
			<destination>{e72b9c05-eb66-4bc9-bba9-2dd3226e5ec4}</destination>
			<destination>{31896b6c-2299-4444-9505-256cf5e36a55}</destination>
			<destination>{05b40d0c-c29d-4f7c-8679-d84aa9c82b82}</destination>
			<destination>{fcb7f898-e081-48b4-a94d-e05d3187af99}</destination>
		</relationship>
	</object>
	<object class="EventMixerGroup" id="{bb2dc2b8-3130-467d-94d0-add9324a7586}">
		<property name="name">
			<value>Audio 1</value>
		</property>
		<relationship name="effectChain">
			<destination>{8360ce5a-7c7f-418d-9c77-e77835206d4d}</destination>
		</relationship>
		<relationship name="panner">
			<destination>{9544b7a6-4b8a-4f3d-947f-4c46585d97c6}</destination>
		</relationship>
		<relationship name="output">
			<destination>{d5c020ba-0c66-43d2-9bfd-124b9545671f}</destination>
		</relationship>
	</object>
	<object class="MixerBusEffectChain" id="{63803231-08c4-4c21-a455-64bbb09eee96}">
		<relationship name="effects">
			<destination>{72bd32a3-abf9-4bdd-ab24-89516dcb19fd}</destination>
		</relationship>
	</object>
	<object class="MixerBusPanner" id="{d28f6cc7-6f69-4101-adfd-12bc8d85200f}" />
	<object class="MixerBusFader" id="{b9ff6a9d-ceb9-493b-97ed-c30cc007464b}" />
	<object class="SingleSound" id="{e72b9c05-eb66-4bc9-bba9-2dd3226e5ec4}">
		<relationship name="audioFile">
			<destination>{84fe8758-a974-44fc-a4a2-36768d35d78e}</destination>
		</relationship>
	</object>
	<object class="SingleSound" id="{31896b6c-2299-4444-9505-256cf5e36a55}">
		<relationship name="audioFile">
			<destination>{f7795251-67a3-43be-b4f7-266718653cec}</destination>
		</relationship>
	</object>
	<object class="SingleSound" id="{05b40d0c-c29d-4f7c-8679-d84aa9c82b82}">
		<relationship name="audioFile">
			<destination>{b924a685-7454-42b3-a05f-9195f41f80be}</destination>
		</relationship>
	</object>
	<object class="SingleSound" id="{fcb7f898-e081-48b4-a94d-e05d3187af99}">
		<relationship name="audioFile">
			<destination>{85b33781-fa23-4455-a50f-e82851f40003}</destination>
		</relationship>
	</object>
	<object class="MixerBusEffectChain" id="{8360ce5a-7c7f-418d-9c77-e77835206d4d}">
		<relationship name="effects">
			<destination>{66e923cb-81ae-40ce-893e-a29742d01ffe}</destination>
		</relationship>
	</object>
	<object class="MixerBusPanner" id="{9544b7a6-4b8a-4f3d-947f-4c46585d97c6}" />
	<object class="MixerBusFader" id="{72bd32a3-abf9-4bdd-ab24-89516dcb19fd}" />
	<object class="MixerBusFader" id="{66e923cb-81ae-40ce-893e-a29742d01ffe}" />
</objects>
