<?xml version="1.0" encoding="UTF-8"?>
<objects serializationModel="Studio.02.01.00">
	<object class="Event" id="{08b84a30-9de5-43ad-9084-91c98dc9fcb3}">
		<property name="name">
			<value>Failure</value>
		</property>
		<property name="outputFormat">
			<value>0</value>
		</property>
		<relationship name="folder">
			<destination>{2b1d82c5-e936-4db5-9c38-8f14b03ee583}</destination>
		</relationship>
		<relationship name="mixer">
			<destination>{6d66ba45-a83b-4094-ab99-20a5471572cf}</destination>
		</relationship>
		<relationship name="masterTrack">
			<destination>{b898b27f-9868-4db5-9b8f-672c912f4506}</destination>
		</relationship>
		<relationship name="mixerInput">
			<destination>{e040d648-9823-42fa-9a45-8a4be71f52d6}</destination>
		</relationship>
		<relationship name="automatableProperties">
			<destination>{2d7fbfdb-378f-4f05-a49a-5b14f33d4ee6}</destination>
		</relationship>
		<relationship name="markerTracks">
			<destination>{64c6726e-73ef-4377-a1b4-62b30ef7fd8b}</destination>
		</relationship>
		<relationship name="groupTracks">
			<destination>{dd405597-61b6-4f1e-83a0-9df6357c4481}</destination>
		</relationship>
		<relationship name="timeline">
			<destination>{16bd1f34-4b3c-451f-ad9e-e4d1e70dfda9}</destination>
		</relationship>
		<relationship name="banks">
			<destination>{8c3f9de4-14c8-4279-a712-2040780fff61}</destination>
		</relationship>
	</object>
	<object class="EventMixer" id="{6d66ba45-a83b-4094-ab99-20a5471572cf}">
		<relationship name="masterBus">
			<destination>{b17e931b-1c45-4c9f-bbc4-f1a269a79b41}</destination>
		</relationship>
	</object>
	<object class="MasterTrack" id="{b898b27f-9868-4db5-9b8f-672c912f4506}">
		<relationship name="mixerGroup">
			<destination>{b17e931b-1c45-4c9f-bbc4-f1a269a79b41}</destination>
		</relationship>
	</object>
	<object class="MixerInput" id="{e040d648-9823-42fa-9a45-8a4be71f52d6}">
		<relationship name="effectChain">
			<destination>{e950a231-9d6f-4a04-9095-61e3e3b9b456}</destination>
		</relationship>
		<relationship name="panner">
			<destination>{cbf8adc8-2043-4ebf-aef7-23391c12f2c9}</destination>
		</relationship>
		<relationship name="output">
			<destination>{a74bdffc-cbb2-488b-ae3c-038020e1273d}</destination>
		</relationship>
	</object>
	<object class="EventAutomatableProperties" id="{2d7fbfdb-378f-4f05-a49a-5b14f33d4ee6}" />
	<object class="MarkerTrack" id="{64c6726e-73ef-4377-a1b4-62b30ef7fd8b}" />
	<object class="GroupTrack" id="{dd405597-61b6-4f1e-83a0-9df6357c4481}">
		<relationship name="modules">
			<destination>{a1ed7c69-be79-478c-a953-d120c46af724}</destination>
		</relationship>
		<relationship name="mixerGroup">
			<destination>{14be6fe0-c99f-4cbf-ab74-07ddb334b79a}</destination>
		</relationship>
	</object>
	<object class="Timeline" id="{16bd1f34-4b3c-451f-ad9e-e4d1e70dfda9}">
		<relationship name="modules">
			<destination>{a1ed7c69-be79-478c-a953-d120c46af724}</destination>
		</relationship>
	</object>
	<object class="EventMixerMaster" id="{b17e931b-1c45-4c9f-bbc4-f1a269a79b41}">
		<relationship name="effectChain">
			<destination>{58875ac1-586e-446c-8c02-2aa82d506632}</destination>
		</relationship>
		<relationship name="panner">
			<destination>{3aadd7ad-b7f8-4766-90b3-d6464c24430a}</destination>
		</relationship>
		<relationship name="mixer">
			<destination>{6d66ba45-a83b-4094-ab99-20a5471572cf}</destination>
		</relationship>
	</object>
	<object class="MixerBusEffectChain" id="{e950a231-9d6f-4a04-9095-61e3e3b9b456}">
		<relationship name="effects">
			<destination>{bd815929-602d-4c05-b54d-63e93acfb848}</destination>
		</relationship>
	</object>
	<object class="MixerBusPanner" id="{cbf8adc8-2043-4ebf-aef7-23391c12f2c9}" />
	<object class="MultiSound" id="{a1ed7c69-be79-478c-a953-d120c46af724}">
		<property name="length">
			<value>2.5236666666666667</value>
		</property>
		<relationship name="sounds">
			<destination>{7dc1ba59-14fb-4152-9920-cf71769dff2b}</destination>
			<destination>{8569daf2-f2bf-4500-a67a-435939d9ab0e}</destination>
			<destination>{2dc5bf15-c220-4427-b45a-130de3c8c2d5}</destination>
			<destination>{5b478b8c-46ce-4e91-a30b-f05e7fe3a268}</destination>
		</relationship>
	</object>
	<object class="EventMixerGroup" id="{14be6fe0-c99f-4cbf-ab74-07ddb334b79a}">
		<property name="name">
			<value>Audio 1</value>
		</property>
		<relationship name="effectChain">
			<destination>{ef1b1a72-a8e6-4c6f-997c-aa8a6ea71485}</destination>
		</relationship>
		<relationship name="panner">
			<destination>{14031c88-02e8-46c7-828f-8bf13cffb865}</destination>
		</relationship>
		<relationship name="output">
			<destination>{b17e931b-1c45-4c9f-bbc4-f1a269a79b41}</destination>
		</relationship>
	</object>
	<object class="MixerBusEffectChain" id="{58875ac1-586e-446c-8c02-2aa82d506632}">
		<relationship name="effects">
			<destination>{9d26df18-4add-47e6-9227-c1cfad437c3e}</destination>
		</relationship>
	</object>
	<object class="MixerBusPanner" id="{3aadd7ad-b7f8-4766-90b3-d6464c24430a}" />
	<object class="MixerBusFader" id="{bd815929-602d-4c05-b54d-63e93acfb848}" />
	<object class="SingleSound" id="{7dc1ba59-14fb-4152-9920-cf71769dff2b}">
		<relationship name="audioFile">
			<destination>{c641e74e-e8a9-434c-ba28-8eb5c58b0149}</destination>
		</relationship>
	</object>
	<object class="SingleSound" id="{8569daf2-f2bf-4500-a67a-435939d9ab0e}">
		<relationship name="audioFile">
			<destination>{f34d3886-d4b6-4895-aeca-0d96e1e4b9a5}</destination>
		</relationship>
	</object>
	<object class="SingleSound" id="{2dc5bf15-c220-4427-b45a-130de3c8c2d5}">
		<relationship name="audioFile">
			<destination>{c439a7c0-e2d9-4361-a2dd-d940c743be8f}</destination>
		</relationship>
	</object>
	<object class="SingleSound" id="{5b478b8c-46ce-4e91-a30b-f05e7fe3a268}">
		<relationship name="audioFile">
			<destination>{6f5bce6a-30a8-45cd-b454-11bc71fda3c0}</destination>
		</relationship>
	</object>
	<object class="MixerBusEffectChain" id="{ef1b1a72-a8e6-4c6f-997c-aa8a6ea71485}">
		<relationship name="effects">
			<destination>{5198f3b5-d8f6-4c83-b239-3a74eda53e7a}</destination>
		</relationship>
	</object>
	<object class="MixerBusPanner" id="{14031c88-02e8-46c7-828f-8bf13cffb865}" />
	<object class="MixerBusFader" id="{9d26df18-4add-47e6-9227-c1cfad437c3e}" />
	<object class="MixerBusFader" id="{5198f3b5-d8f6-4c83-b239-3a74eda53e7a}" />
</objects>
