<?xml version="1.0" encoding="UTF-8"?>
<objects serializationModel="Studio.02.01.00">
	<object class="Event" id="{08cdb0ae-f318-42a7-8822-ba409f585286}">
		<property name="name">
			<value>Assigned</value>
		</property>
		<property name="outputFormat">
			<value>0</value>
		</property>
		<relationship name="folder">
			<destination>{95a065be-803b-4f53-9582-3f5baeb069e4}</destination>
		</relationship>
		<relationship name="mixer">
			<destination>{9d087b8a-a8a7-4afa-989a-9456c89f9327}</destination>
		</relationship>
		<relationship name="masterTrack">
			<destination>{99a79607-f0b1-4db9-8641-a51de336e9e8}</destination>
		</relationship>
		<relationship name="mixerInput">
			<destination>{2cd9eafc-8640-4ad3-8275-da9940edf279}</destination>
		</relationship>
		<relationship name="automatableProperties">
			<destination>{a33cf7c1-8389-451d-af04-64406bb1a847}</destination>
		</relationship>
		<relationship name="markerTracks">
			<destination>{d68d0352-3446-446b-ba91-3ae5ac04197f}</destination>
		</relationship>
		<relationship name="groupTracks">
			<destination>{39df0f6c-9b7c-4c44-8fd5-7db95bc297b9}</destination>
		</relationship>
		<relationship name="timeline">
			<destination>{7e18e63e-5933-4950-9913-5e4214dce6dc}</destination>
		</relationship>
		<relationship name="banks">
			<destination>{8c3f9de4-14c8-4279-a712-2040780fff61}</destination>
		</relationship>
	</object>
	<object class="EventMixer" id="{9d087b8a-a8a7-4afa-989a-9456c89f9327}">
		<relationship name="masterBus">
			<destination>{9eae6507-caa8-406a-b1aa-188b97ed3f61}</destination>
		</relationship>
	</object>
	<object class="MasterTrack" id="{99a79607-f0b1-4db9-8641-a51de336e9e8}">
		<relationship name="mixerGroup">
			<destination>{9eae6507-caa8-406a-b1aa-188b97ed3f61}</destination>
		</relationship>
	</object>
	<object class="MixerInput" id="{2cd9eafc-8640-4ad3-8275-da9940edf279}">
		<relationship name="effectChain">
			<destination>{544315cb-5a26-40a9-9262-324d5c59d826}</destination>
		</relationship>
		<relationship name="panner">
			<destination>{23452350-921d-4efb-b606-d81b071667a8}</destination>
		</relationship>
		<relationship name="output">
			<destination>{a74bdffc-cbb2-488b-ae3c-038020e1273d}</destination>
		</relationship>
	</object>
	<object class="EventAutomatableProperties" id="{a33cf7c1-8389-451d-af04-64406bb1a847}" />
	<object class="MarkerTrack" id="{d68d0352-3446-446b-ba91-3ae5ac04197f}" />
	<object class="GroupTrack" id="{39df0f6c-9b7c-4c44-8fd5-7db95bc297b9}">
		<relationship name="modules">
			<destination>{d6f4cce3-9b9a-4af4-8e26-aa41c3d5c1ce}</destination>
		</relationship>
		<relationship name="mixerGroup">
			<destination>{93259322-1f8a-4734-beae-509a66bebb7a}</destination>
		</relationship>
	</object>
	<object class="Timeline" id="{7e18e63e-5933-4950-9913-5e4214dce6dc}">
		<relationship name="modules">
			<destination>{d6f4cce3-9b9a-4af4-8e26-aa41c3d5c1ce}</destination>
		</relationship>
	</object>
	<object class="EventMixerMaster" id="{9eae6507-caa8-406a-b1aa-188b97ed3f61}">
		<relationship name="effectChain">
			<destination>{ea3f962d-278c-48a8-b7ad-a84abed84f7f}</destination>
		</relationship>
		<relationship name="panner">
			<destination>{f789f315-02d7-400e-9635-cb61a7b2f62e}</destination>
		</relationship>
		<relationship name="mixer">
			<destination>{9d087b8a-a8a7-4afa-989a-9456c89f9327}</destination>
		</relationship>
	</object>
	<object class="MixerBusEffectChain" id="{544315cb-5a26-40a9-9262-324d5c59d826}">
		<relationship name="effects">
			<destination>{9c52a78f-1913-4dde-988f-3c220f99856a}</destination>
		</relationship>
	</object>
	<object class="MixerBusPanner" id="{23452350-921d-4efb-b606-d81b071667a8}" />
	<object class="MultiSound" id="{d6f4cce3-9b9a-4af4-8e26-aa41c3d5c1ce}">
		<property name="length">
			<value>3.1000000000000001</value>
		</property>
		<relationship name="sounds">
			<destination>{4b8e23fc-f56f-4602-904f-e4d73cd92a35}</destination>
			<destination>{f900c452-fa40-48e7-89f6-f7a64a205b4a}</destination>
			<destination>{4307a960-a477-4c2b-ad84-624b1c1c3996}</destination>
			<destination>{67f1bcea-23e9-40c2-afc5-aa9e6eb2b8d0}</destination>
		</relationship>
	</object>
	<object class="EventMixerGroup" id="{93259322-1f8a-4734-beae-509a66bebb7a}">
		<property name="name">
			<value>Audio 1</value>
		</property>
		<relationship name="effectChain">
			<destination>{45f6ac01-e26f-44a3-acb2-c8b6b0c2408a}</destination>
		</relationship>
		<relationship name="panner">
			<destination>{a5797bb0-5363-41bf-b155-1d9d10ea6e49}</destination>
		</relationship>
		<relationship name="output">
			<destination>{9eae6507-caa8-406a-b1aa-188b97ed3f61}</destination>
		</relationship>
	</object>
	<object class="MixerBusEffectChain" id="{ea3f962d-278c-48a8-b7ad-a84abed84f7f}">
		<relationship name="effects">
			<destination>{fe78dbcf-d1c6-4286-9052-bf459766fe52}</destination>
		</relationship>
	</object>
	<object class="MixerBusPanner" id="{f789f315-02d7-400e-9635-cb61a7b2f62e}" />
	<object class="MixerBusFader" id="{9c52a78f-1913-4dde-988f-3c220f99856a}" />
	<object class="SingleSound" id="{4b8e23fc-f56f-4602-904f-e4d73cd92a35}">
		<relationship name="audioFile">
			<destination>{4aba4dc3-3aee-43bc-a6bb-64319dfac143}</destination>
		</relationship>
	</object>
	<object class="SingleSound" id="{f900c452-fa40-48e7-89f6-f7a64a205b4a}">
		<relationship name="audioFile">
			<destination>{1a90df75-0322-4df3-a66e-b001d006cd64}</destination>
		</relationship>
	</object>
	<object class="SingleSound" id="{4307a960-a477-4c2b-ad84-624b1c1c3996}">
		<relationship name="audioFile">
			<destination>{8d4944a1-1b22-4d5f-ad73-366c14b5550f}</destination>
		</relationship>
	</object>
	<object class="SingleSound" id="{67f1bcea-23e9-40c2-afc5-aa9e6eb2b8d0}" />
	<object class="MixerBusEffectChain" id="{45f6ac01-e26f-44a3-acb2-c8b6b0c2408a}">
		<relationship name="effects">
			<destination>{9d23e801-b201-48e0-a653-1b14eee3019d}</destination>
		</relationship>
	</object>
	<object class="MixerBusPanner" id="{a5797bb0-5363-41bf-b155-1d9d10ea6e49}" />
	<object class="MixerBusFader" id="{fe78dbcf-d1c6-4286-9052-bf459766fe52}" />
	<object class="MixerBusFader" id="{9d23e801-b201-48e0-a653-1b14eee3019d}" />
</objects>
