<?xml version="1.0" encoding="UTF-8"?>
<objects serializationModel="Studio.02.01.00">
	<object class="Event" id="{090da005-e285-462d-b647-a73835d8e567}">
		<property name="name">
			<value>TechQuote_DestroyMaterials</value>
		</property>
		<property name="outputFormat">
			<value>0</value>
		</property>
		<relationship name="folder">
			<destination>{158ad337-8269-4a32-865c-d3c458683eff}</destination>
		</relationship>
		<relationship name="mixer">
			<destination>{b9a996a3-3648-4df4-b456-57f028588235}</destination>
		</relationship>
		<relationship name="masterTrack">
			<destination>{7917506d-e676-43a8-a434-3f926f547ff3}</destination>
		</relationship>
		<relationship name="mixerInput">
			<destination>{816b5054-41c4-4cf2-a7a9-a6a7cd4bb2f5}</destination>
		</relationship>
		<relationship name="automatableProperties">
			<destination>{d34665c1-7ad8-476a-a09e-f4dfa6f6e1c9}</destination>
		</relationship>
		<relationship name="markerTracks">
			<destination>{7fef3ba2-fcff-4e95-a061-da9c625e9a11}</destination>
		</relationship>
		<relationship name="groupTracks">
			<destination>{978c372d-d2ab-44ba-93f8-924fcecc0fb6}</destination>
		</relationship>
		<relationship name="timeline">
			<destination>{43ba421d-88aa-48b8-ae00-1f5829d07529}</destination>
		</relationship>
		<relationship name="banks">
			<destination>{8c3f9de4-14c8-4279-a712-2040780fff61}</destination>
		</relationship>
	</object>
	<object class="EventMixer" id="{b9a996a3-3648-4df4-b456-57f028588235}">
		<relationship name="masterBus">
			<destination>{4647e2d7-088d-4580-9a9b-1f8d5aba25be}</destination>
		</relationship>
	</object>
	<object class="MasterTrack" id="{7917506d-e676-43a8-a434-3f926f547ff3}">
		<relationship name="mixerGroup">
			<destination>{4647e2d7-088d-4580-9a9b-1f8d5aba25be}</destination>
		</relationship>
	</object>
	<object class="MixerInput" id="{816b5054-41c4-4cf2-a7a9-a6a7cd4bb2f5}">
		<relationship name="effectChain">
			<destination>{4de32aae-1d92-45d0-8372-e7f42152ad48}</destination>
		</relationship>
		<relationship name="panner">
			<destination>{8f9e86a5-a316-401b-a8ac-40f43bec09d3}</destination>
		</relationship>
		<relationship name="output">
			<destination>{a74bdffc-cbb2-488b-ae3c-038020e1273d}</destination>
		</relationship>
	</object>
	<object class="EventAutomatableProperties" id="{d34665c1-7ad8-476a-a09e-f4dfa6f6e1c9}" />
	<object class="MarkerTrack" id="{7fef3ba2-fcff-4e95-a061-da9c625e9a11}" />
	<object class="GroupTrack" id="{978c372d-d2ab-44ba-93f8-924fcecc0fb6}">
		<relationship name="modules">
			<destination>{1c90546c-b7dd-408f-ab12-c2d1164f4204}</destination>
		</relationship>
		<relationship name="mixerGroup">
			<destination>{260979f7-0ac1-428d-aeb6-2a71b5b34025}</destination>
		</relationship>
	</object>
	<object class="Timeline" id="{43ba421d-88aa-48b8-ae00-1f5829d07529}">
		<relationship name="modules">
			<destination>{1c90546c-b7dd-408f-ab12-c2d1164f4204}</destination>
		</relationship>
	</object>
	<object class="EventMixerMaster" id="{4647e2d7-088d-4580-9a9b-1f8d5aba25be}">
		<relationship name="effectChain">
			<destination>{16b81729-7767-4d1c-9e2e-5e3d75e5c7c6}</destination>
		</relationship>
		<relationship name="panner">
			<destination>{dbed8cd5-cde5-4688-baa1-0bbb4c1e74d9}</destination>
		</relationship>
		<relationship name="mixer">
			<destination>{b9a996a3-3648-4df4-b456-57f028588235}</destination>
		</relationship>
	</object>
	<object class="MixerBusEffectChain" id="{4de32aae-1d92-45d0-8372-e7f42152ad48}">
		<relationship name="effects">
			<destination>{95ac0463-907d-4c77-aaf5-a6947f07fa2d}</destination>
		</relationship>
	</object>
	<object class="MixerBusPanner" id="{8f9e86a5-a316-401b-a8ac-40f43bec09d3}" />
	<object class="SingleSound" id="{1c90546c-b7dd-408f-ab12-c2d1164f4204}">
		<property name="length">
			<value>16.5680625</value>
		</property>
		<relationship name="audioFile">
			<destination>{bc340e88-d257-47e3-a095-9f2256a7c3e6}</destination>
		</relationship>
	</object>
	<object class="EventMixerGroup" id="{260979f7-0ac1-428d-aeb6-2a71b5b34025}">
		<property name="name">
			<value>Audio 1</value>
		</property>
		<relationship name="effectChain">
			<destination>{00b30a45-3b17-42f3-8b51-fdcf4dbd01da}</destination>
		</relationship>
		<relationship name="panner">
			<destination>{d39bc8e8-6f2b-4faa-88b4-8b89eef65a7d}</destination>
		</relationship>
		<relationship name="output">
			<destination>{4647e2d7-088d-4580-9a9b-1f8d5aba25be}</destination>
		</relationship>
	</object>
	<object class="MixerBusEffectChain" id="{16b81729-7767-4d1c-9e2e-5e3d75e5c7c6}">
		<relationship name="effects">
			<destination>{32874f55-f78a-4e80-aa5a-51e3460aa1ae}</destination>
		</relationship>
	</object>
	<object class="MixerBusPanner" id="{dbed8cd5-cde5-4688-baa1-0bbb4c1e74d9}" />
	<object class="MixerBusFader" id="{95ac0463-907d-4c77-aaf5-a6947f07fa2d}" />
	<object class="MixerBusEffectChain" id="{00b30a45-3b17-42f3-8b51-fdcf4dbd01da}">
		<relationship name="effects">
			<destination>{91347cd7-aca0-45c4-b08b-faf6166ffcac}</destination>
		</relationship>
	</object>
	<object class="MixerBusPanner" id="{d39bc8e8-6f2b-4faa-88b4-8b89eef65a7d}" />
	<object class="MixerBusFader" id="{32874f55-f78a-4e80-aa5a-51e3460aa1ae}" />
	<object class="MixerBusFader" id="{91347cd7-aca0-45c4-b08b-faf6166ffcac}" />
</objects>
