<?xml version="1.0" encoding="UTF-8"?>
<objects serializationModel="Studio.02.01.00">
	<object class="Event" id="{091cf14a-8c05-4f86-9e74-b708b61020d6}">
		<property name="name">
			<value>MissionGeneric</value>
		</property>
		<property name="outputFormat">
			<value>0</value>
		</property>
		<relationship name="folder">
			<destination>{cb22b718-c5ff-46f2-9f7e-2cd7462c40c6}</destination>
		</relationship>
		<relationship name="mixer">
			<destination>{e0b041b0-8d57-4713-adfc-f3e19937d744}</destination>
		</relationship>
		<relationship name="masterTrack">
			<destination>{efb28345-f914-4d4b-a497-769ef7ea4150}</destination>
		</relationship>
		<relationship name="mixerInput">
			<destination>{7a4f337c-e0ad-4899-8f2f-8ba98e11d956}</destination>
		</relationship>
		<relationship name="automatableProperties">
			<destination>{cb47f9d1-254f-49f1-9aab-62ccfa5d6340}</destination>
		</relationship>
		<relationship name="markerTracks">
			<destination>{c4d0b010-59cf-442d-8cf4-dabf4e8c47f0}</destination>
		</relationship>
		<relationship name="groupTracks">
			<destination>{e3233574-bd9c-4460-ad87-9d38766a42d0}</destination>
		</relationship>
		<relationship name="timeline">
			<destination>{bd3f386f-61b3-42ce-bc37-7bcd99477694}</destination>
		</relationship>
		<relationship name="banks">
			<destination>{8c3f9de4-14c8-4279-a712-2040780fff61}</destination>
		</relationship>
	</object>
	<object class="EventMixer" id="{e0b041b0-8d57-4713-adfc-f3e19937d744}">
		<relationship name="masterBus">
			<destination>{a28581a1-a965-4ce8-a755-c12b793b1979}</destination>
		</relationship>
	</object>
	<object class="MasterTrack" id="{efb28345-f914-4d4b-a497-769ef7ea4150}">
		<relationship name="mixerGroup">
			<destination>{a28581a1-a965-4ce8-a755-c12b793b1979}</destination>
		</relationship>
	</object>
	<object class="MixerInput" id="{7a4f337c-e0ad-4899-8f2f-8ba98e11d956}">
		<relationship name="effectChain">
			<destination>{bb6d025c-aae6-4059-8b6c-b39ff6db8244}</destination>
		</relationship>
		<relationship name="panner">
			<destination>{5a2a6388-0c5f-4a19-8ab9-3219deaf5e0b}</destination>
		</relationship>
		<relationship name="output">
			<destination>{a74bdffc-cbb2-488b-ae3c-038020e1273d}</destination>
		</relationship>
	</object>
	<object class="EventAutomatableProperties" id="{cb47f9d1-254f-49f1-9aab-62ccfa5d6340}" />
	<object class="MarkerTrack" id="{c4d0b010-59cf-442d-8cf4-dabf4e8c47f0}" />
	<object class="GroupTrack" id="{e3233574-bd9c-4460-ad87-9d38766a42d0}">
		<relationship name="modules">
			<destination>{c8c85904-f480-49f0-bee0-a8653eb384a7}</destination>
		</relationship>
		<relationship name="mixerGroup">
			<destination>{0fa359da-ce9d-4c13-94da-8f47ed52d66e}</destination>
		</relationship>
	</object>
	<object class="Timeline" id="{bd3f386f-61b3-42ce-bc37-7bcd99477694}">
		<relationship name="modules">
			<destination>{c8c85904-f480-49f0-bee0-a8653eb384a7}</destination>
		</relationship>
	</object>
	<object class="EventMixerMaster" id="{a28581a1-a965-4ce8-a755-c12b793b1979}">
		<relationship name="effectChain">
			<destination>{06fb0415-b4b1-4e2f-9b10-615eaf4c066c}</destination>
		</relationship>
		<relationship name="panner">
			<destination>{15fc0305-3250-4809-8e80-d71e57aba0ae}</destination>
		</relationship>
		<relationship name="mixer">
			<destination>{e0b041b0-8d57-4713-adfc-f3e19937d744}</destination>
		</relationship>
	</object>
	<object class="MixerBusEffectChain" id="{bb6d025c-aae6-4059-8b6c-b39ff6db8244}">
		<relationship name="effects">
			<destination>{0315d654-7afb-4f4f-afd8-337243b4e93f}</destination>
		</relationship>
	</object>
	<object class="MixerBusPanner" id="{5a2a6388-0c5f-4a19-8ab9-3219deaf5e0b}" />
	<object class="MultiSound" id="{c8c85904-f480-49f0-bee0-a8653eb384a7}">
		<property name="length">
			<value>1.7492916666666667</value>
		</property>
		<relationship name="sounds">
			<destination>{e6a8bc16-8723-406b-a298-ce8ce0cd7659}</destination>
			<destination>{35ab1734-8c90-4ce6-8a71-3d3d92cc4961}</destination>
			<destination>{04d5fffc-c171-4d87-a216-78a05fde09b1}</destination>
			<destination>{2d18a233-ccc7-4618-9b8c-3b48626b706b}</destination>
			<destination>{e228b901-fbbf-49be-a5ca-5cb4bf135b5a}</destination>
		</relationship>
	</object>
	<object class="EventMixerGroup" id="{0fa359da-ce9d-4c13-94da-8f47ed52d66e}">
		<property name="name">
			<value>Audio 1</value>
		</property>
		<relationship name="effectChain">
			<destination>{79e99498-cc83-4fe6-a6f8-491ee1028d31}</destination>
		</relationship>
		<relationship name="panner">
			<destination>{f5c171fb-8b88-4c73-8632-587787335b62}</destination>
		</relationship>
		<relationship name="output">
			<destination>{a28581a1-a965-4ce8-a755-c12b793b1979}</destination>
		</relationship>
	</object>
	<object class="MixerBusEffectChain" id="{06fb0415-b4b1-4e2f-9b10-615eaf4c066c}">
		<relationship name="effects">
			<destination>{886b7806-4434-426b-8cb7-d546e8d93755}</destination>
		</relationship>
	</object>
	<object class="MixerBusPanner" id="{15fc0305-3250-4809-8e80-d71e57aba0ae}" />
	<object class="MixerBusFader" id="{0315d654-7afb-4f4f-afd8-337243b4e93f}" />
	<object class="SingleSound" id="{e6a8bc16-8723-406b-a298-ce8ce0cd7659}">
		<relationship name="audioFile">
			<destination>{f4ed4b6a-f4b5-4cba-8b4b-21d1b3bb3bc1}</destination>
		</relationship>
	</object>
	<object class="SingleSound" id="{35ab1734-8c90-4ce6-8a71-3d3d92cc4961}">
		<relationship name="audioFile">
			<destination>{02e00a66-51f5-4811-ba91-80517ae5d512}</destination>
		</relationship>
	</object>
	<object class="SingleSound" id="{04d5fffc-c171-4d87-a216-78a05fde09b1}">
		<relationship name="audioFile">
			<destination>{08bc6c2b-032d-4a1d-94a0-ed226decb3de}</destination>
		</relationship>
	</object>
	<object class="SingleSound" id="{2d18a233-ccc7-4618-9b8c-3b48626b706b}">
		<relationship name="audioFile">
			<destination>{966c1ba1-7e21-460f-a402-a46ca14b57c4}</destination>
		</relationship>
	</object>
	<object class="SingleSound" id="{e228b901-fbbf-49be-a5ca-5cb4bf135b5a}">
		<relationship name="audioFile">
			<destination>{56e0169b-0580-406f-b519-4e723a32570c}</destination>
		</relationship>
	</object>
	<object class="MixerBusEffectChain" id="{79e99498-cc83-4fe6-a6f8-491ee1028d31}">
		<relationship name="effects">
			<destination>{0f5cb80d-6c64-4e0a-84a9-d1567171744d}</destination>
		</relationship>
	</object>
	<object class="MixerBusPanner" id="{f5c171fb-8b88-4c73-8632-587787335b62}" />
	<object class="MixerBusFader" id="{886b7806-4434-426b-8cb7-d546e8d93755}" />
	<object class="MixerBusFader" id="{0f5cb80d-6c64-4e0a-84a9-d1567171744d}" />
</objects>
