<?xml version="1.0" encoding="UTF-8"?>
<objects serializationModel="Studio.02.01.00">
	<object class="Event" id="{092e97f0-da1f-4458-971f-690866909ab0}">
		<property name="name">
			<value>Cinematics_Appease_Intro_4</value>
		</property>
		<property name="outputFormat">
			<value>0</value>
		</property>
		<relationship name="folder">
			<destination>{158ad337-8269-4a32-865c-d3c458683eff}</destination>
		</relationship>
		<relationship name="mixer">
			<destination>{d2118aef-5ba9-411f-9646-6faf67b24419}</destination>
		</relationship>
		<relationship name="masterTrack">
			<destination>{30dd8175-a3e0-4251-bf06-71d2816c1d3a}</destination>
		</relationship>
		<relationship name="mixerInput">
			<destination>{126c1cb1-4d5d-4b22-8423-e646478e8044}</destination>
		</relationship>
		<relationship name="automatableProperties">
			<destination>{73e06f11-1ba9-4f42-857b-8e25f35c8558}</destination>
		</relationship>
		<relationship name="markerTracks">
			<destination>{912d8151-f919-41aa-ac03-b442c788321d}</destination>
		</relationship>
		<relationship name="groupTracks">
			<destination>{b9e9f12d-dd9a-44b1-b363-ffd494ca260c}</destination>
		</relationship>
		<relationship name="timeline">
			<destination>{84e8a5eb-545c-4156-8081-990edfa12969}</destination>
		</relationship>
		<relationship name="banks">
			<destination>{8c3f9de4-14c8-4279-a712-2040780fff61}</destination>
		</relationship>
	</object>
	<object class="EventMixer" id="{d2118aef-5ba9-411f-9646-6faf67b24419}">
		<relationship name="masterBus">
			<destination>{1fa6ec87-de40-4ad0-b07f-296781cb8e72}</destination>
		</relationship>
	</object>
	<object class="MasterTrack" id="{30dd8175-a3e0-4251-bf06-71d2816c1d3a}">
		<relationship name="mixerGroup">
			<destination>{1fa6ec87-de40-4ad0-b07f-296781cb8e72}</destination>
		</relationship>
	</object>
	<object class="MixerInput" id="{126c1cb1-4d5d-4b22-8423-e646478e8044}">
		<relationship name="effectChain">
			<destination>{1a479edf-3f14-4eaa-9d54-0056b39cc5b5}</destination>
		</relationship>
		<relationship name="panner">
			<destination>{67ad91f9-90e2-4d1c-b880-74b0554a649a}</destination>
		</relationship>
		<relationship name="output">
			<destination>{a74bdffc-cbb2-488b-ae3c-038020e1273d}</destination>
		</relationship>
	</object>
	<object class="EventAutomatableProperties" id="{73e06f11-1ba9-4f42-857b-8e25f35c8558}" />
	<object class="MarkerTrack" id="{912d8151-f919-41aa-ac03-b442c788321d}" />
	<object class="GroupTrack" id="{b9e9f12d-dd9a-44b1-b363-ffd494ca260c}">
		<relationship name="modules">
			<destination>{50b0bdb2-a783-4d2f-be77-eeb54b4d8126}</destination>
		</relationship>
		<relationship name="mixerGroup">
			<destination>{5ec4b8d8-93be-4d8d-8ded-9dc2a5ac56b7}</destination>
		</relationship>
	</object>
	<object class="Timeline" id="{84e8a5eb-545c-4156-8081-990edfa12969}">
		<relationship name="modules">
			<destination>{50b0bdb2-a783-4d2f-be77-eeb54b4d8126}</destination>
		</relationship>
	</object>
	<object class="EventMixerMaster" id="{1fa6ec87-de40-4ad0-b07f-296781cb8e72}">
		<relationship name="effectChain">
			<destination>{140bb2e6-679a-41f9-a6f7-61fff17ef475}</destination>
		</relationship>
		<relationship name="panner">
			<destination>{3b12e55b-9795-4492-8301-3ff3cbe04d25}</destination>
		</relationship>
		<relationship name="mixer">
			<destination>{d2118aef-5ba9-411f-9646-6faf67b24419}</destination>
		</relationship>
	</object>
	<object class="MixerBusEffectChain" id="{1a479edf-3f14-4eaa-9d54-0056b39cc5b5}">
		<relationship name="effects">
			<destination>{ffda8dad-ad3d-410d-94aa-4c9c93edd735}</destination>
		</relationship>
	</object>
	<object class="MixerBusPanner" id="{67ad91f9-90e2-4d1c-b880-74b0554a649a}" />
	<object class="SingleSound" id="{50b0bdb2-a783-4d2f-be77-eeb54b4d8126}">
		<property name="length">
			<value>2.0565208333333334</value>
		</property>
		<relationship name="audioFile">
			<destination>{a405dbf8-05c0-4d6b-9c49-1ecefa4f0dd4}</destination>
		</relationship>
	</object>
	<object class="EventMixerGroup" id="{5ec4b8d8-93be-4d8d-8ded-9dc2a5ac56b7}">
		<property name="name">
			<value>Audio 1</value>
		</property>
		<relationship name="effectChain">
			<destination>{18565f84-d994-484a-b9c5-662232c62584}</destination>
		</relationship>
		<relationship name="panner">
			<destination>{f9892121-0027-45b5-8d19-50ddb2a1e57e}</destination>
		</relationship>
		<relationship name="output">
			<destination>{1fa6ec87-de40-4ad0-b07f-296781cb8e72}</destination>
		</relationship>
	</object>
	<object class="MixerBusEffectChain" id="{140bb2e6-679a-41f9-a6f7-61fff17ef475}">
		<relationship name="effects">
			<destination>{fda3ca0b-750e-485f-9b0d-23524a112297}</destination>
		</relationship>
	</object>
	<object class="MixerBusPanner" id="{3b12e55b-9795-4492-8301-3ff3cbe04d25}" />
	<object class="MixerBusFader" id="{ffda8dad-ad3d-410d-94aa-4c9c93edd735}" />
	<object class="MixerBusEffectChain" id="{18565f84-d994-484a-b9c5-662232c62584}">
		<relationship name="effects">
			<destination>{43801df7-f644-4467-a105-06e5a9ee3f2d}</destination>
		</relationship>
	</object>
	<object class="MixerBusPanner" id="{f9892121-0027-45b5-8d19-50ddb2a1e57e}" />
	<object class="MixerBusFader" id="{fda3ca0b-750e-485f-9b0d-23524a112297}" />
	<object class="MixerBusFader" id="{43801df7-f644-4467-a105-06e5a9ee3f2d}" />
</objects>
