<?xml version="1.0" encoding="UTF-8"?>
<objects serializationModel="Studio.02.01.00">
	<object class="Event" id="{09384301-eda8-4281-af1f-658ebca09613}">
		<property name="name">
			<value>Success</value>
		</property>
		<property name="outputFormat">
			<value>0</value>
		</property>
		<relationship name="folder">
			<destination>{fe1dd70d-7032-4a77-af32-633af7ecdf0d}</destination>
		</relationship>
		<relationship name="mixer">
			<destination>{c3caed82-2b9f-490d-86db-215c50be8105}</destination>
		</relationship>
		<relationship name="masterTrack">
			<destination>{cbf35bca-3ecf-4a4e-ae20-da097e87d827}</destination>
		</relationship>
		<relationship name="mixerInput">
			<destination>{bc093ccc-cb0d-499a-b5f3-51c12af2b012}</destination>
		</relationship>
		<relationship name="automatableProperties">
			<destination>{87364f2a-384d-4a40-961a-593a4008e760}</destination>
		</relationship>
		<relationship name="markerTracks">
			<destination>{ef829e33-6292-44fb-8ac2-c4d4a545e065}</destination>
		</relationship>
		<relationship name="groupTracks">
			<destination>{5e760367-e00d-4669-be0a-134275b35199}</destination>
		</relationship>
		<relationship name="timeline">
			<destination>{206a2246-f828-4e7f-b41f-1aaa52846f28}</destination>
		</relationship>
		<relationship name="banks">
			<destination>{8c3f9de4-14c8-4279-a712-2040780fff61}</destination>
		</relationship>
	</object>
	<object class="EventMixer" id="{c3caed82-2b9f-490d-86db-215c50be8105}">
		<relationship name="masterBus">
			<destination>{f1cf9016-c68f-45cd-8fe6-4ed85d4291b0}</destination>
		</relationship>
	</object>
	<object class="MasterTrack" id="{cbf35bca-3ecf-4a4e-ae20-da097e87d827}">
		<relationship name="mixerGroup">
			<destination>{f1cf9016-c68f-45cd-8fe6-4ed85d4291b0}</destination>
		</relationship>
	</object>
	<object class="MixerInput" id="{bc093ccc-cb0d-499a-b5f3-51c12af2b012}">
		<relationship name="effectChain">
			<destination>{f4b2bc09-0679-4bb2-a173-a6c0cbdcbeaf}</destination>
		</relationship>
		<relationship name="panner">
			<destination>{89601974-9527-4b87-8ccb-a7893943bd08}</destination>
		</relationship>
		<relationship name="output">
			<destination>{a74bdffc-cbb2-488b-ae3c-038020e1273d}</destination>
		</relationship>
	</object>
	<object class="EventAutomatableProperties" id="{87364f2a-384d-4a40-961a-593a4008e760}" />
	<object class="MarkerTrack" id="{ef829e33-6292-44fb-8ac2-c4d4a545e065}" />
	<object class="GroupTrack" id="{5e760367-e00d-4669-be0a-134275b35199}">
		<relationship name="modules">
			<destination>{d434d76f-ee25-444c-bc9d-c47940cf0794}</destination>
		</relationship>
		<relationship name="mixerGroup">
			<destination>{6f432ba7-12e4-4826-b867-c4dbb68d1b05}</destination>
		</relationship>
	</object>
	<object class="Timeline" id="{206a2246-f828-4e7f-b41f-1aaa52846f28}">
		<relationship name="modules">
			<destination>{d434d76f-ee25-444c-bc9d-c47940cf0794}</destination>
		</relationship>
	</object>
	<object class="EventMixerMaster" id="{f1cf9016-c68f-45cd-8fe6-4ed85d4291b0}">
		<relationship name="effectChain">
			<destination>{e41b60d8-a534-419c-ab15-95fd9b6c737b}</destination>
		</relationship>
		<relationship name="panner">
			<destination>{855057e1-c08e-4e39-907d-991d788ad8b4}</destination>
		</relationship>
		<relationship name="mixer">
			<destination>{c3caed82-2b9f-490d-86db-215c50be8105}</destination>
		</relationship>
	</object>
	<object class="MixerBusEffectChain" id="{f4b2bc09-0679-4bb2-a173-a6c0cbdcbeaf}">
		<relationship name="effects">
			<destination>{aec032c6-4800-46e5-8aca-23321391a38b}</destination>
		</relationship>
	</object>
	<object class="MixerBusPanner" id="{89601974-9527-4b87-8ccb-a7893943bd08}" />
	<object class="MultiSound" id="{d434d76f-ee25-444c-bc9d-c47940cf0794}">
		<property name="length">
			<value>2.6154375000000001</value>
		</property>
		<relationship name="sounds">
			<destination>{cec4ac50-0242-4baf-a35c-cd0531f979b6}</destination>
			<destination>{9606f07a-cb61-4573-ab6b-dd550434068e}</destination>
			<destination>{a9af054e-1a89-40bd-84b4-aa001ee5a756}</destination>
		</relationship>
	</object>
	<object class="EventMixerGroup" id="{6f432ba7-12e4-4826-b867-c4dbb68d1b05}">
		<property name="name">
			<value>Audio 1</value>
		</property>
		<relationship name="effectChain">
			<destination>{cc58cba0-e7c7-4012-a7d7-3bc713d10b49}</destination>
		</relationship>
		<relationship name="panner">
			<destination>{1af676ae-3018-4810-9f28-2b6d1e45b792}</destination>
		</relationship>
		<relationship name="output">
			<destination>{f1cf9016-c68f-45cd-8fe6-4ed85d4291b0}</destination>
		</relationship>
	</object>
	<object class="MixerBusEffectChain" id="{e41b60d8-a534-419c-ab15-95fd9b6c737b}">
		<relationship name="effects">
			<destination>{70db2474-4a45-4828-b04c-5bdadd990f9d}</destination>
		</relationship>
	</object>
	<object class="MixerBusPanner" id="{855057e1-c08e-4e39-907d-991d788ad8b4}" />
	<object class="MixerBusFader" id="{aec032c6-4800-46e5-8aca-23321391a38b}" />
	<object class="SingleSound" id="{cec4ac50-0242-4baf-a35c-cd0531f979b6}">
		<relationship name="audioFile">
			<destination>{624810c2-5cb1-4b44-b663-988d5d1d1e9a}</destination>
		</relationship>
	</object>
	<object class="SingleSound" id="{9606f07a-cb61-4573-ab6b-dd550434068e}">
		<relationship name="audioFile">
			<destination>{a657866a-bdb7-4247-8dfc-6d6cb21d2824}</destination>
		</relationship>
	</object>
	<object class="SingleSound" id="{a9af054e-1a89-40bd-84b4-aa001ee5a756}">
		<relationship name="audioFile">
			<destination>{65393c14-3666-422d-8edc-96111c71b6e8}</destination>
		</relationship>
	</object>
	<object class="MixerBusEffectChain" id="{cc58cba0-e7c7-4012-a7d7-3bc713d10b49}">
		<relationship name="effects">
			<destination>{a5af24c3-7a31-4b28-ae11-a857e6055460}</destination>
		</relationship>
	</object>
	<object class="MixerBusPanner" id="{1af676ae-3018-4810-9f28-2b6d1e45b792}" />
	<object class="MixerBusFader" id="{70db2474-4a45-4828-b04c-5bdadd990f9d}" />
	<object class="MixerBusFader" id="{a5af24c3-7a31-4b28-ae11-a857e6055460}" />
</objects>
