<?xml version="1.0" encoding="UTF-8"?>
<objects serializationModel="Studio.02.01.00">
	<object class="Event" id="{09535cae-3e1e-462b-9a11-da0cae9eea6e}">
		<property name="name">
			<value>Success</value>
		</property>
		<property name="outputFormat">
			<value>0</value>
		</property>
		<relationship name="folder">
			<destination>{ebad91f2-1bfc-4e12-b3d1-fdfc46dc952f}</destination>
		</relationship>
		<relationship name="mixer">
			<destination>{36e08079-fa0c-4e13-919c-bef2e9c9a06c}</destination>
		</relationship>
		<relationship name="masterTrack">
			<destination>{3118cbce-5574-4a20-8c0f-9639c41704c9}</destination>
		</relationship>
		<relationship name="mixerInput">
			<destination>{8b3695c5-e1ae-4c33-9aba-32048904cf7c}</destination>
		</relationship>
		<relationship name="automatableProperties">
			<destination>{7d656b64-2510-4043-9d51-22fcc14e2ae7}</destination>
		</relationship>
		<relationship name="markerTracks">
			<destination>{2f7278f7-6c6c-48b6-8631-ff11a1b52dbd}</destination>
		</relationship>
		<relationship name="groupTracks">
			<destination>{33a47924-f1de-4235-b604-e196e9e67097}</destination>
		</relationship>
		<relationship name="timeline">
			<destination>{8b507280-f38b-4119-9bac-78edafbc0de6}</destination>
		</relationship>
		<relationship name="banks">
			<destination>{8c3f9de4-14c8-4279-a712-2040780fff61}</destination>
		</relationship>
	</object>
	<object class="EventMixer" id="{36e08079-fa0c-4e13-919c-bef2e9c9a06c}">
		<relationship name="masterBus">
			<destination>{affe034c-bb28-4344-87eb-24d6456bd5d6}</destination>
		</relationship>
	</object>
	<object class="MasterTrack" id="{3118cbce-5574-4a20-8c0f-9639c41704c9}">
		<relationship name="mixerGroup">
			<destination>{affe034c-bb28-4344-87eb-24d6456bd5d6}</destination>
		</relationship>
	</object>
	<object class="MixerInput" id="{8b3695c5-e1ae-4c33-9aba-32048904cf7c}">
		<relationship name="effectChain">
			<destination>{76005d7c-4e39-4ee3-968e-766832c88e17}</destination>
		</relationship>
		<relationship name="panner">
			<destination>{31721701-f8be-43d5-8b5c-ae4fbda1249b}</destination>
		</relationship>
		<relationship name="output">
			<destination>{a74bdffc-cbb2-488b-ae3c-038020e1273d}</destination>
		</relationship>
	</object>
	<object class="EventAutomatableProperties" id="{7d656b64-2510-4043-9d51-22fcc14e2ae7}" />
	<object class="MarkerTrack" id="{2f7278f7-6c6c-48b6-8631-ff11a1b52dbd}" />
	<object class="GroupTrack" id="{33a47924-f1de-4235-b604-e196e9e67097}">
		<relationship name="modules">
			<destination>{ee78a348-27f1-40c1-bbc4-5a63f27bc2a5}</destination>
		</relationship>
		<relationship name="mixerGroup">
			<destination>{1c46cf6b-c53d-4c3b-a0df-d8793800f05a}</destination>
		</relationship>
	</object>
	<object class="Timeline" id="{8b507280-f38b-4119-9bac-78edafbc0de6}">
		<relationship name="modules">
			<destination>{ee78a348-27f1-40c1-bbc4-5a63f27bc2a5}</destination>
		</relationship>
	</object>
	<object class="EventMixerMaster" id="{affe034c-bb28-4344-87eb-24d6456bd5d6}">
		<relationship name="effectChain">
			<destination>{f06da165-58c6-48e2-af3e-897d98330404}</destination>
		</relationship>
		<relationship name="panner">
			<destination>{15ccaf3f-e8f3-48b5-9a8c-ae54a7848a8e}</destination>
		</relationship>
		<relationship name="mixer">
			<destination>{36e08079-fa0c-4e13-919c-bef2e9c9a06c}</destination>
		</relationship>
	</object>
	<object class="MixerBusEffectChain" id="{76005d7c-4e39-4ee3-968e-766832c88e17}">
		<relationship name="effects">
			<destination>{856a0aff-8d77-46ef-b62a-4009e4b230e1}</destination>
		</relationship>
	</object>
	<object class="MixerBusPanner" id="{31721701-f8be-43d5-8b5c-ae4fbda1249b}" />
	<object class="MultiSound" id="{ee78a348-27f1-40c1-bbc4-5a63f27bc2a5}">
		<property name="length">
			<value>2.2133958333333332</value>
		</property>
		<relationship name="sounds">
			<destination>{e85cd25a-2157-48e3-8a03-6d5ef9412f65}</destination>
			<destination>{dec64bbd-9768-46c1-91be-48e2ee39d9da}</destination>
			<destination>{dcdcdf67-bd55-464f-bb9d-2fb46741a0f7}</destination>
			<destination>{c85ac9ad-cb3d-4524-944c-4dc5103afa92}</destination>
		</relationship>
	</object>
	<object class="EventMixerGroup" id="{1c46cf6b-c53d-4c3b-a0df-d8793800f05a}">
		<property name="name">
			<value>Audio 1</value>
		</property>
		<relationship name="effectChain">
			<destination>{da443302-172b-4f57-940c-f71a9067c9ab}</destination>
		</relationship>
		<relationship name="panner">
			<destination>{9dd80f08-964b-4205-b59d-ceaea5230710}</destination>
		</relationship>
		<relationship name="output">
			<destination>{affe034c-bb28-4344-87eb-24d6456bd5d6}</destination>
		</relationship>
	</object>
	<object class="MixerBusEffectChain" id="{f06da165-58c6-48e2-af3e-897d98330404}">
		<relationship name="effects">
			<destination>{95e4b31a-14e7-4c41-8e7f-97b6e726c51e}</destination>
		</relationship>
	</object>
	<object class="MixerBusPanner" id="{15ccaf3f-e8f3-48b5-9a8c-ae54a7848a8e}" />
	<object class="MixerBusFader" id="{856a0aff-8d77-46ef-b62a-4009e4b230e1}" />
	<object class="SingleSound" id="{e85cd25a-2157-48e3-8a03-6d5ef9412f65}">
		<relationship name="audioFile">
			<destination>{99a54a63-ad4f-4710-bdce-c58b7c19a218}</destination>
		</relationship>
	</object>
	<object class="SingleSound" id="{dec64bbd-9768-46c1-91be-48e2ee39d9da}">
		<relationship name="audioFile">
			<destination>{56a74163-c19c-4d33-9337-1e6717fdfa5e}</destination>
		</relationship>
	</object>
	<object class="SingleSound" id="{dcdcdf67-bd55-464f-bb9d-2fb46741a0f7}">
		<relationship name="audioFile">
			<destination>{c8d46f55-7205-4b89-8e71-c601c44bba33}</destination>
		</relationship>
	</object>
	<object class="SingleSound" id="{c85ac9ad-cb3d-4524-944c-4dc5103afa92}">
		<relationship name="audioFile">
			<destination>{2b482f69-b253-46ac-b04f-2893f02fbd4e}</destination>
		</relationship>
	</object>
	<object class="MixerBusEffectChain" id="{da443302-172b-4f57-940c-f71a9067c9ab}">
		<relationship name="effects">
			<destination>{26fcc2a1-9109-4361-a7b4-3648da803b0f}</destination>
		</relationship>
	</object>
	<object class="MixerBusPanner" id="{9dd80f08-964b-4205-b59d-ceaea5230710}" />
	<object class="MixerBusFader" id="{95e4b31a-14e7-4c41-8e7f-97b6e726c51e}" />
	<object class="MixerBusFader" id="{26fcc2a1-9109-4361-a7b4-3648da803b0f}" />
</objects>
