<?xml version="1.0" encoding="UTF-8"?>
<objects serializationModel="Studio.02.01.00">
	<object class="Event" id="{095b9b32-c8cd-445b-919a-115ba123ff71}">
		<property name="name">
			<value>Failure</value>
		</property>
		<property name="outputFormat">
			<value>0</value>
		</property>
		<relationship name="folder">
			<destination>{b3eb4479-4f07-47df-8854-708f233ae5d3}</destination>
		</relationship>
		<relationship name="mixer">
			<destination>{211c5925-4cf7-4db4-ab5f-facd83b555ac}</destination>
		</relationship>
		<relationship name="masterTrack">
			<destination>{f60a44c3-e4b2-4503-b292-fcefa1928cf1}</destination>
		</relationship>
		<relationship name="mixerInput">
			<destination>{eb46d8d5-a336-400a-b1d0-990d544b0225}</destination>
		</relationship>
		<relationship name="automatableProperties">
			<destination>{34f788b1-b5b8-4411-8201-d75d1f657481}</destination>
		</relationship>
		<relationship name="markerTracks">
			<destination>{4c3089b5-35a2-4273-9656-0fb928622368}</destination>
		</relationship>
		<relationship name="groupTracks">
			<destination>{ef38113c-dc66-4fcc-8050-4afd8d54054a}</destination>
		</relationship>
		<relationship name="timeline">
			<destination>{d5777ee4-f3aa-4951-a401-2edc184f71b8}</destination>
		</relationship>
		<relationship name="banks">
			<destination>{8c3f9de4-14c8-4279-a712-2040780fff61}</destination>
		</relationship>
	</object>
	<object class="EventMixer" id="{211c5925-4cf7-4db4-ab5f-facd83b555ac}">
		<relationship name="masterBus">
			<destination>{f08ab69b-554c-4026-ad89-b5324445ab23}</destination>
		</relationship>
	</object>
	<object class="MasterTrack" id="{f60a44c3-e4b2-4503-b292-fcefa1928cf1}">
		<relationship name="mixerGroup">
			<destination>{f08ab69b-554c-4026-ad89-b5324445ab23}</destination>
		</relationship>
	</object>
	<object class="MixerInput" id="{eb46d8d5-a336-400a-b1d0-990d544b0225}">
		<relationship name="effectChain">
			<destination>{720aab0b-95ae-46dc-8e97-ae07d32ca38b}</destination>
		</relationship>
		<relationship name="panner">
			<destination>{b2b435c4-246f-40e3-9393-918ee5931b60}</destination>
		</relationship>
		<relationship name="output">
			<destination>{a74bdffc-cbb2-488b-ae3c-038020e1273d}</destination>
		</relationship>
	</object>
	<object class="EventAutomatableProperties" id="{34f788b1-b5b8-4411-8201-d75d1f657481}" />
	<object class="MarkerTrack" id="{4c3089b5-35a2-4273-9656-0fb928622368}" />
	<object class="GroupTrack" id="{ef38113c-dc66-4fcc-8050-4afd8d54054a}">
		<relationship name="modules">
			<destination>{ef2c6d78-3339-4fca-9831-9c8d500550bb}</destination>
		</relationship>
		<relationship name="mixerGroup">
			<destination>{6ac91bab-83d4-42b9-91e8-57c00f845e3c}</destination>
		</relationship>
	</object>
	<object class="Timeline" id="{d5777ee4-f3aa-4951-a401-2edc184f71b8}">
		<relationship name="modules">
			<destination>{ef2c6d78-3339-4fca-9831-9c8d500550bb}</destination>
		</relationship>
	</object>
	<object class="EventMixerMaster" id="{f08ab69b-554c-4026-ad89-b5324445ab23}">
		<relationship name="effectChain">
			<destination>{d36b18d8-fd8f-42c2-a34e-9301ee16e21f}</destination>
		</relationship>
		<relationship name="panner">
			<destination>{318d16c2-bd2f-4683-b18a-6b9202ee7560}</destination>
		</relationship>
		<relationship name="mixer">
			<destination>{211c5925-4cf7-4db4-ab5f-facd83b555ac}</destination>
		</relationship>
	</object>
	<object class="MixerBusEffectChain" id="{720aab0b-95ae-46dc-8e97-ae07d32ca38b}">
		<relationship name="effects">
			<destination>{8a1725f6-0d52-4fea-9537-482c5623ae4f}</destination>
		</relationship>
	</object>
	<object class="MixerBusPanner" id="{b2b435c4-246f-40e3-9393-918ee5931b60}" />
	<object class="MultiSound" id="{ef2c6d78-3339-4fca-9831-9c8d500550bb}">
		<property name="length">
			<value>2.8106666666666666</value>
		</property>
		<relationship name="sounds">
			<destination>{edf033e4-e345-4020-8e5b-fc94c65b5237}</destination>
			<destination>{484f232c-64ee-4638-8bdd-09218a4a7332}</destination>
		</relationship>
	</object>
	<object class="EventMixerGroup" id="{6ac91bab-83d4-42b9-91e8-57c00f845e3c}">
		<property name="name">
			<value>Audio 1</value>
		</property>
		<relationship name="effectChain">
			<destination>{0312a8c4-49ef-4e03-8b89-5177d44aaf09}</destination>
		</relationship>
		<relationship name="panner">
			<destination>{3bbf0165-9832-4c60-bb06-08d223766a9d}</destination>
		</relationship>
		<relationship name="output">
			<destination>{f08ab69b-554c-4026-ad89-b5324445ab23}</destination>
		</relationship>
	</object>
	<object class="MixerBusEffectChain" id="{d36b18d8-fd8f-42c2-a34e-9301ee16e21f}">
		<relationship name="effects">
			<destination>{7e782432-8b96-4fc5-95dc-874212137c05}</destination>
		</relationship>
	</object>
	<object class="MixerBusPanner" id="{318d16c2-bd2f-4683-b18a-6b9202ee7560}" />
	<object class="MixerBusFader" id="{8a1725f6-0d52-4fea-9537-482c5623ae4f}" />
	<object class="SingleSound" id="{edf033e4-e345-4020-8e5b-fc94c65b5237}">
		<relationship name="audioFile">
			<destination>{e479f4c6-02e3-48c7-8c8a-ffc6f856f376}</destination>
		</relationship>
	</object>
	<object class="SingleSound" id="{484f232c-64ee-4638-8bdd-09218a4a7332}">
		<relationship name="audioFile">
			<destination>{69ce669e-a59a-4471-8136-29c4f2e42073}</destination>
		</relationship>
	</object>
	<object class="MixerBusEffectChain" id="{0312a8c4-49ef-4e03-8b89-5177d44aaf09}">
		<relationship name="effects">
			<destination>{a7e1f7bd-19fd-4eb9-9946-9c1c5355f64c}</destination>
		</relationship>
	</object>
	<object class="MixerBusPanner" id="{3bbf0165-9832-4c60-bb06-08d223766a9d}" />
	<object class="MixerBusFader" id="{7e782432-8b96-4fc5-95dc-874212137c05}" />
	<object class="MixerBusFader" id="{a7e1f7bd-19fd-4eb9-9946-9c1c5355f64c}" />
</objects>
