<?xml version="1.0" encoding="UTF-8"?>
<objects serializationModel="Studio.02.01.00">
	<object class="Event" id="{09774b43-7b06-4802-bf01-8c4767bfbd39}">
		<property name="name">
			<value>Success</value>
		</property>
		<property name="outputFormat">
			<value>0</value>
		</property>
		<relationship name="folder">
			<destination>{669abd63-3e8c-4c50-b59c-00755b31a9c0}</destination>
		</relationship>
		<relationship name="mixer">
			<destination>{f4c76d45-aa17-4fa8-9db2-75951f23b115}</destination>
		</relationship>
		<relationship name="masterTrack">
			<destination>{ed57366c-9561-4193-bf91-2cb29ef64804}</destination>
		</relationship>
		<relationship name="mixerInput">
			<destination>{f05ec6db-cb98-4f75-b557-96ad1ad075a6}</destination>
		</relationship>
		<relationship name="automatableProperties">
			<destination>{979257f8-108e-4e4b-8ed3-f6735c7bbc14}</destination>
		</relationship>
		<relationship name="markerTracks">
			<destination>{ec630d6d-fdfc-46e9-97e4-d9e6eaa4819f}</destination>
		</relationship>
		<relationship name="groupTracks">
			<destination>{15bb91be-40ad-43d4-a79c-fe74799c00a8}</destination>
		</relationship>
		<relationship name="timeline">
			<destination>{a222797f-55da-4dc1-8e5a-51d9159e4531}</destination>
		</relationship>
		<relationship name="banks">
			<destination>{8c3f9de4-14c8-4279-a712-2040780fff61}</destination>
		</relationship>
	</object>
	<object class="EventMixer" id="{f4c76d45-aa17-4fa8-9db2-75951f23b115}">
		<relationship name="masterBus">
			<destination>{570598cd-eff0-499d-ad4d-11066f8c7bd4}</destination>
		</relationship>
	</object>
	<object class="MasterTrack" id="{ed57366c-9561-4193-bf91-2cb29ef64804}">
		<relationship name="mixerGroup">
			<destination>{570598cd-eff0-499d-ad4d-11066f8c7bd4}</destination>
		</relationship>
	</object>
	<object class="MixerInput" id="{f05ec6db-cb98-4f75-b557-96ad1ad075a6}">
		<relationship name="effectChain">
			<destination>{ab4465f6-5c79-4257-9915-84d59160bba6}</destination>
		</relationship>
		<relationship name="panner">
			<destination>{948d5b19-7395-4649-85f2-7f472f940cbe}</destination>
		</relationship>
		<relationship name="output">
			<destination>{a74bdffc-cbb2-488b-ae3c-038020e1273d}</destination>
		</relationship>
	</object>
	<object class="EventAutomatableProperties" id="{979257f8-108e-4e4b-8ed3-f6735c7bbc14}" />
	<object class="MarkerTrack" id="{ec630d6d-fdfc-46e9-97e4-d9e6eaa4819f}" />
	<object class="GroupTrack" id="{15bb91be-40ad-43d4-a79c-fe74799c00a8}">
		<relationship name="modules">
			<destination>{f04ad485-4577-4766-b2c5-9de1b3983c36}</destination>
		</relationship>
		<relationship name="mixerGroup">
			<destination>{f434a4ca-ca18-4afb-bc5a-d6a2de63ecf2}</destination>
		</relationship>
	</object>
	<object class="Timeline" id="{a222797f-55da-4dc1-8e5a-51d9159e4531}">
		<relationship name="modules">
			<destination>{f04ad485-4577-4766-b2c5-9de1b3983c36}</destination>
		</relationship>
	</object>
	<object class="EventMixerMaster" id="{570598cd-eff0-499d-ad4d-11066f8c7bd4}">
		<relationship name="effectChain">
			<destination>{c83fcc7c-bb5f-46e3-bf40-3e4c84fbf4ab}</destination>
		</relationship>
		<relationship name="panner">
			<destination>{addd8610-6e5f-478a-a7af-4f77d6c67322}</destination>
		</relationship>
		<relationship name="mixer">
			<destination>{f4c76d45-aa17-4fa8-9db2-75951f23b115}</destination>
		</relationship>
	</object>
	<object class="MixerBusEffectChain" id="{ab4465f6-5c79-4257-9915-84d59160bba6}">
		<relationship name="effects">
			<destination>{849a79ed-c4b1-4f57-ad54-122cacaabeed}</destination>
		</relationship>
	</object>
	<object class="MixerBusPanner" id="{948d5b19-7395-4649-85f2-7f472f940cbe}" />
	<object class="MultiSound" id="{f04ad485-4577-4766-b2c5-9de1b3983c36}">
		<property name="length">
			<value>2.1419999999999999</value>
		</property>
		<relationship name="sounds">
			<destination>{2d7aa1cf-ab42-423c-a188-38836b431a85}</destination>
			<destination>{d10789b2-d0fa-4846-a235-e25460e46f6b}</destination>
			<destination>{dfb9899e-feb1-4ce8-8b61-d3248045461f}</destination>
		</relationship>
	</object>
	<object class="EventMixerGroup" id="{f434a4ca-ca18-4afb-bc5a-d6a2de63ecf2}">
		<property name="name">
			<value>Audio 1</value>
		</property>
		<relationship name="effectChain">
			<destination>{f9775350-19a6-4b19-b158-e6a4a45e975c}</destination>
		</relationship>
		<relationship name="panner">
			<destination>{9a7d0418-1423-4bfa-be8a-0990ecc57626}</destination>
		</relationship>
		<relationship name="output">
			<destination>{570598cd-eff0-499d-ad4d-11066f8c7bd4}</destination>
		</relationship>
	</object>
	<object class="MixerBusEffectChain" id="{c83fcc7c-bb5f-46e3-bf40-3e4c84fbf4ab}">
		<relationship name="effects">
			<destination>{9afe348b-d43f-41d3-983a-c381878758e6}</destination>
		</relationship>
	</object>
	<object class="MixerBusPanner" id="{addd8610-6e5f-478a-a7af-4f77d6c67322}" />
	<object class="MixerBusFader" id="{849a79ed-c4b1-4f57-ad54-122cacaabeed}" />
	<object class="SingleSound" id="{2d7aa1cf-ab42-423c-a188-38836b431a85}">
		<relationship name="audioFile">
			<destination>{ba118c6e-601a-4fc0-8648-43b20f9c1b0b}</destination>
		</relationship>
	</object>
	<object class="SingleSound" id="{d10789b2-d0fa-4846-a235-e25460e46f6b}">
		<relationship name="audioFile">
			<destination>{7d77c20f-db80-4849-9fef-046768ac3068}</destination>
		</relationship>
	</object>
	<object class="SingleSound" id="{dfb9899e-feb1-4ce8-8b61-d3248045461f}">
		<relationship name="audioFile">
			<destination>{9d257879-0442-4318-9eb4-87da22614845}</destination>
		</relationship>
	</object>
	<object class="MixerBusEffectChain" id="{f9775350-19a6-4b19-b158-e6a4a45e975c}">
		<relationship name="effects">
			<destination>{cf2785c5-3cd5-47d7-a930-979ea8b3dc29}</destination>
		</relationship>
	</object>
	<object class="MixerBusPanner" id="{9a7d0418-1423-4bfa-be8a-0990ecc57626}" />
	<object class="MixerBusFader" id="{9afe348b-d43f-41d3-983a-c381878758e6}" />
	<object class="MixerBusFader" id="{cf2785c5-3cd5-47d7-a930-979ea8b3dc29}" />
</objects>
