<?xml version="1.0" encoding="UTF-8"?>
<objects serializationModel="Studio.02.01.00">
	<object class="Event" id="{0980e3e1-9710-493f-a842-27c0c695bab6}">
		<property name="name">
			<value>Success</value>
		</property>
		<property name="outputFormat">
			<value>0</value>
		</property>
		<relationship name="folder">
			<destination>{2f762493-a915-4ea4-849a-ba329951c694}</destination>
		</relationship>
		<relationship name="mixer">
			<destination>{9ce0eae9-8914-4d28-a0d7-a309ed9719c7}</destination>
		</relationship>
		<relationship name="masterTrack">
			<destination>{8de1b2c1-f2fa-477b-8fed-177fdbe31573}</destination>
		</relationship>
		<relationship name="mixerInput">
			<destination>{b97f88ef-5ebc-451b-9cc6-fe864b7a5b46}</destination>
		</relationship>
		<relationship name="automatableProperties">
			<destination>{aea57538-0c42-430d-ae9d-1190deaf13e4}</destination>
		</relationship>
		<relationship name="markerTracks">
			<destination>{ee35d6bb-5adc-4ea3-93ff-d284b1c4561d}</destination>
		</relationship>
		<relationship name="groupTracks">
			<destination>{11e2041d-bbd6-459c-b9de-6fd684b4a7f0}</destination>
		</relationship>
		<relationship name="timeline">
			<destination>{ceff99a3-c7a3-4026-9512-597da521453d}</destination>
		</relationship>
		<relationship name="banks">
			<destination>{8c3f9de4-14c8-4279-a712-2040780fff61}</destination>
		</relationship>
	</object>
	<object class="EventMixer" id="{9ce0eae9-8914-4d28-a0d7-a309ed9719c7}">
		<relationship name="masterBus">
			<destination>{e0a799f7-dbaa-4c51-9fa8-8392d17ffc0c}</destination>
		</relationship>
	</object>
	<object class="MasterTrack" id="{8de1b2c1-f2fa-477b-8fed-177fdbe31573}">
		<relationship name="mixerGroup">
			<destination>{e0a799f7-dbaa-4c51-9fa8-8392d17ffc0c}</destination>
		</relationship>
	</object>
	<object class="MixerInput" id="{b97f88ef-5ebc-451b-9cc6-fe864b7a5b46}">
		<relationship name="effectChain">
			<destination>{9e5d9d8f-19b1-47c4-944e-51ee8f49b8d7}</destination>
		</relationship>
		<relationship name="panner">
			<destination>{aaa1e440-2ba8-4219-b0c7-f0bbedf58246}</destination>
		</relationship>
		<relationship name="output">
			<destination>{a74bdffc-cbb2-488b-ae3c-038020e1273d}</destination>
		</relationship>
	</object>
	<object class="EventAutomatableProperties" id="{aea57538-0c42-430d-ae9d-1190deaf13e4}" />
	<object class="MarkerTrack" id="{ee35d6bb-5adc-4ea3-93ff-d284b1c4561d}" />
	<object class="GroupTrack" id="{11e2041d-bbd6-459c-b9de-6fd684b4a7f0}">
		<relationship name="modules">
			<destination>{67f41ca5-ab68-48d5-a35c-d64afcc3b08a}</destination>
		</relationship>
		<relationship name="mixerGroup">
			<destination>{f3577f54-4178-4621-9ab0-23a1401bf8ad}</destination>
		</relationship>
	</object>
	<object class="Timeline" id="{ceff99a3-c7a3-4026-9512-597da521453d}">
		<relationship name="modules">
			<destination>{67f41ca5-ab68-48d5-a35c-d64afcc3b08a}</destination>
		</relationship>
	</object>
	<object class="EventMixerMaster" id="{e0a799f7-dbaa-4c51-9fa8-8392d17ffc0c}">
		<relationship name="effectChain">
			<destination>{1e900b09-3b32-474e-83bf-229dbab6693c}</destination>
		</relationship>
		<relationship name="panner">
			<destination>{960317d7-35b2-4a54-9838-45a2d6ca5d69}</destination>
		</relationship>
		<relationship name="mixer">
			<destination>{9ce0eae9-8914-4d28-a0d7-a309ed9719c7}</destination>
		</relationship>
	</object>
	<object class="MixerBusEffectChain" id="{9e5d9d8f-19b1-47c4-944e-51ee8f49b8d7}">
		<relationship name="effects">
			<destination>{a78b46ca-5968-4628-87f5-e6bcb63d3e84}</destination>
		</relationship>
	</object>
	<object class="MixerBusPanner" id="{aaa1e440-2ba8-4219-b0c7-f0bbedf58246}" />
	<object class="MultiSound" id="{67f41ca5-ab68-48d5-a35c-d64afcc3b08a}">
		<property name="length">
			<value>2.2665000000000002</value>
		</property>
		<relationship name="sounds">
			<destination>{98b882c3-f237-4321-8fe1-765d85ee9bf8}</destination>
			<destination>{5f9b0e45-5e75-4897-bd36-11660f5dec96}</destination>
			<destination>{54e5e817-dc0a-41cb-8319-e281983250a1}</destination>
			<destination>{fb254ff7-6a88-4406-ad6e-3352e425a1fb}</destination>
			<destination>{2c8e5adb-67e2-4ac6-9904-3649b8de9e35}</destination>
		</relationship>
	</object>
	<object class="EventMixerGroup" id="{f3577f54-4178-4621-9ab0-23a1401bf8ad}">
		<property name="name">
			<value>Audio 1</value>
		</property>
		<relationship name="effectChain">
			<destination>{9349fab0-5a48-44c3-ad18-699fa81f0e26}</destination>
		</relationship>
		<relationship name="panner">
			<destination>{fd6633e8-a6b2-41a1-89ce-dd0745f1c144}</destination>
		</relationship>
		<relationship name="output">
			<destination>{e0a799f7-dbaa-4c51-9fa8-8392d17ffc0c}</destination>
		</relationship>
	</object>
	<object class="MixerBusEffectChain" id="{1e900b09-3b32-474e-83bf-229dbab6693c}">
		<relationship name="effects">
			<destination>{ff6362fc-3894-4ecd-ad4b-7fe16f47341b}</destination>
		</relationship>
	</object>
	<object class="MixerBusPanner" id="{960317d7-35b2-4a54-9838-45a2d6ca5d69}" />
	<object class="MixerBusFader" id="{a78b46ca-5968-4628-87f5-e6bcb63d3e84}" />
	<object class="SingleSound" id="{98b882c3-f237-4321-8fe1-765d85ee9bf8}">
		<relationship name="audioFile">
			<destination>{717df06a-0a39-40dc-861d-f82c0179c80a}</destination>
		</relationship>
	</object>
	<object class="SingleSound" id="{5f9b0e45-5e75-4897-bd36-11660f5dec96}">
		<relationship name="audioFile">
			<destination>{87c79603-be7e-4e3a-b6b0-a877d7b8d897}</destination>
		</relationship>
	</object>
	<object class="SingleSound" id="{54e5e817-dc0a-41cb-8319-e281983250a1}">
		<relationship name="audioFile">
			<destination>{9375113e-06a0-4bfc-95e2-27994e49543f}</destination>
		</relationship>
	</object>
	<object class="SingleSound" id="{fb254ff7-6a88-4406-ad6e-3352e425a1fb}">
		<relationship name="audioFile">
			<destination>{80b0026f-1d5f-40f4-9fc5-9295e8b05512}</destination>
		</relationship>
	</object>
	<object class="SingleSound" id="{2c8e5adb-67e2-4ac6-9904-3649b8de9e35}">
		<relationship name="audioFile">
			<destination>{b7132b25-7c69-418d-9347-b6d7648ee50b}</destination>
		</relationship>
	</object>
	<object class="MixerBusEffectChain" id="{9349fab0-5a48-44c3-ad18-699fa81f0e26}">
		<relationship name="effects">
			<destination>{c6d8ef96-693c-41d6-bf37-da06ea03b25a}</destination>
		</relationship>
	</object>
	<object class="MixerBusPanner" id="{fd6633e8-a6b2-41a1-89ce-dd0745f1c144}" />
	<object class="MixerBusFader" id="{ff6362fc-3894-4ecd-ad4b-7fe16f47341b}" />
	<object class="MixerBusFader" id="{c6d8ef96-693c-41d6-bf37-da06ea03b25a}" />
</objects>
