<?xml version="1.0" encoding="UTF-8"?>
<objects serializationModel="Studio.02.01.00">
	<object class="Event" id="{0997dfdd-aa3b-4b5c-869a-9a3051ad293c}">
		<property name="name">
			<value>MissionCompleted</value>
		</property>
		<property name="outputFormat">
			<value>0</value>
		</property>
		<relationship name="folder">
			<destination>{56882791-b36d-4d45-af97-85f0b8704714}</destination>
		</relationship>
		<relationship name="mixer">
			<destination>{59b63247-bd4b-45a3-8348-6a32cd429e5e}</destination>
		</relationship>
		<relationship name="masterTrack">
			<destination>{bf34c7c7-9906-43a4-bd79-b2cc2758fc4d}</destination>
		</relationship>
		<relationship name="mixerInput">
			<destination>{6c7f1d4b-363b-448e-b20b-af9caf48be87}</destination>
		</relationship>
		<relationship name="automatableProperties">
			<destination>{3e62cf12-bcf5-413f-b4fe-b128afe8fde8}</destination>
		</relationship>
		<relationship name="markerTracks">
			<destination>{728d05f4-46e3-4602-842b-b5b12f63b5aa}</destination>
		</relationship>
		<relationship name="groupTracks">
			<destination>{b4435462-5bda-4f49-b13e-3648325e6b9c}</destination>
		</relationship>
		<relationship name="timeline">
			<destination>{43200cd0-7bae-491c-83ae-be1d317ae92e}</destination>
		</relationship>
		<relationship name="banks">
			<destination>{8c3f9de4-14c8-4279-a712-2040780fff61}</destination>
		</relationship>
	</object>
	<object class="EventMixer" id="{59b63247-bd4b-45a3-8348-6a32cd429e5e}">
		<relationship name="masterBus">
			<destination>{4eddf849-c60e-45be-be32-325f42ff71dd}</destination>
		</relationship>
	</object>
	<object class="MasterTrack" id="{bf34c7c7-9906-43a4-bd79-b2cc2758fc4d}">
		<relationship name="mixerGroup">
			<destination>{4eddf849-c60e-45be-be32-325f42ff71dd}</destination>
		</relationship>
	</object>
	<object class="MixerInput" id="{6c7f1d4b-363b-448e-b20b-af9caf48be87}">
		<relationship name="effectChain">
			<destination>{0c8ec9a3-f53b-4275-9c61-ca922c2ebf9f}</destination>
		</relationship>
		<relationship name="panner">
			<destination>{9bff522e-041e-497f-a117-bc102d321f02}</destination>
		</relationship>
		<relationship name="output">
			<destination>{a74bdffc-cbb2-488b-ae3c-038020e1273d}</destination>
		</relationship>
	</object>
	<object class="EventAutomatableProperties" id="{3e62cf12-bcf5-413f-b4fe-b128afe8fde8}" />
	<object class="MarkerTrack" id="{728d05f4-46e3-4602-842b-b5b12f63b5aa}" />
	<object class="GroupTrack" id="{b4435462-5bda-4f49-b13e-3648325e6b9c}">
		<relationship name="modules">
			<destination>{9ca75fed-ca05-4b5d-9ba5-e5e2474e33ca}</destination>
		</relationship>
		<relationship name="mixerGroup">
			<destination>{6d4bfca3-8666-445d-830d-07b6a795ec70}</destination>
		</relationship>
	</object>
	<object class="Timeline" id="{43200cd0-7bae-491c-83ae-be1d317ae92e}">
		<relationship name="modules">
			<destination>{9ca75fed-ca05-4b5d-9ba5-e5e2474e33ca}</destination>
		</relationship>
	</object>
	<object class="EventMixerMaster" id="{4eddf849-c60e-45be-be32-325f42ff71dd}">
		<relationship name="effectChain">
			<destination>{d1f46253-1ca7-4722-a17e-973e7d294be7}</destination>
		</relationship>
		<relationship name="panner">
			<destination>{e177a0ce-1495-4a05-8279-acc230be654d}</destination>
		</relationship>
		<relationship name="mixer">
			<destination>{59b63247-bd4b-45a3-8348-6a32cd429e5e}</destination>
		</relationship>
	</object>
	<object class="MixerBusEffectChain" id="{0c8ec9a3-f53b-4275-9c61-ca922c2ebf9f}">
		<relationship name="effects">
			<destination>{96e1f6c0-d6e0-40d7-b2b8-de7a86974fe4}</destination>
		</relationship>
	</object>
	<object class="MixerBusPanner" id="{9bff522e-041e-497f-a117-bc102d321f02}" />
	<object class="MultiSound" id="{9ca75fed-ca05-4b5d-9ba5-e5e2474e33ca}">
		<property name="length">
			<value>2.1062916666666665</value>
		</property>
		<relationship name="sounds">
			<destination>{06bdc07e-75c9-4547-a258-a0377d864c78}</destination>
			<destination>{72431c6a-cd3f-4784-8856-a87ec4ce5f0f}</destination>
			<destination>{7e10620f-1724-4223-8459-40045aef4295}</destination>
			<destination>{b0ce25e7-76a3-4a65-99a7-425b2365ad8f}</destination>
		</relationship>
	</object>
	<object class="EventMixerGroup" id="{6d4bfca3-8666-445d-830d-07b6a795ec70}">
		<property name="name">
			<value>Audio 1</value>
		</property>
		<relationship name="effectChain">
			<destination>{826007aa-b805-47ab-babf-b42da8396d69}</destination>
		</relationship>
		<relationship name="panner">
			<destination>{fee826c7-234e-4556-945b-947d44d7caaf}</destination>
		</relationship>
		<relationship name="output">
			<destination>{4eddf849-c60e-45be-be32-325f42ff71dd}</destination>
		</relationship>
	</object>
	<object class="MixerBusEffectChain" id="{d1f46253-1ca7-4722-a17e-973e7d294be7}">
		<relationship name="effects">
			<destination>{2c310273-6cfe-4141-80ed-3d94368da7c6}</destination>
		</relationship>
	</object>
	<object class="MixerBusPanner" id="{e177a0ce-1495-4a05-8279-acc230be654d}" />
	<object class="MixerBusFader" id="{96e1f6c0-d6e0-40d7-b2b8-de7a86974fe4}" />
	<object class="SingleSound" id="{06bdc07e-75c9-4547-a258-a0377d864c78}">
		<relationship name="audioFile">
			<destination>{71f2706b-761d-4dd8-ace5-1a5b5c10d56d}</destination>
		</relationship>
	</object>
	<object class="SingleSound" id="{72431c6a-cd3f-4784-8856-a87ec4ce5f0f}">
		<relationship name="audioFile">
			<destination>{473bf17a-87de-45de-af80-38291638cd1c}</destination>
		</relationship>
	</object>
	<object class="SingleSound" id="{7e10620f-1724-4223-8459-40045aef4295}">
		<relationship name="audioFile">
			<destination>{def3652d-5e4e-4feb-a23a-5e89e4040f7e}</destination>
		</relationship>
	</object>
	<object class="SingleSound" id="{b0ce25e7-76a3-4a65-99a7-425b2365ad8f}">
		<relationship name="audioFile">
			<destination>{b5532b76-3569-42ee-994f-5e2386cd38d5}</destination>
		</relationship>
	</object>
	<object class="MixerBusEffectChain" id="{826007aa-b805-47ab-babf-b42da8396d69}">
		<relationship name="effects">
			<destination>{d4018155-2450-4979-9473-1d629ab6654b}</destination>
		</relationship>
	</object>
	<object class="MixerBusPanner" id="{fee826c7-234e-4556-945b-947d44d7caaf}" />
	<object class="MixerBusFader" id="{2c310273-6cfe-4141-80ed-3d94368da7c6}" />
	<object class="MixerBusFader" id="{d4018155-2450-4979-9473-1d629ab6654b}" />
</objects>
