<?xml version="1.0" encoding="UTF-8"?>
<objects serializationModel="Studio.02.01.00">
	<object class="Event" id="{09beed72-945e-45b2-8ad0-40ff51f9ef66}">
		<property name="name">
			<value>Assigned</value>
		</property>
		<property name="outputFormat">
			<value>0</value>
		</property>
		<relationship name="folder">
			<destination>{597e6d79-b657-4457-b152-0a054a940021}</destination>
		</relationship>
		<relationship name="mixer">
			<destination>{cb23ebf9-f589-4326-9a80-2c088fc2525e}</destination>
		</relationship>
		<relationship name="masterTrack">
			<destination>{39c38261-c3c4-4333-ae8a-b878aa5cbd93}</destination>
		</relationship>
		<relationship name="mixerInput">
			<destination>{fb1481a7-f38c-48b4-b136-35fdb3b87905}</destination>
		</relationship>
		<relationship name="automatableProperties">
			<destination>{c19dafb7-21a0-4807-8faa-50b448067386}</destination>
		</relationship>
		<relationship name="markerTracks">
			<destination>{ebd8e388-28e9-49c5-9501-a0eaa2443dd7}</destination>
		</relationship>
		<relationship name="groupTracks">
			<destination>{1fc44726-23e8-4023-99a0-8e5d9e3027c4}</destination>
		</relationship>
		<relationship name="timeline">
			<destination>{ebfee452-97c1-43db-bad1-a4c454c1db16}</destination>
		</relationship>
		<relationship name="banks">
			<destination>{8c3f9de4-14c8-4279-a712-2040780fff61}</destination>
		</relationship>
	</object>
	<object class="EventMixer" id="{cb23ebf9-f589-4326-9a80-2c088fc2525e}">
		<relationship name="masterBus">
			<destination>{9c8d2c2b-3ae6-46b2-af27-ac3b09438308}</destination>
		</relationship>
	</object>
	<object class="MasterTrack" id="{39c38261-c3c4-4333-ae8a-b878aa5cbd93}">
		<relationship name="mixerGroup">
			<destination>{9c8d2c2b-3ae6-46b2-af27-ac3b09438308}</destination>
		</relationship>
	</object>
	<object class="MixerInput" id="{fb1481a7-f38c-48b4-b136-35fdb3b87905}">
		<relationship name="effectChain">
			<destination>{2db379e3-e4f6-4960-80d3-4e0fb8367c94}</destination>
		</relationship>
		<relationship name="panner">
			<destination>{57ce59c0-838c-44e5-a4a7-28dcbc217929}</destination>
		</relationship>
		<relationship name="output">
			<destination>{a74bdffc-cbb2-488b-ae3c-038020e1273d}</destination>
		</relationship>
	</object>
	<object class="EventAutomatableProperties" id="{c19dafb7-21a0-4807-8faa-50b448067386}" />
	<object class="MarkerTrack" id="{ebd8e388-28e9-49c5-9501-a0eaa2443dd7}" />
	<object class="GroupTrack" id="{1fc44726-23e8-4023-99a0-8e5d9e3027c4}">
		<relationship name="modules">
			<destination>{0f78def3-05ed-4121-9c5f-8a200d74c6b3}</destination>
		</relationship>
		<relationship name="mixerGroup">
			<destination>{d3722edb-94eb-4c7c-ada4-8b36d217569f}</destination>
		</relationship>
	</object>
	<object class="Timeline" id="{ebfee452-97c1-43db-bad1-a4c454c1db16}">
		<relationship name="modules">
			<destination>{0f78def3-05ed-4121-9c5f-8a200d74c6b3}</destination>
		</relationship>
	</object>
	<object class="EventMixerMaster" id="{9c8d2c2b-3ae6-46b2-af27-ac3b09438308}">
		<relationship name="effectChain">
			<destination>{ad4174a8-e3a1-4ffe-9991-981344341127}</destination>
		</relationship>
		<relationship name="panner">
			<destination>{f7e3746d-f402-4608-832d-a387b11a1413}</destination>
		</relationship>
		<relationship name="mixer">
			<destination>{cb23ebf9-f589-4326-9a80-2c088fc2525e}</destination>
		</relationship>
	</object>
	<object class="MixerBusEffectChain" id="{2db379e3-e4f6-4960-80d3-4e0fb8367c94}">
		<relationship name="effects">
			<destination>{1f2be0ca-9700-469e-b4d5-e33d1e74035c}</destination>
		</relationship>
	</object>
	<object class="MixerBusPanner" id="{57ce59c0-838c-44e5-a4a7-28dcbc217929}" />
	<object class="MultiSound" id="{0f78def3-05ed-4121-9c5f-8a200d74c6b3}">
		<property name="length">
			<value>2.4726666666666666</value>
		</property>
		<relationship name="sounds">
			<destination>{104e7ffb-8c9a-4989-b2b0-922ec19b79f6}</destination>
			<destination>{b8f24a47-cdcf-4b28-88c5-3196d403a4ad}</destination>
			<destination>{07509e27-b5d3-49e2-a14d-8c60f9013000}</destination>
			<destination>{e3122f40-848d-4917-8814-ed6dc8253d48}</destination>
			<destination>{44aa2f1f-df45-466a-ac2d-c7ca1cfee2f6}</destination>
		</relationship>
	</object>
	<object class="EventMixerGroup" id="{d3722edb-94eb-4c7c-ada4-8b36d217569f}">
		<property name="name">
			<value>Audio 1</value>
		</property>
		<relationship name="effectChain">
			<destination>{635874eb-2a8c-4b8b-a616-6008b2261fe0}</destination>
		</relationship>
		<relationship name="panner">
			<destination>{a293742b-1ddd-43b5-a051-dd19b33f44c7}</destination>
		</relationship>
		<relationship name="output">
			<destination>{9c8d2c2b-3ae6-46b2-af27-ac3b09438308}</destination>
		</relationship>
	</object>
	<object class="MixerBusEffectChain" id="{ad4174a8-e3a1-4ffe-9991-981344341127}">
		<relationship name="effects">
			<destination>{3c400b5e-2a50-4bf7-9788-c45cacce5de4}</destination>
		</relationship>
	</object>
	<object class="MixerBusPanner" id="{f7e3746d-f402-4608-832d-a387b11a1413}" />
	<object class="MixerBusFader" id="{1f2be0ca-9700-469e-b4d5-e33d1e74035c}" />
	<object class="SingleSound" id="{104e7ffb-8c9a-4989-b2b0-922ec19b79f6}">
		<relationship name="audioFile">
			<destination>{ba55a28f-23f4-489f-bd43-d02dda3cd388}</destination>
		</relationship>
	</object>
	<object class="SingleSound" id="{b8f24a47-cdcf-4b28-88c5-3196d403a4ad}">
		<relationship name="audioFile">
			<destination>{5f343022-c184-4ed7-92b7-ad84b1bb27b2}</destination>
		</relationship>
	</object>
	<object class="SingleSound" id="{07509e27-b5d3-49e2-a14d-8c60f9013000}">
		<relationship name="audioFile">
			<destination>{636c23d4-50dd-4468-97c8-1549e4e62aad}</destination>
		</relationship>
	</object>
	<object class="SingleSound" id="{e3122f40-848d-4917-8814-ed6dc8253d48}">
		<relationship name="audioFile">
			<destination>{45cd2d69-d1ec-431b-9077-b8ab6005bb15}</destination>
		</relationship>
	</object>
	<object class="SingleSound" id="{44aa2f1f-df45-466a-ac2d-c7ca1cfee2f6}">
		<relationship name="audioFile">
			<destination>{2f54d123-cf13-4d48-a861-8c0e11a46818}</destination>
		</relationship>
	</object>
	<object class="MixerBusEffectChain" id="{635874eb-2a8c-4b8b-a616-6008b2261fe0}">
		<relationship name="effects">
			<destination>{9d9db248-e6b6-4967-aef7-8f7f5e352f35}</destination>
		</relationship>
	</object>
	<object class="MixerBusPanner" id="{a293742b-1ddd-43b5-a051-dd19b33f44c7}" />
	<object class="MixerBusFader" id="{3c400b5e-2a50-4bf7-9788-c45cacce5de4}" />
	<object class="MixerBusFader" id="{9d9db248-e6b6-4967-aef7-8f7f5e352f35}" />
</objects>
