<?xml version="1.0" encoding="UTF-8"?>
<objects serializationModel="Studio.02.01.00">
	<object class="Event" id="{09b8f028-dd4f-4301-999a-b2d3ea4cd2d2}">
		<property name="name">
			<value>TechQuote_AntimatterWeaponry</value>
		</property>
		<property name="outputFormat">
			<value>0</value>
		</property>
		<relationship name="folder">
			<destination>{158ad337-8269-4a32-865c-d3c458683eff}</destination>
		</relationship>
		<relationship name="mixer">
			<destination>{d798b15f-9148-4193-a7ee-7d50dd8a39fa}</destination>
		</relationship>
		<relationship name="masterTrack">
			<destination>{364a8716-b773-4bf0-92b6-076fbb3ba8d4}</destination>
		</relationship>
		<relationship name="mixerInput">
			<destination>{82822920-eeea-4959-a0bf-53786b40b3ce}</destination>
		</relationship>
		<relationship name="automatableProperties">
			<destination>{b7dfb690-f711-439a-9b9f-412a875af32d}</destination>
		</relationship>
		<relationship name="markerTracks">
			<destination>{41a69bc4-1643-4f1f-affb-be4e43cde743}</destination>
		</relationship>
		<relationship name="groupTracks">
			<destination>{0b923c42-e3f0-48f5-9513-739a2ab5b060}</destination>
		</relationship>
		<relationship name="timeline">
			<destination>{63743d0f-86f6-49d2-b2a5-de114ec16a99}</destination>
		</relationship>
		<relationship name="banks">
			<destination>{8c3f9de4-14c8-4279-a712-2040780fff61}</destination>
		</relationship>
	</object>
	<object class="EventMixer" id="{d798b15f-9148-4193-a7ee-7d50dd8a39fa}">
		<relationship name="masterBus">
			<destination>{fda1a6ac-910c-43d2-b1ee-120ccaca4694}</destination>
		</relationship>
	</object>
	<object class="MasterTrack" id="{364a8716-b773-4bf0-92b6-076fbb3ba8d4}">
		<relationship name="mixerGroup">
			<destination>{fda1a6ac-910c-43d2-b1ee-120ccaca4694}</destination>
		</relationship>
	</object>
	<object class="MixerInput" id="{82822920-eeea-4959-a0bf-53786b40b3ce}">
		<relationship name="effectChain">
			<destination>{c7b78bb3-23d3-4c16-956a-3247140d24bb}</destination>
		</relationship>
		<relationship name="panner">
			<destination>{48eaec70-ac96-48f0-8907-c1e79da4938f}</destination>
		</relationship>
		<relationship name="output">
			<destination>{a74bdffc-cbb2-488b-ae3c-038020e1273d}</destination>
		</relationship>
	</object>
	<object class="EventAutomatableProperties" id="{b7dfb690-f711-439a-9b9f-412a875af32d}" />
	<object class="MarkerTrack" id="{41a69bc4-1643-4f1f-affb-be4e43cde743}" />
	<object class="GroupTrack" id="{0b923c42-e3f0-48f5-9513-739a2ab5b060}">
		<relationship name="modules">
			<destination>{6d780435-7953-454d-81f1-20d102b98e80}</destination>
		</relationship>
		<relationship name="mixerGroup">
			<destination>{6904ce04-9528-46e2-ae64-735b2d3be738}</destination>
		</relationship>
	</object>
	<object class="Timeline" id="{63743d0f-86f6-49d2-b2a5-de114ec16a99}">
		<relationship name="modules">
			<destination>{6d780435-7953-454d-81f1-20d102b98e80}</destination>
		</relationship>
	</object>
	<object class="EventMixerMaster" id="{fda1a6ac-910c-43d2-b1ee-120ccaca4694}">
		<relationship name="effectChain">
			<destination>{1e3345f6-e95b-4e35-8aa1-bf6f7438aaae}</destination>
		</relationship>
		<relationship name="panner">
			<destination>{005f0089-5d1e-4311-8583-70e411e89197}</destination>
		</relationship>
		<relationship name="mixer">
			<destination>{d798b15f-9148-4193-a7ee-7d50dd8a39fa}</destination>
		</relationship>
	</object>
	<object class="MixerBusEffectChain" id="{c7b78bb3-23d3-4c16-956a-3247140d24bb}">
		<relationship name="effects">
			<destination>{016b8136-db89-4d74-8f2a-12dcdbddf876}</destination>
		</relationship>
	</object>
	<object class="MixerBusPanner" id="{48eaec70-ac96-48f0-8907-c1e79da4938f}" />
	<object class="SingleSound" id="{6d780435-7953-454d-81f1-20d102b98e80}">
		<property name="length">
			<value>22.9073125</value>
		</property>
		<relationship name="audioFile">
			<destination>{09e82be7-b6a9-44a3-aa64-1a650efbdca7}</destination>
		</relationship>
	</object>
	<object class="EventMixerGroup" id="{6904ce04-9528-46e2-ae64-735b2d3be738}">
		<property name="name">
			<value>Audio 1</value>
		</property>
		<relationship name="effectChain">
			<destination>{81e7684a-a223-4185-a5b7-3147b1da051d}</destination>
		</relationship>
		<relationship name="panner">
			<destination>{c9eecdc7-a96f-4628-8896-c8a1a0d47522}</destination>
		</relationship>
		<relationship name="output">
			<destination>{fda1a6ac-910c-43d2-b1ee-120ccaca4694}</destination>
		</relationship>
	</object>
	<object class="MixerBusEffectChain" id="{1e3345f6-e95b-4e35-8aa1-bf6f7438aaae}">
		<relationship name="effects">
			<destination>{d37bff9b-e267-4b9e-8d68-c9497a41d707}</destination>
		</relationship>
	</object>
	<object class="MixerBusPanner" id="{005f0089-5d1e-4311-8583-70e411e89197}" />
	<object class="MixerBusFader" id="{016b8136-db89-4d74-8f2a-12dcdbddf876}" />
	<object class="MixerBusEffectChain" id="{81e7684a-a223-4185-a5b7-3147b1da051d}">
		<relationship name="effects">
			<destination>{f1b4dd9d-c32c-439c-b357-3fc268fcb6e0}</destination>
		</relationship>
	</object>
	<object class="MixerBusPanner" id="{c9eecdc7-a96f-4628-8896-c8a1a0d47522}" />
	<object class="MixerBusFader" id="{d37bff9b-e267-4b9e-8d68-c9497a41d707}" />
	<object class="MixerBusFader" id="{f1b4dd9d-c32c-439c-b357-3fc268fcb6e0}" />
</objects>
