<?xml version="1.0" encoding="UTF-8"?>
<objects serializationModel="Studio.02.01.00">
	<object class="Event" id="{09befcb6-4849-4dbb-88ab-0fdf026363da}">
		<property name="name">
			<value>Assigned</value>
		</property>
		<property name="outputFormat">
			<value>0</value>
		</property>
		<relationship name="folder">
			<destination>{96887b26-6476-4cec-ab5d-b44c6e7290db}</destination>
		</relationship>
		<relationship name="mixer">
			<destination>{2f266ff9-6ebe-4bcb-8d4a-b9532a856456}</destination>
		</relationship>
		<relationship name="masterTrack">
			<destination>{a4e59529-1c7c-41db-af21-a81ac1d513d4}</destination>
		</relationship>
		<relationship name="mixerInput">
			<destination>{a614f91f-9e4d-4e81-9d37-6c625ba948c9}</destination>
		</relationship>
		<relationship name="automatableProperties">
			<destination>{2b74f39b-2caa-4f85-8afe-fa099851453f}</destination>
		</relationship>
		<relationship name="markerTracks">
			<destination>{baa51b80-3a78-4bcd-b89d-8baa4a501de6}</destination>
		</relationship>
		<relationship name="groupTracks">
			<destination>{3a39a66a-ac7b-4750-a6ce-e520df63f95a}</destination>
		</relationship>
		<relationship name="timeline">
			<destination>{18ee1907-a1f3-49f0-8fe9-4bd8f5aef049}</destination>
		</relationship>
		<relationship name="banks">
			<destination>{8c3f9de4-14c8-4279-a712-2040780fff61}</destination>
		</relationship>
	</object>
	<object class="EventMixer" id="{2f266ff9-6ebe-4bcb-8d4a-b9532a856456}">
		<relationship name="masterBus">
			<destination>{46963ac7-2577-4d0b-bdd7-cbfc0ba88135}</destination>
		</relationship>
	</object>
	<object class="MasterTrack" id="{a4e59529-1c7c-41db-af21-a81ac1d513d4}">
		<relationship name="mixerGroup">
			<destination>{46963ac7-2577-4d0b-bdd7-cbfc0ba88135}</destination>
		</relationship>
	</object>
	<object class="MixerInput" id="{a614f91f-9e4d-4e81-9d37-6c625ba948c9}">
		<relationship name="effectChain">
			<destination>{f1e849b9-235d-433d-af8a-4880aa665d9e}</destination>
		</relationship>
		<relationship name="panner">
			<destination>{edc9e1f9-215b-4793-ad2d-caef15f6ce41}</destination>
		</relationship>
		<relationship name="output">
			<destination>{a74bdffc-cbb2-488b-ae3c-038020e1273d}</destination>
		</relationship>
	</object>
	<object class="EventAutomatableProperties" id="{2b74f39b-2caa-4f85-8afe-fa099851453f}" />
	<object class="MarkerTrack" id="{baa51b80-3a78-4bcd-b89d-8baa4a501de6}" />
	<object class="GroupTrack" id="{3a39a66a-ac7b-4750-a6ce-e520df63f95a}">
		<relationship name="modules">
			<destination>{d9ca189c-97d8-4a15-9423-256b20499667}</destination>
		</relationship>
		<relationship name="mixerGroup">
			<destination>{4c7dbef7-bc3c-4505-8fe8-ca068949d35a}</destination>
		</relationship>
	</object>
	<object class="Timeline" id="{18ee1907-a1f3-49f0-8fe9-4bd8f5aef049}">
		<relationship name="modules">
			<destination>{d9ca189c-97d8-4a15-9423-256b20499667}</destination>
		</relationship>
	</object>
	<object class="EventMixerMaster" id="{46963ac7-2577-4d0b-bdd7-cbfc0ba88135}">
		<relationship name="effectChain">
			<destination>{9376c324-e36d-46b8-b0a8-5f9b04eb65e7}</destination>
		</relationship>
		<relationship name="panner">
			<destination>{f3f26f85-26e2-4a15-b846-c793f1c371a2}</destination>
		</relationship>
		<relationship name="mixer">
			<destination>{2f266ff9-6ebe-4bcb-8d4a-b9532a856456}</destination>
		</relationship>
	</object>
	<object class="MixerBusEffectChain" id="{f1e849b9-235d-433d-af8a-4880aa665d9e}">
		<relationship name="effects">
			<destination>{bd8d30a9-8d1e-4fa5-9a40-2a64793d6390}</destination>
		</relationship>
	</object>
	<object class="MixerBusPanner" id="{edc9e1f9-215b-4793-ad2d-caef15f6ce41}" />
	<object class="MultiSound" id="{d9ca189c-97d8-4a15-9423-256b20499667}">
		<property name="length">
			<value>1.6512916666666666</value>
		</property>
		<relationship name="sounds">
			<destination>{d22d4afb-5111-4e6f-b67a-15962381de6e}</destination>
			<destination>{407dbe67-5e30-429c-8a27-073b9231efc9}</destination>
			<destination>{ebaa73c0-2e47-4e3d-abb2-695109c83f34}</destination>
		</relationship>
	</object>
	<object class="EventMixerGroup" id="{4c7dbef7-bc3c-4505-8fe8-ca068949d35a}">
		<property name="name">
			<value>Audio 1</value>
		</property>
		<relationship name="effectChain">
			<destination>{dd4d236b-b720-48c8-98d6-12896f6433be}</destination>
		</relationship>
		<relationship name="panner">
			<destination>{673a4501-d331-41a3-bc0a-1f75f4b919ed}</destination>
		</relationship>
		<relationship name="output">
			<destination>{46963ac7-2577-4d0b-bdd7-cbfc0ba88135}</destination>
		</relationship>
	</object>
	<object class="MixerBusEffectChain" id="{9376c324-e36d-46b8-b0a8-5f9b04eb65e7}">
		<relationship name="effects">
			<destination>{6017c8af-e334-466a-a174-0d1d9ddebeab}</destination>
		</relationship>
	</object>
	<object class="MixerBusPanner" id="{f3f26f85-26e2-4a15-b846-c793f1c371a2}" />
	<object class="MixerBusFader" id="{bd8d30a9-8d1e-4fa5-9a40-2a64793d6390}" />
	<object class="SingleSound" id="{d22d4afb-5111-4e6f-b67a-15962381de6e}">
		<relationship name="audioFile">
			<destination>{87cbbb8f-afcc-4da9-9526-8c3274f9b40a}</destination>
		</relationship>
	</object>
	<object class="SingleSound" id="{407dbe67-5e30-429c-8a27-073b9231efc9}">
		<relationship name="audioFile">
			<destination>{e267918c-8125-41f5-bd1e-84c7b20caf24}</destination>
		</relationship>
	</object>
	<object class="SingleSound" id="{ebaa73c0-2e47-4e3d-abb2-695109c83f34}">
		<relationship name="audioFile">
			<destination>{b16415cf-1d02-41e0-b51b-522937a216bb}</destination>
		</relationship>
	</object>
	<object class="MixerBusEffectChain" id="{dd4d236b-b720-48c8-98d6-12896f6433be}">
		<relationship name="effects">
			<destination>{29561987-cb6f-4579-95f4-b9b0e02883b9}</destination>
		</relationship>
	</object>
	<object class="MixerBusPanner" id="{673a4501-d331-41a3-bc0a-1f75f4b919ed}" />
	<object class="MixerBusFader" id="{6017c8af-e334-466a-a174-0d1d9ddebeab}" />
	<object class="MixerBusFader" id="{29561987-cb6f-4579-95f4-b9b0e02883b9}" />
</objects>
