<?xml version="1.0" encoding="UTF-8"?>
<objects serializationModel="Studio.02.01.00">
	<object class="Event" id="{09c4ea26-8d2b-4100-9f8c-0a309b560a47}">
		<property name="name">
			<value>Success</value>
		</property>
		<property name="outputFormat">
			<value>0</value>
		</property>
		<relationship name="folder">
			<destination>{ac7c247d-5404-4cf9-b845-e701b9f7dbcc}</destination>
		</relationship>
		<relationship name="mixer">
			<destination>{0ecc9096-5cdb-47bd-b945-62bd4fe1969b}</destination>
		</relationship>
		<relationship name="masterTrack">
			<destination>{5271a75b-ce86-4e37-9071-304920ac3ebc}</destination>
		</relationship>
		<relationship name="mixerInput">
			<destination>{6a8796f6-febd-43a0-80f2-136acdf95759}</destination>
		</relationship>
		<relationship name="automatableProperties">
			<destination>{b285e599-facd-4455-b67b-6189ef375fdd}</destination>
		</relationship>
		<relationship name="markerTracks">
			<destination>{e47f580e-26a0-4bcf-8dc7-126873eac17b}</destination>
		</relationship>
		<relationship name="groupTracks">
			<destination>{553cda36-3f16-4b1c-9280-01b6fb73c43a}</destination>
		</relationship>
		<relationship name="timeline">
			<destination>{6c164eb1-0112-4735-bc3c-88012327ef75}</destination>
		</relationship>
		<relationship name="banks">
			<destination>{8c3f9de4-14c8-4279-a712-2040780fff61}</destination>
		</relationship>
	</object>
	<object class="EventMixer" id="{0ecc9096-5cdb-47bd-b945-62bd4fe1969b}">
		<relationship name="masterBus">
			<destination>{18e8370b-323a-4902-8f26-011578a9d081}</destination>
		</relationship>
	</object>
	<object class="MasterTrack" id="{5271a75b-ce86-4e37-9071-304920ac3ebc}">
		<relationship name="mixerGroup">
			<destination>{18e8370b-323a-4902-8f26-011578a9d081}</destination>
		</relationship>
	</object>
	<object class="MixerInput" id="{6a8796f6-febd-43a0-80f2-136acdf95759}">
		<relationship name="effectChain">
			<destination>{75067e35-6c7b-4124-8e0b-8ba2f37c512d}</destination>
		</relationship>
		<relationship name="panner">
			<destination>{6fb1491f-4a55-42c9-ba70-0394c0962caf}</destination>
		</relationship>
		<relationship name="output">
			<destination>{a74bdffc-cbb2-488b-ae3c-038020e1273d}</destination>
		</relationship>
	</object>
	<object class="EventAutomatableProperties" id="{b285e599-facd-4455-b67b-6189ef375fdd}" />
	<object class="MarkerTrack" id="{e47f580e-26a0-4bcf-8dc7-126873eac17b}" />
	<object class="GroupTrack" id="{553cda36-3f16-4b1c-9280-01b6fb73c43a}">
		<relationship name="modules">
			<destination>{f8f8768a-1384-4797-8ae7-f90d82eb9d80}</destination>
		</relationship>
		<relationship name="mixerGroup">
			<destination>{31f922ee-38b3-4ecf-a057-14e9c3cd0059}</destination>
		</relationship>
	</object>
	<object class="Timeline" id="{6c164eb1-0112-4735-bc3c-88012327ef75}">
		<relationship name="modules">
			<destination>{f8f8768a-1384-4797-8ae7-f90d82eb9d80}</destination>
		</relationship>
	</object>
	<object class="EventMixerMaster" id="{18e8370b-323a-4902-8f26-011578a9d081}">
		<relationship name="effectChain">
			<destination>{c62a7256-3f5c-468c-8adf-afb0bbfdb7cf}</destination>
		</relationship>
		<relationship name="panner">
			<destination>{ef4ad317-e58a-4542-8450-eb88d4e6ced9}</destination>
		</relationship>
		<relationship name="mixer">
			<destination>{0ecc9096-5cdb-47bd-b945-62bd4fe1969b}</destination>
		</relationship>
	</object>
	<object class="MixerBusEffectChain" id="{75067e35-6c7b-4124-8e0b-8ba2f37c512d}">
		<relationship name="effects">
			<destination>{ba590f44-0309-4fe1-8842-5d00a88b22a0}</destination>
		</relationship>
	</object>
	<object class="MixerBusPanner" id="{6fb1491f-4a55-42c9-ba70-0394c0962caf}" />
	<object class="MultiSound" id="{f8f8768a-1384-4797-8ae7-f90d82eb9d80}">
		<property name="length">
			<value>2.4959791666666669</value>
		</property>
		<relationship name="sounds">
			<destination>{754d1e09-afff-42f7-acb5-3dfd82741029}</destination>
			<destination>{cfb9464c-aa37-4415-946d-e74fa6f4385c}</destination>
		</relationship>
	</object>
	<object class="EventMixerGroup" id="{31f922ee-38b3-4ecf-a057-14e9c3cd0059}">
		<property name="name">
			<value>Audio 1</value>
		</property>
		<relationship name="effectChain">
			<destination>{3a6cc2ab-c990-4e83-9116-a6066e56d3bc}</destination>
		</relationship>
		<relationship name="panner">
			<destination>{35b95bc4-3d99-4874-b30f-16348dbcd741}</destination>
		</relationship>
		<relationship name="output">
			<destination>{18e8370b-323a-4902-8f26-011578a9d081}</destination>
		</relationship>
	</object>
	<object class="MixerBusEffectChain" id="{c62a7256-3f5c-468c-8adf-afb0bbfdb7cf}">
		<relationship name="effects">
			<destination>{ec7ecddf-6c23-4d60-9a42-eddb7522ddb2}</destination>
		</relationship>
	</object>
	<object class="MixerBusPanner" id="{ef4ad317-e58a-4542-8450-eb88d4e6ced9}" />
	<object class="MixerBusFader" id="{ba590f44-0309-4fe1-8842-5d00a88b22a0}" />
	<object class="SingleSound" id="{754d1e09-afff-42f7-acb5-3dfd82741029}">
		<relationship name="audioFile">
			<destination>{f44bd596-93f4-47c5-a50d-88b79e712d90}</destination>
		</relationship>
	</object>
	<object class="SingleSound" id="{cfb9464c-aa37-4415-946d-e74fa6f4385c}">
		<relationship name="audioFile">
			<destination>{9ee81709-22f7-4b48-b615-988b397ced41}</destination>
		</relationship>
	</object>
	<object class="MixerBusEffectChain" id="{3a6cc2ab-c990-4e83-9116-a6066e56d3bc}">
		<relationship name="effects">
			<destination>{925a25fb-4eb4-4296-be0f-3b5eb342e6ea}</destination>
		</relationship>
	</object>
	<object class="MixerBusPanner" id="{35b95bc4-3d99-4874-b30f-16348dbcd741}" />
	<object class="MixerBusFader" id="{ec7ecddf-6c23-4d60-9a42-eddb7522ddb2}" />
	<object class="MixerBusFader" id="{925a25fb-4eb4-4296-be0f-3b5eb342e6ea}" />
</objects>
