<?xml version="1.0" encoding="UTF-8"?>
<objects serializationModel="Studio.02.01.00">
	<object class="Event" id="{0a17f4b3-e739-4532-8e2d-c509f0e1c4bf}">
		<property name="name">
			<value>Faction_ObjectiveQuote_Appease_18</value>
		</property>
		<property name="outputFormat">
			<value>0</value>
		</property>
		<relationship name="folder">
			<destination>{158ad337-8269-4a32-865c-d3c458683eff}</destination>
		</relationship>
		<relationship name="mixer">
			<destination>{9211b5e9-a9e0-4dec-9ef9-eed80f5bfdf2}</destination>
		</relationship>
		<relationship name="masterTrack">
			<destination>{38c5302f-67b2-4b00-a4cf-5140376eab23}</destination>
		</relationship>
		<relationship name="mixerInput">
			<destination>{0a32bd33-3744-44bd-930d-ea709d86752b}</destination>
		</relationship>
		<relationship name="automatableProperties">
			<destination>{2666d54d-2246-40d2-b235-9ffbf10f07e9}</destination>
		</relationship>
		<relationship name="markerTracks">
			<destination>{0889c7d5-0c57-464e-821e-6233178be779}</destination>
		</relationship>
		<relationship name="groupTracks">
			<destination>{9a829460-d25b-4c94-8987-1e52042a6e34}</destination>
		</relationship>
		<relationship name="timeline">
			<destination>{1997514f-5399-4183-9f6e-8d20be3d904b}</destination>
		</relationship>
		<relationship name="banks">
			<destination>{8c3f9de4-14c8-4279-a712-2040780fff61}</destination>
		</relationship>
	</object>
	<object class="EventMixer" id="{9211b5e9-a9e0-4dec-9ef9-eed80f5bfdf2}">
		<relationship name="masterBus">
			<destination>{03bbdd7f-26b2-40af-8541-d777493db4ca}</destination>
		</relationship>
	</object>
	<object class="MasterTrack" id="{38c5302f-67b2-4b00-a4cf-5140376eab23}">
		<relationship name="mixerGroup">
			<destination>{03bbdd7f-26b2-40af-8541-d777493db4ca}</destination>
		</relationship>
	</object>
	<object class="MixerInput" id="{0a32bd33-3744-44bd-930d-ea709d86752b}">
		<relationship name="effectChain">
			<destination>{70cb0f85-f7a7-4cd0-b9a1-0bf33ffb7435}</destination>
		</relationship>
		<relationship name="panner">
			<destination>{ffeb5148-e70a-45ab-81e1-6d0be3b48f6a}</destination>
		</relationship>
		<relationship name="output">
			<destination>{a74bdffc-cbb2-488b-ae3c-038020e1273d}</destination>
		</relationship>
	</object>
	<object class="EventAutomatableProperties" id="{2666d54d-2246-40d2-b235-9ffbf10f07e9}" />
	<object class="MarkerTrack" id="{0889c7d5-0c57-464e-821e-6233178be779}" />
	<object class="GroupTrack" id="{9a829460-d25b-4c94-8987-1e52042a6e34}">
		<relationship name="modules">
			<destination>{9f50f901-15cd-4a8c-87d1-a752a19348a2}</destination>
		</relationship>
		<relationship name="mixerGroup">
			<destination>{1ae89218-ef05-4b0f-9d97-9c3f90f944b5}</destination>
		</relationship>
	</object>
	<object class="Timeline" id="{1997514f-5399-4183-9f6e-8d20be3d904b}">
		<relationship name="modules">
			<destination>{9f50f901-15cd-4a8c-87d1-a752a19348a2}</destination>
		</relationship>
	</object>
	<object class="EventMixerMaster" id="{03bbdd7f-26b2-40af-8541-d777493db4ca}">
		<relationship name="effectChain">
			<destination>{e8957396-420b-49e5-9c4a-54cd04fa5be5}</destination>
		</relationship>
		<relationship name="panner">
			<destination>{e48c4f51-33c3-45e2-b82e-8d3446e2dc6d}</destination>
		</relationship>
		<relationship name="mixer">
			<destination>{9211b5e9-a9e0-4dec-9ef9-eed80f5bfdf2}</destination>
		</relationship>
	</object>
	<object class="MixerBusEffectChain" id="{70cb0f85-f7a7-4cd0-b9a1-0bf33ffb7435}">
		<relationship name="effects">
			<destination>{1b69b867-5327-48e3-850f-64f7029267d9}</destination>
		</relationship>
	</object>
	<object class="MixerBusPanner" id="{ffeb5148-e70a-45ab-81e1-6d0be3b48f6a}" />
	<object class="SingleSound" id="{9f50f901-15cd-4a8c-87d1-a752a19348a2}">
		<property name="length">
			<value>4.1304583333333333</value>
		</property>
		<relationship name="audioFile">
			<destination>{a5e4e5a3-d8d5-4297-9616-775273210662}</destination>
		</relationship>
	</object>
	<object class="EventMixerGroup" id="{1ae89218-ef05-4b0f-9d97-9c3f90f944b5}">
		<property name="name">
			<value>Audio 1</value>
		</property>
		<relationship name="effectChain">
			<destination>{60905e14-f82b-460d-b04b-09f3f933957e}</destination>
		</relationship>
		<relationship name="panner">
			<destination>{124a9b4f-e0e1-4515-aead-b8a934ea2b2d}</destination>
		</relationship>
		<relationship name="output">
			<destination>{03bbdd7f-26b2-40af-8541-d777493db4ca}</destination>
		</relationship>
	</object>
	<object class="MixerBusEffectChain" id="{e8957396-420b-49e5-9c4a-54cd04fa5be5}">
		<relationship name="effects">
			<destination>{c2b3458f-7dd6-4eb8-97fd-5a3eea96ddd0}</destination>
		</relationship>
	</object>
	<object class="MixerBusPanner" id="{e48c4f51-33c3-45e2-b82e-8d3446e2dc6d}" />
	<object class="MixerBusFader" id="{1b69b867-5327-48e3-850f-64f7029267d9}" />
	<object class="MixerBusEffectChain" id="{60905e14-f82b-460d-b04b-09f3f933957e}">
		<relationship name="effects">
			<destination>{1977d844-77f5-48f5-8cd5-82657a1d4607}</destination>
		</relationship>
	</object>
	<object class="MixerBusPanner" id="{124a9b4f-e0e1-4515-aead-b8a934ea2b2d}" />
	<object class="MixerBusFader" id="{c2b3458f-7dd6-4eb8-97fd-5a3eea96ddd0}" />
	<object class="MixerBusFader" id="{1977d844-77f5-48f5-8cd5-82657a1d4607}" />
</objects>
