<?xml version="1.0" encoding="UTF-8"?>
<objects serializationModel="Studio.02.01.00">
	<object class="Event" id="{0a1fdad0-0148-4f08-9112-23f0e9ec2de7}">
		<property name="name">
			<value>trig_sfx_ExplosionRecorded04Stereo</value>
		</property>
		<property name="outputFormat">
			<value>2</value>
		</property>
		<relationship name="folder">
			<destination>{ec00f365-3c1a-4d63-b43e-2c71c9b3c7ff}</destination>
		</relationship>
		<relationship name="mixer">
			<destination>{ce594e7f-f761-4110-aafb-c3a961335fe5}</destination>
		</relationship>
		<relationship name="masterTrack">
			<destination>{89c21965-0350-4fa5-845f-457244ddd5d7}</destination>
		</relationship>
		<relationship name="mixerInput">
			<destination>{6cb843cc-88fc-414f-9eee-2d7c73a2ae1e}</destination>
		</relationship>
		<relationship name="automatableProperties">
			<destination>{83298a34-bc57-4cc5-b001-c0a9d0e55db7}</destination>
		</relationship>
		<relationship name="markerTracks">
			<destination>{2dbd4cc0-3703-43a7-a56d-64e2a98eb410}</destination>
		</relationship>
		<relationship name="groupTracks">
			<destination>{c07e387b-7557-4983-88ff-271c13854748}</destination>
		</relationship>
		<relationship name="timeline">
			<destination>{9b13d9c4-b444-4452-9ab2-10519a065a55}</destination>
		</relationship>
		<relationship name="banks">
			<destination>{09901795-b9b9-4010-a4a3-3011ed4caaa2}</destination>
		</relationship>
	</object>
	<object class="EventMixer" id="{ce594e7f-f761-4110-aafb-c3a961335fe5}">
		<relationship name="masterBus">
			<destination>{31ed43d7-dd9b-4817-b236-16b1e61960e1}</destination>
		</relationship>
	</object>
	<object class="MasterTrack" id="{89c21965-0350-4fa5-845f-457244ddd5d7}">
		<relationship name="mixerGroup">
			<destination>{31ed43d7-dd9b-4817-b236-16b1e61960e1}</destination>
		</relationship>
	</object>
	<object class="MixerInput" id="{6cb843cc-88fc-414f-9eee-2d7c73a2ae1e}">
		<relationship name="effectChain">
			<destination>{648000b5-75ae-4613-9c7d-9a06a01e3997}</destination>
		</relationship>
		<relationship name="panner">
			<destination>{89940cc8-53cf-4d07-a4bb-d1f2f3a8b483}</destination>
		</relationship>
		<relationship name="output">
			<destination>{07daa3ae-3495-463d-8c3e-6a9ee1871371}</destination>
		</relationship>
	</object>
	<object class="EventAutomatableProperties" id="{83298a34-bc57-4cc5-b001-c0a9d0e55db7}" />
	<object class="MarkerTrack" id="{2dbd4cc0-3703-43a7-a56d-64e2a98eb410}" />
	<object class="GroupTrack" id="{c07e387b-7557-4983-88ff-271c13854748}">
		<relationship name="modules">
			<destination>{02dba33b-1055-436a-8fbf-868068f18cc8}</destination>
		</relationship>
		<relationship name="mixerGroup">
			<destination>{cb070e69-c7a4-464a-ba90-352ead6008b1}</destination>
		</relationship>
	</object>
	<object class="Timeline" id="{9b13d9c4-b444-4452-9ab2-10519a065a55}">
		<relationship name="modules">
			<destination>{02dba33b-1055-436a-8fbf-868068f18cc8}</destination>
		</relationship>
	</object>
	<object class="EventMixerMaster" id="{31ed43d7-dd9b-4817-b236-16b1e61960e1}">
		<property name="volume">
			<value>-5</value>
		</property>
		<relationship name="effectChain">
			<destination>{c831e398-5dde-4c1e-8372-a0b02c7e47d6}</destination>
		</relationship>
		<relationship name="panner">
			<destination>{1ba3dda7-c5dd-439b-b204-f0c6194aa88b}</destination>
		</relationship>
		<relationship name="mixer">
			<destination>{ce594e7f-f761-4110-aafb-c3a961335fe5}</destination>
		</relationship>
	</object>
	<object class="MixerBusEffectChain" id="{648000b5-75ae-4613-9c7d-9a06a01e3997}">
		<relationship name="effects">
			<destination>{8e66e882-1986-4695-8eba-f25512065b78}</destination>
		</relationship>
	</object>
	<object class="MixerBusPanner" id="{89940cc8-53cf-4d07-a4bb-d1f2f3a8b483}" />
	<object class="SingleSound" id="{02dba33b-1055-436a-8fbf-868068f18cc8}">
		<property name="length">
			<value>4.8764852607709752</value>
		</property>
		<relationship name="audioFile">
			<destination>{fed7b033-f442-471f-ad32-337e587bbe6c}</destination>
		</relationship>
	</object>
	<object class="EventMixerGroup" id="{cb070e69-c7a4-464a-ba90-352ead6008b1}">
		<property name="name">
			<value>Audio 1</value>
		</property>
		<relationship name="effectChain">
			<destination>{af9a7638-d030-4649-9006-d79a9d9783a3}</destination>
		</relationship>
		<relationship name="panner">
			<destination>{26bdc4d4-5929-4b10-a278-2bfc865f4a83}</destination>
		</relationship>
		<relationship name="output">
			<destination>{31ed43d7-dd9b-4817-b236-16b1e61960e1}</destination>
		</relationship>
	</object>
	<object class="MixerBusEffectChain" id="{c831e398-5dde-4c1e-8372-a0b02c7e47d6}">
		<relationship name="effects">
			<destination>{931b1691-5fe8-4340-a76c-0c6e8bc135fe}</destination>
			<destination>{e32be49b-670d-4e90-aafa-d1b73c67eaec}</destination>
		</relationship>
	</object>
	<object class="MixerBusPanner" id="{1ba3dda7-c5dd-439b-b204-f0c6194aa88b}" />
	<object class="MixerBusFader" id="{8e66e882-1986-4695-8eba-f25512065b78}" />
	<object class="MixerBusEffectChain" id="{af9a7638-d030-4649-9006-d79a9d9783a3}">
		<relationship name="effects">
			<destination>{e335bcdc-49ce-4fb1-8ba0-358efba16330}</destination>
		</relationship>
	</object>
	<object class="MixerBusPanner" id="{26bdc4d4-5929-4b10-a278-2bfc865f4a83}" />
	<object class="MixerBusFader" id="{931b1691-5fe8-4340-a76c-0c6e8bc135fe}" />
	<object class="SpatialiserEffect" id="{e32be49b-670d-4e90-aafa-d1b73c67eaec}">
		<property name="minimumDistance">
			<value>0.5</value>
		</property>
		<property name="maximumDistance">
			<value>200</value>
		</property>
	</object>
	<object class="MixerBusFader" id="{e335bcdc-49ce-4fb1-8ba0-358efba16330}" />
</objects>
