<?xml version="1.0" encoding="UTF-8"?>
<objects serializationModel="Studio.02.01.00">
	<object class="Event" id="{0a10d858-02a8-4599-95bc-86d90761e8a4}">
		<property name="name">
			<value>Failure</value>
		</property>
		<property name="outputFormat">
			<value>0</value>
		</property>
		<relationship name="folder">
			<destination>{3281fa03-83a5-4c1a-801c-b05d110bf9c9}</destination>
		</relationship>
		<relationship name="mixer">
			<destination>{78242555-a859-4a29-a87f-1df785f74884}</destination>
		</relationship>
		<relationship name="masterTrack">
			<destination>{2a1ad368-1824-4353-8dde-c72450be28c8}</destination>
		</relationship>
		<relationship name="mixerInput">
			<destination>{f6484f80-cc98-47a9-b3cc-ed95e389676d}</destination>
		</relationship>
		<relationship name="automatableProperties">
			<destination>{296df961-17a2-46cd-a1d8-71246b250120}</destination>
		</relationship>
		<relationship name="markerTracks">
			<destination>{bd1cc278-53b7-49a0-afe1-60585d5d6889}</destination>
		</relationship>
		<relationship name="groupTracks">
			<destination>{8979edc7-87ae-470c-8aee-795ae26a4670}</destination>
		</relationship>
		<relationship name="timeline">
			<destination>{5b919959-f228-4a6e-9254-a596607f9aa7}</destination>
		</relationship>
		<relationship name="banks">
			<destination>{8c3f9de4-14c8-4279-a712-2040780fff61}</destination>
		</relationship>
	</object>
	<object class="EventMixer" id="{78242555-a859-4a29-a87f-1df785f74884}">
		<relationship name="masterBus">
			<destination>{3dbb46c7-1535-4292-bb45-bf90cf4af1e9}</destination>
		</relationship>
	</object>
	<object class="MasterTrack" id="{2a1ad368-1824-4353-8dde-c72450be28c8}">
		<relationship name="mixerGroup">
			<destination>{3dbb46c7-1535-4292-bb45-bf90cf4af1e9}</destination>
		</relationship>
	</object>
	<object class="MixerInput" id="{f6484f80-cc98-47a9-b3cc-ed95e389676d}">
		<relationship name="effectChain">
			<destination>{e2aa98af-d41a-462d-8d01-8ea23179e85d}</destination>
		</relationship>
		<relationship name="panner">
			<destination>{acffbc23-8c53-4587-91b8-5c2ec49c542f}</destination>
		</relationship>
		<relationship name="output">
			<destination>{a74bdffc-cbb2-488b-ae3c-038020e1273d}</destination>
		</relationship>
	</object>
	<object class="EventAutomatableProperties" id="{296df961-17a2-46cd-a1d8-71246b250120}" />
	<object class="MarkerTrack" id="{bd1cc278-53b7-49a0-afe1-60585d5d6889}" />
	<object class="GroupTrack" id="{8979edc7-87ae-470c-8aee-795ae26a4670}">
		<relationship name="modules">
			<destination>{c1a776c9-cf45-4766-8cb1-87cee0bdb163}</destination>
		</relationship>
		<relationship name="mixerGroup">
			<destination>{3f34434b-0503-4e12-b363-c147cca28f65}</destination>
		</relationship>
	</object>
	<object class="Timeline" id="{5b919959-f228-4a6e-9254-a596607f9aa7}">
		<relationship name="modules">
			<destination>{c1a776c9-cf45-4766-8cb1-87cee0bdb163}</destination>
		</relationship>
	</object>
	<object class="EventMixerMaster" id="{3dbb46c7-1535-4292-bb45-bf90cf4af1e9}">
		<relationship name="effectChain">
			<destination>{b1844fe3-6d94-4e1f-81d4-f4f171910f21}</destination>
		</relationship>
		<relationship name="panner">
			<destination>{f6f71d9f-45a9-4d7b-889d-7125d1fe8906}</destination>
		</relationship>
		<relationship name="mixer">
			<destination>{78242555-a859-4a29-a87f-1df785f74884}</destination>
		</relationship>
	</object>
	<object class="MixerBusEffectChain" id="{e2aa98af-d41a-462d-8d01-8ea23179e85d}">
		<relationship name="effects">
			<destination>{03bfbcb1-c4c2-43a7-be89-60814e8dbd44}</destination>
		</relationship>
	</object>
	<object class="MixerBusPanner" id="{acffbc23-8c53-4587-91b8-5c2ec49c542f}" />
	<object class="MultiSound" id="{c1a776c9-cf45-4766-8cb1-87cee0bdb163}">
		<property name="length">
			<value>2.1419999999999999</value>
		</property>
		<relationship name="sounds">
			<destination>{39ab2328-9745-4e5a-b9f7-72d5cd293168}</destination>
			<destination>{33a8061a-fd63-4172-971c-cd34829df73d}</destination>
			<destination>{b3ea10bc-d914-43e6-92aa-29d81a1fb419}</destination>
		</relationship>
	</object>
	<object class="EventMixerGroup" id="{3f34434b-0503-4e12-b363-c147cca28f65}">
		<property name="name">
			<value>Audio 1</value>
		</property>
		<relationship name="effectChain">
			<destination>{f82327ea-6f5e-4ee3-b74c-b1629efcd75d}</destination>
		</relationship>
		<relationship name="panner">
			<destination>{7a2c8ce9-48a8-44d0-a44a-de4c10e5c217}</destination>
		</relationship>
		<relationship name="output">
			<destination>{3dbb46c7-1535-4292-bb45-bf90cf4af1e9}</destination>
		</relationship>
	</object>
	<object class="MixerBusEffectChain" id="{b1844fe3-6d94-4e1f-81d4-f4f171910f21}">
		<relationship name="effects">
			<destination>{fbe58eba-16f7-491d-9d50-7836c1ddaf33}</destination>
		</relationship>
	</object>
	<object class="MixerBusPanner" id="{f6f71d9f-45a9-4d7b-889d-7125d1fe8906}" />
	<object class="MixerBusFader" id="{03bfbcb1-c4c2-43a7-be89-60814e8dbd44}" />
	<object class="SingleSound" id="{39ab2328-9745-4e5a-b9f7-72d5cd293168}">
		<relationship name="audioFile">
			<destination>{330a9877-5587-4437-ab6a-7efd0d8ba174}</destination>
		</relationship>
	</object>
	<object class="SingleSound" id="{33a8061a-fd63-4172-971c-cd34829df73d}">
		<relationship name="audioFile">
			<destination>{e1a372fd-8bd3-49f5-a233-907860935c3c}</destination>
		</relationship>
	</object>
	<object class="SingleSound" id="{b3ea10bc-d914-43e6-92aa-29d81a1fb419}">
		<relationship name="audioFile">
			<destination>{21fdcf50-922f-4d64-bdf5-6a7acde819d0}</destination>
		</relationship>
	</object>
	<object class="MixerBusEffectChain" id="{f82327ea-6f5e-4ee3-b74c-b1629efcd75d}">
		<relationship name="effects">
			<destination>{aefd25a0-5355-4a98-b3a3-8cb72bfc32e7}</destination>
		</relationship>
	</object>
	<object class="MixerBusPanner" id="{7a2c8ce9-48a8-44d0-a44a-de4c10e5c217}" />
	<object class="MixerBusFader" id="{fbe58eba-16f7-491d-9d50-7836c1ddaf33}" />
	<object class="MixerBusFader" id="{aefd25a0-5355-4a98-b3a3-8cb72bfc32e7}" />
</objects>
