<?xml version="1.0" encoding="UTF-8"?>
<objects serializationModel="Studio.02.01.00">
	<object class="Event" id="{0a3d00e0-6f05-495a-acf9-1e539e03a377}">
		<property name="name">
			<value>TechQuote_MagneticNozzles</value>
		</property>
		<property name="outputFormat">
			<value>0</value>
		</property>
		<relationship name="folder">
			<destination>{158ad337-8269-4a32-865c-d3c458683eff}</destination>
		</relationship>
		<relationship name="mixer">
			<destination>{e8d51a7b-7d20-4f90-adf4-3e951f030b6d}</destination>
		</relationship>
		<relationship name="masterTrack">
			<destination>{a03da532-a688-4f91-ae60-cb5734a379c6}</destination>
		</relationship>
		<relationship name="mixerInput">
			<destination>{8d84cc46-98f5-419a-99b2-4cc271b784c1}</destination>
		</relationship>
		<relationship name="automatableProperties">
			<destination>{47a76702-6b28-4ff3-9121-e8b6a56ab99b}</destination>
		</relationship>
		<relationship name="markerTracks">
			<destination>{253aae18-858b-4dee-bd83-d0d2c0a45e3f}</destination>
		</relationship>
		<relationship name="groupTracks">
			<destination>{e0d6609d-9ace-47f0-84c2-e8016bebf55f}</destination>
		</relationship>
		<relationship name="timeline">
			<destination>{81b23924-3c40-4827-b3e4-2d18cfdd0254}</destination>
		</relationship>
		<relationship name="banks">
			<destination>{8c3f9de4-14c8-4279-a712-2040780fff61}</destination>
		</relationship>
	</object>
	<object class="EventMixer" id="{e8d51a7b-7d20-4f90-adf4-3e951f030b6d}">
		<relationship name="masterBus">
			<destination>{90d10d11-5bfa-45c6-bf12-593ad16dfddf}</destination>
		</relationship>
	</object>
	<object class="MasterTrack" id="{a03da532-a688-4f91-ae60-cb5734a379c6}">
		<relationship name="mixerGroup">
			<destination>{90d10d11-5bfa-45c6-bf12-593ad16dfddf}</destination>
		</relationship>
	</object>
	<object class="MixerInput" id="{8d84cc46-98f5-419a-99b2-4cc271b784c1}">
		<relationship name="effectChain">
			<destination>{541cb580-9ec7-4272-92cd-4e83b8cb0701}</destination>
		</relationship>
		<relationship name="panner">
			<destination>{354b4e25-806a-4fc4-bce0-908759f3abfe}</destination>
		</relationship>
		<relationship name="output">
			<destination>{a74bdffc-cbb2-488b-ae3c-038020e1273d}</destination>
		</relationship>
	</object>
	<object class="EventAutomatableProperties" id="{47a76702-6b28-4ff3-9121-e8b6a56ab99b}" />
	<object class="MarkerTrack" id="{253aae18-858b-4dee-bd83-d0d2c0a45e3f}" />
	<object class="GroupTrack" id="{e0d6609d-9ace-47f0-84c2-e8016bebf55f}">
		<relationship name="modules">
			<destination>{c15f4c81-4875-4a3c-8b56-e2115327b879}</destination>
		</relationship>
		<relationship name="mixerGroup">
			<destination>{ffd01580-328d-4e02-91c1-d26bff3d543c}</destination>
		</relationship>
	</object>
	<object class="Timeline" id="{81b23924-3c40-4827-b3e4-2d18cfdd0254}">
		<relationship name="modules">
			<destination>{c15f4c81-4875-4a3c-8b56-e2115327b879}</destination>
		</relationship>
	</object>
	<object class="EventMixerMaster" id="{90d10d11-5bfa-45c6-bf12-593ad16dfddf}">
		<relationship name="effectChain">
			<destination>{7dd6dad0-1082-41ea-882c-3805a701dcac}</destination>
		</relationship>
		<relationship name="panner">
			<destination>{76023927-a684-4ca2-9b16-e7c73911d80d}</destination>
		</relationship>
		<relationship name="mixer">
			<destination>{e8d51a7b-7d20-4f90-adf4-3e951f030b6d}</destination>
		</relationship>
	</object>
	<object class="MixerBusEffectChain" id="{541cb580-9ec7-4272-92cd-4e83b8cb0701}">
		<relationship name="effects">
			<destination>{723a9f8c-8332-408e-b120-dd367407095b}</destination>
		</relationship>
	</object>
	<object class="MixerBusPanner" id="{354b4e25-806a-4fc4-bce0-908759f3abfe}" />
	<object class="SingleSound" id="{c15f4c81-4875-4a3c-8b56-e2115327b879}">
		<property name="length">
			<value>16.718583333333335</value>
		</property>
		<relationship name="audioFile">
			<destination>{49e09e63-5190-4cf2-a8fe-e2907d8bc5e6}</destination>
		</relationship>
	</object>
	<object class="EventMixerGroup" id="{ffd01580-328d-4e02-91c1-d26bff3d543c}">
		<property name="name">
			<value>Audio 1</value>
		</property>
		<relationship name="effectChain">
			<destination>{76828db0-b3ef-4434-9c03-e01e59b8c073}</destination>
		</relationship>
		<relationship name="panner">
			<destination>{2aaecbb5-ee4e-40cb-9fd7-53206216f261}</destination>
		</relationship>
		<relationship name="output">
			<destination>{90d10d11-5bfa-45c6-bf12-593ad16dfddf}</destination>
		</relationship>
	</object>
	<object class="MixerBusEffectChain" id="{7dd6dad0-1082-41ea-882c-3805a701dcac}">
		<relationship name="effects">
			<destination>{da443bd6-7a0a-48d9-b801-cac0a194434c}</destination>
		</relationship>
	</object>
	<object class="MixerBusPanner" id="{76023927-a684-4ca2-9b16-e7c73911d80d}" />
	<object class="MixerBusFader" id="{723a9f8c-8332-408e-b120-dd367407095b}" />
	<object class="MixerBusEffectChain" id="{76828db0-b3ef-4434-9c03-e01e59b8c073}">
		<relationship name="effects">
			<destination>{c4db601f-992c-4583-95bd-54c98c30b089}</destination>
		</relationship>
	</object>
	<object class="MixerBusPanner" id="{2aaecbb5-ee4e-40cb-9fd7-53206216f261}" />
	<object class="MixerBusFader" id="{da443bd6-7a0a-48d9-b801-cac0a194434c}" />
	<object class="MixerBusFader" id="{c4db601f-992c-4583-95bd-54c98c30b089}" />
</objects>
