<?xml version="1.0" encoding="UTF-8"?>
<objects serializationModel="Studio.02.01.00">
	<object class="Event" id="{0a515ff3-b65e-4677-acdc-eaee687be684}">
		<property name="name">
			<value>Assigned</value>
		</property>
		<property name="outputFormat">
			<value>0</value>
		</property>
		<relationship name="folder">
			<destination>{0e1ebd32-e545-4015-95d9-741de5afabfe}</destination>
		</relationship>
		<relationship name="mixer">
			<destination>{1312b061-e3c8-45df-a15e-602f36c8e5ec}</destination>
		</relationship>
		<relationship name="masterTrack">
			<destination>{986c3e44-8dba-42b2-ae96-7c48e1a54b61}</destination>
		</relationship>
		<relationship name="mixerInput">
			<destination>{ec522b62-fb67-4f36-baeb-2f2502ba0a17}</destination>
		</relationship>
		<relationship name="automatableProperties">
			<destination>{186c157a-86a1-441c-add5-a65fa0efb2df}</destination>
		</relationship>
		<relationship name="markerTracks">
			<destination>{dead3d98-b8bf-41ab-8ce5-0094a6240ef1}</destination>
		</relationship>
		<relationship name="groupTracks">
			<destination>{acf460ad-957a-470c-8735-d778d8fdd15a}</destination>
		</relationship>
		<relationship name="timeline">
			<destination>{86f3e997-08c4-43cb-a81e-ffe1530ef08a}</destination>
		</relationship>
		<relationship name="banks">
			<destination>{8c3f9de4-14c8-4279-a712-2040780fff61}</destination>
		</relationship>
	</object>
	<object class="EventMixer" id="{1312b061-e3c8-45df-a15e-602f36c8e5ec}">
		<relationship name="masterBus">
			<destination>{53ea013f-abdb-4dea-ad56-0f14c2cae250}</destination>
		</relationship>
	</object>
	<object class="MasterTrack" id="{986c3e44-8dba-42b2-ae96-7c48e1a54b61}">
		<relationship name="mixerGroup">
			<destination>{53ea013f-abdb-4dea-ad56-0f14c2cae250}</destination>
		</relationship>
	</object>
	<object class="MixerInput" id="{ec522b62-fb67-4f36-baeb-2f2502ba0a17}">
		<relationship name="effectChain">
			<destination>{21a4e3e3-5b49-4e2e-b084-4808a905e708}</destination>
		</relationship>
		<relationship name="panner">
			<destination>{a42a4d76-5bd8-462f-88fc-27251d620742}</destination>
		</relationship>
		<relationship name="output">
			<destination>{a74bdffc-cbb2-488b-ae3c-038020e1273d}</destination>
		</relationship>
	</object>
	<object class="EventAutomatableProperties" id="{186c157a-86a1-441c-add5-a65fa0efb2df}" />
	<object class="MarkerTrack" id="{dead3d98-b8bf-41ab-8ce5-0094a6240ef1}" />
	<object class="GroupTrack" id="{acf460ad-957a-470c-8735-d778d8fdd15a}">
		<relationship name="modules">
			<destination>{aa118c1b-8851-4126-a37c-3acfbfc81ef9}</destination>
		</relationship>
		<relationship name="mixerGroup">
			<destination>{ad9af029-081d-43db-a95b-d77dff729f73}</destination>
		</relationship>
	</object>
	<object class="Timeline" id="{86f3e997-08c4-43cb-a81e-ffe1530ef08a}">
		<relationship name="modules">
			<destination>{aa118c1b-8851-4126-a37c-3acfbfc81ef9}</destination>
		</relationship>
	</object>
	<object class="EventMixerMaster" id="{53ea013f-abdb-4dea-ad56-0f14c2cae250}">
		<relationship name="effectChain">
			<destination>{217ef060-e8b5-4ce4-a6e9-2f5d37afbd99}</destination>
		</relationship>
		<relationship name="panner">
			<destination>{df753f9b-734e-42f5-8ab4-536024a21775}</destination>
		</relationship>
		<relationship name="mixer">
			<destination>{1312b061-e3c8-45df-a15e-602f36c8e5ec}</destination>
		</relationship>
	</object>
	<object class="MixerBusEffectChain" id="{21a4e3e3-5b49-4e2e-b084-4808a905e708}">
		<relationship name="effects">
			<destination>{1e98629f-65e9-465c-8f33-d749d7cee59d}</destination>
		</relationship>
	</object>
	<object class="MixerBusPanner" id="{a42a4d76-5bd8-462f-88fc-27251d620742}" />
	<object class="MultiSound" id="{aa118c1b-8851-4126-a37c-3acfbfc81ef9}">
		<property name="length">
			<value>1.3623333333333334</value>
		</property>
		<relationship name="sounds">
			<destination>{1922ca73-7341-4734-8855-5fdc4c89dc8a}</destination>
			<destination>{6c00ca93-1660-40a2-b25a-f5e577189b09}</destination>
			<destination>{17210c51-556b-4219-8fe5-f47b440f1060}</destination>
		</relationship>
	</object>
	<object class="EventMixerGroup" id="{ad9af029-081d-43db-a95b-d77dff729f73}">
		<property name="name">
			<value>Audio 1</value>
		</property>
		<relationship name="effectChain">
			<destination>{4c787d90-413b-4d0c-b79f-28d0e69505b2}</destination>
		</relationship>
		<relationship name="panner">
			<destination>{f23cbba9-65b9-472d-a571-9494e4b6e067}</destination>
		</relationship>
		<relationship name="output">
			<destination>{53ea013f-abdb-4dea-ad56-0f14c2cae250}</destination>
		</relationship>
	</object>
	<object class="MixerBusEffectChain" id="{217ef060-e8b5-4ce4-a6e9-2f5d37afbd99}">
		<relationship name="effects">
			<destination>{c909a514-52dc-4d4d-ad4e-7b69114219cf}</destination>
		</relationship>
	</object>
	<object class="MixerBusPanner" id="{df753f9b-734e-42f5-8ab4-536024a21775}" />
	<object class="MixerBusFader" id="{1e98629f-65e9-465c-8f33-d749d7cee59d}" />
	<object class="SingleSound" id="{1922ca73-7341-4734-8855-5fdc4c89dc8a}">
		<relationship name="audioFile">
			<destination>{07ed0d0f-05c8-46ec-89a4-0280eafd5fcd}</destination>
		</relationship>
	</object>
	<object class="SingleSound" id="{6c00ca93-1660-40a2-b25a-f5e577189b09}">
		<relationship name="audioFile">
			<destination>{827147db-05c2-4efe-bdbb-9b54a9d04ea6}</destination>
		</relationship>
	</object>
	<object class="SingleSound" id="{17210c51-556b-4219-8fe5-f47b440f1060}">
		<relationship name="audioFile">
			<destination>{7eaf1bc6-dffb-43b3-9959-e81410645366}</destination>
		</relationship>
	</object>
	<object class="MixerBusEffectChain" id="{4c787d90-413b-4d0c-b79f-28d0e69505b2}">
		<relationship name="effects">
			<destination>{d453750d-9a73-4fd1-b726-d95833a388c8}</destination>
		</relationship>
	</object>
	<object class="MixerBusPanner" id="{f23cbba9-65b9-472d-a571-9494e4b6e067}" />
	<object class="MixerBusFader" id="{c909a514-52dc-4d4d-ad4e-7b69114219cf}" />
	<object class="MixerBusFader" id="{d453750d-9a73-4fd1-b726-d95833a388c8}" />
</objects>
