<?xml version="1.0" encoding="UTF-8"?>
<objects serializationModel="Studio.02.01.00">
	<object class="Event" id="{0a9385b4-f5e0-4779-8564-d43e8b3fa552}">
		<property name="name">
			<value>Success</value>
		</property>
		<property name="outputFormat">
			<value>0</value>
		</property>
		<relationship name="folder">
			<destination>{c803fe04-037b-4a49-ba19-26a749125fa6}</destination>
		</relationship>
		<relationship name="mixer">
			<destination>{b31e2224-841c-4be0-a07a-77342603dd55}</destination>
		</relationship>
		<relationship name="masterTrack">
			<destination>{a47c30d0-cbcd-4253-84d3-e1efec831aa9}</destination>
		</relationship>
		<relationship name="mixerInput">
			<destination>{0b88d5fb-92c2-4029-aba5-e5a5ee48c7e9}</destination>
		</relationship>
		<relationship name="automatableProperties">
			<destination>{4fb47d8e-a86f-42ee-ad60-0c9f9eac8f05}</destination>
		</relationship>
		<relationship name="markerTracks">
			<destination>{49007e23-f829-4d1a-aebb-eebd2bf985c3}</destination>
		</relationship>
		<relationship name="groupTracks">
			<destination>{38990116-252f-4320-8007-5e7fc5397a97}</destination>
		</relationship>
		<relationship name="timeline">
			<destination>{3fd49fb2-4c00-479c-809f-86c777097512}</destination>
		</relationship>
		<relationship name="banks">
			<destination>{8c3f9de4-14c8-4279-a712-2040780fff61}</destination>
		</relationship>
	</object>
	<object class="EventMixer" id="{b31e2224-841c-4be0-a07a-77342603dd55}">
		<relationship name="masterBus">
			<destination>{5860337c-b59c-402d-b468-7dec26eba3ba}</destination>
		</relationship>
	</object>
	<object class="MasterTrack" id="{a47c30d0-cbcd-4253-84d3-e1efec831aa9}">
		<relationship name="mixerGroup">
			<destination>{5860337c-b59c-402d-b468-7dec26eba3ba}</destination>
		</relationship>
	</object>
	<object class="MixerInput" id="{0b88d5fb-92c2-4029-aba5-e5a5ee48c7e9}">
		<relationship name="effectChain">
			<destination>{b9958928-4f72-4508-84fb-a5da63489a3d}</destination>
		</relationship>
		<relationship name="panner">
			<destination>{6239bdb3-cfa6-4681-a75b-2512b0fe606d}</destination>
		</relationship>
		<relationship name="output">
			<destination>{a74bdffc-cbb2-488b-ae3c-038020e1273d}</destination>
		</relationship>
	</object>
	<object class="EventAutomatableProperties" id="{4fb47d8e-a86f-42ee-ad60-0c9f9eac8f05}" />
	<object class="MarkerTrack" id="{49007e23-f829-4d1a-aebb-eebd2bf985c3}" />
	<object class="GroupTrack" id="{38990116-252f-4320-8007-5e7fc5397a97}">
		<relationship name="modules">
			<destination>{c28b4ef9-4648-4817-8d94-0b116a7a5c0b}</destination>
		</relationship>
		<relationship name="mixerGroup">
			<destination>{45cd203d-74c6-4a39-aa74-b3104c5b571a}</destination>
		</relationship>
	</object>
	<object class="Timeline" id="{3fd49fb2-4c00-479c-809f-86c777097512}">
		<relationship name="modules">
			<destination>{c28b4ef9-4648-4817-8d94-0b116a7a5c0b}</destination>
		</relationship>
	</object>
	<object class="EventMixerMaster" id="{5860337c-b59c-402d-b468-7dec26eba3ba}">
		<relationship name="effectChain">
			<destination>{c7b369c5-013a-4fed-b366-717e51438b52}</destination>
		</relationship>
		<relationship name="panner">
			<destination>{1b1702b1-89c2-4fe1-a32b-e09d45c4ca63}</destination>
		</relationship>
		<relationship name="mixer">
			<destination>{b31e2224-841c-4be0-a07a-77342603dd55}</destination>
		</relationship>
	</object>
	<object class="MixerBusEffectChain" id="{b9958928-4f72-4508-84fb-a5da63489a3d}">
		<relationship name="effects">
			<destination>{1841dfef-9381-421f-98c5-93e9b5cd13a8}</destination>
		</relationship>
	</object>
	<object class="MixerBusPanner" id="{6239bdb3-cfa6-4681-a75b-2512b0fe606d}" />
	<object class="MultiSound" id="{c28b4ef9-4648-4817-8d94-0b116a7a5c0b}">
		<property name="length">
			<value>2.34775</value>
		</property>
		<relationship name="sounds">
			<destination>{8d021cdc-8ed4-46f5-aacb-d00c8eef103f}</destination>
			<destination>{f5605788-e558-49a2-8a0d-1e0ff4b21b4f}</destination>
			<destination>{64c10f41-c32a-402d-9bfe-c3b80fd415a4}</destination>
		</relationship>
	</object>
	<object class="EventMixerGroup" id="{45cd203d-74c6-4a39-aa74-b3104c5b571a}">
		<property name="name">
			<value>Audio 1</value>
		</property>
		<relationship name="effectChain">
			<destination>{799eec14-c85c-4918-9b9e-a7673485eba6}</destination>
		</relationship>
		<relationship name="panner">
			<destination>{75f55852-b257-432e-bb06-8991e9009414}</destination>
		</relationship>
		<relationship name="output">
			<destination>{5860337c-b59c-402d-b468-7dec26eba3ba}</destination>
		</relationship>
	</object>
	<object class="MixerBusEffectChain" id="{c7b369c5-013a-4fed-b366-717e51438b52}">
		<relationship name="effects">
			<destination>{a1b171b6-d49b-4173-a322-253224d45a2c}</destination>
		</relationship>
	</object>
	<object class="MixerBusPanner" id="{1b1702b1-89c2-4fe1-a32b-e09d45c4ca63}" />
	<object class="MixerBusFader" id="{1841dfef-9381-421f-98c5-93e9b5cd13a8}" />
	<object class="SingleSound" id="{8d021cdc-8ed4-46f5-aacb-d00c8eef103f}">
		<relationship name="audioFile">
			<destination>{ba7e31d2-08fe-47ad-a231-accaa8d40543}</destination>
		</relationship>
	</object>
	<object class="SingleSound" id="{f5605788-e558-49a2-8a0d-1e0ff4b21b4f}">
		<relationship name="audioFile">
			<destination>{db6cb6ef-de42-4185-80ea-45c81e966ccb}</destination>
		</relationship>
	</object>
	<object class="SingleSound" id="{64c10f41-c32a-402d-9bfe-c3b80fd415a4}">
		<relationship name="audioFile">
			<destination>{9882aebf-474c-4007-a82b-a7221b0af097}</destination>
		</relationship>
	</object>
	<object class="MixerBusEffectChain" id="{799eec14-c85c-4918-9b9e-a7673485eba6}">
		<relationship name="effects">
			<destination>{686ffdc3-4342-4fc2-bbc3-4109d4512242}</destination>
		</relationship>
	</object>
	<object class="MixerBusPanner" id="{75f55852-b257-432e-bb06-8991e9009414}" />
	<object class="MixerBusFader" id="{a1b171b6-d49b-4173-a322-253224d45a2c}" />
	<object class="MixerBusFader" id="{686ffdc3-4342-4fc2-bbc3-4109d4512242}" />
</objects>
