<?xml version="1.0" encoding="UTF-8"?>
<objects serializationModel="Studio.02.01.00">
	<object class="Event" id="{0aaf4def-54a0-46dc-85fa-9624d658d27e}">
		<property name="name">
			<value>Success</value>
		</property>
		<property name="outputFormat">
			<value>0</value>
		</property>
		<relationship name="folder">
			<destination>{f2919326-255d-4d00-b86e-d9ad24ab36b1}</destination>
		</relationship>
		<relationship name="mixer">
			<destination>{50c0aa82-b72c-4f60-bde7-6c239467cb25}</destination>
		</relationship>
		<relationship name="masterTrack">
			<destination>{10035eec-fab1-449e-af1b-c41d32a3c35f}</destination>
		</relationship>
		<relationship name="mixerInput">
			<destination>{955eb760-8b0c-4770-bf9a-abf5fd434fa8}</destination>
		</relationship>
		<relationship name="automatableProperties">
			<destination>{555cf290-eaf2-4575-98c8-3e789a693f49}</destination>
		</relationship>
		<relationship name="markerTracks">
			<destination>{64413441-3c8d-4864-9358-f583e40a411b}</destination>
		</relationship>
		<relationship name="groupTracks">
			<destination>{68682159-e67b-493c-899f-3a66f36cf76d}</destination>
		</relationship>
		<relationship name="timeline">
			<destination>{e016222f-2833-4ad4-966b-8ef3c12b05cd}</destination>
		</relationship>
		<relationship name="banks">
			<destination>{8c3f9de4-14c8-4279-a712-2040780fff61}</destination>
		</relationship>
	</object>
	<object class="EventMixer" id="{50c0aa82-b72c-4f60-bde7-6c239467cb25}">
		<relationship name="masterBus">
			<destination>{0786a5ac-5428-4d8e-97f4-7aae92a34d4b}</destination>
		</relationship>
	</object>
	<object class="MasterTrack" id="{10035eec-fab1-449e-af1b-c41d32a3c35f}">
		<relationship name="mixerGroup">
			<destination>{0786a5ac-5428-4d8e-97f4-7aae92a34d4b}</destination>
		</relationship>
	</object>
	<object class="MixerInput" id="{955eb760-8b0c-4770-bf9a-abf5fd434fa8}">
		<relationship name="effectChain">
			<destination>{be6d053e-989c-4b3d-9c78-61154812c118}</destination>
		</relationship>
		<relationship name="panner">
			<destination>{41e40dee-859f-421d-b618-d4ca01106864}</destination>
		</relationship>
		<relationship name="output">
			<destination>{a74bdffc-cbb2-488b-ae3c-038020e1273d}</destination>
		</relationship>
	</object>
	<object class="EventAutomatableProperties" id="{555cf290-eaf2-4575-98c8-3e789a693f49}" />
	<object class="MarkerTrack" id="{64413441-3c8d-4864-9358-f583e40a411b}" />
	<object class="GroupTrack" id="{68682159-e67b-493c-899f-3a66f36cf76d}">
		<relationship name="modules">
			<destination>{768a8d1b-5e5d-4048-8e38-d5c6a58434d0}</destination>
		</relationship>
		<relationship name="mixerGroup">
			<destination>{b0bcd758-a22b-4497-a64a-32b5e768cc9d}</destination>
		</relationship>
	</object>
	<object class="Timeline" id="{e016222f-2833-4ad4-966b-8ef3c12b05cd}">
		<relationship name="modules">
			<destination>{768a8d1b-5e5d-4048-8e38-d5c6a58434d0}</destination>
		</relationship>
	</object>
	<object class="EventMixerMaster" id="{0786a5ac-5428-4d8e-97f4-7aae92a34d4b}">
		<relationship name="effectChain">
			<destination>{c3b8c7bc-f833-4422-bcd1-98a80701c0f5}</destination>
		</relationship>
		<relationship name="panner">
			<destination>{b9749986-9b22-46b5-8223-b1f72ffc9883}</destination>
		</relationship>
		<relationship name="mixer">
			<destination>{50c0aa82-b72c-4f60-bde7-6c239467cb25}</destination>
		</relationship>
	</object>
	<object class="MixerBusEffectChain" id="{be6d053e-989c-4b3d-9c78-61154812c118}">
		<relationship name="effects">
			<destination>{3687c80f-7049-474e-87b8-b5fe873fc17d}</destination>
		</relationship>
	</object>
	<object class="MixerBusPanner" id="{41e40dee-859f-421d-b618-d4ca01106864}" />
	<object class="MultiSound" id="{768a8d1b-5e5d-4048-8e38-d5c6a58434d0}">
		<property name="length">
			<value>2.7246666666666668</value>
		</property>
		<relationship name="sounds">
			<destination>{c7c24081-26e2-497c-8915-f26824ca5365}</destination>
			<destination>{2b410215-2496-4320-bc7b-aff4a2f7918d}</destination>
			<destination>{7aaebfaa-c83f-4c6f-a70f-888502810595}</destination>
			<destination>{b73bc66c-fc9a-4473-a588-74cbf13da0ad}</destination>
			<destination>{64fa859a-9186-469a-8954-8f22684c7770}</destination>
		</relationship>
	</object>
	<object class="EventMixerGroup" id="{b0bcd758-a22b-4497-a64a-32b5e768cc9d}">
		<property name="name">
			<value>Audio 1</value>
		</property>
		<relationship name="effectChain">
			<destination>{49da31d7-87e2-46b2-8267-000912fc87f8}</destination>
		</relationship>
		<relationship name="panner">
			<destination>{f52e4a61-a96f-4bda-9434-a311d2bf1b33}</destination>
		</relationship>
		<relationship name="output">
			<destination>{0786a5ac-5428-4d8e-97f4-7aae92a34d4b}</destination>
		</relationship>
	</object>
	<object class="MixerBusEffectChain" id="{c3b8c7bc-f833-4422-bcd1-98a80701c0f5}">
		<relationship name="effects">
			<destination>{b3fcccca-1651-4bb1-a9aa-706e1bf79010}</destination>
		</relationship>
	</object>
	<object class="MixerBusPanner" id="{b9749986-9b22-46b5-8223-b1f72ffc9883}" />
	<object class="MixerBusFader" id="{3687c80f-7049-474e-87b8-b5fe873fc17d}" />
	<object class="SingleSound" id="{c7c24081-26e2-497c-8915-f26824ca5365}">
		<relationship name="audioFile">
			<destination>{9ff97368-2646-410b-941d-a5ec32d7a8eb}</destination>
		</relationship>
	</object>
	<object class="SingleSound" id="{2b410215-2496-4320-bc7b-aff4a2f7918d}">
		<relationship name="audioFile">
			<destination>{a3957b10-e26e-4ae8-a581-3179d7d61656}</destination>
		</relationship>
	</object>
	<object class="SingleSound" id="{7aaebfaa-c83f-4c6f-a70f-888502810595}">
		<relationship name="audioFile">
			<destination>{4e376e01-da97-475a-9108-c8d071fb6502}</destination>
		</relationship>
	</object>
	<object class="SingleSound" id="{b73bc66c-fc9a-4473-a588-74cbf13da0ad}">
		<relationship name="audioFile">
			<destination>{1d114201-b5d9-4fc0-88e2-7e14419fa67f}</destination>
		</relationship>
	</object>
	<object class="SingleSound" id="{64fa859a-9186-469a-8954-8f22684c7770}">
		<relationship name="audioFile">
			<destination>{8826a1f2-ef85-402a-bc67-0bd176d2f2c3}</destination>
		</relationship>
	</object>
	<object class="MixerBusEffectChain" id="{49da31d7-87e2-46b2-8267-000912fc87f8}">
		<relationship name="effects">
			<destination>{e80d535e-719c-4fef-95b7-df083069a2a3}</destination>
		</relationship>
	</object>
	<object class="MixerBusPanner" id="{f52e4a61-a96f-4bda-9434-a311d2bf1b33}" />
	<object class="MixerBusFader" id="{b3fcccca-1651-4bb1-a9aa-706e1bf79010}" />
	<object class="MixerBusFader" id="{e80d535e-719c-4fef-95b7-df083069a2a3}" />
</objects>
