<?xml version="1.0" encoding="UTF-8"?>
<objects serializationModel="Studio.02.01.00">
	<object class="Event" id="{0aa52c50-6ad7-4cfb-bcc4-b350b4c53c73}">
		<property name="name">
			<value>Success</value>
		</property>
		<property name="outputFormat">
			<value>0</value>
		</property>
		<relationship name="folder">
			<destination>{2fa1425c-69c8-4816-ad24-537ec302b585}</destination>
		</relationship>
		<relationship name="mixer">
			<destination>{18eb2a83-ec38-459b-a71e-296a6ef077c8}</destination>
		</relationship>
		<relationship name="masterTrack">
			<destination>{220a7c34-6f5c-49ef-8483-d003438889bf}</destination>
		</relationship>
		<relationship name="mixerInput">
			<destination>{a96c5b6b-a16c-45cb-8541-2005981c5289}</destination>
		</relationship>
		<relationship name="automatableProperties">
			<destination>{ea031c42-a8d0-4d74-bcc9-c0de3663c4bd}</destination>
		</relationship>
		<relationship name="markerTracks">
			<destination>{4ccf0b38-7dfe-44d7-a148-1fe4b4763515}</destination>
		</relationship>
		<relationship name="groupTracks">
			<destination>{48073c21-87e6-4c20-88d9-74a1589d324c}</destination>
		</relationship>
		<relationship name="timeline">
			<destination>{e982e021-a54b-40c2-972e-2c76f6c7933d}</destination>
		</relationship>
		<relationship name="banks">
			<destination>{8c3f9de4-14c8-4279-a712-2040780fff61}</destination>
		</relationship>
	</object>
	<object class="EventMixer" id="{18eb2a83-ec38-459b-a71e-296a6ef077c8}">
		<relationship name="masterBus">
			<destination>{ecd112db-3701-41ab-b8ea-47a2c40b9648}</destination>
		</relationship>
	</object>
	<object class="MasterTrack" id="{220a7c34-6f5c-49ef-8483-d003438889bf}">
		<relationship name="mixerGroup">
			<destination>{ecd112db-3701-41ab-b8ea-47a2c40b9648}</destination>
		</relationship>
	</object>
	<object class="MixerInput" id="{a96c5b6b-a16c-45cb-8541-2005981c5289}">
		<relationship name="effectChain">
			<destination>{ebe605e2-b5fa-4249-b12e-eebc5d6225a6}</destination>
		</relationship>
		<relationship name="panner">
			<destination>{7bef5e09-d9d5-4c2c-960f-22471cd04506}</destination>
		</relationship>
		<relationship name="output">
			<destination>{a74bdffc-cbb2-488b-ae3c-038020e1273d}</destination>
		</relationship>
	</object>
	<object class="EventAutomatableProperties" id="{ea031c42-a8d0-4d74-bcc9-c0de3663c4bd}" />
	<object class="MarkerTrack" id="{4ccf0b38-7dfe-44d7-a148-1fe4b4763515}" />
	<object class="GroupTrack" id="{48073c21-87e6-4c20-88d9-74a1589d324c}">
		<relationship name="modules">
			<destination>{f963d63c-c24a-47c9-a27f-06018a2cd02b}</destination>
		</relationship>
		<relationship name="mixerGroup">
			<destination>{99e69742-4792-4f50-9866-ae3da0d63a16}</destination>
		</relationship>
	</object>
	<object class="Timeline" id="{e982e021-a54b-40c2-972e-2c76f6c7933d}">
		<relationship name="modules">
			<destination>{f963d63c-c24a-47c9-a27f-06018a2cd02b}</destination>
		</relationship>
	</object>
	<object class="EventMixerMaster" id="{ecd112db-3701-41ab-b8ea-47a2c40b9648}">
		<relationship name="effectChain">
			<destination>{fa343d02-bfa2-4a41-8c0d-d54baab4317f}</destination>
		</relationship>
		<relationship name="panner">
			<destination>{c53402d3-d70a-41fe-a6b2-d2818d05c6bd}</destination>
		</relationship>
		<relationship name="mixer">
			<destination>{18eb2a83-ec38-459b-a71e-296a6ef077c8}</destination>
		</relationship>
	</object>
	<object class="MixerBusEffectChain" id="{ebe605e2-b5fa-4249-b12e-eebc5d6225a6}">
		<relationship name="effects">
			<destination>{296e592e-d566-4922-a875-e1c3619784ab}</destination>
		</relationship>
	</object>
	<object class="MixerBusPanner" id="{7bef5e09-d9d5-4c2c-960f-22471cd04506}" />
	<object class="MultiSound" id="{f963d63c-c24a-47c9-a27f-06018a2cd02b}">
		<property name="length">
			<value>1.6937083333333334</value>
		</property>
		<relationship name="sounds">
			<destination>{245e8c51-8dab-4c9e-935c-fc00fb6570ee}</destination>
			<destination>{324a175d-dc74-43dd-b153-8d0e18063e2e}</destination>
			<destination>{c7128880-a746-462a-9dd0-7b665987c976}</destination>
		</relationship>
	</object>
	<object class="EventMixerGroup" id="{99e69742-4792-4f50-9866-ae3da0d63a16}">
		<property name="name">
			<value>Audio 1</value>
		</property>
		<relationship name="effectChain">
			<destination>{c797f964-8715-4401-bb4b-6ed71f555ef6}</destination>
		</relationship>
		<relationship name="panner">
			<destination>{300de256-f746-4cd4-9a78-62979a51f044}</destination>
		</relationship>
		<relationship name="output">
			<destination>{ecd112db-3701-41ab-b8ea-47a2c40b9648}</destination>
		</relationship>
	</object>
	<object class="MixerBusEffectChain" id="{fa343d02-bfa2-4a41-8c0d-d54baab4317f}">
		<relationship name="effects">
			<destination>{006cc939-6368-427d-b77a-c6f107610a42}</destination>
		</relationship>
	</object>
	<object class="MixerBusPanner" id="{c53402d3-d70a-41fe-a6b2-d2818d05c6bd}" />
	<object class="MixerBusFader" id="{296e592e-d566-4922-a875-e1c3619784ab}" />
	<object class="SingleSound" id="{245e8c51-8dab-4c9e-935c-fc00fb6570ee}">
		<relationship name="audioFile">
			<destination>{b9427678-6e16-4e1d-b1fd-927258076b72}</destination>
		</relationship>
	</object>
	<object class="SingleSound" id="{324a175d-dc74-43dd-b153-8d0e18063e2e}">
		<relationship name="audioFile">
			<destination>{208580fc-8c70-4fc9-a460-211eaf4d4279}</destination>
		</relationship>
	</object>
	<object class="SingleSound" id="{c7128880-a746-462a-9dd0-7b665987c976}">
		<relationship name="audioFile">
			<destination>{d83fbf0a-d7ca-4e08-b651-ea51be89b9bb}</destination>
		</relationship>
	</object>
	<object class="MixerBusEffectChain" id="{c797f964-8715-4401-bb4b-6ed71f555ef6}">
		<relationship name="effects">
			<destination>{654b150c-4739-4e7c-b9ff-4a12ef1203c7}</destination>
		</relationship>
	</object>
	<object class="MixerBusPanner" id="{300de256-f746-4cd4-9a78-62979a51f044}" />
	<object class="MixerBusFader" id="{006cc939-6368-427d-b77a-c6f107610a42}" />
	<object class="MixerBusFader" id="{654b150c-4739-4e7c-b9ff-4a12ef1203c7}" />
</objects>
