<?xml version="1.0" encoding="UTF-8"?>
<objects serializationModel="Studio.02.01.00">
	<object class="Event" id="{0abc1cb3-30c8-4e61-9540-033d76126ea9}">
		<property name="name">
			<value>MissionAssignmentPhase</value>
		</property>
		<property name="outputFormat">
			<value>0</value>
		</property>
		<relationship name="folder">
			<destination>{38823ef5-8d5a-4d24-b2ff-af076cbf9f1a}</destination>
		</relationship>
		<relationship name="mixer">
			<destination>{9ad8b548-0e02-443f-87e4-4b9c218e5c12}</destination>
		</relationship>
		<relationship name="masterTrack">
			<destination>{5260856c-47c8-4f66-b030-be92d7985273}</destination>
		</relationship>
		<relationship name="mixerInput">
			<destination>{a42841b8-ed16-4b7b-bef9-ddc737e355cd}</destination>
		</relationship>
		<relationship name="automatableProperties">
			<destination>{cb35bd25-4f46-4548-abe2-33906bf3ebc0}</destination>
		</relationship>
		<relationship name="markerTracks">
			<destination>{b7aa108f-4377-46ae-8836-872c9d20cd73}</destination>
		</relationship>
		<relationship name="groupTracks">
			<destination>{0eb40a6f-8e15-49cf-b403-7e23ade53a38}</destination>
		</relationship>
		<relationship name="timeline">
			<destination>{d6a11bf8-1770-4d3d-9e15-c96910df65da}</destination>
		</relationship>
		<relationship name="banks">
			<destination>{8c3f9de4-14c8-4279-a712-2040780fff61}</destination>
		</relationship>
	</object>
	<object class="EventMixer" id="{9ad8b548-0e02-443f-87e4-4b9c218e5c12}">
		<relationship name="masterBus">
			<destination>{158b72c8-9e00-4b65-b48e-52ee58e5b8c0}</destination>
		</relationship>
	</object>
	<object class="MasterTrack" id="{5260856c-47c8-4f66-b030-be92d7985273}">
		<relationship name="mixerGroup">
			<destination>{158b72c8-9e00-4b65-b48e-52ee58e5b8c0}</destination>
		</relationship>
	</object>
	<object class="MixerInput" id="{a42841b8-ed16-4b7b-bef9-ddc737e355cd}">
		<relationship name="effectChain">
			<destination>{9ba07702-04e9-4a6f-a057-824ae1f6a2f8}</destination>
		</relationship>
		<relationship name="panner">
			<destination>{790001b2-70c7-41b3-85c3-ea250c3dde1d}</destination>
		</relationship>
		<relationship name="output">
			<destination>{a74bdffc-cbb2-488b-ae3c-038020e1273d}</destination>
		</relationship>
	</object>
	<object class="EventAutomatableProperties" id="{cb35bd25-4f46-4548-abe2-33906bf3ebc0}" />
	<object class="MarkerTrack" id="{b7aa108f-4377-46ae-8836-872c9d20cd73}" />
	<object class="GroupTrack" id="{0eb40a6f-8e15-49cf-b403-7e23ade53a38}">
		<relationship name="modules">
			<destination>{46dfe1b1-b1b3-4cd0-9cf9-7267fa2d4cad}</destination>
		</relationship>
		<relationship name="mixerGroup">
			<destination>{4c5ae4d0-5c12-4cf1-8d44-3ea65c39378f}</destination>
		</relationship>
	</object>
	<object class="Timeline" id="{d6a11bf8-1770-4d3d-9e15-c96910df65da}">
		<relationship name="modules">
			<destination>{46dfe1b1-b1b3-4cd0-9cf9-7267fa2d4cad}</destination>
		</relationship>
	</object>
	<object class="EventMixerMaster" id="{158b72c8-9e00-4b65-b48e-52ee58e5b8c0}">
		<relationship name="effectChain">
			<destination>{49399813-a221-4f7e-8753-7b1811407a90}</destination>
		</relationship>
		<relationship name="panner">
			<destination>{72615125-2de1-4e1a-aa19-a381ed3f44ad}</destination>
		</relationship>
		<relationship name="mixer">
			<destination>{9ad8b548-0e02-443f-87e4-4b9c218e5c12}</destination>
		</relationship>
	</object>
	<object class="MixerBusEffectChain" id="{9ba07702-04e9-4a6f-a057-824ae1f6a2f8}">
		<relationship name="effects">
			<destination>{2a271d5c-3b32-4093-b295-a9f21ba369c7}</destination>
		</relationship>
	</object>
	<object class="MixerBusPanner" id="{790001b2-70c7-41b3-85c3-ea250c3dde1d}" />
	<object class="MultiSound" id="{46dfe1b1-b1b3-4cd0-9cf9-7267fa2d4cad}">
		<property name="length">
			<value>2.0041041666666666</value>
		</property>
		<relationship name="sounds">
			<destination>{e7e80158-3234-4d58-aefe-9a17b1b4d378}</destination>
			<destination>{f44384a7-b649-4908-8723-7966a5de9493}</destination>
			<destination>{d1b593c1-6114-4325-8a94-643df9dba6a1}</destination>
			<destination>{3608a4e5-a6d8-4ea9-839d-d4142bc1c3c0}</destination>
			<destination>{4d21533e-b3d2-4bfa-b766-c88d2cd055ed}</destination>
			<destination>{047c32fd-377f-4d08-b44a-c992daf38913}</destination>
			<destination>{f75b3fec-6ab5-438b-ad42-4b4249c7725f}</destination>
			<destination>{f6daa6dc-7c37-46e4-8b90-e2b16092b6a9}</destination>
			<destination>{0bd94461-d7c6-4136-b197-d89a108c4d36}</destination>
			<destination>{19235e1e-6dbc-4013-a6c6-c16313dff0b5}</destination>
			<destination>{c39b2a22-1c13-4f86-baf0-0646c8c595d8}</destination>
			<destination>{3836ac72-0291-4e9c-9cea-7781211ceb1f}</destination>
			<destination>{a561c910-3561-415d-abf2-fc832f8a0dc3}</destination>
			<destination>{c4562f21-e03e-45bf-815e-5a49885e0463}</destination>
		</relationship>
	</object>
	<object class="EventMixerGroup" id="{4c5ae4d0-5c12-4cf1-8d44-3ea65c39378f}">
		<property name="name">
			<value>Audio 1</value>
		</property>
		<relationship name="effectChain">
			<destination>{b0d076f4-afd0-4576-9b4a-39fe0cecba29}</destination>
		</relationship>
		<relationship name="panner">
			<destination>{b8b35c30-6863-44b3-9ec2-5b32286d597a}</destination>
		</relationship>
		<relationship name="output">
			<destination>{158b72c8-9e00-4b65-b48e-52ee58e5b8c0}</destination>
		</relationship>
	</object>
	<object class="MixerBusEffectChain" id="{49399813-a221-4f7e-8753-7b1811407a90}">
		<relationship name="effects">
			<destination>{132e8695-ff40-4d9a-aa2e-f756e23bec66}</destination>
		</relationship>
	</object>
	<object class="MixerBusPanner" id="{72615125-2de1-4e1a-aa19-a381ed3f44ad}" />
	<object class="MixerBusFader" id="{2a271d5c-3b32-4093-b295-a9f21ba369c7}" />
	<object class="SingleSound" id="{e7e80158-3234-4d58-aefe-9a17b1b4d378}">
		<relationship name="audioFile">
			<destination>{b09acdcd-9885-4d82-ab9e-abafa4740843}</destination>
		</relationship>
	</object>
	<object class="SingleSound" id="{f44384a7-b649-4908-8723-7966a5de9493}">
		<relationship name="audioFile">
			<destination>{4457ffb2-ae97-41a3-9541-94e6adaafca0}</destination>
		</relationship>
	</object>
	<object class="SingleSound" id="{d1b593c1-6114-4325-8a94-643df9dba6a1}">
		<relationship name="audioFile">
			<destination>{971ce4d9-62d0-4242-8b1c-3ac04af1d0d1}</destination>
		</relationship>
	</object>
	<object class="SingleSound" id="{3608a4e5-a6d8-4ea9-839d-d4142bc1c3c0}">
		<relationship name="audioFile">
			<destination>{b89b3426-0414-4cb6-9104-4f96d09600f8}</destination>
		</relationship>
	</object>
	<object class="SingleSound" id="{4d21533e-b3d2-4bfa-b766-c88d2cd055ed}">
		<relationship name="audioFile">
			<destination>{ed5564eb-a988-4863-b683-76571e614f54}</destination>
		</relationship>
	</object>
	<object class="SingleSound" id="{047c32fd-377f-4d08-b44a-c992daf38913}">
		<relationship name="audioFile">
			<destination>{31cbcc59-31ec-486c-9030-4f4f20a87e83}</destination>
		</relationship>
	</object>
	<object class="SingleSound" id="{f75b3fec-6ab5-438b-ad42-4b4249c7725f}">
		<relationship name="audioFile">
			<destination>{b702cc88-0bfb-44c5-a4df-0a052148bb37}</destination>
		</relationship>
	</object>
	<object class="SingleSound" id="{f6daa6dc-7c37-46e4-8b90-e2b16092b6a9}">
		<relationship name="audioFile">
			<destination>{04069b9e-ba3d-4006-a74e-c29bedd1f4b6}</destination>
		</relationship>
	</object>
	<object class="SingleSound" id="{0bd94461-d7c6-4136-b197-d89a108c4d36}">
		<relationship name="audioFile">
			<destination>{317ccca2-d261-4dc5-b4e1-7f18beab0769}</destination>
		</relationship>
	</object>
	<object class="SingleSound" id="{19235e1e-6dbc-4013-a6c6-c16313dff0b5}">
		<relationship name="audioFile">
			<destination>{d4b69b65-3e75-4168-a1b4-b74d96b161ec}</destination>
		</relationship>
	</object>
	<object class="SingleSound" id="{c39b2a22-1c13-4f86-baf0-0646c8c595d8}">
		<relationship name="audioFile">
			<destination>{4ddd4b49-295f-4875-8749-0910ca9473cb}</destination>
		</relationship>
	</object>
	<object class="SingleSound" id="{3836ac72-0291-4e9c-9cea-7781211ceb1f}">
		<relationship name="audioFile">
			<destination>{0893afb9-83b3-4dfa-b31f-51e932fd681b}</destination>
		</relationship>
	</object>
	<object class="SingleSound" id="{a561c910-3561-415d-abf2-fc832f8a0dc3}">
		<relationship name="audioFile">
			<destination>{ab89deca-ac19-4730-b5f5-707ad7700d46}</destination>
		</relationship>
	</object>
	<object class="SingleSound" id="{c4562f21-e03e-45bf-815e-5a49885e0463}">
		<relationship name="audioFile">
			<destination>{0555c0c1-630b-481d-b58a-12dd73b1cac0}</destination>
		</relationship>
	</object>
	<object class="MixerBusEffectChain" id="{b0d076f4-afd0-4576-9b4a-39fe0cecba29}">
		<relationship name="effects">
			<destination>{3f391f34-e4c6-425a-9fac-dca0340cb458}</destination>
		</relationship>
	</object>
	<object class="MixerBusPanner" id="{b8b35c30-6863-44b3-9ec2-5b32286d597a}" />
	<object class="MixerBusFader" id="{132e8695-ff40-4d9a-aa2e-f756e23bec66}" />
	<object class="MixerBusFader" id="{3f391f34-e4c6-425a-9fac-dca0340cb458}" />
</objects>
