<?xml version="1.0" encoding="UTF-8"?>
<objects serializationModel="Studio.02.01.00">
	<object class="Event" id="{0ab2b9dd-fae2-4678-a729-e01d06101414}">
		<property name="name">
			<value>Success</value>
		</property>
		<property name="outputFormat">
			<value>0</value>
		</property>
		<relationship name="folder">
			<destination>{1a03a7e8-f694-42d7-b966-8cd3507d5b92}</destination>
		</relationship>
		<relationship name="mixer">
			<destination>{6bdeb536-cf57-47d5-81c5-7fa982afa206}</destination>
		</relationship>
		<relationship name="masterTrack">
			<destination>{955323aa-8de5-41a6-bc22-41b24eda0b1d}</destination>
		</relationship>
		<relationship name="mixerInput">
			<destination>{556619be-e5dc-427b-9dda-95d3f94771ae}</destination>
		</relationship>
		<relationship name="automatableProperties">
			<destination>{8af52871-1cd4-41c2-a38d-ccc064d0cacf}</destination>
		</relationship>
		<relationship name="markerTracks">
			<destination>{9e8508cc-fdbb-4f93-bac3-be52707d874b}</destination>
		</relationship>
		<relationship name="groupTracks">
			<destination>{350666a0-3fcb-44c7-aecc-8e06ea0ab5c9}</destination>
		</relationship>
		<relationship name="timeline">
			<destination>{8c3f62dc-6332-42ab-beb0-30e1475345d2}</destination>
		</relationship>
		<relationship name="banks">
			<destination>{8c3f9de4-14c8-4279-a712-2040780fff61}</destination>
		</relationship>
	</object>
	<object class="EventMixer" id="{6bdeb536-cf57-47d5-81c5-7fa982afa206}">
		<relationship name="masterBus">
			<destination>{c358ee47-cc78-4409-be45-124eb7174624}</destination>
		</relationship>
	</object>
	<object class="MasterTrack" id="{955323aa-8de5-41a6-bc22-41b24eda0b1d}">
		<relationship name="mixerGroup">
			<destination>{c358ee47-cc78-4409-be45-124eb7174624}</destination>
		</relationship>
	</object>
	<object class="MixerInput" id="{556619be-e5dc-427b-9dda-95d3f94771ae}">
		<relationship name="effectChain">
			<destination>{6f2e7554-2586-4f69-b4eb-6c8593b95851}</destination>
		</relationship>
		<relationship name="panner">
			<destination>{52230b4e-e8a0-4b1f-b3e6-e8437efe9fc0}</destination>
		</relationship>
		<relationship name="output">
			<destination>{a74bdffc-cbb2-488b-ae3c-038020e1273d}</destination>
		</relationship>
	</object>
	<object class="EventAutomatableProperties" id="{8af52871-1cd4-41c2-a38d-ccc064d0cacf}" />
	<object class="MarkerTrack" id="{9e8508cc-fdbb-4f93-bac3-be52707d874b}" />
	<object class="GroupTrack" id="{350666a0-3fcb-44c7-aecc-8e06ea0ab5c9}">
		<relationship name="modules">
			<destination>{e72dbdfb-b476-4a42-af9a-41134ad55f52}</destination>
		</relationship>
		<relationship name="mixerGroup">
			<destination>{6819acc8-d3a2-424b-97f0-349dcb8fbc36}</destination>
		</relationship>
	</object>
	<object class="Timeline" id="{8c3f62dc-6332-42ab-beb0-30e1475345d2}">
		<relationship name="modules">
			<destination>{e72dbdfb-b476-4a42-af9a-41134ad55f52}</destination>
		</relationship>
	</object>
	<object class="EventMixerMaster" id="{c358ee47-cc78-4409-be45-124eb7174624}">
		<relationship name="effectChain">
			<destination>{025c83d2-695a-477e-bbbd-91d92a923ff9}</destination>
		</relationship>
		<relationship name="panner">
			<destination>{2d37d646-01a5-4f60-8185-addba4797b4d}</destination>
		</relationship>
		<relationship name="mixer">
			<destination>{6bdeb536-cf57-47d5-81c5-7fa982afa206}</destination>
		</relationship>
	</object>
	<object class="MixerBusEffectChain" id="{6f2e7554-2586-4f69-b4eb-6c8593b95851}">
		<relationship name="effects">
			<destination>{5702d2d9-7736-45c9-8e98-1e29fdcdb3e5}</destination>
		</relationship>
	</object>
	<object class="MixerBusPanner" id="{52230b4e-e8a0-4b1f-b3e6-e8437efe9fc0}" />
	<object class="MultiSound" id="{e72dbdfb-b476-4a42-af9a-41134ad55f52}">
		<property name="length">
			<value>1.7597708333333333</value>
		</property>
		<relationship name="sounds">
			<destination>{ee7c4f71-b1cc-4413-89df-600c83c377a5}</destination>
			<destination>{1a6ceffc-d0d7-4c09-920a-2c5b85214c39}</destination>
		</relationship>
	</object>
	<object class="EventMixerGroup" id="{6819acc8-d3a2-424b-97f0-349dcb8fbc36}">
		<property name="name">
			<value>Audio 1</value>
		</property>
		<relationship name="effectChain">
			<destination>{c1bc6d67-2525-4112-bab8-8c3d5d68cfb4}</destination>
		</relationship>
		<relationship name="panner">
			<destination>{c56065ae-a5dc-4a4b-97f8-698550b6f5da}</destination>
		</relationship>
		<relationship name="output">
			<destination>{c358ee47-cc78-4409-be45-124eb7174624}</destination>
		</relationship>
	</object>
	<object class="MixerBusEffectChain" id="{025c83d2-695a-477e-bbbd-91d92a923ff9}">
		<relationship name="effects">
			<destination>{39c0b8e8-e069-4006-b629-726f54ac1b10}</destination>
		</relationship>
	</object>
	<object class="MixerBusPanner" id="{2d37d646-01a5-4f60-8185-addba4797b4d}" />
	<object class="MixerBusFader" id="{5702d2d9-7736-45c9-8e98-1e29fdcdb3e5}" />
	<object class="SingleSound" id="{ee7c4f71-b1cc-4413-89df-600c83c377a5}">
		<relationship name="audioFile">
			<destination>{c48c0aeb-45a0-4a45-bd6e-a3b792d1f184}</destination>
		</relationship>
	</object>
	<object class="SingleSound" id="{1a6ceffc-d0d7-4c09-920a-2c5b85214c39}">
		<relationship name="audioFile">
			<destination>{0ca36e06-de13-4334-8b0e-bf05b36e02fc}</destination>
		</relationship>
	</object>
	<object class="MixerBusEffectChain" id="{c1bc6d67-2525-4112-bab8-8c3d5d68cfb4}">
		<relationship name="effects">
			<destination>{4f0601ad-03e8-4296-9bf4-ec4b4788d980}</destination>
		</relationship>
	</object>
	<object class="MixerBusPanner" id="{c56065ae-a5dc-4a4b-97f8-698550b6f5da}" />
	<object class="MixerBusFader" id="{39c0b8e8-e069-4006-b629-726f54ac1b10}" />
	<object class="MixerBusFader" id="{4f0601ad-03e8-4296-9bf4-ec4b4788d980}" />
</objects>
