<?xml version="1.0" encoding="UTF-8"?>
<objects serializationModel="Studio.02.01.00">
	<object class="Event" id="{0ac104fd-18b2-4f42-ada5-f1ba7f4815c9}">
		<property name="name">
			<value>Success</value>
		</property>
		<property name="outputFormat">
			<value>0</value>
		</property>
		<relationship name="folder">
			<destination>{7e8cc943-d473-4f87-b3bf-acba3523f86e}</destination>
		</relationship>
		<relationship name="mixer">
			<destination>{73a668a6-b755-461f-a828-821b7398d24c}</destination>
		</relationship>
		<relationship name="masterTrack">
			<destination>{11d5f0e4-a91b-4369-a955-f377fc8a7092}</destination>
		</relationship>
		<relationship name="mixerInput">
			<destination>{ac51a1c7-07bc-41ac-8193-184deb4fab2f}</destination>
		</relationship>
		<relationship name="automatableProperties">
			<destination>{59c8b02d-90c9-4823-8554-1b3def97bb22}</destination>
		</relationship>
		<relationship name="markerTracks">
			<destination>{ea4a18c0-9e2a-469e-b84b-fb8e338551d1}</destination>
		</relationship>
		<relationship name="groupTracks">
			<destination>{def62ef4-2c67-4d9c-aa8e-cddcdcac751f}</destination>
		</relationship>
		<relationship name="timeline">
			<destination>{48fdb114-0143-46e0-aef0-8c25af805ac2}</destination>
		</relationship>
		<relationship name="banks">
			<destination>{8c3f9de4-14c8-4279-a712-2040780fff61}</destination>
		</relationship>
	</object>
	<object class="EventMixer" id="{73a668a6-b755-461f-a828-821b7398d24c}">
		<relationship name="masterBus">
			<destination>{17a57cd0-76ae-4a08-95df-803dd5014a79}</destination>
		</relationship>
	</object>
	<object class="MasterTrack" id="{11d5f0e4-a91b-4369-a955-f377fc8a7092}">
		<relationship name="mixerGroup">
			<destination>{17a57cd0-76ae-4a08-95df-803dd5014a79}</destination>
		</relationship>
	</object>
	<object class="MixerInput" id="{ac51a1c7-07bc-41ac-8193-184deb4fab2f}">
		<relationship name="effectChain">
			<destination>{04d9f64b-e3e9-421f-b8f4-57a66e3b4cbf}</destination>
		</relationship>
		<relationship name="panner">
			<destination>{15e3ac37-3096-47dc-af96-f59bf0e150ee}</destination>
		</relationship>
		<relationship name="output">
			<destination>{a74bdffc-cbb2-488b-ae3c-038020e1273d}</destination>
		</relationship>
	</object>
	<object class="EventAutomatableProperties" id="{59c8b02d-90c9-4823-8554-1b3def97bb22}" />
	<object class="MarkerTrack" id="{ea4a18c0-9e2a-469e-b84b-fb8e338551d1}" />
	<object class="GroupTrack" id="{def62ef4-2c67-4d9c-aa8e-cddcdcac751f}">
		<relationship name="modules">
			<destination>{f2e9638b-a288-4612-a5a2-ddda300d0625}</destination>
		</relationship>
		<relationship name="mixerGroup">
			<destination>{f34fe273-fe40-4363-ab42-4106d919e5ea}</destination>
		</relationship>
	</object>
	<object class="Timeline" id="{48fdb114-0143-46e0-aef0-8c25af805ac2}">
		<relationship name="modules">
			<destination>{f2e9638b-a288-4612-a5a2-ddda300d0625}</destination>
		</relationship>
	</object>
	<object class="EventMixerMaster" id="{17a57cd0-76ae-4a08-95df-803dd5014a79}">
		<relationship name="effectChain">
			<destination>{2ba93890-1b31-428a-adec-a33b3d2f509c}</destination>
		</relationship>
		<relationship name="panner">
			<destination>{62b8b15d-5aa4-4cad-bf52-779f5e0e403f}</destination>
		</relationship>
		<relationship name="mixer">
			<destination>{73a668a6-b755-461f-a828-821b7398d24c}</destination>
		</relationship>
	</object>
	<object class="MixerBusEffectChain" id="{04d9f64b-e3e9-421f-b8f4-57a66e3b4cbf}">
		<relationship name="effects">
			<destination>{1c39d20e-206d-4a5b-bb3a-5a8d5a2452b1}</destination>
		</relationship>
	</object>
	<object class="MixerBusPanner" id="{15e3ac37-3096-47dc-af96-f59bf0e150ee}" />
	<object class="MultiSound" id="{f2e9638b-a288-4612-a5a2-ddda300d0625}">
		<property name="length">
			<value>1.5600833333333333</value>
		</property>
		<relationship name="sounds">
			<destination>{231059d6-7ea4-4dc4-85ae-58dc37808922}</destination>
			<destination>{9f10cc06-a3c3-4e1b-886d-ed804f723c2f}</destination>
			<destination>{67b8f250-d209-4f55-8ace-1f040044af7f}</destination>
			<destination>{4ee7834a-0a76-456d-8af8-aebb7bd41598}</destination>
		</relationship>
	</object>
	<object class="EventMixerGroup" id="{f34fe273-fe40-4363-ab42-4106d919e5ea}">
		<property name="name">
			<value>Audio 1</value>
		</property>
		<relationship name="effectChain">
			<destination>{cec901cc-f171-4775-8a19-c16cff8d516c}</destination>
		</relationship>
		<relationship name="panner">
			<destination>{43211bed-4bb4-441f-a7e7-5feb63f31f7b}</destination>
		</relationship>
		<relationship name="output">
			<destination>{17a57cd0-76ae-4a08-95df-803dd5014a79}</destination>
		</relationship>
	</object>
	<object class="MixerBusEffectChain" id="{2ba93890-1b31-428a-adec-a33b3d2f509c}">
		<relationship name="effects">
			<destination>{dde68354-4b3a-464f-a31d-985a0c14fef7}</destination>
		</relationship>
	</object>
	<object class="MixerBusPanner" id="{62b8b15d-5aa4-4cad-bf52-779f5e0e403f}" />
	<object class="MixerBusFader" id="{1c39d20e-206d-4a5b-bb3a-5a8d5a2452b1}" />
	<object class="SingleSound" id="{231059d6-7ea4-4dc4-85ae-58dc37808922}">
		<relationship name="audioFile">
			<destination>{1588813b-3ec1-4b69-8b63-791c9958582c}</destination>
		</relationship>
	</object>
	<object class="SingleSound" id="{9f10cc06-a3c3-4e1b-886d-ed804f723c2f}">
		<relationship name="audioFile">
			<destination>{e020e1ed-dabc-4558-9f2f-8cab813a3d58}</destination>
		</relationship>
	</object>
	<object class="SingleSound" id="{67b8f250-d209-4f55-8ace-1f040044af7f}">
		<relationship name="audioFile">
			<destination>{c767351c-7c4e-494d-a3e4-708b2e01bdd2}</destination>
		</relationship>
	</object>
	<object class="SingleSound" id="{4ee7834a-0a76-456d-8af8-aebb7bd41598}">
		<relationship name="audioFile">
			<destination>{278923c8-7f49-4542-9694-50692ebc8b88}</destination>
		</relationship>
	</object>
	<object class="MixerBusEffectChain" id="{cec901cc-f171-4775-8a19-c16cff8d516c}">
		<relationship name="effects">
			<destination>{de2da2ea-a933-42f0-a9aa-97fbf5384d87}</destination>
		</relationship>
	</object>
	<object class="MixerBusPanner" id="{43211bed-4bb4-441f-a7e7-5feb63f31f7b}" />
	<object class="MixerBusFader" id="{dde68354-4b3a-464f-a31d-985a0c14fef7}" />
	<object class="MixerBusFader" id="{de2da2ea-a933-42f0-a9aa-97fbf5384d87}" />
</objects>
