<?xml version="1.0" encoding="UTF-8"?>
<objects serializationModel="Studio.02.01.00">
	<object class="Event" id="{0ad75ef9-c0cf-4a54-84f1-6630edaba797}">
		<property name="name">
			<value>Success</value>
		</property>
		<property name="outputFormat">
			<value>0</value>
		</property>
		<relationship name="folder">
			<destination>{fb063f10-9f55-43cb-9ee9-f475785b423b}</destination>
		</relationship>
		<relationship name="mixer">
			<destination>{d3be9967-acc5-4066-afce-a6493788751d}</destination>
		</relationship>
		<relationship name="masterTrack">
			<destination>{5ab35340-45f1-4b9f-86fb-d85687a31d07}</destination>
		</relationship>
		<relationship name="mixerInput">
			<destination>{83f7868c-a2e4-409f-9e6b-deb60727ed31}</destination>
		</relationship>
		<relationship name="automatableProperties">
			<destination>{68fe2ea6-7e86-47ed-b18c-204e0e40c0a6}</destination>
		</relationship>
		<relationship name="markerTracks">
			<destination>{0f27eacb-3f14-41ee-82a3-03a45c1eb8ac}</destination>
		</relationship>
		<relationship name="groupTracks">
			<destination>{54cccd25-ddcb-4b06-9a33-f510aa2ecce1}</destination>
		</relationship>
		<relationship name="timeline">
			<destination>{ad57a186-b697-41f3-9f2c-abe76620627b}</destination>
		</relationship>
		<relationship name="banks">
			<destination>{8c3f9de4-14c8-4279-a712-2040780fff61}</destination>
		</relationship>
	</object>
	<object class="EventMixer" id="{d3be9967-acc5-4066-afce-a6493788751d}">
		<relationship name="masterBus">
			<destination>{7f42ae21-7482-432c-a0bb-92becf3f5274}</destination>
		</relationship>
	</object>
	<object class="MasterTrack" id="{5ab35340-45f1-4b9f-86fb-d85687a31d07}">
		<relationship name="mixerGroup">
			<destination>{7f42ae21-7482-432c-a0bb-92becf3f5274}</destination>
		</relationship>
	</object>
	<object class="MixerInput" id="{83f7868c-a2e4-409f-9e6b-deb60727ed31}">
		<relationship name="effectChain">
			<destination>{e2d18eb8-a5de-4151-8cfc-dbbd3e7f9fbd}</destination>
		</relationship>
		<relationship name="panner">
			<destination>{e7277842-bc95-46c0-8dc5-dc5761e84e49}</destination>
		</relationship>
		<relationship name="output">
			<destination>{a74bdffc-cbb2-488b-ae3c-038020e1273d}</destination>
		</relationship>
	</object>
	<object class="EventAutomatableProperties" id="{68fe2ea6-7e86-47ed-b18c-204e0e40c0a6}" />
	<object class="MarkerTrack" id="{0f27eacb-3f14-41ee-82a3-03a45c1eb8ac}" />
	<object class="GroupTrack" id="{54cccd25-ddcb-4b06-9a33-f510aa2ecce1}">
		<relationship name="modules">
			<destination>{e7365c01-8105-4f90-9b56-eeb3e3f40f08}</destination>
		</relationship>
		<relationship name="mixerGroup">
			<destination>{d4d85c06-a24a-454f-a942-7950ea271225}</destination>
		</relationship>
	</object>
	<object class="Timeline" id="{ad57a186-b697-41f3-9f2c-abe76620627b}">
		<relationship name="modules">
			<destination>{e7365c01-8105-4f90-9b56-eeb3e3f40f08}</destination>
		</relationship>
	</object>
	<object class="EventMixerMaster" id="{7f42ae21-7482-432c-a0bb-92becf3f5274}">
		<relationship name="effectChain">
			<destination>{c116ad9d-8e34-49a0-93fa-53538f629dbe}</destination>
		</relationship>
		<relationship name="panner">
			<destination>{4edbe4cc-aa0d-41c0-b4da-f6fd1640bc3f}</destination>
		</relationship>
		<relationship name="mixer">
			<destination>{d3be9967-acc5-4066-afce-a6493788751d}</destination>
		</relationship>
	</object>
	<object class="MixerBusEffectChain" id="{e2d18eb8-a5de-4151-8cfc-dbbd3e7f9fbd}">
		<relationship name="effects">
			<destination>{a2f84ea3-de3d-4985-a0ba-ee7ae4943b86}</destination>
		</relationship>
	</object>
	<object class="MixerBusPanner" id="{e7277842-bc95-46c0-8dc5-dc5761e84e49}" />
	<object class="MultiSound" id="{e7365c01-8105-4f90-9b56-eeb3e3f40f08}">
		<property name="length">
			<value>2.7926458333333333</value>
		</property>
		<relationship name="sounds">
			<destination>{dc7e5782-894c-4694-bce4-39ad62108bb3}</destination>
			<destination>{e4e78cc0-4df2-4282-953b-7330ff0f0bda}</destination>
			<destination>{684899f9-5e6b-4dde-9166-bc793b04e308}</destination>
			<destination>{ed23cc57-eb95-42b0-9522-4f43c16e2662}</destination>
			<destination>{60c27b4b-f4fe-44d6-85cd-eb834c0404e0}</destination>
			<destination>{394ddc6f-0d1a-4086-8323-0521fd3c9bce}</destination>
		</relationship>
	</object>
	<object class="EventMixerGroup" id="{d4d85c06-a24a-454f-a942-7950ea271225}">
		<property name="name">
			<value>Audio 1</value>
		</property>
		<relationship name="effectChain">
			<destination>{410c600e-50c7-4ce2-a494-9c48bfaadf18}</destination>
		</relationship>
		<relationship name="panner">
			<destination>{0eda1cfa-c3b9-44eb-93fe-9b08862546e6}</destination>
		</relationship>
		<relationship name="output">
			<destination>{7f42ae21-7482-432c-a0bb-92becf3f5274}</destination>
		</relationship>
	</object>
	<object class="MixerBusEffectChain" id="{c116ad9d-8e34-49a0-93fa-53538f629dbe}">
		<relationship name="effects">
			<destination>{af712f33-9d9d-494d-886d-a3373aeb35dd}</destination>
		</relationship>
	</object>
	<object class="MixerBusPanner" id="{4edbe4cc-aa0d-41c0-b4da-f6fd1640bc3f}" />
	<object class="MixerBusFader" id="{a2f84ea3-de3d-4985-a0ba-ee7ae4943b86}" />
	<object class="SingleSound" id="{dc7e5782-894c-4694-bce4-39ad62108bb3}">
		<relationship name="audioFile">
			<destination>{2c6fe35b-8dce-4024-bc54-c1d6b00ea23d}</destination>
		</relationship>
	</object>
	<object class="SingleSound" id="{e4e78cc0-4df2-4282-953b-7330ff0f0bda}">
		<relationship name="audioFile">
			<destination>{bc254699-72d4-48c2-9dde-76afc307cde8}</destination>
		</relationship>
	</object>
	<object class="SingleSound" id="{684899f9-5e6b-4dde-9166-bc793b04e308}">
		<relationship name="audioFile">
			<destination>{99002e4c-7e93-4907-b74a-ab0cd55691f8}</destination>
		</relationship>
	</object>
	<object class="SingleSound" id="{ed23cc57-eb95-42b0-9522-4f43c16e2662}">
		<relationship name="audioFile">
			<destination>{6420c1e1-a756-4b9b-8105-cfe445d813a8}</destination>
		</relationship>
	</object>
	<object class="SingleSound" id="{60c27b4b-f4fe-44d6-85cd-eb834c0404e0}">
		<relationship name="audioFile">
			<destination>{c7c53296-7efe-4a90-8404-0039794050a0}</destination>
		</relationship>
	</object>
	<object class="SingleSound" id="{394ddc6f-0d1a-4086-8323-0521fd3c9bce}">
		<relationship name="audioFile">
			<destination>{53fff880-71eb-401b-94cd-85aa804d3add}</destination>
		</relationship>
	</object>
	<object class="MixerBusEffectChain" id="{410c600e-50c7-4ce2-a494-9c48bfaadf18}">
		<relationship name="effects">
			<destination>{c1531e08-e485-4efe-a405-12aa115ebf60}</destination>
		</relationship>
	</object>
	<object class="MixerBusPanner" id="{0eda1cfa-c3b9-44eb-93fe-9b08862546e6}" />
	<object class="MixerBusFader" id="{af712f33-9d9d-494d-886d-a3373aeb35dd}" />
	<object class="MixerBusFader" id="{c1531e08-e485-4efe-a405-12aa115ebf60}" />
</objects>
