<?xml version="1.0" encoding="UTF-8"?>
<objects serializationModel="Studio.02.01.00">
	<object class="Event" id="{0adbd097-8c73-4b2c-a3d3-a277dbb16ddc}">
		<property name="name">
			<value>Failure</value>
		</property>
		<property name="outputFormat">
			<value>0</value>
		</property>
		<relationship name="folder">
			<destination>{d77845ce-f5e9-41dc-84fa-cba6c627d012}</destination>
		</relationship>
		<relationship name="mixer">
			<destination>{ab70dc67-7c67-4949-ac61-cba0151f5a7d}</destination>
		</relationship>
		<relationship name="masterTrack">
			<destination>{7418c78c-e62c-4bb3-af49-77f5b30d1927}</destination>
		</relationship>
		<relationship name="mixerInput">
			<destination>{146ebf4f-fe27-45cc-9523-cbc234b81177}</destination>
		</relationship>
		<relationship name="automatableProperties">
			<destination>{f492b7a4-2824-4c3f-9319-559adfd6dd83}</destination>
		</relationship>
		<relationship name="markerTracks">
			<destination>{d26496ec-eafc-4a89-977f-80015b23ed50}</destination>
		</relationship>
		<relationship name="groupTracks">
			<destination>{b485c46a-fa9e-4b88-ad6e-e06a0083c593}</destination>
		</relationship>
		<relationship name="timeline">
			<destination>{10204317-0181-41d2-8b71-7d34b89c6850}</destination>
		</relationship>
		<relationship name="banks">
			<destination>{8c3f9de4-14c8-4279-a712-2040780fff61}</destination>
		</relationship>
	</object>
	<object class="EventMixer" id="{ab70dc67-7c67-4949-ac61-cba0151f5a7d}">
		<relationship name="masterBus">
			<destination>{42b4a029-10a9-4152-9c42-6652903f6155}</destination>
		</relationship>
	</object>
	<object class="MasterTrack" id="{7418c78c-e62c-4bb3-af49-77f5b30d1927}">
		<relationship name="mixerGroup">
			<destination>{42b4a029-10a9-4152-9c42-6652903f6155}</destination>
		</relationship>
	</object>
	<object class="MixerInput" id="{146ebf4f-fe27-45cc-9523-cbc234b81177}">
		<relationship name="effectChain">
			<destination>{2dcfa599-f96d-49ae-905d-c34cb3a1af4f}</destination>
		</relationship>
		<relationship name="panner">
			<destination>{487eea6f-5bd4-49f6-8e7e-fd0f460ac92e}</destination>
		</relationship>
		<relationship name="output">
			<destination>{a74bdffc-cbb2-488b-ae3c-038020e1273d}</destination>
		</relationship>
	</object>
	<object class="EventAutomatableProperties" id="{f492b7a4-2824-4c3f-9319-559adfd6dd83}" />
	<object class="MarkerTrack" id="{d26496ec-eafc-4a89-977f-80015b23ed50}" />
	<object class="GroupTrack" id="{b485c46a-fa9e-4b88-ad6e-e06a0083c593}">
		<relationship name="modules">
			<destination>{59a61648-15f2-4f4b-af70-913a2775f26f}</destination>
		</relationship>
		<relationship name="mixerGroup">
			<destination>{b7337392-0bbf-438d-b2d0-4e5f1d9f81f6}</destination>
		</relationship>
	</object>
	<object class="Timeline" id="{10204317-0181-41d2-8b71-7d34b89c6850}">
		<relationship name="modules">
			<destination>{59a61648-15f2-4f4b-af70-913a2775f26f}</destination>
		</relationship>
	</object>
	<object class="EventMixerMaster" id="{42b4a029-10a9-4152-9c42-6652903f6155}">
		<relationship name="effectChain">
			<destination>{5551a303-10a2-4f23-8b52-d436f6c2f9c2}</destination>
		</relationship>
		<relationship name="panner">
			<destination>{fbd0b5b7-8651-4667-9135-e6012e5cde38}</destination>
		</relationship>
		<relationship name="mixer">
			<destination>{ab70dc67-7c67-4949-ac61-cba0151f5a7d}</destination>
		</relationship>
	</object>
	<object class="MixerBusEffectChain" id="{2dcfa599-f96d-49ae-905d-c34cb3a1af4f}">
		<relationship name="effects">
			<destination>{4b3f9a5e-dc95-4c53-85d6-55a7c2f9914b}</destination>
		</relationship>
	</object>
	<object class="MixerBusPanner" id="{487eea6f-5bd4-49f6-8e7e-fd0f460ac92e}" />
	<object class="MultiSound" id="{59a61648-15f2-4f4b-af70-913a2775f26f}">
		<property name="length">
			<value>2.2124999999999999</value>
		</property>
	</object>
	<object class="EventMixerGroup" id="{b7337392-0bbf-438d-b2d0-4e5f1d9f81f6}">
		<property name="name">
			<value>Audio 1</value>
		</property>
		<relationship name="effectChain">
			<destination>{25f723bb-12f6-4fcd-8aa9-3c79067179c2}</destination>
		</relationship>
		<relationship name="panner">
			<destination>{06a98393-6c1c-475b-bb83-9898b454db94}</destination>
		</relationship>
		<relationship name="output">
			<destination>{42b4a029-10a9-4152-9c42-6652903f6155}</destination>
		</relationship>
	</object>
	<object class="MixerBusEffectChain" id="{5551a303-10a2-4f23-8b52-d436f6c2f9c2}">
		<relationship name="effects">
			<destination>{d3ef9e3a-e333-4516-a256-5754069d6772}</destination>
		</relationship>
	</object>
	<object class="MixerBusPanner" id="{fbd0b5b7-8651-4667-9135-e6012e5cde38}" />
	<object class="MixerBusFader" id="{4b3f9a5e-dc95-4c53-85d6-55a7c2f9914b}" />
	<object class="MixerBusEffectChain" id="{25f723bb-12f6-4fcd-8aa9-3c79067179c2}">
		<relationship name="effects">
			<destination>{d7d6543d-9664-47ee-9a64-1df4580e560a}</destination>
		</relationship>
	</object>
	<object class="MixerBusPanner" id="{06a98393-6c1c-475b-bb83-9898b454db94}" />
	<object class="MixerBusFader" id="{d3ef9e3a-e333-4516-a256-5754069d6772}" />
	<object class="MixerBusFader" id="{d7d6543d-9664-47ee-9a64-1df4580e560a}" />
</objects>
