<?xml version="1.0" encoding="UTF-8"?>
<objects serializationModel="Studio.02.01.00">
	<object class="Event" id="{0adbe626-3550-41c7-8689-2e3f69d35fd2}">
		<property name="name">
			<value>Success</value>
		</property>
		<property name="outputFormat">
			<value>0</value>
		</property>
		<relationship name="folder">
			<destination>{a766ba7c-672c-4f10-bf94-a5b926a273e0}</destination>
		</relationship>
		<relationship name="mixer">
			<destination>{798ed307-bc12-43b8-9325-24b7d34b6781}</destination>
		</relationship>
		<relationship name="masterTrack">
			<destination>{aaf401e7-c137-4e46-8b39-33c949322687}</destination>
		</relationship>
		<relationship name="mixerInput">
			<destination>{769c2463-5d73-451a-9d76-9f298aaac347}</destination>
		</relationship>
		<relationship name="automatableProperties">
			<destination>{8ff8fbb6-b607-4736-89a8-0d1e228b497c}</destination>
		</relationship>
		<relationship name="markerTracks">
			<destination>{8c35f01b-4a88-499f-8737-bce8cac631ff}</destination>
		</relationship>
		<relationship name="groupTracks">
			<destination>{d330ff62-99f8-42b1-96a0-85d4ef7cb7df}</destination>
		</relationship>
		<relationship name="timeline">
			<destination>{735129e0-e053-46d8-b56d-2fcadb53262a}</destination>
		</relationship>
		<relationship name="banks">
			<destination>{8c3f9de4-14c8-4279-a712-2040780fff61}</destination>
		</relationship>
	</object>
	<object class="EventMixer" id="{798ed307-bc12-43b8-9325-24b7d34b6781}">
		<relationship name="masterBus">
			<destination>{cf6a65ce-2c62-4c79-9532-7cd0574a55a3}</destination>
		</relationship>
	</object>
	<object class="MasterTrack" id="{aaf401e7-c137-4e46-8b39-33c949322687}">
		<relationship name="mixerGroup">
			<destination>{cf6a65ce-2c62-4c79-9532-7cd0574a55a3}</destination>
		</relationship>
	</object>
	<object class="MixerInput" id="{769c2463-5d73-451a-9d76-9f298aaac347}">
		<relationship name="effectChain">
			<destination>{2b9cbd2d-8ac2-4665-9b87-c154f6560d64}</destination>
		</relationship>
		<relationship name="panner">
			<destination>{a4c3c6d2-22fc-48fd-b3f0-8f7ec93b750d}</destination>
		</relationship>
		<relationship name="output">
			<destination>{a74bdffc-cbb2-488b-ae3c-038020e1273d}</destination>
		</relationship>
	</object>
	<object class="EventAutomatableProperties" id="{8ff8fbb6-b607-4736-89a8-0d1e228b497c}" />
	<object class="MarkerTrack" id="{8c35f01b-4a88-499f-8737-bce8cac631ff}" />
	<object class="GroupTrack" id="{d330ff62-99f8-42b1-96a0-85d4ef7cb7df}">
		<relationship name="modules">
			<destination>{4844d01e-f279-4d20-931d-2bdd153f1033}</destination>
		</relationship>
		<relationship name="mixerGroup">
			<destination>{dfe4e0b2-1dd9-4f6b-a667-5da9f98c467a}</destination>
		</relationship>
	</object>
	<object class="Timeline" id="{735129e0-e053-46d8-b56d-2fcadb53262a}">
		<relationship name="modules">
			<destination>{4844d01e-f279-4d20-931d-2bdd153f1033}</destination>
		</relationship>
	</object>
	<object class="EventMixerMaster" id="{cf6a65ce-2c62-4c79-9532-7cd0574a55a3}">
		<relationship name="effectChain">
			<destination>{3379f5b0-05c3-40cc-b761-fee2455d8561}</destination>
		</relationship>
		<relationship name="panner">
			<destination>{9f986303-149b-45cc-8596-9771682ae2fb}</destination>
		</relationship>
		<relationship name="mixer">
			<destination>{798ed307-bc12-43b8-9325-24b7d34b6781}</destination>
		</relationship>
	</object>
	<object class="MixerBusEffectChain" id="{2b9cbd2d-8ac2-4665-9b87-c154f6560d64}">
		<relationship name="effects">
			<destination>{07e6fe0a-2304-43a6-b118-f6c16bbbed7f}</destination>
		</relationship>
	</object>
	<object class="MixerBusPanner" id="{a4c3c6d2-22fc-48fd-b3f0-8f7ec93b750d}" />
	<object class="MultiSound" id="{4844d01e-f279-4d20-931d-2bdd153f1033}">
		<property name="length">
			<value>2.1419999999999999</value>
		</property>
		<relationship name="sounds">
			<destination>{cdd9b922-75fa-4582-9279-e982bfb534fb}</destination>
			<destination>{218279ef-723c-4a50-8d3f-56be3bebf699}</destination>
			<destination>{a191f445-39b2-431b-b859-1b3f648068e8}</destination>
			<destination>{9dea14d3-4629-401b-85f4-047f9716b24b}</destination>
		</relationship>
	</object>
	<object class="EventMixerGroup" id="{dfe4e0b2-1dd9-4f6b-a667-5da9f98c467a}">
		<property name="name">
			<value>Audio 1</value>
		</property>
		<relationship name="effectChain">
			<destination>{a8f06d7a-42d4-44dc-b492-0c64767a4fac}</destination>
		</relationship>
		<relationship name="panner">
			<destination>{1e0cac8b-5862-4bda-91d6-3054368098c9}</destination>
		</relationship>
		<relationship name="output">
			<destination>{cf6a65ce-2c62-4c79-9532-7cd0574a55a3}</destination>
		</relationship>
	</object>
	<object class="MixerBusEffectChain" id="{3379f5b0-05c3-40cc-b761-fee2455d8561}">
		<relationship name="effects">
			<destination>{0243e54b-c4cd-4f09-a859-da2e4a722abf}</destination>
		</relationship>
	</object>
	<object class="MixerBusPanner" id="{9f986303-149b-45cc-8596-9771682ae2fb}" />
	<object class="MixerBusFader" id="{07e6fe0a-2304-43a6-b118-f6c16bbbed7f}" />
	<object class="SingleSound" id="{cdd9b922-75fa-4582-9279-e982bfb534fb}">
		<relationship name="audioFile">
			<destination>{3e49e59d-0c90-4e66-ac5b-42bb82aa63cb}</destination>
		</relationship>
	</object>
	<object class="SingleSound" id="{218279ef-723c-4a50-8d3f-56be3bebf699}">
		<relationship name="audioFile">
			<destination>{e2e5c95e-6c12-456f-9353-4eea45e06dfc}</destination>
		</relationship>
	</object>
	<object class="SingleSound" id="{a191f445-39b2-431b-b859-1b3f648068e8}">
		<relationship name="audioFile">
			<destination>{9ab83692-3aa1-4f50-b6ad-c2210135fd34}</destination>
		</relationship>
	</object>
	<object class="SingleSound" id="{9dea14d3-4629-401b-85f4-047f9716b24b}">
		<relationship name="audioFile">
			<destination>{3063647d-28b0-4f0f-9939-c9cb488fa34e}</destination>
		</relationship>
	</object>
	<object class="MixerBusEffectChain" id="{a8f06d7a-42d4-44dc-b492-0c64767a4fac}">
		<relationship name="effects">
			<destination>{940a4670-ec80-4b08-a612-de48f049ddc3}</destination>
		</relationship>
	</object>
	<object class="MixerBusPanner" id="{1e0cac8b-5862-4bda-91d6-3054368098c9}" />
	<object class="MixerBusFader" id="{0243e54b-c4cd-4f09-a859-da2e4a722abf}" />
	<object class="MixerBusFader" id="{940a4670-ec80-4b08-a612-de48f049ddc3}" />
</objects>
