<?xml version="1.0" encoding="UTF-8"?>
<objects serializationModel="Studio.02.01.00">
	<object class="Event" id="{0ae2fb08-e1eb-450b-ada7-f10ca4ec95e8}">
		<property name="name">
			<value>Assigned</value>
		</property>
		<property name="outputFormat">
			<value>0</value>
		</property>
		<relationship name="folder">
			<destination>{fcd538ac-a7de-4484-b515-a96ee0bfb96d}</destination>
		</relationship>
		<relationship name="mixer">
			<destination>{1c656f46-9c8f-415e-acf3-b8f5c6eb4d24}</destination>
		</relationship>
		<relationship name="masterTrack">
			<destination>{bf17d9d8-9218-4db6-94db-e3003ed65d5f}</destination>
		</relationship>
		<relationship name="mixerInput">
			<destination>{fd4bc27a-551a-4b27-b18b-6f2d21589ed7}</destination>
		</relationship>
		<relationship name="automatableProperties">
			<destination>{fdf5ffb5-c3cf-4b7d-87b9-d865a5c2ec72}</destination>
		</relationship>
		<relationship name="markerTracks">
			<destination>{da12307c-7f06-4d2e-9081-eec2a9a9329e}</destination>
		</relationship>
		<relationship name="groupTracks">
			<destination>{e1fd6e17-d31c-43e8-8f82-947b7b2d4d4a}</destination>
		</relationship>
		<relationship name="timeline">
			<destination>{8df16820-a1a6-4f43-9e51-2dd9d706e410}</destination>
		</relationship>
		<relationship name="banks">
			<destination>{8c3f9de4-14c8-4279-a712-2040780fff61}</destination>
		</relationship>
	</object>
	<object class="EventMixer" id="{1c656f46-9c8f-415e-acf3-b8f5c6eb4d24}">
		<relationship name="masterBus">
			<destination>{94fecde5-b52d-4b69-97f7-6b3879d169aa}</destination>
		</relationship>
	</object>
	<object class="MasterTrack" id="{bf17d9d8-9218-4db6-94db-e3003ed65d5f}">
		<relationship name="mixerGroup">
			<destination>{94fecde5-b52d-4b69-97f7-6b3879d169aa}</destination>
		</relationship>
	</object>
	<object class="MixerInput" id="{fd4bc27a-551a-4b27-b18b-6f2d21589ed7}">
		<relationship name="effectChain">
			<destination>{c1655fd1-532f-4fcf-ba36-a2ee9e175ed4}</destination>
		</relationship>
		<relationship name="panner">
			<destination>{cca85a61-a1c9-4f12-b738-1270879442a9}</destination>
		</relationship>
		<relationship name="output">
			<destination>{a74bdffc-cbb2-488b-ae3c-038020e1273d}</destination>
		</relationship>
	</object>
	<object class="EventAutomatableProperties" id="{fdf5ffb5-c3cf-4b7d-87b9-d865a5c2ec72}" />
	<object class="MarkerTrack" id="{da12307c-7f06-4d2e-9081-eec2a9a9329e}" />
	<object class="GroupTrack" id="{e1fd6e17-d31c-43e8-8f82-947b7b2d4d4a}">
		<relationship name="modules">
			<destination>{23d6268e-5c69-4fe9-bbf0-c81d2fe0a398}</destination>
		</relationship>
		<relationship name="mixerGroup">
			<destination>{f8524480-bc57-4ea8-a012-a010b844de91}</destination>
		</relationship>
	</object>
	<object class="Timeline" id="{8df16820-a1a6-4f43-9e51-2dd9d706e410}">
		<relationship name="modules">
			<destination>{23d6268e-5c69-4fe9-bbf0-c81d2fe0a398}</destination>
		</relationship>
	</object>
	<object class="EventMixerMaster" id="{94fecde5-b52d-4b69-97f7-6b3879d169aa}">
		<relationship name="effectChain">
			<destination>{b948b9bb-0d6b-47da-aa6a-fac66cab10a5}</destination>
		</relationship>
		<relationship name="panner">
			<destination>{3a9000d4-2896-41fb-bc5d-cdd808b55ce7}</destination>
		</relationship>
		<relationship name="mixer">
			<destination>{1c656f46-9c8f-415e-acf3-b8f5c6eb4d24}</destination>
		</relationship>
	</object>
	<object class="MixerBusEffectChain" id="{c1655fd1-532f-4fcf-ba36-a2ee9e175ed4}">
		<relationship name="effects">
			<destination>{9af077b4-110e-4a8b-8427-10231660c6bf}</destination>
		</relationship>
	</object>
	<object class="MixerBusPanner" id="{cca85a61-a1c9-4f12-b738-1270879442a9}" />
	<object class="MultiSound" id="{23d6268e-5c69-4fe9-bbf0-c81d2fe0a398}">
		<property name="length">
			<value>2.2478541666666665</value>
		</property>
		<relationship name="sounds">
			<destination>{2f808447-ff4c-4576-a3f4-b77cbb68ab0c}</destination>
			<destination>{59b868d4-29fc-4a06-9cd7-e11c53361261}</destination>
		</relationship>
	</object>
	<object class="EventMixerGroup" id="{f8524480-bc57-4ea8-a012-a010b844de91}">
		<property name="name">
			<value>Audio 1</value>
		</property>
		<relationship name="effectChain">
			<destination>{86f4c9db-2afa-4d21-ba77-f6b2971dcf9e}</destination>
		</relationship>
		<relationship name="panner">
			<destination>{20dded36-42c0-4051-a035-c18af5a746c9}</destination>
		</relationship>
		<relationship name="output">
			<destination>{94fecde5-b52d-4b69-97f7-6b3879d169aa}</destination>
		</relationship>
	</object>
	<object class="MixerBusEffectChain" id="{b948b9bb-0d6b-47da-aa6a-fac66cab10a5}">
		<relationship name="effects">
			<destination>{9a11bcef-2918-4cf8-b5e7-590af464114c}</destination>
		</relationship>
	</object>
	<object class="MixerBusPanner" id="{3a9000d4-2896-41fb-bc5d-cdd808b55ce7}" />
	<object class="MixerBusFader" id="{9af077b4-110e-4a8b-8427-10231660c6bf}" />
	<object class="SingleSound" id="{2f808447-ff4c-4576-a3f4-b77cbb68ab0c}">
		<relationship name="audioFile">
			<destination>{b27fcfc0-9e36-4cbe-9038-2afc75f5ceb4}</destination>
		</relationship>
	</object>
	<object class="SingleSound" id="{59b868d4-29fc-4a06-9cd7-e11c53361261}">
		<relationship name="audioFile">
			<destination>{218d9183-2662-4e05-880c-3701d39902c7}</destination>
		</relationship>
	</object>
	<object class="MixerBusEffectChain" id="{86f4c9db-2afa-4d21-ba77-f6b2971dcf9e}">
		<relationship name="effects">
			<destination>{b5232a0c-0ec9-499b-af9b-35823d176f29}</destination>
		</relationship>
	</object>
	<object class="MixerBusPanner" id="{20dded36-42c0-4051-a035-c18af5a746c9}" />
	<object class="MixerBusFader" id="{9a11bcef-2918-4cf8-b5e7-590af464114c}" />
	<object class="MixerBusFader" id="{b5232a0c-0ec9-499b-af9b-35823d176f29}" />
</objects>
