<?xml version="1.0" encoding="UTF-8"?>
<objects serializationModel="Studio.02.01.00">
	<object class="Event" id="{0ae13a47-ed6f-4120-bf23-1b75d6db5efc}">
		<property name="name">
			<value>Cinematics_Submit_Intro_6</value>
		</property>
		<property name="outputFormat">
			<value>0</value>
		</property>
		<relationship name="folder">
			<destination>{158ad337-8269-4a32-865c-d3c458683eff}</destination>
		</relationship>
		<relationship name="mixer">
			<destination>{a02765b1-d35d-4b37-94b2-d3dca65074e2}</destination>
		</relationship>
		<relationship name="masterTrack">
			<destination>{e2995ec8-97ee-4571-98f0-af7d5bcfe3cc}</destination>
		</relationship>
		<relationship name="mixerInput">
			<destination>{abc3fa93-c834-4548-a35e-c31c81893262}</destination>
		</relationship>
		<relationship name="automatableProperties">
			<destination>{ec42616e-8bd7-474e-9af0-00f390f840b5}</destination>
		</relationship>
		<relationship name="markerTracks">
			<destination>{35c12334-1cca-4426-b4eb-9af8795f386a}</destination>
		</relationship>
		<relationship name="groupTracks">
			<destination>{77d032ba-2a01-4457-b114-2dde6bebb5f5}</destination>
		</relationship>
		<relationship name="timeline">
			<destination>{0b321605-1a30-4c6c-b10f-2105769234cc}</destination>
		</relationship>
		<relationship name="banks">
			<destination>{8c3f9de4-14c8-4279-a712-2040780fff61}</destination>
		</relationship>
	</object>
	<object class="EventMixer" id="{a02765b1-d35d-4b37-94b2-d3dca65074e2}">
		<relationship name="masterBus">
			<destination>{48bd0f6e-c45a-419f-8273-786b8d63f665}</destination>
		</relationship>
	</object>
	<object class="MasterTrack" id="{e2995ec8-97ee-4571-98f0-af7d5bcfe3cc}">
		<relationship name="mixerGroup">
			<destination>{48bd0f6e-c45a-419f-8273-786b8d63f665}</destination>
		</relationship>
	</object>
	<object class="MixerInput" id="{abc3fa93-c834-4548-a35e-c31c81893262}">
		<relationship name="effectChain">
			<destination>{d3afc1ba-adb0-4a24-9d38-b8d1106d2d8c}</destination>
		</relationship>
		<relationship name="panner">
			<destination>{77964fd0-3dbd-409b-b3d3-b07ca1b4b907}</destination>
		</relationship>
		<relationship name="output">
			<destination>{a74bdffc-cbb2-488b-ae3c-038020e1273d}</destination>
		</relationship>
	</object>
	<object class="EventAutomatableProperties" id="{ec42616e-8bd7-474e-9af0-00f390f840b5}" />
	<object class="MarkerTrack" id="{35c12334-1cca-4426-b4eb-9af8795f386a}" />
	<object class="GroupTrack" id="{77d032ba-2a01-4457-b114-2dde6bebb5f5}">
		<relationship name="modules">
			<destination>{454b265a-f868-45ca-ac76-835d93fed642}</destination>
		</relationship>
		<relationship name="mixerGroup">
			<destination>{ca6a75dc-6cf1-4c30-98a2-c7a08227cd6b}</destination>
		</relationship>
	</object>
	<object class="Timeline" id="{0b321605-1a30-4c6c-b10f-2105769234cc}">
		<relationship name="modules">
			<destination>{454b265a-f868-45ca-ac76-835d93fed642}</destination>
		</relationship>
	</object>
	<object class="EventMixerMaster" id="{48bd0f6e-c45a-419f-8273-786b8d63f665}">
		<relationship name="effectChain">
			<destination>{693dd8d8-f905-4b48-868c-21b3e0481514}</destination>
		</relationship>
		<relationship name="panner">
			<destination>{b7085313-e7ae-4394-b17d-b48ddbe7c922}</destination>
		</relationship>
		<relationship name="mixer">
			<destination>{a02765b1-d35d-4b37-94b2-d3dca65074e2}</destination>
		</relationship>
	</object>
	<object class="MixerBusEffectChain" id="{d3afc1ba-adb0-4a24-9d38-b8d1106d2d8c}">
		<relationship name="effects">
			<destination>{02319224-b3b6-4eb8-bab2-e429ccfe9530}</destination>
		</relationship>
	</object>
	<object class="MixerBusPanner" id="{77964fd0-3dbd-409b-b3d3-b07ca1b4b907}" />
	<object class="SingleSound" id="{454b265a-f868-45ca-ac76-835d93fed642}">
		<property name="length">
			<value>3.7016458333333335</value>
		</property>
		<relationship name="audioFile">
			<destination>{7ef7baf3-2ac2-4e51-8f82-c84979755d52}</destination>
		</relationship>
	</object>
	<object class="EventMixerGroup" id="{ca6a75dc-6cf1-4c30-98a2-c7a08227cd6b}">
		<property name="name">
			<value>Audio 1</value>
		</property>
		<relationship name="effectChain">
			<destination>{0ebbf341-fd48-4105-9ff1-33bde03b2295}</destination>
		</relationship>
		<relationship name="panner">
			<destination>{1bdfef7d-3e45-4f17-af89-98f365fc5cfb}</destination>
		</relationship>
		<relationship name="output">
			<destination>{48bd0f6e-c45a-419f-8273-786b8d63f665}</destination>
		</relationship>
	</object>
	<object class="MixerBusEffectChain" id="{693dd8d8-f905-4b48-868c-21b3e0481514}">
		<relationship name="effects">
			<destination>{8c57a253-d045-4517-aee3-9ba31c991c45}</destination>
		</relationship>
	</object>
	<object class="MixerBusPanner" id="{b7085313-e7ae-4394-b17d-b48ddbe7c922}" />
	<object class="MixerBusFader" id="{02319224-b3b6-4eb8-bab2-e429ccfe9530}" />
	<object class="MixerBusEffectChain" id="{0ebbf341-fd48-4105-9ff1-33bde03b2295}">
		<relationship name="effects">
			<destination>{7aead607-09d2-4fee-b715-821b44e2c7de}</destination>
		</relationship>
	</object>
	<object class="MixerBusPanner" id="{1bdfef7d-3e45-4f17-af89-98f365fc5cfb}" />
	<object class="MixerBusFader" id="{8c57a253-d045-4517-aee3-9ba31c991c45}" />
	<object class="MixerBusFader" id="{7aead607-09d2-4fee-b715-821b44e2c7de}" />
</objects>
