<?xml version="1.0" encoding="UTF-8"?>
<objects serializationModel="Studio.02.01.00">
	<object class="Event" id="{0b14b52c-e607-495c-bae4-d7aa34df4edc}">
		<property name="name">
			<value>Assigned</value>
		</property>
		<property name="outputFormat">
			<value>0</value>
		</property>
		<relationship name="folder">
			<destination>{5d3dbfa1-fb6e-457d-8ac9-afa21009ac4d}</destination>
		</relationship>
		<relationship name="mixer">
			<destination>{8993ba04-eab3-43d7-8981-3ce460d525de}</destination>
		</relationship>
		<relationship name="masterTrack">
			<destination>{bf177ede-0eff-438c-8685-ea4cc3d12715}</destination>
		</relationship>
		<relationship name="mixerInput">
			<destination>{42e00cd4-ce8f-46a5-a9f3-60ce03748dcf}</destination>
		</relationship>
		<relationship name="automatableProperties">
			<destination>{36712ee1-96f3-4eb4-901e-77bef6a35797}</destination>
		</relationship>
		<relationship name="markerTracks">
			<destination>{82bd73f7-d989-4c79-95d8-2120ab35ebe8}</destination>
		</relationship>
		<relationship name="groupTracks">
			<destination>{80c85370-3644-4faf-ada5-8b4285f11534}</destination>
		</relationship>
		<relationship name="timeline">
			<destination>{b9d14458-f861-4c39-bb1e-0d2fc2c56595}</destination>
		</relationship>
		<relationship name="banks">
			<destination>{8c3f9de4-14c8-4279-a712-2040780fff61}</destination>
		</relationship>
	</object>
	<object class="EventMixer" id="{8993ba04-eab3-43d7-8981-3ce460d525de}">
		<relationship name="masterBus">
			<destination>{6d401655-fda0-46f2-ad9f-a72d05668dfa}</destination>
		</relationship>
	</object>
	<object class="MasterTrack" id="{bf177ede-0eff-438c-8685-ea4cc3d12715}">
		<relationship name="mixerGroup">
			<destination>{6d401655-fda0-46f2-ad9f-a72d05668dfa}</destination>
		</relationship>
	</object>
	<object class="MixerInput" id="{42e00cd4-ce8f-46a5-a9f3-60ce03748dcf}">
		<relationship name="effectChain">
			<destination>{8fa7c135-cd8e-469b-8f87-f7342221682f}</destination>
		</relationship>
		<relationship name="panner">
			<destination>{cbd035ea-5261-42e1-bd10-9ad574b578d3}</destination>
		</relationship>
		<relationship name="output">
			<destination>{a74bdffc-cbb2-488b-ae3c-038020e1273d}</destination>
		</relationship>
	</object>
	<object class="EventAutomatableProperties" id="{36712ee1-96f3-4eb4-901e-77bef6a35797}" />
	<object class="MarkerTrack" id="{82bd73f7-d989-4c79-95d8-2120ab35ebe8}" />
	<object class="GroupTrack" id="{80c85370-3644-4faf-ada5-8b4285f11534}">
		<relationship name="modules">
			<destination>{aed45b49-5fac-402c-848a-502d8ce2dbac}</destination>
		</relationship>
		<relationship name="mixerGroup">
			<destination>{693f2f35-81b1-4e10-ba77-4c3cf1035398}</destination>
		</relationship>
	</object>
	<object class="Timeline" id="{b9d14458-f861-4c39-bb1e-0d2fc2c56595}">
		<relationship name="modules">
			<destination>{aed45b49-5fac-402c-848a-502d8ce2dbac}</destination>
		</relationship>
	</object>
	<object class="EventMixerMaster" id="{6d401655-fda0-46f2-ad9f-a72d05668dfa}">
		<relationship name="effectChain">
			<destination>{1bf3b118-a034-408d-82fb-eb19c3262d4c}</destination>
		</relationship>
		<relationship name="panner">
			<destination>{509df586-4bd3-4a62-8e05-c373970cf0f3}</destination>
		</relationship>
		<relationship name="mixer">
			<destination>{8993ba04-eab3-43d7-8981-3ce460d525de}</destination>
		</relationship>
	</object>
	<object class="MixerBusEffectChain" id="{8fa7c135-cd8e-469b-8f87-f7342221682f}">
		<relationship name="effects">
			<destination>{7ab33748-e1bd-442d-8a3e-94551bf06ae2}</destination>
		</relationship>
	</object>
	<object class="MixerBusPanner" id="{cbd035ea-5261-42e1-bd10-9ad574b578d3}" />
	<object class="MultiSound" id="{aed45b49-5fac-402c-848a-502d8ce2dbac}">
		<property name="length">
			<value>1.3487083333333334</value>
		</property>
		<relationship name="sounds">
			<destination>{6138fa53-591e-4782-ab5a-103f14f1bfa0}</destination>
			<destination>{ac463e77-8e44-4a24-b64e-c0651b14e530}</destination>
		</relationship>
	</object>
	<object class="EventMixerGroup" id="{693f2f35-81b1-4e10-ba77-4c3cf1035398}">
		<property name="name">
			<value>Audio 1</value>
		</property>
		<relationship name="effectChain">
			<destination>{c931628a-cd57-49ac-a47b-bdf8005b7d29}</destination>
		</relationship>
		<relationship name="panner">
			<destination>{95ddae25-424c-40d6-bf63-8f5b49b66112}</destination>
		</relationship>
		<relationship name="output">
			<destination>{6d401655-fda0-46f2-ad9f-a72d05668dfa}</destination>
		</relationship>
	</object>
	<object class="MixerBusEffectChain" id="{1bf3b118-a034-408d-82fb-eb19c3262d4c}">
		<relationship name="effects">
			<destination>{1b364054-2ca3-4ab0-b424-29953493a94c}</destination>
		</relationship>
	</object>
	<object class="MixerBusPanner" id="{509df586-4bd3-4a62-8e05-c373970cf0f3}" />
	<object class="MixerBusFader" id="{7ab33748-e1bd-442d-8a3e-94551bf06ae2}" />
	<object class="SingleSound" id="{6138fa53-591e-4782-ab5a-103f14f1bfa0}">
		<relationship name="audioFile">
			<destination>{ca9b4a31-375b-4d3a-af69-2a4e818b2665}</destination>
		</relationship>
	</object>
	<object class="SingleSound" id="{ac463e77-8e44-4a24-b64e-c0651b14e530}">
		<relationship name="audioFile">
			<destination>{baaa1780-7820-4d56-bd77-49ec24c4def6}</destination>
		</relationship>
	</object>
	<object class="MixerBusEffectChain" id="{c931628a-cd57-49ac-a47b-bdf8005b7d29}">
		<relationship name="effects">
			<destination>{83f2d8cf-ae73-44f9-b589-0274e18eda54}</destination>
		</relationship>
	</object>
	<object class="MixerBusPanner" id="{95ddae25-424c-40d6-bf63-8f5b49b66112}" />
	<object class="MixerBusFader" id="{1b364054-2ca3-4ab0-b424-29953493a94c}" />
	<object class="MixerBusFader" id="{83f2d8cf-ae73-44f9-b589-0274e18eda54}" />
</objects>
