<?xml version="1.0" encoding="UTF-8"?>
<objects serializationModel="Studio.02.01.00">
	<object class="Event" id="{0b1b0bfd-6dd5-4f4e-9a00-49289b5d5f5a}">
		<property name="name">
			<value>Assigned</value>
		</property>
		<property name="outputFormat">
			<value>0</value>
		</property>
		<relationship name="folder">
			<destination>{ef9608fe-512e-49f2-b59e-9c776768e661}</destination>
		</relationship>
		<relationship name="mixer">
			<destination>{cb5768c6-ab95-4cce-95f4-532e91e27c89}</destination>
		</relationship>
		<relationship name="masterTrack">
			<destination>{9d5365db-79fc-4750-8da3-f6f24fe239f8}</destination>
		</relationship>
		<relationship name="mixerInput">
			<destination>{4d377faa-e9c6-42e4-8a06-d9111bd37334}</destination>
		</relationship>
		<relationship name="automatableProperties">
			<destination>{694e8845-ee27-4838-9e41-9d1efaa2e23e}</destination>
		</relationship>
		<relationship name="markerTracks">
			<destination>{21fdc1d0-c8f3-44ab-a4ca-c0b9f024152e}</destination>
		</relationship>
		<relationship name="groupTracks">
			<destination>{24ba941d-6a7a-4cc5-8bf9-edef3a9295fa}</destination>
		</relationship>
		<relationship name="timeline">
			<destination>{429d216f-7412-4dfd-bf09-56f8122f6518}</destination>
		</relationship>
		<relationship name="banks">
			<destination>{8c3f9de4-14c8-4279-a712-2040780fff61}</destination>
		</relationship>
	</object>
	<object class="EventMixer" id="{cb5768c6-ab95-4cce-95f4-532e91e27c89}">
		<relationship name="masterBus">
			<destination>{210b5053-48e1-413d-a736-1738b2af6628}</destination>
		</relationship>
	</object>
	<object class="MasterTrack" id="{9d5365db-79fc-4750-8da3-f6f24fe239f8}">
		<relationship name="mixerGroup">
			<destination>{210b5053-48e1-413d-a736-1738b2af6628}</destination>
		</relationship>
	</object>
	<object class="MixerInput" id="{4d377faa-e9c6-42e4-8a06-d9111bd37334}">
		<relationship name="effectChain">
			<destination>{a7feb520-8144-486c-8432-d8bd4f9b7815}</destination>
		</relationship>
		<relationship name="panner">
			<destination>{4b384af0-7c7a-4829-a5fe-97c9943ef9ee}</destination>
		</relationship>
		<relationship name="output">
			<destination>{a74bdffc-cbb2-488b-ae3c-038020e1273d}</destination>
		</relationship>
	</object>
	<object class="EventAutomatableProperties" id="{694e8845-ee27-4838-9e41-9d1efaa2e23e}" />
	<object class="MarkerTrack" id="{21fdc1d0-c8f3-44ab-a4ca-c0b9f024152e}" />
	<object class="GroupTrack" id="{24ba941d-6a7a-4cc5-8bf9-edef3a9295fa}">
		<relationship name="modules">
			<destination>{e2c1a29c-f121-4196-a939-0c09aa0d8e08}</destination>
		</relationship>
		<relationship name="mixerGroup">
			<destination>{b0c629cc-ef90-4ba2-b8f9-e366695de2c5}</destination>
		</relationship>
	</object>
	<object class="Timeline" id="{429d216f-7412-4dfd-bf09-56f8122f6518}">
		<relationship name="modules">
			<destination>{e2c1a29c-f121-4196-a939-0c09aa0d8e08}</destination>
		</relationship>
	</object>
	<object class="EventMixerMaster" id="{210b5053-48e1-413d-a736-1738b2af6628}">
		<relationship name="effectChain">
			<destination>{5402fe91-de40-462e-badc-57d9512f5aef}</destination>
		</relationship>
		<relationship name="panner">
			<destination>{98993fef-c01c-4727-961c-2224438bf534}</destination>
		</relationship>
		<relationship name="mixer">
			<destination>{cb5768c6-ab95-4cce-95f4-532e91e27c89}</destination>
		</relationship>
	</object>
	<object class="MixerBusEffectChain" id="{a7feb520-8144-486c-8432-d8bd4f9b7815}">
		<relationship name="effects">
			<destination>{d8f831a7-28f3-4db3-9730-1b44cbf22d05}</destination>
		</relationship>
	</object>
	<object class="MixerBusPanner" id="{4b384af0-7c7a-4829-a5fe-97c9943ef9ee}" />
	<object class="MultiSound" id="{e2c1a29c-f121-4196-a939-0c09aa0d8e08}">
		<property name="length">
			<value>2.2292708333333335</value>
		</property>
		<relationship name="sounds">
			<destination>{874d4fe4-2432-48aa-9694-62b64de7cc96}</destination>
			<destination>{acc5119e-efcf-4310-9114-4dbfcb005466}</destination>
			<destination>{bbc2deed-da97-4860-9281-9a4a33f61615}</destination>
			<destination>{31680b31-5024-4130-8e39-6a9df41e059a}</destination>
			<destination>{341d0d9c-c9bd-4057-8bca-ec66278f40c8}</destination>
			<destination>{ecf7e51e-3746-4bfc-86a4-eb65cfec9930}</destination>
		</relationship>
	</object>
	<object class="EventMixerGroup" id="{b0c629cc-ef90-4ba2-b8f9-e366695de2c5}">
		<property name="name">
			<value>Audio 1</value>
		</property>
		<relationship name="effectChain">
			<destination>{ae4abdfa-42de-4480-a189-4d394984bae0}</destination>
		</relationship>
		<relationship name="panner">
			<destination>{f10df32d-aac1-472e-bd38-bb3c84436347}</destination>
		</relationship>
		<relationship name="output">
			<destination>{210b5053-48e1-413d-a736-1738b2af6628}</destination>
		</relationship>
	</object>
	<object class="MixerBusEffectChain" id="{5402fe91-de40-462e-badc-57d9512f5aef}">
		<relationship name="effects">
			<destination>{bf2f5b64-0d17-40ee-b8e7-ee195f3cb876}</destination>
		</relationship>
	</object>
	<object class="MixerBusPanner" id="{98993fef-c01c-4727-961c-2224438bf534}" />
	<object class="MixerBusFader" id="{d8f831a7-28f3-4db3-9730-1b44cbf22d05}" />
	<object class="SingleSound" id="{874d4fe4-2432-48aa-9694-62b64de7cc96}">
		<relationship name="audioFile">
			<destination>{5897b651-8fa5-4508-ac49-334b748a7281}</destination>
		</relationship>
	</object>
	<object class="SingleSound" id="{acc5119e-efcf-4310-9114-4dbfcb005466}">
		<relationship name="audioFile">
			<destination>{637e9c48-ec5b-47a0-81f8-9ca278fbe812}</destination>
		</relationship>
	</object>
	<object class="SingleSound" id="{bbc2deed-da97-4860-9281-9a4a33f61615}">
		<relationship name="audioFile">
			<destination>{3f78235a-28f6-4bbb-aa66-4fc4822da2e0}</destination>
		</relationship>
	</object>
	<object class="SingleSound" id="{31680b31-5024-4130-8e39-6a9df41e059a}">
		<relationship name="audioFile">
			<destination>{baacfc61-83b5-413a-a495-496aafb93327}</destination>
		</relationship>
	</object>
	<object class="SingleSound" id="{341d0d9c-c9bd-4057-8bca-ec66278f40c8}">
		<relationship name="audioFile">
			<destination>{5eedeac4-c724-488b-8e6a-0e431dad56c5}</destination>
		</relationship>
	</object>
	<object class="SingleSound" id="{ecf7e51e-3746-4bfc-86a4-eb65cfec9930}">
		<relationship name="audioFile">
			<destination>{7a6f1275-7000-4b5f-9ce7-60a9383c4284}</destination>
		</relationship>
	</object>
	<object class="MixerBusEffectChain" id="{ae4abdfa-42de-4480-a189-4d394984bae0}">
		<relationship name="effects">
			<destination>{a98a5526-3dd2-44cc-845f-9197c8a3692b}</destination>
		</relationship>
	</object>
	<object class="MixerBusPanner" id="{f10df32d-aac1-472e-bd38-bb3c84436347}" />
	<object class="MixerBusFader" id="{bf2f5b64-0d17-40ee-b8e7-ee195f3cb876}" />
	<object class="MixerBusFader" id="{a98a5526-3dd2-44cc-845f-9197c8a3692b}" />
</objects>
