<?xml version="1.0" encoding="UTF-8"?>
<objects serializationModel="Studio.02.01.00">
	<object class="Event" id="{0b2f238e-01ae-4458-8bba-177a1a8ebdeb}">
		<property name="name">
			<value>Failure</value>
		</property>
		<property name="outputFormat">
			<value>0</value>
		</property>
		<relationship name="folder">
			<destination>{f65f13f9-72ed-4874-b5da-2ee0e86f04a2}</destination>
		</relationship>
		<relationship name="mixer">
			<destination>{aaa478fd-de28-4e4a-aacc-fe99d78f10cd}</destination>
		</relationship>
		<relationship name="masterTrack">
			<destination>{4cb6e6a7-aaaa-4777-a186-e3868cddfd4b}</destination>
		</relationship>
		<relationship name="mixerInput">
			<destination>{8a042264-9a92-40ac-b5f8-80f4742d6aee}</destination>
		</relationship>
		<relationship name="automatableProperties">
			<destination>{c147532d-2c58-4e54-8009-2fc97e4b3e4a}</destination>
		</relationship>
		<relationship name="markerTracks">
			<destination>{e4227310-c0b1-45d7-8d85-2735cf907d73}</destination>
		</relationship>
		<relationship name="groupTracks">
			<destination>{15aa2840-0645-454a-96ec-3b313eca3de3}</destination>
		</relationship>
		<relationship name="timeline">
			<destination>{a960dc1a-586c-49fa-b433-452004709c3a}</destination>
		</relationship>
		<relationship name="banks">
			<destination>{8c3f9de4-14c8-4279-a712-2040780fff61}</destination>
		</relationship>
	</object>
	<object class="EventMixer" id="{aaa478fd-de28-4e4a-aacc-fe99d78f10cd}">
		<relationship name="masterBus">
			<destination>{49d450ec-6b0c-49ec-931d-3987681bed5e}</destination>
		</relationship>
	</object>
	<object class="MasterTrack" id="{4cb6e6a7-aaaa-4777-a186-e3868cddfd4b}">
		<relationship name="mixerGroup">
			<destination>{49d450ec-6b0c-49ec-931d-3987681bed5e}</destination>
		</relationship>
	</object>
	<object class="MixerInput" id="{8a042264-9a92-40ac-b5f8-80f4742d6aee}">
		<relationship name="effectChain">
			<destination>{eb96f3ba-91b4-40f9-bef7-bdb297af8f44}</destination>
		</relationship>
		<relationship name="panner">
			<destination>{5bca7a51-a01e-4e22-b3c4-b2efe9e7ea8a}</destination>
		</relationship>
		<relationship name="output">
			<destination>{a74bdffc-cbb2-488b-ae3c-038020e1273d}</destination>
		</relationship>
	</object>
	<object class="EventAutomatableProperties" id="{c147532d-2c58-4e54-8009-2fc97e4b3e4a}" />
	<object class="MarkerTrack" id="{e4227310-c0b1-45d7-8d85-2735cf907d73}" />
	<object class="GroupTrack" id="{15aa2840-0645-454a-96ec-3b313eca3de3}">
		<relationship name="modules">
			<destination>{bd9b94b3-72e9-41cc-a959-693dac7ffcef}</destination>
		</relationship>
		<relationship name="mixerGroup">
			<destination>{a0f88660-9b61-4f96-9386-8cd03ed71ed0}</destination>
		</relationship>
	</object>
	<object class="Timeline" id="{a960dc1a-586c-49fa-b433-452004709c3a}">
		<relationship name="modules">
			<destination>{bd9b94b3-72e9-41cc-a959-693dac7ffcef}</destination>
		</relationship>
	</object>
	<object class="EventMixerMaster" id="{49d450ec-6b0c-49ec-931d-3987681bed5e}">
		<relationship name="effectChain">
			<destination>{0168cce2-32f5-4cf1-b539-4eca284b68a3}</destination>
		</relationship>
		<relationship name="panner">
			<destination>{9e257c97-c344-4713-bdd0-ec08f2c2a4c6}</destination>
		</relationship>
		<relationship name="mixer">
			<destination>{aaa478fd-de28-4e4a-aacc-fe99d78f10cd}</destination>
		</relationship>
	</object>
	<object class="MixerBusEffectChain" id="{eb96f3ba-91b4-40f9-bef7-bdb297af8f44}">
		<relationship name="effects">
			<destination>{ca305750-fed1-4cb8-9077-4daf922eff68}</destination>
		</relationship>
	</object>
	<object class="MixerBusPanner" id="{5bca7a51-a01e-4e22-b3c4-b2efe9e7ea8a}" />
	<object class="MultiSound" id="{bd9b94b3-72e9-41cc-a959-693dac7ffcef}">
		<property name="length">
			<value>2.3118333333333334</value>
		</property>
		<relationship name="sounds">
			<destination>{a452c80a-8ad2-499a-86b1-c814abf62886}</destination>
			<destination>{8e19b4e0-2510-4656-9174-3027850e78e8}</destination>
			<destination>{40d06c9c-c197-4460-bb13-e1f0fe9d8bd6}</destination>
			<destination>{679acca9-2ff5-409d-b26e-0db5941bbb46}</destination>
		</relationship>
	</object>
	<object class="EventMixerGroup" id="{a0f88660-9b61-4f96-9386-8cd03ed71ed0}">
		<property name="name">
			<value>Audio 1</value>
		</property>
		<relationship name="effectChain">
			<destination>{6d2681ae-06c1-455c-be4a-82558114368c}</destination>
		</relationship>
		<relationship name="panner">
			<destination>{914492f7-7a3d-42ff-a733-e3e1d7e22b86}</destination>
		</relationship>
		<relationship name="output">
			<destination>{49d450ec-6b0c-49ec-931d-3987681bed5e}</destination>
		</relationship>
	</object>
	<object class="MixerBusEffectChain" id="{0168cce2-32f5-4cf1-b539-4eca284b68a3}">
		<relationship name="effects">
			<destination>{5b6b65c9-90c1-4e4a-8e66-2dcd49dff99b}</destination>
		</relationship>
	</object>
	<object class="MixerBusPanner" id="{9e257c97-c344-4713-bdd0-ec08f2c2a4c6}" />
	<object class="MixerBusFader" id="{ca305750-fed1-4cb8-9077-4daf922eff68}" />
	<object class="SingleSound" id="{a452c80a-8ad2-499a-86b1-c814abf62886}">
		<relationship name="audioFile">
			<destination>{8cde2266-a3e1-4bf0-9522-0fa96da814ad}</destination>
		</relationship>
	</object>
	<object class="SingleSound" id="{8e19b4e0-2510-4656-9174-3027850e78e8}">
		<relationship name="audioFile">
			<destination>{a1989670-b2de-4777-8768-6a8cd634ff4f}</destination>
		</relationship>
	</object>
	<object class="SingleSound" id="{40d06c9c-c197-4460-bb13-e1f0fe9d8bd6}">
		<relationship name="audioFile">
			<destination>{c6db5cec-a14f-4eeb-b5ec-981a2a40c0e9}</destination>
		</relationship>
	</object>
	<object class="SingleSound" id="{679acca9-2ff5-409d-b26e-0db5941bbb46}">
		<relationship name="audioFile">
			<destination>{900a0bd3-e974-4ead-8bbb-0da2bc3dc868}</destination>
		</relationship>
	</object>
	<object class="MixerBusEffectChain" id="{6d2681ae-06c1-455c-be4a-82558114368c}">
		<relationship name="effects">
			<destination>{5be461d2-b88a-46f2-8e1a-e6824b00abc9}</destination>
		</relationship>
	</object>
	<object class="MixerBusPanner" id="{914492f7-7a3d-42ff-a733-e3e1d7e22b86}" />
	<object class="MixerBusFader" id="{5b6b65c9-90c1-4e4a-8e66-2dcd49dff99b}" />
	<object class="MixerBusFader" id="{5be461d2-b88a-46f2-8e1a-e6824b00abc9}" />
</objects>
