<?xml version="1.0" encoding="UTF-8"?>
<objects serializationModel="Studio.02.01.00">
	<object class="Event" id="{0b226a6e-5a0c-4e6d-adb0-bb1a69d7ca50}">
		<property name="name">
			<value>Assigned</value>
		</property>
		<property name="outputFormat">
			<value>0</value>
		</property>
		<relationship name="folder">
			<destination>{cdf677c1-6137-48ff-a03f-8f24ea2b21a5}</destination>
		</relationship>
		<relationship name="mixer">
			<destination>{01dddec3-9007-4faf-ab51-61d67ad78085}</destination>
		</relationship>
		<relationship name="masterTrack">
			<destination>{a00a0a1e-3b51-48f7-8744-439c282ad0d7}</destination>
		</relationship>
		<relationship name="mixerInput">
			<destination>{c086ef78-3a4c-43f0-8c67-345c2325abdc}</destination>
		</relationship>
		<relationship name="automatableProperties">
			<destination>{385ca84e-c3f3-4ed1-9b3e-afa29f29685b}</destination>
		</relationship>
		<relationship name="markerTracks">
			<destination>{312eca16-d588-4869-9da4-0503ad121bef}</destination>
		</relationship>
		<relationship name="groupTracks">
			<destination>{eca8594b-2aab-45b8-b142-d0e38791bdfc}</destination>
		</relationship>
		<relationship name="timeline">
			<destination>{922d8414-9129-4cf9-9463-0c764f4c6c39}</destination>
		</relationship>
		<relationship name="banks">
			<destination>{8c3f9de4-14c8-4279-a712-2040780fff61}</destination>
		</relationship>
	</object>
	<object class="EventMixer" id="{01dddec3-9007-4faf-ab51-61d67ad78085}">
		<relationship name="masterBus">
			<destination>{8682cd11-716f-497e-bb81-35bb2139c621}</destination>
		</relationship>
	</object>
	<object class="MasterTrack" id="{a00a0a1e-3b51-48f7-8744-439c282ad0d7}">
		<relationship name="mixerGroup">
			<destination>{8682cd11-716f-497e-bb81-35bb2139c621}</destination>
		</relationship>
	</object>
	<object class="MixerInput" id="{c086ef78-3a4c-43f0-8c67-345c2325abdc}">
		<relationship name="effectChain">
			<destination>{16836284-4057-47c4-932e-a06e9873983c}</destination>
		</relationship>
		<relationship name="panner">
			<destination>{8154db14-88f7-478a-b834-6afc4c7469dd}</destination>
		</relationship>
		<relationship name="output">
			<destination>{a74bdffc-cbb2-488b-ae3c-038020e1273d}</destination>
		</relationship>
	</object>
	<object class="EventAutomatableProperties" id="{385ca84e-c3f3-4ed1-9b3e-afa29f29685b}" />
	<object class="MarkerTrack" id="{312eca16-d588-4869-9da4-0503ad121bef}" />
	<object class="GroupTrack" id="{eca8594b-2aab-45b8-b142-d0e38791bdfc}">
		<relationship name="modules">
			<destination>{1f026c4b-94cc-459c-9143-d59ee9408a4a}</destination>
		</relationship>
		<relationship name="mixerGroup">
			<destination>{a5fe012f-3214-45e6-bb04-c53f2ade7deb}</destination>
		</relationship>
	</object>
	<object class="Timeline" id="{922d8414-9129-4cf9-9463-0c764f4c6c39}">
		<relationship name="modules">
			<destination>{1f026c4b-94cc-459c-9143-d59ee9408a4a}</destination>
		</relationship>
	</object>
	<object class="EventMixerMaster" id="{8682cd11-716f-497e-bb81-35bb2139c621}">
		<relationship name="effectChain">
			<destination>{487a4488-da96-46e4-8466-25395dbcea3c}</destination>
		</relationship>
		<relationship name="panner">
			<destination>{9209cc8d-98bc-4c9b-9e1a-57ad0f4efc4f}</destination>
		</relationship>
		<relationship name="mixer">
			<destination>{01dddec3-9007-4faf-ab51-61d67ad78085}</destination>
		</relationship>
	</object>
	<object class="MixerBusEffectChain" id="{16836284-4057-47c4-932e-a06e9873983c}">
		<relationship name="effects">
			<destination>{e3dcda0b-d352-43c4-97d5-541f5d398aeb}</destination>
		</relationship>
	</object>
	<object class="MixerBusPanner" id="{8154db14-88f7-478a-b834-6afc4c7469dd}" />
	<object class="MultiSound" id="{1f026c4b-94cc-459c-9143-d59ee9408a4a}">
		<property name="length">
			<value>2.8959791666666668</value>
		</property>
		<relationship name="sounds">
			<destination>{2b844f84-9a51-4ad4-944e-610897bbfb82}</destination>
			<destination>{d3c24c93-0e1a-4e09-85c7-6e209f155a50}</destination>
			<destination>{b7ada058-b4fd-4758-802c-d045b6090ce4}</destination>
			<destination>{090ac7fe-3c4b-4d54-bdab-c9755f01c7bd}</destination>
		</relationship>
	</object>
	<object class="EventMixerGroup" id="{a5fe012f-3214-45e6-bb04-c53f2ade7deb}">
		<property name="name">
			<value>Audio 1</value>
		</property>
		<relationship name="effectChain">
			<destination>{f41eba72-0a22-4675-89e9-9eabac234a86}</destination>
		</relationship>
		<relationship name="panner">
			<destination>{445975cc-c065-407f-8037-f3477295ce64}</destination>
		</relationship>
		<relationship name="output">
			<destination>{8682cd11-716f-497e-bb81-35bb2139c621}</destination>
		</relationship>
	</object>
	<object class="MixerBusEffectChain" id="{487a4488-da96-46e4-8466-25395dbcea3c}">
		<relationship name="effects">
			<destination>{a391e4d9-7fc0-43ef-a534-002e083a9a59}</destination>
		</relationship>
	</object>
	<object class="MixerBusPanner" id="{9209cc8d-98bc-4c9b-9e1a-57ad0f4efc4f}" />
	<object class="MixerBusFader" id="{e3dcda0b-d352-43c4-97d5-541f5d398aeb}" />
	<object class="SingleSound" id="{2b844f84-9a51-4ad4-944e-610897bbfb82}">
		<relationship name="audioFile">
			<destination>{10d29c20-c66e-4f76-a9d8-27397bbed106}</destination>
		</relationship>
	</object>
	<object class="SingleSound" id="{d3c24c93-0e1a-4e09-85c7-6e209f155a50}">
		<relationship name="audioFile">
			<destination>{d61a2cc3-61b2-4972-bd29-c0ff5205c196}</destination>
		</relationship>
	</object>
	<object class="SingleSound" id="{b7ada058-b4fd-4758-802c-d045b6090ce4}">
		<relationship name="audioFile">
			<destination>{aa0ca166-a86d-46cf-9f82-a015c265502e}</destination>
		</relationship>
	</object>
	<object class="SingleSound" id="{090ac7fe-3c4b-4d54-bdab-c9755f01c7bd}">
		<relationship name="audioFile">
			<destination>{c01b5580-56de-4b17-b45c-2f3471fcff49}</destination>
		</relationship>
	</object>
	<object class="MixerBusEffectChain" id="{f41eba72-0a22-4675-89e9-9eabac234a86}">
		<relationship name="effects">
			<destination>{cb9e00f4-c348-439a-b3f7-bd25d67aaa33}</destination>
		</relationship>
	</object>
	<object class="MixerBusPanner" id="{445975cc-c065-407f-8037-f3477295ce64}" />
	<object class="MixerBusFader" id="{a391e4d9-7fc0-43ef-a534-002e083a9a59}" />
	<object class="MixerBusFader" id="{cb9e00f4-c348-439a-b3f7-bd25d67aaa33}" />
</objects>
