<?xml version="1.0" encoding="UTF-8"?>
<objects serializationModel="Studio.02.01.00">
	<object class="Event" id="{0b4edc08-d03b-47b5-a1f2-87b73a985a05}">
		<property name="name">
			<value>trig_sfx_ExplosionSubtlePoof01Stereo</value>
		</property>
		<property name="outputFormat">
			<value>2</value>
		</property>
		<relationship name="folder">
			<destination>{ec00f365-3c1a-4d63-b43e-2c71c9b3c7ff}</destination>
		</relationship>
		<relationship name="mixer">
			<destination>{cfdb0d8c-02d1-43f5-b422-e90fb8be1bc1}</destination>
		</relationship>
		<relationship name="masterTrack">
			<destination>{f25fcc3e-fcf8-4e7a-b93f-9763e66b6246}</destination>
		</relationship>
		<relationship name="mixerInput">
			<destination>{0b965b1c-1e9b-4663-8227-19de4be0249d}</destination>
		</relationship>
		<relationship name="automatableProperties">
			<destination>{8c51af18-d6e8-4cac-9268-fe2ccd67c817}</destination>
		</relationship>
		<relationship name="markerTracks">
			<destination>{c9cde1e9-5184-477b-94f7-a7af293eebac}</destination>
		</relationship>
		<relationship name="groupTracks">
			<destination>{8450d0bf-d629-494c-827a-897dc5e5c7fd}</destination>
		</relationship>
		<relationship name="timeline">
			<destination>{23cadc51-8139-4971-8243-fdf145812d5f}</destination>
		</relationship>
		<relationship name="banks">
			<destination>{09901795-b9b9-4010-a4a3-3011ed4caaa2}</destination>
		</relationship>
	</object>
	<object class="EventMixer" id="{cfdb0d8c-02d1-43f5-b422-e90fb8be1bc1}">
		<relationship name="masterBus">
			<destination>{daa1868f-ca85-49fd-b588-f5b74d855c67}</destination>
		</relationship>
	</object>
	<object class="MasterTrack" id="{f25fcc3e-fcf8-4e7a-b93f-9763e66b6246}">
		<relationship name="mixerGroup">
			<destination>{daa1868f-ca85-49fd-b588-f5b74d855c67}</destination>
		</relationship>
	</object>
	<object class="MixerInput" id="{0b965b1c-1e9b-4663-8227-19de4be0249d}">
		<relationship name="effectChain">
			<destination>{7898024c-30f6-4dee-8de8-961b3a98a2a6}</destination>
		</relationship>
		<relationship name="panner">
			<destination>{07b90503-1790-4c64-b3d6-2b3b34e7154a}</destination>
		</relationship>
		<relationship name="output">
			<destination>{07daa3ae-3495-463d-8c3e-6a9ee1871371}</destination>
		</relationship>
	</object>
	<object class="EventAutomatableProperties" id="{8c51af18-d6e8-4cac-9268-fe2ccd67c817}" />
	<object class="MarkerTrack" id="{c9cde1e9-5184-477b-94f7-a7af293eebac}" />
	<object class="GroupTrack" id="{8450d0bf-d629-494c-827a-897dc5e5c7fd}">
		<relationship name="modules">
			<destination>{22e4a76d-9e89-40e9-a208-78d84d8aeada}</destination>
		</relationship>
		<relationship name="mixerGroup">
			<destination>{9beacd1b-b902-455a-8a14-263a4f566302}</destination>
		</relationship>
	</object>
	<object class="Timeline" id="{23cadc51-8139-4971-8243-fdf145812d5f}">
		<relationship name="modules">
			<destination>{22e4a76d-9e89-40e9-a208-78d84d8aeada}</destination>
		</relationship>
	</object>
	<object class="EventMixerMaster" id="{daa1868f-ca85-49fd-b588-f5b74d855c67}">
		<property name="volume">
			<value>-5</value>
		</property>
		<relationship name="effectChain">
			<destination>{295634d7-4200-457d-a454-605a936f2ecf}</destination>
		</relationship>
		<relationship name="panner">
			<destination>{b2307273-1192-4e52-b03f-2af42d3c0dff}</destination>
		</relationship>
		<relationship name="mixer">
			<destination>{cfdb0d8c-02d1-43f5-b422-e90fb8be1bc1}</destination>
		</relationship>
	</object>
	<object class="MixerBusEffectChain" id="{7898024c-30f6-4dee-8de8-961b3a98a2a6}">
		<relationship name="effects">
			<destination>{5b975f2d-9a54-4d92-b166-0bc6d3d6e29f}</destination>
		</relationship>
	</object>
	<object class="MixerBusPanner" id="{07b90503-1790-4c64-b3d6-2b3b34e7154a}" />
	<object class="SingleSound" id="{22e4a76d-9e89-40e9-a208-78d84d8aeada}">
		<property name="length">
			<value>0.40108843537414968</value>
		</property>
		<relationship name="audioFile">
			<destination>{5a8b4bd7-03c8-4811-a69b-d31f6f29d75b}</destination>
		</relationship>
	</object>
	<object class="EventMixerGroup" id="{9beacd1b-b902-455a-8a14-263a4f566302}">
		<property name="name">
			<value>Audio 1</value>
		</property>
		<relationship name="effectChain">
			<destination>{9e16eb6f-ec4a-4db9-a84c-73c99cc7ae92}</destination>
		</relationship>
		<relationship name="panner">
			<destination>{9c936020-1229-4a08-a8cb-889d3ad31323}</destination>
		</relationship>
		<relationship name="output">
			<destination>{daa1868f-ca85-49fd-b588-f5b74d855c67}</destination>
		</relationship>
	</object>
	<object class="MixerBusEffectChain" id="{295634d7-4200-457d-a454-605a936f2ecf}">
		<relationship name="effects">
			<destination>{b23ad239-a221-496d-b0d3-e972e2259539}</destination>
			<destination>{e159d4bf-63b1-4548-a90f-0391297e85a5}</destination>
		</relationship>
	</object>
	<object class="MixerBusPanner" id="{b2307273-1192-4e52-b03f-2af42d3c0dff}" />
	<object class="MixerBusFader" id="{5b975f2d-9a54-4d92-b166-0bc6d3d6e29f}" />
	<object class="MixerBusEffectChain" id="{9e16eb6f-ec4a-4db9-a84c-73c99cc7ae92}">
		<relationship name="effects">
			<destination>{b99c87d6-054f-4c25-8e65-c673a31ae749}</destination>
		</relationship>
	</object>
	<object class="MixerBusPanner" id="{9c936020-1229-4a08-a8cb-889d3ad31323}" />
	<object class="MixerBusFader" id="{b23ad239-a221-496d-b0d3-e972e2259539}" />
	<object class="SpatialiserEffect" id="{e159d4bf-63b1-4548-a90f-0391297e85a5}">
		<property name="minimumDistance">
			<value>0.5</value>
		</property>
		<property name="maximumDistance">
			<value>200</value>
		</property>
	</object>
	<object class="MixerBusFader" id="{b99c87d6-054f-4c25-8e65-c673a31ae749}" />
</objects>
