<?xml version="1.0" encoding="UTF-8"?>
<objects serializationModel="Studio.02.01.00">
	<object class="Event" id="{0b5f95cd-4cc0-4e1a-b5e2-36ec23d34651}">
		<property name="name">
			<value>Assigned</value>
		</property>
		<property name="outputFormat">
			<value>0</value>
		</property>
		<relationship name="folder">
			<destination>{0164631c-d1cb-4246-b258-41f1ec31316f}</destination>
		</relationship>
		<relationship name="mixer">
			<destination>{2796f3b1-ddd9-4130-b4b1-29e3dca34963}</destination>
		</relationship>
		<relationship name="masterTrack">
			<destination>{bd87b5f9-5139-4451-be2b-c8cdfc602dd4}</destination>
		</relationship>
		<relationship name="mixerInput">
			<destination>{5e5345b6-5f6a-4ee2-a982-b56369f562b3}</destination>
		</relationship>
		<relationship name="automatableProperties">
			<destination>{fbf191cf-4e29-4c5d-bdec-01a21e9a472b}</destination>
		</relationship>
		<relationship name="markerTracks">
			<destination>{8235e660-9b0c-4e92-8bbd-1512059fbd60}</destination>
		</relationship>
		<relationship name="groupTracks">
			<destination>{9dc5ff0f-dd35-4a85-a523-7e963276d6cc}</destination>
		</relationship>
		<relationship name="timeline">
			<destination>{d838c334-0eb1-4a99-ab32-fba4f578219a}</destination>
		</relationship>
		<relationship name="banks">
			<destination>{8c3f9de4-14c8-4279-a712-2040780fff61}</destination>
		</relationship>
	</object>
	<object class="EventMixer" id="{2796f3b1-ddd9-4130-b4b1-29e3dca34963}">
		<relationship name="masterBus">
			<destination>{a4c6fb18-ac8a-453b-a5de-dbf295702757}</destination>
		</relationship>
	</object>
	<object class="MasterTrack" id="{bd87b5f9-5139-4451-be2b-c8cdfc602dd4}">
		<relationship name="mixerGroup">
			<destination>{a4c6fb18-ac8a-453b-a5de-dbf295702757}</destination>
		</relationship>
	</object>
	<object class="MixerInput" id="{5e5345b6-5f6a-4ee2-a982-b56369f562b3}">
		<relationship name="effectChain">
			<destination>{1d540280-7566-4a9a-a040-40903bd5b6f5}</destination>
		</relationship>
		<relationship name="panner">
			<destination>{1fc13dc6-c383-49eb-9d86-a843e33d5b51}</destination>
		</relationship>
		<relationship name="output">
			<destination>{a74bdffc-cbb2-488b-ae3c-038020e1273d}</destination>
		</relationship>
	</object>
	<object class="EventAutomatableProperties" id="{fbf191cf-4e29-4c5d-bdec-01a21e9a472b}" />
	<object class="MarkerTrack" id="{8235e660-9b0c-4e92-8bbd-1512059fbd60}" />
	<object class="GroupTrack" id="{9dc5ff0f-dd35-4a85-a523-7e963276d6cc}">
		<relationship name="modules">
			<destination>{d211583f-a953-4d8f-ab09-65fcba592afc}</destination>
		</relationship>
		<relationship name="mixerGroup">
			<destination>{7f7e3659-91a3-4bd6-8f2e-69893749d645}</destination>
		</relationship>
	</object>
	<object class="Timeline" id="{d838c334-0eb1-4a99-ab32-fba4f578219a}">
		<relationship name="modules">
			<destination>{d211583f-a953-4d8f-ab09-65fcba592afc}</destination>
		</relationship>
	</object>
	<object class="EventMixerMaster" id="{a4c6fb18-ac8a-453b-a5de-dbf295702757}">
		<relationship name="effectChain">
			<destination>{b68f72f1-d59d-4bc8-9a2a-b41ae0448fd2}</destination>
		</relationship>
		<relationship name="panner">
			<destination>{ffe41c17-eb4e-452f-bb5b-1f515cadbf9a}</destination>
		</relationship>
		<relationship name="mixer">
			<destination>{2796f3b1-ddd9-4130-b4b1-29e3dca34963}</destination>
		</relationship>
	</object>
	<object class="MixerBusEffectChain" id="{1d540280-7566-4a9a-a040-40903bd5b6f5}">
		<relationship name="effects">
			<destination>{a3623628-9659-4db8-a9b1-a596df44eb7d}</destination>
		</relationship>
	</object>
	<object class="MixerBusPanner" id="{1fc13dc6-c383-49eb-9d86-a843e33d5b51}" />
	<object class="MultiSound" id="{d211583f-a953-4d8f-ab09-65fcba592afc}">
		<property name="length">
			<value>2.1978749999999998</value>
		</property>
		<relationship name="sounds">
			<destination>{33ee9d17-53c2-4361-b3f4-3805a5cdbba4}</destination>
			<destination>{15739ac3-4e64-453f-975a-9c65802b7113}</destination>
			<destination>{633ff0ec-ccc8-4fd7-8e10-b3ccaa45e0da}</destination>
			<destination>{3cc49251-1208-42fc-bea2-33086cb36480}</destination>
		</relationship>
	</object>
	<object class="EventMixerGroup" id="{7f7e3659-91a3-4bd6-8f2e-69893749d645}">
		<property name="name">
			<value>Audio 1</value>
		</property>
		<relationship name="effectChain">
			<destination>{efbc4c07-d80f-45a0-aec3-0c7917fc77b0}</destination>
		</relationship>
		<relationship name="panner">
			<destination>{b8888608-e993-4cbc-b6ab-9f9dc1dce8fe}</destination>
		</relationship>
		<relationship name="output">
			<destination>{a4c6fb18-ac8a-453b-a5de-dbf295702757}</destination>
		</relationship>
	</object>
	<object class="MixerBusEffectChain" id="{b68f72f1-d59d-4bc8-9a2a-b41ae0448fd2}">
		<relationship name="effects">
			<destination>{31ea0dd8-bb99-4707-829f-4d30eff630f8}</destination>
		</relationship>
	</object>
	<object class="MixerBusPanner" id="{ffe41c17-eb4e-452f-bb5b-1f515cadbf9a}" />
	<object class="MixerBusFader" id="{a3623628-9659-4db8-a9b1-a596df44eb7d}" />
	<object class="SingleSound" id="{33ee9d17-53c2-4361-b3f4-3805a5cdbba4}">
		<relationship name="audioFile">
			<destination>{68293e9b-d45b-4c1f-a2a5-1169cadeb3ee}</destination>
		</relationship>
	</object>
	<object class="SingleSound" id="{15739ac3-4e64-453f-975a-9c65802b7113}">
		<relationship name="audioFile">
			<destination>{78c67f0a-0f3c-4240-94e3-2e28387dd6f2}</destination>
		</relationship>
	</object>
	<object class="SingleSound" id="{633ff0ec-ccc8-4fd7-8e10-b3ccaa45e0da}">
		<relationship name="audioFile">
			<destination>{da5c655a-a1e0-47f1-9d40-b38b95ffe327}</destination>
		</relationship>
	</object>
	<object class="SingleSound" id="{3cc49251-1208-42fc-bea2-33086cb36480}" />
	<object class="MixerBusEffectChain" id="{efbc4c07-d80f-45a0-aec3-0c7917fc77b0}">
		<relationship name="effects">
			<destination>{bfd81cc6-89f2-4d5f-9275-d9bd76e71411}</destination>
		</relationship>
	</object>
	<object class="MixerBusPanner" id="{b8888608-e993-4cbc-b6ab-9f9dc1dce8fe}" />
	<object class="MixerBusFader" id="{31ea0dd8-bb99-4707-829f-4d30eff630f8}" />
	<object class="MixerBusFader" id="{bfd81cc6-89f2-4d5f-9275-d9bd76e71411}" />
</objects>
