<?xml version="1.0" encoding="UTF-8"?>
<objects serializationModel="Studio.02.01.00">
	<object class="Event" id="{0b567ac7-65b3-4720-9199-a15359db9d2f}">
		<property name="name">
			<value>Success</value>
		</property>
		<property name="outputFormat">
			<value>0</value>
		</property>
		<relationship name="folder">
			<destination>{929bf6df-b3c8-45bc-94ea-d9c0a8ee65ae}</destination>
		</relationship>
		<relationship name="mixer">
			<destination>{11873418-992e-416e-8bda-7f4ee4357fcb}</destination>
		</relationship>
		<relationship name="masterTrack">
			<destination>{7393c712-e686-4ace-a3e1-3114b45edee9}</destination>
		</relationship>
		<relationship name="mixerInput">
			<destination>{e8e9dc92-c0fd-446e-8125-65db4c907fb4}</destination>
		</relationship>
		<relationship name="automatableProperties">
			<destination>{1de107d0-19e8-4ecf-a0c7-ec9b512b08b9}</destination>
		</relationship>
		<relationship name="markerTracks">
			<destination>{9886b07d-8da6-4f57-bbde-b8b54c232c83}</destination>
		</relationship>
		<relationship name="groupTracks">
			<destination>{4710a729-1bc1-4a25-908a-a0cbdc302d91}</destination>
		</relationship>
		<relationship name="timeline">
			<destination>{94f126e3-cdd4-4f4c-908a-ee8c0a288415}</destination>
		</relationship>
		<relationship name="banks">
			<destination>{8c3f9de4-14c8-4279-a712-2040780fff61}</destination>
		</relationship>
	</object>
	<object class="EventMixer" id="{11873418-992e-416e-8bda-7f4ee4357fcb}">
		<relationship name="masterBus">
			<destination>{330afc33-3f17-4f69-8e83-123f5766d7a4}</destination>
		</relationship>
	</object>
	<object class="MasterTrack" id="{7393c712-e686-4ace-a3e1-3114b45edee9}">
		<relationship name="mixerGroup">
			<destination>{330afc33-3f17-4f69-8e83-123f5766d7a4}</destination>
		</relationship>
	</object>
	<object class="MixerInput" id="{e8e9dc92-c0fd-446e-8125-65db4c907fb4}">
		<relationship name="effectChain">
			<destination>{64617cb3-d4a4-4b26-b025-573793b26fcc}</destination>
		</relationship>
		<relationship name="panner">
			<destination>{bf360682-e743-4aa9-87bf-b8eaebb453d8}</destination>
		</relationship>
		<relationship name="output">
			<destination>{a74bdffc-cbb2-488b-ae3c-038020e1273d}</destination>
		</relationship>
	</object>
	<object class="EventAutomatableProperties" id="{1de107d0-19e8-4ecf-a0c7-ec9b512b08b9}" />
	<object class="MarkerTrack" id="{9886b07d-8da6-4f57-bbde-b8b54c232c83}" />
	<object class="GroupTrack" id="{4710a729-1bc1-4a25-908a-a0cbdc302d91}">
		<relationship name="modules">
			<destination>{1cb16d3e-322c-4ba0-aa30-5720dc24d139}</destination>
		</relationship>
		<relationship name="mixerGroup">
			<destination>{eb3977c5-0579-4fa6-aaf2-6d18a177afd3}</destination>
		</relationship>
	</object>
	<object class="Timeline" id="{94f126e3-cdd4-4f4c-908a-ee8c0a288415}">
		<relationship name="modules">
			<destination>{1cb16d3e-322c-4ba0-aa30-5720dc24d139}</destination>
		</relationship>
	</object>
	<object class="EventMixerMaster" id="{330afc33-3f17-4f69-8e83-123f5766d7a4}">
		<relationship name="effectChain">
			<destination>{0550f11e-a402-40ac-8331-d0d5ff1a3956}</destination>
		</relationship>
		<relationship name="panner">
			<destination>{ceedd2a8-df42-47bf-a1cc-afd78e6ff274}</destination>
		</relationship>
		<relationship name="mixer">
			<destination>{11873418-992e-416e-8bda-7f4ee4357fcb}</destination>
		</relationship>
	</object>
	<object class="MixerBusEffectChain" id="{64617cb3-d4a4-4b26-b025-573793b26fcc}">
		<relationship name="effects">
			<destination>{3ca3f1aa-0dc8-4f1d-abe5-5c358ea843aa}</destination>
		</relationship>
	</object>
	<object class="MixerBusPanner" id="{bf360682-e743-4aa9-87bf-b8eaebb453d8}" />
	<object class="MultiSound" id="{1cb16d3e-322c-4ba0-aa30-5720dc24d139}">
		<property name="length">
			<value>2.0611666666666668</value>
		</property>
		<relationship name="sounds">
			<destination>{dc78ef0b-87ff-48d3-8e87-4589766b5943}</destination>
			<destination>{b434fc5f-f993-4326-b003-2f4267e91a6b}</destination>
		</relationship>
	</object>
	<object class="EventMixerGroup" id="{eb3977c5-0579-4fa6-aaf2-6d18a177afd3}">
		<property name="name">
			<value>Audio 1</value>
		</property>
		<relationship name="effectChain">
			<destination>{0b78ff86-014a-4f54-bbf9-f426715d20f9}</destination>
		</relationship>
		<relationship name="panner">
			<destination>{dad7e0e0-268c-4eb4-917e-bf017b40e3e7}</destination>
		</relationship>
		<relationship name="output">
			<destination>{330afc33-3f17-4f69-8e83-123f5766d7a4}</destination>
		</relationship>
	</object>
	<object class="MixerBusEffectChain" id="{0550f11e-a402-40ac-8331-d0d5ff1a3956}">
		<relationship name="effects">
			<destination>{eae695c1-31e5-4dd0-9a3f-9a133dd5c0c5}</destination>
		</relationship>
	</object>
	<object class="MixerBusPanner" id="{ceedd2a8-df42-47bf-a1cc-afd78e6ff274}" />
	<object class="MixerBusFader" id="{3ca3f1aa-0dc8-4f1d-abe5-5c358ea843aa}" />
	<object class="SingleSound" id="{dc78ef0b-87ff-48d3-8e87-4589766b5943}">
		<relationship name="audioFile">
			<destination>{82a2aba0-e2d6-4caa-bd0e-4ffa0dcc4921}</destination>
		</relationship>
	</object>
	<object class="SingleSound" id="{b434fc5f-f993-4326-b003-2f4267e91a6b}">
		<relationship name="audioFile">
			<destination>{5625a504-f0a2-4dfb-91ca-7aa1e6fa19ec}</destination>
		</relationship>
	</object>
	<object class="MixerBusEffectChain" id="{0b78ff86-014a-4f54-bbf9-f426715d20f9}">
		<relationship name="effects">
			<destination>{fb76dbca-8926-4df4-a1d7-e6328d7c5041}</destination>
		</relationship>
	</object>
	<object class="MixerBusPanner" id="{dad7e0e0-268c-4eb4-917e-bf017b40e3e7}" />
	<object class="MixerBusFader" id="{eae695c1-31e5-4dd0-9a3f-9a133dd5c0c5}" />
	<object class="MixerBusFader" id="{fb76dbca-8926-4df4-a1d7-e6328d7c5041}" />
</objects>
