<?xml version="1.0" encoding="UTF-8"?>
<objects serializationModel="Studio.02.01.00">
	<object class="Event" id="{0b697fc6-0987-4b9e-9986-6f88abef1e8a}">
		<property name="name">
			<value>Failure</value>
		</property>
		<property name="outputFormat">
			<value>0</value>
		</property>
		<relationship name="folder">
			<destination>{c41326b1-2763-4f8b-95dd-1e973e549c66}</destination>
		</relationship>
		<relationship name="mixer">
			<destination>{d70645a6-db24-4a6e-a7a9-92add789a381}</destination>
		</relationship>
		<relationship name="masterTrack">
			<destination>{255845d0-ede4-4c34-9170-355e0129cbe6}</destination>
		</relationship>
		<relationship name="mixerInput">
			<destination>{50db9cd4-ad17-4054-a274-1aed64d06871}</destination>
		</relationship>
		<relationship name="automatableProperties">
			<destination>{b5fb5478-d167-4d8f-b28a-b83c0dd8bd4f}</destination>
		</relationship>
		<relationship name="markerTracks">
			<destination>{2cc0eb3d-3075-4a85-bca4-e431209d876e}</destination>
		</relationship>
		<relationship name="groupTracks">
			<destination>{8596c173-26a3-4f37-972a-52ccbf4ddb2d}</destination>
		</relationship>
		<relationship name="timeline">
			<destination>{6c52444b-011e-4425-b080-3031b6234f93}</destination>
		</relationship>
		<relationship name="banks">
			<destination>{8c3f9de4-14c8-4279-a712-2040780fff61}</destination>
		</relationship>
	</object>
	<object class="EventMixer" id="{d70645a6-db24-4a6e-a7a9-92add789a381}">
		<relationship name="masterBus">
			<destination>{bb380baf-4afb-4bb9-b9f0-f7932e4e30c7}</destination>
		</relationship>
	</object>
	<object class="MasterTrack" id="{255845d0-ede4-4c34-9170-355e0129cbe6}">
		<relationship name="mixerGroup">
			<destination>{bb380baf-4afb-4bb9-b9f0-f7932e4e30c7}</destination>
		</relationship>
	</object>
	<object class="MixerInput" id="{50db9cd4-ad17-4054-a274-1aed64d06871}">
		<relationship name="effectChain">
			<destination>{66244241-1a73-41aa-9dff-255649f06f45}</destination>
		</relationship>
		<relationship name="panner">
			<destination>{67134a78-849b-4750-a435-2d8f36f7b59c}</destination>
		</relationship>
		<relationship name="output">
			<destination>{a74bdffc-cbb2-488b-ae3c-038020e1273d}</destination>
		</relationship>
	</object>
	<object class="EventAutomatableProperties" id="{b5fb5478-d167-4d8f-b28a-b83c0dd8bd4f}" />
	<object class="MarkerTrack" id="{2cc0eb3d-3075-4a85-bca4-e431209d876e}" />
	<object class="GroupTrack" id="{8596c173-26a3-4f37-972a-52ccbf4ddb2d}">
		<relationship name="modules">
			<destination>{348e314c-010f-487f-a548-dbf5e1fea928}</destination>
		</relationship>
		<relationship name="mixerGroup">
			<destination>{a57b1ee6-7539-4c55-bbe9-71f1a11dc177}</destination>
		</relationship>
	</object>
	<object class="Timeline" id="{6c52444b-011e-4425-b080-3031b6234f93}">
		<relationship name="modules">
			<destination>{348e314c-010f-487f-a548-dbf5e1fea928}</destination>
		</relationship>
	</object>
	<object class="EventMixerMaster" id="{bb380baf-4afb-4bb9-b9f0-f7932e4e30c7}">
		<relationship name="effectChain">
			<destination>{34f43d15-3926-4e23-8ba9-b974da073900}</destination>
		</relationship>
		<relationship name="panner">
			<destination>{6c6c4de8-08cf-4fe4-92e5-17188664c7cb}</destination>
		</relationship>
		<relationship name="mixer">
			<destination>{d70645a6-db24-4a6e-a7a9-92add789a381}</destination>
		</relationship>
	</object>
	<object class="MixerBusEffectChain" id="{66244241-1a73-41aa-9dff-255649f06f45}">
		<relationship name="effects">
			<destination>{78f5e8ba-cf4a-4723-a1a6-e6ff67440887}</destination>
		</relationship>
	</object>
	<object class="MixerBusPanner" id="{67134a78-849b-4750-a435-2d8f36f7b59c}" />
	<object class="MultiSound" id="{348e314c-010f-487f-a548-dbf5e1fea928}">
		<property name="length">
			<value>1.9998750000000001</value>
		</property>
		<relationship name="sounds">
			<destination>{11497e82-b2d7-4dee-a5b8-10689d0ca43c}</destination>
			<destination>{975b964a-f3f7-4323-9e9c-bb3839049b33}</destination>
			<destination>{e115ff53-01e7-4e12-a720-ab0ae46b824c}</destination>
		</relationship>
	</object>
	<object class="EventMixerGroup" id="{a57b1ee6-7539-4c55-bbe9-71f1a11dc177}">
		<property name="name">
			<value>Audio 1</value>
		</property>
		<relationship name="effectChain">
			<destination>{cafb1013-9dc9-428f-9610-d37c2ecfdbc5}</destination>
		</relationship>
		<relationship name="panner">
			<destination>{878af59b-0aef-4dce-992a-4709b7a50b17}</destination>
		</relationship>
		<relationship name="output">
			<destination>{bb380baf-4afb-4bb9-b9f0-f7932e4e30c7}</destination>
		</relationship>
	</object>
	<object class="MixerBusEffectChain" id="{34f43d15-3926-4e23-8ba9-b974da073900}">
		<relationship name="effects">
			<destination>{3f8f2cea-ac43-4272-a8a4-4be34df2fecc}</destination>
		</relationship>
	</object>
	<object class="MixerBusPanner" id="{6c6c4de8-08cf-4fe4-92e5-17188664c7cb}" />
	<object class="MixerBusFader" id="{78f5e8ba-cf4a-4723-a1a6-e6ff67440887}" />
	<object class="SingleSound" id="{11497e82-b2d7-4dee-a5b8-10689d0ca43c}">
		<relationship name="audioFile">
			<destination>{029d43d4-fd2d-4f89-8649-5b7c38119483}</destination>
		</relationship>
	</object>
	<object class="SingleSound" id="{975b964a-f3f7-4323-9e9c-bb3839049b33}">
		<relationship name="audioFile">
			<destination>{5ca69802-83aa-4e03-b60e-7bd8eda242bd}</destination>
		</relationship>
	</object>
	<object class="SingleSound" id="{e115ff53-01e7-4e12-a720-ab0ae46b824c}">
		<relationship name="audioFile">
			<destination>{63bb462e-1e4c-405e-b7ca-294a1ed1675f}</destination>
		</relationship>
	</object>
	<object class="MixerBusEffectChain" id="{cafb1013-9dc9-428f-9610-d37c2ecfdbc5}">
		<relationship name="effects">
			<destination>{f67f503f-1406-41fe-a347-0de50b4d3f60}</destination>
		</relationship>
	</object>
	<object class="MixerBusPanner" id="{878af59b-0aef-4dce-992a-4709b7a50b17}" />
	<object class="MixerBusFader" id="{3f8f2cea-ac43-4272-a8a4-4be34df2fecc}" />
	<object class="MixerBusFader" id="{f67f503f-1406-41fe-a347-0de50b4d3f60}" />
</objects>
