<?xml version="1.0" encoding="UTF-8"?>
<objects serializationModel="Studio.02.01.00">
	<object class="Event" id="{0b947db3-0dd6-4d05-8a58-7aa2aa63daff}">
		<property name="name">
			<value>Faction_ObjectiveQuote_Submit_16</value>
		</property>
		<property name="outputFormat">
			<value>0</value>
		</property>
		<relationship name="folder">
			<destination>{158ad337-8269-4a32-865c-d3c458683eff}</destination>
		</relationship>
		<relationship name="mixer">
			<destination>{d5b0fc9d-67b3-4c7d-9c6a-fad962bd1e90}</destination>
		</relationship>
		<relationship name="masterTrack">
			<destination>{3643f319-2953-4b82-8d96-6d8f456cddda}</destination>
		</relationship>
		<relationship name="mixerInput">
			<destination>{45015a4d-39d6-42dd-beb3-c261f3e4cbc6}</destination>
		</relationship>
		<relationship name="automatableProperties">
			<destination>{30ac37aa-de65-4588-8c26-beb2a182489b}</destination>
		</relationship>
		<relationship name="markerTracks">
			<destination>{670a17ec-c762-4ede-8833-508e9718413e}</destination>
		</relationship>
		<relationship name="groupTracks">
			<destination>{bc9dcbe0-f684-4dd2-bdcb-cbe3af016d69}</destination>
		</relationship>
		<relationship name="timeline">
			<destination>{a2b054e5-d72b-4679-b69e-f150d5951cd1}</destination>
		</relationship>
		<relationship name="banks">
			<destination>{8c3f9de4-14c8-4279-a712-2040780fff61}</destination>
		</relationship>
	</object>
	<object class="EventMixer" id="{d5b0fc9d-67b3-4c7d-9c6a-fad962bd1e90}">
		<relationship name="masterBus">
			<destination>{c79ad1af-f3a4-4530-bacf-8af5b3af697a}</destination>
		</relationship>
	</object>
	<object class="MasterTrack" id="{3643f319-2953-4b82-8d96-6d8f456cddda}">
		<relationship name="mixerGroup">
			<destination>{c79ad1af-f3a4-4530-bacf-8af5b3af697a}</destination>
		</relationship>
	</object>
	<object class="MixerInput" id="{45015a4d-39d6-42dd-beb3-c261f3e4cbc6}">
		<relationship name="effectChain">
			<destination>{9b097715-9a5e-42d7-ae99-079663366832}</destination>
		</relationship>
		<relationship name="panner">
			<destination>{eae06292-e79c-4ce9-bf40-9108271293d7}</destination>
		</relationship>
		<relationship name="output">
			<destination>{a74bdffc-cbb2-488b-ae3c-038020e1273d}</destination>
		</relationship>
	</object>
	<object class="EventAutomatableProperties" id="{30ac37aa-de65-4588-8c26-beb2a182489b}" />
	<object class="MarkerTrack" id="{670a17ec-c762-4ede-8833-508e9718413e}" />
	<object class="GroupTrack" id="{bc9dcbe0-f684-4dd2-bdcb-cbe3af016d69}">
		<relationship name="modules">
			<destination>{97eb2c73-4c91-488e-a908-4d93d13783c5}</destination>
		</relationship>
		<relationship name="mixerGroup">
			<destination>{bfcc65ce-4849-4932-8ced-f68a4fb77e78}</destination>
		</relationship>
	</object>
	<object class="Timeline" id="{a2b054e5-d72b-4679-b69e-f150d5951cd1}">
		<relationship name="modules">
			<destination>{97eb2c73-4c91-488e-a908-4d93d13783c5}</destination>
		</relationship>
	</object>
	<object class="EventMixerMaster" id="{c79ad1af-f3a4-4530-bacf-8af5b3af697a}">
		<relationship name="effectChain">
			<destination>{040a059e-4249-40f4-a456-31c974c6ad7a}</destination>
		</relationship>
		<relationship name="panner">
			<destination>{5d0f1d4a-f5ca-46da-b60f-dc3e9df913c7}</destination>
		</relationship>
		<relationship name="mixer">
			<destination>{d5b0fc9d-67b3-4c7d-9c6a-fad962bd1e90}</destination>
		</relationship>
	</object>
	<object class="MixerBusEffectChain" id="{9b097715-9a5e-42d7-ae99-079663366832}">
		<relationship name="effects">
			<destination>{77f701ce-1f10-490a-882a-7ac070cb2fbc}</destination>
		</relationship>
	</object>
	<object class="MixerBusPanner" id="{eae06292-e79c-4ce9-bf40-9108271293d7}" />
	<object class="SingleSound" id="{97eb2c73-4c91-488e-a908-4d93d13783c5}">
		<property name="length">
			<value>8.4242083333333326</value>
		</property>
		<relationship name="audioFile">
			<destination>{b3a8603b-a2a5-4534-a653-8c7def3e8a2c}</destination>
		</relationship>
	</object>
	<object class="EventMixerGroup" id="{bfcc65ce-4849-4932-8ced-f68a4fb77e78}">
		<property name="name">
			<value>Audio 1</value>
		</property>
		<relationship name="effectChain">
			<destination>{b15f927a-4ef4-4e37-bcc0-a835bbc4e53f}</destination>
		</relationship>
		<relationship name="panner">
			<destination>{f595491b-4267-4cf4-baac-e8a04eb34733}</destination>
		</relationship>
		<relationship name="output">
			<destination>{c79ad1af-f3a4-4530-bacf-8af5b3af697a}</destination>
		</relationship>
	</object>
	<object class="MixerBusEffectChain" id="{040a059e-4249-40f4-a456-31c974c6ad7a}">
		<relationship name="effects">
			<destination>{e70b906d-f749-48d0-8b75-20174fc5ed00}</destination>
		</relationship>
	</object>
	<object class="MixerBusPanner" id="{5d0f1d4a-f5ca-46da-b60f-dc3e9df913c7}" />
	<object class="MixerBusFader" id="{77f701ce-1f10-490a-882a-7ac070cb2fbc}" />
	<object class="MixerBusEffectChain" id="{b15f927a-4ef4-4e37-bcc0-a835bbc4e53f}">
		<relationship name="effects">
			<destination>{c34e25b2-bf81-4eff-841e-b08496211150}</destination>
		</relationship>
	</object>
	<object class="MixerBusPanner" id="{f595491b-4267-4cf4-baac-e8a04eb34733}" />
	<object class="MixerBusFader" id="{e70b906d-f749-48d0-8b75-20174fc5ed00}" />
	<object class="MixerBusFader" id="{c34e25b2-bf81-4eff-841e-b08496211150}" />
</objects>
