<?xml version="1.0" encoding="UTF-8"?>
<objects serializationModel="Studio.02.01.00">
	<object class="Event" id="{0ba97a6b-57af-44b4-ba0c-9e0926231e57}">
		<property name="name">
			<value>Assigned</value>
		</property>
		<property name="outputFormat">
			<value>0</value>
		</property>
		<relationship name="folder">
			<destination>{5a7e3125-877f-4d5f-963d-95272e127e3a}</destination>
		</relationship>
		<relationship name="mixer">
			<destination>{fef86998-da40-4208-8f41-2adace32d6e5}</destination>
		</relationship>
		<relationship name="masterTrack">
			<destination>{3fac033f-79ec-42de-a158-fc657bb4083c}</destination>
		</relationship>
		<relationship name="mixerInput">
			<destination>{20cfceed-d166-4c5e-8773-2e3240a48b83}</destination>
		</relationship>
		<relationship name="automatableProperties">
			<destination>{031dd269-8fa0-4da8-b0bb-4e9cb133598b}</destination>
		</relationship>
		<relationship name="markerTracks">
			<destination>{8bb57fb0-2d7d-4701-9e67-9b2d901e5617}</destination>
		</relationship>
		<relationship name="groupTracks">
			<destination>{26e8ee28-b2c5-412a-b71d-340b1d4457d9}</destination>
		</relationship>
		<relationship name="timeline">
			<destination>{0fa14fcf-2fd3-4a8d-9e21-cbd054eaea87}</destination>
		</relationship>
		<relationship name="banks">
			<destination>{8c3f9de4-14c8-4279-a712-2040780fff61}</destination>
		</relationship>
	</object>
	<object class="EventMixer" id="{fef86998-da40-4208-8f41-2adace32d6e5}">
		<relationship name="masterBus">
			<destination>{f8e60e88-dc37-4da2-adf4-61600d55467e}</destination>
		</relationship>
	</object>
	<object class="MasterTrack" id="{3fac033f-79ec-42de-a158-fc657bb4083c}">
		<relationship name="mixerGroup">
			<destination>{f8e60e88-dc37-4da2-adf4-61600d55467e}</destination>
		</relationship>
	</object>
	<object class="MixerInput" id="{20cfceed-d166-4c5e-8773-2e3240a48b83}">
		<relationship name="effectChain">
			<destination>{a814c32a-259e-4b3d-bbee-606fb3dcd13d}</destination>
		</relationship>
		<relationship name="panner">
			<destination>{738fe6ba-6287-4c8f-bdc4-f3fb3f2b6de8}</destination>
		</relationship>
		<relationship name="output">
			<destination>{a74bdffc-cbb2-488b-ae3c-038020e1273d}</destination>
		</relationship>
	</object>
	<object class="EventAutomatableProperties" id="{031dd269-8fa0-4da8-b0bb-4e9cb133598b}" />
	<object class="MarkerTrack" id="{8bb57fb0-2d7d-4701-9e67-9b2d901e5617}" />
	<object class="GroupTrack" id="{26e8ee28-b2c5-412a-b71d-340b1d4457d9}">
		<relationship name="modules">
			<destination>{549ff348-a7d2-4591-b364-8722158332db}</destination>
		</relationship>
		<relationship name="mixerGroup">
			<destination>{4db05c4d-d8a8-45d2-a565-e1dc52e4a1ad}</destination>
		</relationship>
	</object>
	<object class="Timeline" id="{0fa14fcf-2fd3-4a8d-9e21-cbd054eaea87}">
		<relationship name="modules">
			<destination>{549ff348-a7d2-4591-b364-8722158332db}</destination>
		</relationship>
	</object>
	<object class="EventMixerMaster" id="{f8e60e88-dc37-4da2-adf4-61600d55467e}">
		<relationship name="effectChain">
			<destination>{1ed57dc0-281f-4fb5-bb9a-de0b4774fefd}</destination>
		</relationship>
		<relationship name="panner">
			<destination>{51ad6d83-1275-4be1-97b3-c392196bd5b3}</destination>
		</relationship>
		<relationship name="mixer">
			<destination>{fef86998-da40-4208-8f41-2adace32d6e5}</destination>
		</relationship>
	</object>
	<object class="MixerBusEffectChain" id="{a814c32a-259e-4b3d-bbee-606fb3dcd13d}">
		<relationship name="effects">
			<destination>{eaedcae4-7fb1-4c60-a436-31a87eb18078}</destination>
		</relationship>
	</object>
	<object class="MixerBusPanner" id="{738fe6ba-6287-4c8f-bdc4-f3fb3f2b6de8}" />
	<object class="MultiSound" id="{549ff348-a7d2-4591-b364-8722158332db}">
		<property name="length">
			<value>2.3401458333333331</value>
		</property>
		<relationship name="sounds">
			<destination>{40cace62-12a0-4e32-97ec-f8c8096ab69b}</destination>
			<destination>{1d537012-4743-4a4c-98d8-0d12c7648e6e}</destination>
			<destination>{64367d22-968c-41ce-818c-9f168d4b0a7e}</destination>
			<destination>{6bcda39b-20d2-4808-a7e6-299a8b572fa0}</destination>
		</relationship>
	</object>
	<object class="EventMixerGroup" id="{4db05c4d-d8a8-45d2-a565-e1dc52e4a1ad}">
		<property name="name">
			<value>Audio 1</value>
		</property>
		<relationship name="effectChain">
			<destination>{e5a04e4a-47c6-441c-b37d-b0e101b3fc67}</destination>
		</relationship>
		<relationship name="panner">
			<destination>{ab253750-75f4-40f6-8723-087b1b807bbe}</destination>
		</relationship>
		<relationship name="output">
			<destination>{f8e60e88-dc37-4da2-adf4-61600d55467e}</destination>
		</relationship>
	</object>
	<object class="MixerBusEffectChain" id="{1ed57dc0-281f-4fb5-bb9a-de0b4774fefd}">
		<relationship name="effects">
			<destination>{3a7d48ac-434f-47eb-b1da-d17aa5f856f9}</destination>
		</relationship>
	</object>
	<object class="MixerBusPanner" id="{51ad6d83-1275-4be1-97b3-c392196bd5b3}" />
	<object class="MixerBusFader" id="{eaedcae4-7fb1-4c60-a436-31a87eb18078}" />
	<object class="SingleSound" id="{40cace62-12a0-4e32-97ec-f8c8096ab69b}">
		<relationship name="audioFile">
			<destination>{a707c94e-1423-4461-90c4-599bf21eecb0}</destination>
		</relationship>
	</object>
	<object class="SingleSound" id="{1d537012-4743-4a4c-98d8-0d12c7648e6e}">
		<relationship name="audioFile">
			<destination>{10d629d1-7fcb-4a96-b8b1-2a3a1daf2af6}</destination>
		</relationship>
	</object>
	<object class="SingleSound" id="{64367d22-968c-41ce-818c-9f168d4b0a7e}">
		<relationship name="audioFile">
			<destination>{cfd68429-dbb6-420a-9459-6f02d6ee80fd}</destination>
		</relationship>
	</object>
	<object class="SingleSound" id="{6bcda39b-20d2-4808-a7e6-299a8b572fa0}">
		<relationship name="audioFile">
			<destination>{939d6ece-034d-41d6-aa6c-d9da809580bd}</destination>
		</relationship>
	</object>
	<object class="MixerBusEffectChain" id="{e5a04e4a-47c6-441c-b37d-b0e101b3fc67}">
		<relationship name="effects">
			<destination>{c3c74f99-8f38-456c-a1ac-3329f47b97f0}</destination>
		</relationship>
	</object>
	<object class="MixerBusPanner" id="{ab253750-75f4-40f6-8723-087b1b807bbe}" />
	<object class="MixerBusFader" id="{3a7d48ac-434f-47eb-b1da-d17aa5f856f9}" />
	<object class="MixerBusFader" id="{c3c74f99-8f38-456c-a1ac-3329f47b97f0}" />
</objects>
