<?xml version="1.0" encoding="UTF-8"?>
<objects serializationModel="Studio.02.01.00">
	<object class="Event" id="{0bc1f4f6-1fb0-41bf-992e-a11607e1ca9b}">
		<property name="name">
			<value>Success</value>
		</property>
		<property name="outputFormat">
			<value>0</value>
		</property>
		<relationship name="folder">
			<destination>{b29498fd-998a-47ce-97f8-d1b707c4c5d6}</destination>
		</relationship>
		<relationship name="mixer">
			<destination>{d4b999b6-42d8-46d2-bd32-46335c84816e}</destination>
		</relationship>
		<relationship name="masterTrack">
			<destination>{868991b4-7106-4cfc-92fb-69b64a52a953}</destination>
		</relationship>
		<relationship name="mixerInput">
			<destination>{c02e7cf6-24aa-48c8-9ec8-d540b99d1bcf}</destination>
		</relationship>
		<relationship name="automatableProperties">
			<destination>{30db1a47-5867-42e3-9b9c-81e56beb60a4}</destination>
		</relationship>
		<relationship name="markerTracks">
			<destination>{b903294f-fd36-4b5a-a705-84d03f2cff52}</destination>
		</relationship>
		<relationship name="groupTracks">
			<destination>{9197f997-e7e3-4756-b85c-f73f8c7d4dc3}</destination>
		</relationship>
		<relationship name="timeline">
			<destination>{aeb994cf-4951-4a33-ad67-182cc1c00745}</destination>
		</relationship>
		<relationship name="banks">
			<destination>{8c3f9de4-14c8-4279-a712-2040780fff61}</destination>
		</relationship>
	</object>
	<object class="EventMixer" id="{d4b999b6-42d8-46d2-bd32-46335c84816e}">
		<relationship name="masterBus">
			<destination>{bc31fa8d-143b-4f2e-bb31-3accb12afe66}</destination>
		</relationship>
	</object>
	<object class="MasterTrack" id="{868991b4-7106-4cfc-92fb-69b64a52a953}">
		<relationship name="mixerGroup">
			<destination>{bc31fa8d-143b-4f2e-bb31-3accb12afe66}</destination>
		</relationship>
	</object>
	<object class="MixerInput" id="{c02e7cf6-24aa-48c8-9ec8-d540b99d1bcf}">
		<relationship name="effectChain">
			<destination>{b382cc65-f56b-4343-945e-cc317abe7fa5}</destination>
		</relationship>
		<relationship name="panner">
			<destination>{27d63b4a-ac24-4f5d-8a5d-7e22ff4594c1}</destination>
		</relationship>
		<relationship name="output">
			<destination>{a74bdffc-cbb2-488b-ae3c-038020e1273d}</destination>
		</relationship>
	</object>
	<object class="EventAutomatableProperties" id="{30db1a47-5867-42e3-9b9c-81e56beb60a4}" />
	<object class="MarkerTrack" id="{b903294f-fd36-4b5a-a705-84d03f2cff52}" />
	<object class="GroupTrack" id="{9197f997-e7e3-4756-b85c-f73f8c7d4dc3}">
		<relationship name="modules">
			<destination>{4e29caac-0dbd-467b-b86c-6feec96303ff}</destination>
		</relationship>
		<relationship name="mixerGroup">
			<destination>{40c0c45a-e25b-4557-9938-09fb9862f925}</destination>
		</relationship>
	</object>
	<object class="Timeline" id="{aeb994cf-4951-4a33-ad67-182cc1c00745}">
		<relationship name="modules">
			<destination>{4e29caac-0dbd-467b-b86c-6feec96303ff}</destination>
		</relationship>
	</object>
	<object class="EventMixerMaster" id="{bc31fa8d-143b-4f2e-bb31-3accb12afe66}">
		<relationship name="effectChain">
			<destination>{57a4dc24-d809-48a9-ad7d-f7ba70364acb}</destination>
		</relationship>
		<relationship name="panner">
			<destination>{1a0a07d3-5911-4f3a-ae6b-2042b2c9447d}</destination>
		</relationship>
		<relationship name="mixer">
			<destination>{d4b999b6-42d8-46d2-bd32-46335c84816e}</destination>
		</relationship>
	</object>
	<object class="MixerBusEffectChain" id="{b382cc65-f56b-4343-945e-cc317abe7fa5}">
		<relationship name="effects">
			<destination>{15e5da3d-e2ae-463e-805b-2a3da24212f7}</destination>
		</relationship>
	</object>
	<object class="MixerBusPanner" id="{27d63b4a-ac24-4f5d-8a5d-7e22ff4594c1}" />
	<object class="MultiSound" id="{4e29caac-0dbd-467b-b86c-6feec96303ff}">
		<property name="length">
			<value>2.2491041666666667</value>
		</property>
		<relationship name="sounds">
			<destination>{4e795d04-0ddc-4912-bdb6-90b19fa2ab34}</destination>
			<destination>{4b4d7687-3cce-4ae7-a292-552c5413ada6}</destination>
			<destination>{3e3fb1ee-070e-433a-95bb-9017baa306f3}</destination>
		</relationship>
	</object>
	<object class="EventMixerGroup" id="{40c0c45a-e25b-4557-9938-09fb9862f925}">
		<property name="name">
			<value>Audio 1</value>
		</property>
		<relationship name="effectChain">
			<destination>{854da392-79ba-4a7d-8fbd-c2cc7a7f791d}</destination>
		</relationship>
		<relationship name="panner">
			<destination>{50fe8219-c163-4afe-9ce9-de1b1f47e83f}</destination>
		</relationship>
		<relationship name="output">
			<destination>{bc31fa8d-143b-4f2e-bb31-3accb12afe66}</destination>
		</relationship>
	</object>
	<object class="MixerBusEffectChain" id="{57a4dc24-d809-48a9-ad7d-f7ba70364acb}">
		<relationship name="effects">
			<destination>{b937f511-3d9f-42aa-abf5-43a4e427c279}</destination>
		</relationship>
	</object>
	<object class="MixerBusPanner" id="{1a0a07d3-5911-4f3a-ae6b-2042b2c9447d}" />
	<object class="MixerBusFader" id="{15e5da3d-e2ae-463e-805b-2a3da24212f7}" />
	<object class="SingleSound" id="{4e795d04-0ddc-4912-bdb6-90b19fa2ab34}">
		<relationship name="audioFile">
			<destination>{c8473752-801f-4d26-8a8f-97a0c8d39bb2}</destination>
		</relationship>
	</object>
	<object class="SingleSound" id="{4b4d7687-3cce-4ae7-a292-552c5413ada6}">
		<relationship name="audioFile">
			<destination>{3498f4d8-7121-47fb-a1cf-cbf71a00f3d6}</destination>
		</relationship>
	</object>
	<object class="SingleSound" id="{3e3fb1ee-070e-433a-95bb-9017baa306f3}">
		<relationship name="audioFile">
			<destination>{af1aec9e-e815-433d-92b7-25358993cf30}</destination>
		</relationship>
	</object>
	<object class="MixerBusEffectChain" id="{854da392-79ba-4a7d-8fbd-c2cc7a7f791d}">
		<relationship name="effects">
			<destination>{2bf64e1e-160a-4dea-8c1f-2850677d4399}</destination>
		</relationship>
	</object>
	<object class="MixerBusPanner" id="{50fe8219-c163-4afe-9ce9-de1b1f47e83f}" />
	<object class="MixerBusFader" id="{b937f511-3d9f-42aa-abf5-43a4e427c279}" />
	<object class="MixerBusFader" id="{2bf64e1e-160a-4dea-8c1f-2850677d4399}" />
</objects>
