<?xml version="1.0" encoding="UTF-8"?>
<objects serializationModel="Studio.02.01.00">
	<object class="Event" id="{0bc790a1-fe54-4dfc-a0e1-135040685141}">
		<property name="name">
			<value>Failure</value>
		</property>
		<property name="outputFormat">
			<value>0</value>
		</property>
		<relationship name="folder">
			<destination>{1922e6d1-f82f-4ccd-b306-fac1211ce888}</destination>
		</relationship>
		<relationship name="mixer">
			<destination>{93994664-ec8d-41e8-8f2c-c22d835b589e}</destination>
		</relationship>
		<relationship name="masterTrack">
			<destination>{76fb2dbf-7a80-4aaa-a47c-18b3dd5a49e2}</destination>
		</relationship>
		<relationship name="mixerInput">
			<destination>{5cfcc60d-c714-40da-886a-796ec42dba92}</destination>
		</relationship>
		<relationship name="automatableProperties">
			<destination>{5b24f7d6-db05-4b24-8f86-93ec72679d86}</destination>
		</relationship>
		<relationship name="markerTracks">
			<destination>{a8a52442-8e70-4f3e-9787-0a0a999da0e4}</destination>
		</relationship>
		<relationship name="groupTracks">
			<destination>{0045a3b1-d483-4f53-b931-1bf10d4b1bc9}</destination>
		</relationship>
		<relationship name="timeline">
			<destination>{304f65d1-819c-4b47-a0ef-8aacbf8dcbf1}</destination>
		</relationship>
		<relationship name="banks">
			<destination>{8c3f9de4-14c8-4279-a712-2040780fff61}</destination>
		</relationship>
	</object>
	<object class="EventMixer" id="{93994664-ec8d-41e8-8f2c-c22d835b589e}">
		<relationship name="masterBus">
			<destination>{9a188979-e9c2-4bff-9a77-b70f59fe14d0}</destination>
		</relationship>
	</object>
	<object class="MasterTrack" id="{76fb2dbf-7a80-4aaa-a47c-18b3dd5a49e2}">
		<relationship name="mixerGroup">
			<destination>{9a188979-e9c2-4bff-9a77-b70f59fe14d0}</destination>
		</relationship>
	</object>
	<object class="MixerInput" id="{5cfcc60d-c714-40da-886a-796ec42dba92}">
		<relationship name="effectChain">
			<destination>{ef19dfa9-32c3-445e-a090-55c7d1793d90}</destination>
		</relationship>
		<relationship name="panner">
			<destination>{a58392c4-7ba7-4bcd-84fc-97fbc0d7ce88}</destination>
		</relationship>
		<relationship name="output">
			<destination>{a74bdffc-cbb2-488b-ae3c-038020e1273d}</destination>
		</relationship>
	</object>
	<object class="EventAutomatableProperties" id="{5b24f7d6-db05-4b24-8f86-93ec72679d86}" />
	<object class="MarkerTrack" id="{a8a52442-8e70-4f3e-9787-0a0a999da0e4}" />
	<object class="GroupTrack" id="{0045a3b1-d483-4f53-b931-1bf10d4b1bc9}">
		<relationship name="modules">
			<destination>{7482bba9-aca6-49ba-bd9b-17f60d936d57}</destination>
		</relationship>
		<relationship name="mixerGroup">
			<destination>{990156ec-d855-42c0-9229-65562f542daf}</destination>
		</relationship>
	</object>
	<object class="Timeline" id="{304f65d1-819c-4b47-a0ef-8aacbf8dcbf1}">
		<relationship name="modules">
			<destination>{7482bba9-aca6-49ba-bd9b-17f60d936d57}</destination>
		</relationship>
	</object>
	<object class="EventMixerMaster" id="{9a188979-e9c2-4bff-9a77-b70f59fe14d0}">
		<relationship name="effectChain">
			<destination>{bd8bbb99-c7e4-43a7-97c1-ad3c8c044c2f}</destination>
		</relationship>
		<relationship name="panner">
			<destination>{81469c50-6dc0-4321-a237-2e5d88e21776}</destination>
		</relationship>
		<relationship name="mixer">
			<destination>{93994664-ec8d-41e8-8f2c-c22d835b589e}</destination>
		</relationship>
	</object>
	<object class="MixerBusEffectChain" id="{ef19dfa9-32c3-445e-a090-55c7d1793d90}">
		<relationship name="effects">
			<destination>{0e076d39-0cb9-4b0b-be42-e58c36c3d182}</destination>
		</relationship>
	</object>
	<object class="MixerBusPanner" id="{a58392c4-7ba7-4bcd-84fc-97fbc0d7ce88}" />
	<object class="MultiSound" id="{7482bba9-aca6-49ba-bd9b-17f60d936d57}">
		<property name="length">
			<value>2.8892291666666665</value>
		</property>
		<relationship name="sounds">
			<destination>{c78b58ce-1cba-495b-b03f-048637d6b433}</destination>
			<destination>{3b58261f-1b69-40dd-a845-d1b1f3a3b657}</destination>
			<destination>{41286b42-ddff-424f-b7df-34a4631c49f6}</destination>
			<destination>{0d368a8e-4ef2-4fbc-9760-ee040126749e}</destination>
		</relationship>
	</object>
	<object class="EventMixerGroup" id="{990156ec-d855-42c0-9229-65562f542daf}">
		<property name="name">
			<value>Audio 1</value>
		</property>
		<relationship name="effectChain">
			<destination>{3354ed3b-0f44-4a5c-b3ab-9dbfb7f8cba7}</destination>
		</relationship>
		<relationship name="panner">
			<destination>{743688ab-f908-4f9e-844a-bd2c059e0911}</destination>
		</relationship>
		<relationship name="output">
			<destination>{9a188979-e9c2-4bff-9a77-b70f59fe14d0}</destination>
		</relationship>
	</object>
	<object class="MixerBusEffectChain" id="{bd8bbb99-c7e4-43a7-97c1-ad3c8c044c2f}">
		<relationship name="effects">
			<destination>{0141304a-3d59-41c8-b65a-b4566943200e}</destination>
		</relationship>
	</object>
	<object class="MixerBusPanner" id="{81469c50-6dc0-4321-a237-2e5d88e21776}" />
	<object class="MixerBusFader" id="{0e076d39-0cb9-4b0b-be42-e58c36c3d182}" />
	<object class="SingleSound" id="{c78b58ce-1cba-495b-b03f-048637d6b433}">
		<relationship name="audioFile">
			<destination>{49d340f9-391a-497a-be25-7c2fdc5f5f5f}</destination>
		</relationship>
	</object>
	<object class="SingleSound" id="{3b58261f-1b69-40dd-a845-d1b1f3a3b657}">
		<relationship name="audioFile">
			<destination>{9a8511b0-5a4e-48b3-ab7e-92253b67924d}</destination>
		</relationship>
	</object>
	<object class="SingleSound" id="{41286b42-ddff-424f-b7df-34a4631c49f6}">
		<relationship name="audioFile">
			<destination>{d12c0c04-a0fe-46c8-81dc-1dedc3486f0c}</destination>
		</relationship>
	</object>
	<object class="SingleSound" id="{0d368a8e-4ef2-4fbc-9760-ee040126749e}">
		<relationship name="audioFile">
			<destination>{38766beb-d04b-4c2b-83a7-064cb1f1a0ea}</destination>
		</relationship>
	</object>
	<object class="MixerBusEffectChain" id="{3354ed3b-0f44-4a5c-b3ab-9dbfb7f8cba7}">
		<relationship name="effects">
			<destination>{851c022a-4a30-4a89-a1a4-089be07e13c0}</destination>
		</relationship>
	</object>
	<object class="MixerBusPanner" id="{743688ab-f908-4f9e-844a-bd2c059e0911}" />
	<object class="MixerBusFader" id="{0141304a-3d59-41c8-b65a-b4566943200e}" />
	<object class="MixerBusFader" id="{851c022a-4a30-4a89-a1a4-089be07e13c0}" />
</objects>
