<?xml version="1.0" encoding="UTF-8"?>
<objects serializationModel="Studio.02.01.00">
	<object class="Event" id="{0c0bfb41-b683-4ee9-a300-3c750361c564}">
		<property name="name">
			<value>Abort</value>
		</property>
		<property name="outputFormat">
			<value>0</value>
		</property>
		<relationship name="folder">
			<destination>{f0f1e660-b00d-4044-94bc-2a7248010ba7}</destination>
		</relationship>
		<relationship name="mixer">
			<destination>{3d2b8234-48e1-4a3c-b825-2d08955dd633}</destination>
		</relationship>
		<relationship name="masterTrack">
			<destination>{b7602b9e-14a6-4e66-a36f-edf52122264e}</destination>
		</relationship>
		<relationship name="mixerInput">
			<destination>{deb9548b-125f-46ea-8d7c-719ed4cc29fb}</destination>
		</relationship>
		<relationship name="automatableProperties">
			<destination>{6e956d9b-bb90-49f2-a27a-bf00672f791d}</destination>
		</relationship>
		<relationship name="markerTracks">
			<destination>{b2274a84-54b7-45dc-b82f-f38097ca3581}</destination>
		</relationship>
		<relationship name="groupTracks">
			<destination>{ebdecba5-0fbc-49be-9b12-e65ae99ac7c4}</destination>
		</relationship>
		<relationship name="timeline">
			<destination>{8dfb12d3-44f2-4dbd-9433-7cefe762ff4c}</destination>
		</relationship>
		<relationship name="banks">
			<destination>{8c3f9de4-14c8-4279-a712-2040780fff61}</destination>
		</relationship>
	</object>
	<object class="EventMixer" id="{3d2b8234-48e1-4a3c-b825-2d08955dd633}">
		<relationship name="masterBus">
			<destination>{ea1b6e46-9694-4b33-a150-afabee7f7da9}</destination>
		</relationship>
	</object>
	<object class="MasterTrack" id="{b7602b9e-14a6-4e66-a36f-edf52122264e}">
		<relationship name="mixerGroup">
			<destination>{ea1b6e46-9694-4b33-a150-afabee7f7da9}</destination>
		</relationship>
	</object>
	<object class="MixerInput" id="{deb9548b-125f-46ea-8d7c-719ed4cc29fb}">
		<relationship name="effectChain">
			<destination>{100ff462-0bbf-408f-9af3-d09b16ce6ce2}</destination>
		</relationship>
		<relationship name="panner">
			<destination>{fb9e7602-9bf9-4baf-9c15-b42d397bf975}</destination>
		</relationship>
		<relationship name="output">
			<destination>{a74bdffc-cbb2-488b-ae3c-038020e1273d}</destination>
		</relationship>
	</object>
	<object class="EventAutomatableProperties" id="{6e956d9b-bb90-49f2-a27a-bf00672f791d}" />
	<object class="MarkerTrack" id="{b2274a84-54b7-45dc-b82f-f38097ca3581}" />
	<object class="GroupTrack" id="{ebdecba5-0fbc-49be-9b12-e65ae99ac7c4}">
		<relationship name="modules">
			<destination>{0c931c23-99d2-4e81-9293-63e9a3e24c30}</destination>
		</relationship>
		<relationship name="mixerGroup">
			<destination>{05874b01-cc73-4555-a1f4-bb75f32d4a00}</destination>
		</relationship>
	</object>
	<object class="Timeline" id="{8dfb12d3-44f2-4dbd-9433-7cefe762ff4c}">
		<relationship name="modules">
			<destination>{0c931c23-99d2-4e81-9293-63e9a3e24c30}</destination>
		</relationship>
	</object>
	<object class="EventMixerMaster" id="{ea1b6e46-9694-4b33-a150-afabee7f7da9}">
		<relationship name="effectChain">
			<destination>{046704ee-5bc1-414e-a592-41d10ff2cd94}</destination>
		</relationship>
		<relationship name="panner">
			<destination>{fddd895f-0087-46fc-a2c0-4caa9d4ebdd0}</destination>
		</relationship>
		<relationship name="mixer">
			<destination>{3d2b8234-48e1-4a3c-b825-2d08955dd633}</destination>
		</relationship>
	</object>
	<object class="MixerBusEffectChain" id="{100ff462-0bbf-408f-9af3-d09b16ce6ce2}">
		<relationship name="effects">
			<destination>{e26b0b07-c4c9-4beb-98b7-4a0917b1626c}</destination>
		</relationship>
	</object>
	<object class="MixerBusPanner" id="{fb9e7602-9bf9-4baf-9c15-b42d397bf975}" />
	<object class="MultiSound" id="{0c931c23-99d2-4e81-9293-63e9a3e24c30}">
		<property name="length">
			<value>1.9875</value>
		</property>
	</object>
	<object class="EventMixerGroup" id="{05874b01-cc73-4555-a1f4-bb75f32d4a00}">
		<property name="name">
			<value>Audio 1</value>
		</property>
		<relationship name="effectChain">
			<destination>{86d7b15c-119b-4214-9468-d1c3d6a6beaf}</destination>
		</relationship>
		<relationship name="panner">
			<destination>{c7e38ca5-1f48-4b82-9b15-fd3ecd3f1165}</destination>
		</relationship>
		<relationship name="output">
			<destination>{ea1b6e46-9694-4b33-a150-afabee7f7da9}</destination>
		</relationship>
	</object>
	<object class="MixerBusEffectChain" id="{046704ee-5bc1-414e-a592-41d10ff2cd94}">
		<relationship name="effects">
			<destination>{6d182715-9134-41f8-8496-86c2840717ba}</destination>
		</relationship>
	</object>
	<object class="MixerBusPanner" id="{fddd895f-0087-46fc-a2c0-4caa9d4ebdd0}" />
	<object class="MixerBusFader" id="{e26b0b07-c4c9-4beb-98b7-4a0917b1626c}" />
	<object class="MixerBusEffectChain" id="{86d7b15c-119b-4214-9468-d1c3d6a6beaf}">
		<relationship name="effects">
			<destination>{ba5def1e-5b8e-4a1e-b776-857294406346}</destination>
		</relationship>
	</object>
	<object class="MixerBusPanner" id="{c7e38ca5-1f48-4b82-9b15-fd3ecd3f1165}" />
	<object class="MixerBusFader" id="{6d182715-9134-41f8-8496-86c2840717ba}" />
	<object class="MixerBusFader" id="{ba5def1e-5b8e-4a1e-b776-857294406346}" />
</objects>
