<?xml version="1.0" encoding="UTF-8"?>
<objects serializationModel="Studio.02.01.00">
	<object class="Event" id="{0c01cb1a-fd2a-413f-bc45-62f95d3cc008}">
		<property name="name">
			<value>Success</value>
		</property>
		<property name="outputFormat">
			<value>0</value>
		</property>
		<relationship name="folder">
			<destination>{2e874510-7eb7-441e-8c5c-cf5ce37bc651}</destination>
		</relationship>
		<relationship name="mixer">
			<destination>{0c214626-4d2f-4af1-89b1-3a67906e5b80}</destination>
		</relationship>
		<relationship name="masterTrack">
			<destination>{fa0fc802-3950-43c4-88a1-d19fd55808c1}</destination>
		</relationship>
		<relationship name="mixerInput">
			<destination>{a9b382a4-b345-41f2-a3bd-ec66559c89db}</destination>
		</relationship>
		<relationship name="automatableProperties">
			<destination>{6d430065-b33b-4533-8699-6fb9a1b3e1b9}</destination>
		</relationship>
		<relationship name="markerTracks">
			<destination>{fc9d4a69-a44c-47eb-9384-508452294778}</destination>
		</relationship>
		<relationship name="groupTracks">
			<destination>{48997845-3a51-4435-a1e3-5a7b29f04300}</destination>
		</relationship>
		<relationship name="timeline">
			<destination>{3aac4b68-f20e-44ac-bdca-d834e0a104ba}</destination>
		</relationship>
		<relationship name="banks">
			<destination>{8c3f9de4-14c8-4279-a712-2040780fff61}</destination>
		</relationship>
	</object>
	<object class="EventMixer" id="{0c214626-4d2f-4af1-89b1-3a67906e5b80}">
		<relationship name="masterBus">
			<destination>{019f2f0b-a0bc-4d83-ada5-8d1d49273d4c}</destination>
		</relationship>
	</object>
	<object class="MasterTrack" id="{fa0fc802-3950-43c4-88a1-d19fd55808c1}">
		<relationship name="mixerGroup">
			<destination>{019f2f0b-a0bc-4d83-ada5-8d1d49273d4c}</destination>
		</relationship>
	</object>
	<object class="MixerInput" id="{a9b382a4-b345-41f2-a3bd-ec66559c89db}">
		<relationship name="effectChain">
			<destination>{99c79d1e-2b7e-407b-8686-aba050a41f88}</destination>
		</relationship>
		<relationship name="panner">
			<destination>{5634fed4-2b57-4ae6-b1ba-e94add97a7eb}</destination>
		</relationship>
		<relationship name="output">
			<destination>{a74bdffc-cbb2-488b-ae3c-038020e1273d}</destination>
		</relationship>
	</object>
	<object class="EventAutomatableProperties" id="{6d430065-b33b-4533-8699-6fb9a1b3e1b9}" />
	<object class="MarkerTrack" id="{fc9d4a69-a44c-47eb-9384-508452294778}" />
	<object class="GroupTrack" id="{48997845-3a51-4435-a1e3-5a7b29f04300}">
		<relationship name="modules">
			<destination>{48a67d5d-5f9e-43d0-a5d5-7984e1142cf1}</destination>
		</relationship>
		<relationship name="mixerGroup">
			<destination>{58b51be6-5061-4e3f-a840-1ab3ab63a1db}</destination>
		</relationship>
	</object>
	<object class="Timeline" id="{3aac4b68-f20e-44ac-bdca-d834e0a104ba}">
		<relationship name="modules">
			<destination>{48a67d5d-5f9e-43d0-a5d5-7984e1142cf1}</destination>
		</relationship>
	</object>
	<object class="EventMixerMaster" id="{019f2f0b-a0bc-4d83-ada5-8d1d49273d4c}">
		<relationship name="effectChain">
			<destination>{81a644ba-3117-4d01-9e66-7b713c246f21}</destination>
		</relationship>
		<relationship name="panner">
			<destination>{7f5e5ffe-aa84-43e1-b0e9-4a89ac5a00fc}</destination>
		</relationship>
		<relationship name="mixer">
			<destination>{0c214626-4d2f-4af1-89b1-3a67906e5b80}</destination>
		</relationship>
	</object>
	<object class="MixerBusEffectChain" id="{99c79d1e-2b7e-407b-8686-aba050a41f88}">
		<relationship name="effects">
			<destination>{529040d5-59db-4715-b78b-20167d4b1a37}</destination>
		</relationship>
	</object>
	<object class="MixerBusPanner" id="{5634fed4-2b57-4ae6-b1ba-e94add97a7eb}" />
	<object class="MultiSound" id="{48a67d5d-5f9e-43d0-a5d5-7984e1142cf1}">
		<property name="length">
			<value>2.34775</value>
		</property>
		<relationship name="sounds">
			<destination>{6af0345c-7428-45e5-852f-cecc0c8ef416}</destination>
			<destination>{0407d896-8723-4603-9d3a-c2bdf843fe1e}</destination>
			<destination>{aec5bd83-ae50-4775-a407-5ef74d5ca453}</destination>
		</relationship>
	</object>
	<object class="EventMixerGroup" id="{58b51be6-5061-4e3f-a840-1ab3ab63a1db}">
		<property name="name">
			<value>Audio 1</value>
		</property>
		<relationship name="effectChain">
			<destination>{3a5be660-9c23-4efb-9330-a3a71bd4e60e}</destination>
		</relationship>
		<relationship name="panner">
			<destination>{4cd6c7df-f85f-4c44-944c-195721c17ac3}</destination>
		</relationship>
		<relationship name="output">
			<destination>{019f2f0b-a0bc-4d83-ada5-8d1d49273d4c}</destination>
		</relationship>
	</object>
	<object class="MixerBusEffectChain" id="{81a644ba-3117-4d01-9e66-7b713c246f21}">
		<relationship name="effects">
			<destination>{eb44ebff-0a01-4405-b59a-0ae0e0c90dd7}</destination>
		</relationship>
	</object>
	<object class="MixerBusPanner" id="{7f5e5ffe-aa84-43e1-b0e9-4a89ac5a00fc}" />
	<object class="MixerBusFader" id="{529040d5-59db-4715-b78b-20167d4b1a37}" />
	<object class="SingleSound" id="{6af0345c-7428-45e5-852f-cecc0c8ef416}">
		<relationship name="audioFile">
			<destination>{79718b6a-61fb-4fab-b4d5-6a7b7467c842}</destination>
		</relationship>
	</object>
	<object class="SingleSound" id="{0407d896-8723-4603-9d3a-c2bdf843fe1e}">
		<relationship name="audioFile">
			<destination>{a441505f-3ae2-473e-81b9-59fce44081cb}</destination>
		</relationship>
	</object>
	<object class="SingleSound" id="{aec5bd83-ae50-4775-a407-5ef74d5ca453}">
		<relationship name="audioFile">
			<destination>{f62e95b7-16df-448c-be9c-fc26da17635f}</destination>
		</relationship>
	</object>
	<object class="MixerBusEffectChain" id="{3a5be660-9c23-4efb-9330-a3a71bd4e60e}">
		<relationship name="effects">
			<destination>{ad9e9bff-d887-45e4-8eff-37b7eb403a1a}</destination>
		</relationship>
	</object>
	<object class="MixerBusPanner" id="{4cd6c7df-f85f-4c44-944c-195721c17ac3}" />
	<object class="MixerBusFader" id="{eb44ebff-0a01-4405-b59a-0ae0e0c90dd7}" />
	<object class="MixerBusFader" id="{ad9e9bff-d887-45e4-8eff-37b7eb403a1a}" />
</objects>
