<?xml version="1.0" encoding="UTF-8"?>
<objects serializationModel="Studio.02.01.00">
	<object class="Event" id="{0c237836-18df-49c3-85bb-1aaafefc1938}">
		<property name="name">
			<value>Success</value>
		</property>
		<property name="outputFormat">
			<value>0</value>
		</property>
		<relationship name="folder">
			<destination>{efbc64bc-a2fa-4d60-b3b3-76c8956fa586}</destination>
		</relationship>
		<relationship name="mixer">
			<destination>{8dd53c89-e951-4a88-bd79-4775235bb76f}</destination>
		</relationship>
		<relationship name="masterTrack">
			<destination>{6443e884-056f-4465-99a8-051a1114d86b}</destination>
		</relationship>
		<relationship name="mixerInput">
			<destination>{2972c65b-1413-45d5-8def-ccaf9a43a708}</destination>
		</relationship>
		<relationship name="automatableProperties">
			<destination>{832663fd-0f7c-4c75-b97c-8edcd59a11d0}</destination>
		</relationship>
		<relationship name="markerTracks">
			<destination>{090831df-4b10-4326-8b9c-e50a790706cc}</destination>
		</relationship>
		<relationship name="groupTracks">
			<destination>{822a2503-c08d-4fd7-a022-ee6f2291ba49}</destination>
		</relationship>
		<relationship name="timeline">
			<destination>{58ba0bbb-3359-45f1-ae06-a77a6c6ccd41}</destination>
		</relationship>
		<relationship name="banks">
			<destination>{8c3f9de4-14c8-4279-a712-2040780fff61}</destination>
		</relationship>
	</object>
	<object class="EventMixer" id="{8dd53c89-e951-4a88-bd79-4775235bb76f}">
		<relationship name="masterBus">
			<destination>{d8ff16cf-8b37-433f-b0d5-c4f9f7bb278b}</destination>
		</relationship>
	</object>
	<object class="MasterTrack" id="{6443e884-056f-4465-99a8-051a1114d86b}">
		<relationship name="mixerGroup">
			<destination>{d8ff16cf-8b37-433f-b0d5-c4f9f7bb278b}</destination>
		</relationship>
	</object>
	<object class="MixerInput" id="{2972c65b-1413-45d5-8def-ccaf9a43a708}">
		<relationship name="effectChain">
			<destination>{0ef55115-57df-49e4-ab34-2d22d2ee9461}</destination>
		</relationship>
		<relationship name="panner">
			<destination>{7ba0b032-e5c0-4993-ad1c-b8189438af5e}</destination>
		</relationship>
		<relationship name="output">
			<destination>{a74bdffc-cbb2-488b-ae3c-038020e1273d}</destination>
		</relationship>
	</object>
	<object class="EventAutomatableProperties" id="{832663fd-0f7c-4c75-b97c-8edcd59a11d0}" />
	<object class="MarkerTrack" id="{090831df-4b10-4326-8b9c-e50a790706cc}" />
	<object class="GroupTrack" id="{822a2503-c08d-4fd7-a022-ee6f2291ba49}">
		<relationship name="modules">
			<destination>{bb911e04-0735-42ab-b9e5-4ac6b8da3327}</destination>
		</relationship>
		<relationship name="mixerGroup">
			<destination>{de46f45e-4076-4b4d-bc17-9db1de7f5302}</destination>
		</relationship>
	</object>
	<object class="Timeline" id="{58ba0bbb-3359-45f1-ae06-a77a6c6ccd41}">
		<relationship name="modules">
			<destination>{bb911e04-0735-42ab-b9e5-4ac6b8da3327}</destination>
		</relationship>
	</object>
	<object class="EventMixerMaster" id="{d8ff16cf-8b37-433f-b0d5-c4f9f7bb278b}">
		<relationship name="effectChain">
			<destination>{b82d5911-24ff-484f-9f74-c3d5b6575226}</destination>
		</relationship>
		<relationship name="panner">
			<destination>{d08d1dca-f5cf-475b-b578-0998c1d7542a}</destination>
		</relationship>
		<relationship name="mixer">
			<destination>{8dd53c89-e951-4a88-bd79-4775235bb76f}</destination>
		</relationship>
	</object>
	<object class="MixerBusEffectChain" id="{0ef55115-57df-49e4-ab34-2d22d2ee9461}">
		<relationship name="effects">
			<destination>{f1f4fa2e-d660-47d7-97df-c64d96717c1a}</destination>
		</relationship>
	</object>
	<object class="MixerBusPanner" id="{7ba0b032-e5c0-4993-ad1c-b8189438af5e}" />
	<object class="MultiSound" id="{bb911e04-0735-42ab-b9e5-4ac6b8da3327}">
		<property name="length">
			<value>2.2133958333333332</value>
		</property>
		<relationship name="sounds">
			<destination>{dc473925-6293-4da4-9542-b9de81c75988}</destination>
			<destination>{d6372d4b-15ff-4de9-88c8-1d4e861a4186}</destination>
			<destination>{b4a231fa-58d3-406e-b05c-85b7031dc27f}</destination>
			<destination>{9cc7b5e5-3b68-4fa5-bee6-75d490013662}</destination>
		</relationship>
	</object>
	<object class="EventMixerGroup" id="{de46f45e-4076-4b4d-bc17-9db1de7f5302}">
		<property name="name">
			<value>Audio 1</value>
		</property>
		<relationship name="effectChain">
			<destination>{0f3d6980-6521-4d5b-bfb4-607bec9713aa}</destination>
		</relationship>
		<relationship name="panner">
			<destination>{90286d25-1fd5-4942-b60e-6bb4a6301862}</destination>
		</relationship>
		<relationship name="output">
			<destination>{d8ff16cf-8b37-433f-b0d5-c4f9f7bb278b}</destination>
		</relationship>
	</object>
	<object class="MixerBusEffectChain" id="{b82d5911-24ff-484f-9f74-c3d5b6575226}">
		<relationship name="effects">
			<destination>{6ae0bd53-4f67-484b-9d7f-0a82303e18cf}</destination>
		</relationship>
	</object>
	<object class="MixerBusPanner" id="{d08d1dca-f5cf-475b-b578-0998c1d7542a}" />
	<object class="MixerBusFader" id="{f1f4fa2e-d660-47d7-97df-c64d96717c1a}" />
	<object class="SingleSound" id="{dc473925-6293-4da4-9542-b9de81c75988}">
		<relationship name="audioFile">
			<destination>{74fe2669-f7f2-409f-8fe4-6c388f6531c9}</destination>
		</relationship>
	</object>
	<object class="SingleSound" id="{d6372d4b-15ff-4de9-88c8-1d4e861a4186}">
		<relationship name="audioFile">
			<destination>{bc1a9260-48a5-49b1-9d3c-4f8a65e04d46}</destination>
		</relationship>
	</object>
	<object class="SingleSound" id="{b4a231fa-58d3-406e-b05c-85b7031dc27f}">
		<relationship name="audioFile">
			<destination>{85104dc4-bb9a-4167-8af6-f15f1c30a74b}</destination>
		</relationship>
	</object>
	<object class="SingleSound" id="{9cc7b5e5-3b68-4fa5-bee6-75d490013662}">
		<relationship name="audioFile">
			<destination>{4f45795c-e1ca-4868-82b4-57139eb37ca3}</destination>
		</relationship>
	</object>
	<object class="MixerBusEffectChain" id="{0f3d6980-6521-4d5b-bfb4-607bec9713aa}">
		<relationship name="effects">
			<destination>{1654f1b5-c4fa-44c1-b55b-1e74166b796f}</destination>
		</relationship>
	</object>
	<object class="MixerBusPanner" id="{90286d25-1fd5-4942-b60e-6bb4a6301862}" />
	<object class="MixerBusFader" id="{6ae0bd53-4f67-484b-9d7f-0a82303e18cf}" />
	<object class="MixerBusFader" id="{1654f1b5-c4fa-44c1-b55b-1e74166b796f}" />
</objects>
