<?xml version="1.0" encoding="UTF-8"?>
<objects serializationModel="Studio.02.01.00">
	<object class="Event" id="{0c443b46-c314-4c44-8845-09e58054fa25}">
		<property name="name">
			<value>Success</value>
		</property>
		<property name="outputFormat">
			<value>0</value>
		</property>
		<relationship name="folder">
			<destination>{ad7ca120-de9a-447f-83ea-ffdba48a4fda}</destination>
		</relationship>
		<relationship name="mixer">
			<destination>{400be297-20bf-4368-aed0-47aa468b82ea}</destination>
		</relationship>
		<relationship name="masterTrack">
			<destination>{2962be20-c7c2-44eb-bbaa-5a4790b30a4b}</destination>
		</relationship>
		<relationship name="mixerInput">
			<destination>{4a54a46c-bd1f-483a-8ddc-efeff07b363d}</destination>
		</relationship>
		<relationship name="automatableProperties">
			<destination>{00c07d34-8d9d-4f20-8dd4-f045f12b6db2}</destination>
		</relationship>
		<relationship name="markerTracks">
			<destination>{c353b585-836c-4788-9850-518c74944aed}</destination>
		</relationship>
		<relationship name="groupTracks">
			<destination>{3c3b7bac-bdca-4554-96ae-0c04eb730306}</destination>
		</relationship>
		<relationship name="timeline">
			<destination>{0d087d50-bc84-4ffa-abe2-03a0ab110651}</destination>
		</relationship>
		<relationship name="banks">
			<destination>{8c3f9de4-14c8-4279-a712-2040780fff61}</destination>
		</relationship>
	</object>
	<object class="EventMixer" id="{400be297-20bf-4368-aed0-47aa468b82ea}">
		<relationship name="masterBus">
			<destination>{907f803f-2d60-4ba9-b639-5a88bc59c5c6}</destination>
		</relationship>
	</object>
	<object class="MasterTrack" id="{2962be20-c7c2-44eb-bbaa-5a4790b30a4b}">
		<relationship name="mixerGroup">
			<destination>{907f803f-2d60-4ba9-b639-5a88bc59c5c6}</destination>
		</relationship>
	</object>
	<object class="MixerInput" id="{4a54a46c-bd1f-483a-8ddc-efeff07b363d}">
		<relationship name="effectChain">
			<destination>{9dadeb2e-3ad6-4867-9132-55336d53b9e3}</destination>
		</relationship>
		<relationship name="panner">
			<destination>{ac026c62-2c8c-417d-bddf-db54afdf2bda}</destination>
		</relationship>
		<relationship name="output">
			<destination>{a74bdffc-cbb2-488b-ae3c-038020e1273d}</destination>
		</relationship>
	</object>
	<object class="EventAutomatableProperties" id="{00c07d34-8d9d-4f20-8dd4-f045f12b6db2}" />
	<object class="MarkerTrack" id="{c353b585-836c-4788-9850-518c74944aed}" />
	<object class="GroupTrack" id="{3c3b7bac-bdca-4554-96ae-0c04eb730306}">
		<relationship name="modules">
			<destination>{e331e7a6-3dd8-4930-9828-9078bf33c3f2}</destination>
		</relationship>
		<relationship name="mixerGroup">
			<destination>{0bae065c-53b0-4969-a14e-9dcb88aa05b7}</destination>
		</relationship>
	</object>
	<object class="Timeline" id="{0d087d50-bc84-4ffa-abe2-03a0ab110651}">
		<relationship name="modules">
			<destination>{e331e7a6-3dd8-4930-9828-9078bf33c3f2}</destination>
		</relationship>
	</object>
	<object class="EventMixerMaster" id="{907f803f-2d60-4ba9-b639-5a88bc59c5c6}">
		<relationship name="effectChain">
			<destination>{b5a43af3-32d4-48a5-8e69-707c56dfc614}</destination>
		</relationship>
		<relationship name="panner">
			<destination>{2a987b62-ca4a-424f-8841-e962e6ff3828}</destination>
		</relationship>
		<relationship name="mixer">
			<destination>{400be297-20bf-4368-aed0-47aa468b82ea}</destination>
		</relationship>
	</object>
	<object class="MixerBusEffectChain" id="{9dadeb2e-3ad6-4867-9132-55336d53b9e3}">
		<relationship name="effects">
			<destination>{89932fe4-fc17-4f0b-96d3-943b36abc4c9}</destination>
		</relationship>
	</object>
	<object class="MixerBusPanner" id="{ac026c62-2c8c-417d-bddf-db54afdf2bda}" />
	<object class="MultiSound" id="{e331e7a6-3dd8-4930-9828-9078bf33c3f2}">
		<property name="length">
			<value>2.2491041666666667</value>
		</property>
		<relationship name="sounds">
			<destination>{01227e52-42b7-4a6d-8988-035936546b08}</destination>
			<destination>{eaaef7ca-d3ab-4887-b5ce-ea56d588b706}</destination>
			<destination>{80cae098-8195-4608-be9c-81bbdab25bc5}</destination>
		</relationship>
	</object>
	<object class="EventMixerGroup" id="{0bae065c-53b0-4969-a14e-9dcb88aa05b7}">
		<property name="name">
			<value>Audio 1</value>
		</property>
		<relationship name="effectChain">
			<destination>{4051416e-164f-4699-a4b9-611231533dfd}</destination>
		</relationship>
		<relationship name="panner">
			<destination>{ffa3951a-c037-4216-bcf2-c9b0a954b83b}</destination>
		</relationship>
		<relationship name="output">
			<destination>{907f803f-2d60-4ba9-b639-5a88bc59c5c6}</destination>
		</relationship>
	</object>
	<object class="MixerBusEffectChain" id="{b5a43af3-32d4-48a5-8e69-707c56dfc614}">
		<relationship name="effects">
			<destination>{891c5eb4-6ea3-4a93-8eb9-798a8943cb1c}</destination>
		</relationship>
	</object>
	<object class="MixerBusPanner" id="{2a987b62-ca4a-424f-8841-e962e6ff3828}" />
	<object class="MixerBusFader" id="{89932fe4-fc17-4f0b-96d3-943b36abc4c9}" />
	<object class="SingleSound" id="{01227e52-42b7-4a6d-8988-035936546b08}">
		<relationship name="audioFile">
			<destination>{55e15e5a-d1e4-43af-bf41-b9449f50f55b}</destination>
		</relationship>
	</object>
	<object class="SingleSound" id="{eaaef7ca-d3ab-4887-b5ce-ea56d588b706}">
		<relationship name="audioFile">
			<destination>{7e4a26cb-9eac-44c6-a27c-34e88451702d}</destination>
		</relationship>
	</object>
	<object class="SingleSound" id="{80cae098-8195-4608-be9c-81bbdab25bc5}">
		<relationship name="audioFile">
			<destination>{b128545f-e53a-4c0f-b710-46591296c8d6}</destination>
		</relationship>
	</object>
	<object class="MixerBusEffectChain" id="{4051416e-164f-4699-a4b9-611231533dfd}">
		<relationship name="effects">
			<destination>{57252fc6-f70c-4699-b078-1e8591bba099}</destination>
		</relationship>
	</object>
	<object class="MixerBusPanner" id="{ffa3951a-c037-4216-bcf2-c9b0a954b83b}" />
	<object class="MixerBusFader" id="{891c5eb4-6ea3-4a93-8eb9-798a8943cb1c}" />
	<object class="MixerBusFader" id="{57252fc6-f70c-4699-b078-1e8591bba099}" />
</objects>
