<?xml version="1.0" encoding="UTF-8"?>
<objects serializationModel="Studio.02.01.00">
	<object class="Event" id="{0c4d0a50-c8df-483d-8338-f5cb4f028a93}">
		<property name="name">
			<value>Success</value>
		</property>
		<property name="outputFormat">
			<value>0</value>
		</property>
		<relationship name="folder">
			<destination>{eafbcc50-188d-4f85-a16d-502277b3b9b8}</destination>
		</relationship>
		<relationship name="mixer">
			<destination>{01a91f12-86fa-4354-8984-17009b05f2a1}</destination>
		</relationship>
		<relationship name="masterTrack">
			<destination>{be89de7e-3066-4be8-8c09-4ea8dbe31a8a}</destination>
		</relationship>
		<relationship name="mixerInput">
			<destination>{cdb1469e-17a9-4a5c-9c1a-88b3fa69fc27}</destination>
		</relationship>
		<relationship name="automatableProperties">
			<destination>{61c60ec3-c019-4154-a0af-525c3f3261ea}</destination>
		</relationship>
		<relationship name="markerTracks">
			<destination>{cb18d3e9-2d1c-4263-bc21-323eecec0f6e}</destination>
		</relationship>
		<relationship name="groupTracks">
			<destination>{8d9dd6e5-4e5c-413b-bd06-73febb51ad69}</destination>
		</relationship>
		<relationship name="timeline">
			<destination>{5baade26-3518-4591-831d-40da1cc90c6f}</destination>
		</relationship>
		<relationship name="banks">
			<destination>{8c3f9de4-14c8-4279-a712-2040780fff61}</destination>
		</relationship>
	</object>
	<object class="EventMixer" id="{01a91f12-86fa-4354-8984-17009b05f2a1}">
		<relationship name="masterBus">
			<destination>{07b4dbb1-08a8-4ffd-8ea2-bde14e1aaf00}</destination>
		</relationship>
	</object>
	<object class="MasterTrack" id="{be89de7e-3066-4be8-8c09-4ea8dbe31a8a}">
		<relationship name="mixerGroup">
			<destination>{07b4dbb1-08a8-4ffd-8ea2-bde14e1aaf00}</destination>
		</relationship>
	</object>
	<object class="MixerInput" id="{cdb1469e-17a9-4a5c-9c1a-88b3fa69fc27}">
		<relationship name="effectChain">
			<destination>{2451f13d-524f-44ee-b50e-21dea7b5867a}</destination>
		</relationship>
		<relationship name="panner">
			<destination>{d7e024e2-2f6b-464f-8fb6-67cc55e8bddf}</destination>
		</relationship>
		<relationship name="output">
			<destination>{a74bdffc-cbb2-488b-ae3c-038020e1273d}</destination>
		</relationship>
	</object>
	<object class="EventAutomatableProperties" id="{61c60ec3-c019-4154-a0af-525c3f3261ea}" />
	<object class="MarkerTrack" id="{cb18d3e9-2d1c-4263-bc21-323eecec0f6e}" />
	<object class="GroupTrack" id="{8d9dd6e5-4e5c-413b-bd06-73febb51ad69}">
		<relationship name="modules">
			<destination>{cdacb8f9-9525-441e-851b-dd364fc55485}</destination>
		</relationship>
		<relationship name="mixerGroup">
			<destination>{a6637a6b-2380-46dc-9462-d524a99f621b}</destination>
		</relationship>
	</object>
	<object class="Timeline" id="{5baade26-3518-4591-831d-40da1cc90c6f}">
		<relationship name="modules">
			<destination>{cdacb8f9-9525-441e-851b-dd364fc55485}</destination>
		</relationship>
	</object>
	<object class="EventMixerMaster" id="{07b4dbb1-08a8-4ffd-8ea2-bde14e1aaf00}">
		<relationship name="effectChain">
			<destination>{2688df68-7761-4f36-8255-6173bbf4dcde}</destination>
		</relationship>
		<relationship name="panner">
			<destination>{52c14015-9e23-42d8-85be-1e80e474f987}</destination>
		</relationship>
		<relationship name="mixer">
			<destination>{01a91f12-86fa-4354-8984-17009b05f2a1}</destination>
		</relationship>
	</object>
	<object class="MixerBusEffectChain" id="{2451f13d-524f-44ee-b50e-21dea7b5867a}">
		<relationship name="effects">
			<destination>{b5a0d305-b591-4f0c-911c-7690262092c9}</destination>
		</relationship>
	</object>
	<object class="MixerBusPanner" id="{d7e024e2-2f6b-464f-8fb6-67cc55e8bddf}" />
	<object class="MultiSound" id="{cdacb8f9-9525-441e-851b-dd364fc55485}">
		<property name="length">
			<value>2.2024583333333334</value>
		</property>
		<relationship name="sounds">
			<destination>{6e1b0e29-c3b3-42cc-a4ad-c0b9a167d26e}</destination>
			<destination>{a8aeb3f4-a3f2-4b8b-bdb1-b9496f9efe62}</destination>
			<destination>{9ee076d9-76ee-4b35-9a45-3e056a1a140d}</destination>
			<destination>{f3855820-f568-4b67-b936-5545c09385ae}</destination>
			<destination>{ee9ceb7e-6bac-457c-9a4c-5f8c6eb2c128}</destination>
		</relationship>
	</object>
	<object class="EventMixerGroup" id="{a6637a6b-2380-46dc-9462-d524a99f621b}">
		<property name="name">
			<value>Audio 1</value>
		</property>
		<relationship name="effectChain">
			<destination>{565dc054-2d24-463c-925e-8611ac3e1f55}</destination>
		</relationship>
		<relationship name="panner">
			<destination>{6c7567a5-ca80-4cd7-b679-04247667f2c9}</destination>
		</relationship>
		<relationship name="output">
			<destination>{07b4dbb1-08a8-4ffd-8ea2-bde14e1aaf00}</destination>
		</relationship>
	</object>
	<object class="MixerBusEffectChain" id="{2688df68-7761-4f36-8255-6173bbf4dcde}">
		<relationship name="effects">
			<destination>{f58b6551-e9ce-427d-b4f3-d587ed0690b6}</destination>
		</relationship>
	</object>
	<object class="MixerBusPanner" id="{52c14015-9e23-42d8-85be-1e80e474f987}" />
	<object class="MixerBusFader" id="{b5a0d305-b591-4f0c-911c-7690262092c9}" />
	<object class="SingleSound" id="{6e1b0e29-c3b3-42cc-a4ad-c0b9a167d26e}">
		<relationship name="audioFile">
			<destination>{3529492e-362b-4e51-8cb4-c43214057bdb}</destination>
		</relationship>
	</object>
	<object class="SingleSound" id="{a8aeb3f4-a3f2-4b8b-bdb1-b9496f9efe62}">
		<relationship name="audioFile">
			<destination>{b080b22e-bff5-46fe-806a-a9f90c9bc554}</destination>
		</relationship>
	</object>
	<object class="SingleSound" id="{9ee076d9-76ee-4b35-9a45-3e056a1a140d}">
		<relationship name="audioFile">
			<destination>{f4440b37-9ea7-4629-9c49-c77239b68de5}</destination>
		</relationship>
	</object>
	<object class="SingleSound" id="{f3855820-f568-4b67-b936-5545c09385ae}">
		<relationship name="audioFile">
			<destination>{50dc3886-8a03-4e23-b336-4105366fe90b}</destination>
		</relationship>
	</object>
	<object class="SingleSound" id="{ee9ceb7e-6bac-457c-9a4c-5f8c6eb2c128}">
		<relationship name="audioFile">
			<destination>{4be19ec3-2479-455c-8a48-77d9b7beb38b}</destination>
		</relationship>
	</object>
	<object class="MixerBusEffectChain" id="{565dc054-2d24-463c-925e-8611ac3e1f55}">
		<relationship name="effects">
			<destination>{d8c198c7-8f9e-4063-aa7a-e46cd03d8164}</destination>
		</relationship>
	</object>
	<object class="MixerBusPanner" id="{6c7567a5-ca80-4cd7-b679-04247667f2c9}" />
	<object class="MixerBusFader" id="{f58b6551-e9ce-427d-b4f3-d587ed0690b6}" />
	<object class="MixerBusFader" id="{d8c198c7-8f9e-4063-aa7a-e46cd03d8164}" />
</objects>
