<?xml version="1.0" encoding="UTF-8"?>
<objects serializationModel="Studio.02.01.00">
	<object class="Event" id="{0c543d16-fa6b-4399-be11-f81debcf096d}">
		<property name="name">
			<value>MissionGeneric</value>
		</property>
		<property name="outputFormat">
			<value>0</value>
		</property>
		<relationship name="folder">
			<destination>{14e94d29-f40a-4911-8329-0454076db182}</destination>
		</relationship>
		<relationship name="mixer">
			<destination>{b3f19010-3a75-469f-8ea1-e25854ce3408}</destination>
		</relationship>
		<relationship name="masterTrack">
			<destination>{32f1438d-7bcb-4098-bc9b-ae0847dec5a2}</destination>
		</relationship>
		<relationship name="mixerInput">
			<destination>{25ba5771-e446-44eb-8725-e1e57649e67e}</destination>
		</relationship>
		<relationship name="automatableProperties">
			<destination>{a3b630c4-6044-41bc-8117-4ebce3ca50ff}</destination>
		</relationship>
		<relationship name="markerTracks">
			<destination>{f691f540-1487-4fce-b715-2bbd48191aad}</destination>
		</relationship>
		<relationship name="groupTracks">
			<destination>{440add8e-10cc-43ea-b454-19d6e1dddd2e}</destination>
		</relationship>
		<relationship name="timeline">
			<destination>{3ad57938-6411-4738-8a6c-fc6927e0b93f}</destination>
		</relationship>
		<relationship name="banks">
			<destination>{8c3f9de4-14c8-4279-a712-2040780fff61}</destination>
		</relationship>
	</object>
	<object class="EventMixer" id="{b3f19010-3a75-469f-8ea1-e25854ce3408}">
		<relationship name="masterBus">
			<destination>{c1c1c2a6-c1b2-4fa2-b27d-9a36f8dd72f0}</destination>
		</relationship>
	</object>
	<object class="MasterTrack" id="{32f1438d-7bcb-4098-bc9b-ae0847dec5a2}">
		<relationship name="mixerGroup">
			<destination>{c1c1c2a6-c1b2-4fa2-b27d-9a36f8dd72f0}</destination>
		</relationship>
	</object>
	<object class="MixerInput" id="{25ba5771-e446-44eb-8725-e1e57649e67e}">
		<relationship name="effectChain">
			<destination>{766be9f9-f300-4c21-bcf4-cc4f5ca896fd}</destination>
		</relationship>
		<relationship name="panner">
			<destination>{9fc090d4-fb1d-4803-98a5-4da2299344ba}</destination>
		</relationship>
		<relationship name="output">
			<destination>{a74bdffc-cbb2-488b-ae3c-038020e1273d}</destination>
		</relationship>
	</object>
	<object class="EventAutomatableProperties" id="{a3b630c4-6044-41bc-8117-4ebce3ca50ff}" />
	<object class="MarkerTrack" id="{f691f540-1487-4fce-b715-2bbd48191aad}" />
	<object class="GroupTrack" id="{440add8e-10cc-43ea-b454-19d6e1dddd2e}">
		<relationship name="modules">
			<destination>{63855575-ac5d-4f5c-a23e-51918a062cef}</destination>
		</relationship>
		<relationship name="mixerGroup">
			<destination>{1d4b861f-644b-4d72-9afa-870cf33eb804}</destination>
		</relationship>
	</object>
	<object class="Timeline" id="{3ad57938-6411-4738-8a6c-fc6927e0b93f}">
		<relationship name="modules">
			<destination>{63855575-ac5d-4f5c-a23e-51918a062cef}</destination>
		</relationship>
	</object>
	<object class="EventMixerMaster" id="{c1c1c2a6-c1b2-4fa2-b27d-9a36f8dd72f0}">
		<relationship name="effectChain">
			<destination>{1a191a22-effd-41af-a1da-d9f2b46daa4f}</destination>
		</relationship>
		<relationship name="panner">
			<destination>{8a6e43e7-d0b7-48b0-92f1-fa63854af136}</destination>
		</relationship>
		<relationship name="mixer">
			<destination>{b3f19010-3a75-469f-8ea1-e25854ce3408}</destination>
		</relationship>
	</object>
	<object class="MixerBusEffectChain" id="{766be9f9-f300-4c21-bcf4-cc4f5ca896fd}">
		<relationship name="effects">
			<destination>{19fcc385-b943-4859-81d2-b3cf1a22662c}</destination>
		</relationship>
	</object>
	<object class="MixerBusPanner" id="{9fc090d4-fb1d-4803-98a5-4da2299344ba}" />
	<object class="MultiSound" id="{63855575-ac5d-4f5c-a23e-51918a062cef}">
		<property name="length">
			<value>1.7492916666666667</value>
		</property>
		<relationship name="sounds">
			<destination>{a0c1070c-6dc2-42a1-a061-a7110a4f916c}</destination>
			<destination>{dc170ece-5d6a-43a1-8de9-c400646d6a9c}</destination>
			<destination>{5dfe22b9-38a9-42be-a1af-3d950f4068db}</destination>
			<destination>{ed3ec77d-22db-461c-91ed-cc84dfdcf163}</destination>
			<destination>{ca3d1b84-57bd-44f3-9ed9-61677f778c0e}</destination>
		</relationship>
	</object>
	<object class="EventMixerGroup" id="{1d4b861f-644b-4d72-9afa-870cf33eb804}">
		<property name="name">
			<value>Audio 1</value>
		</property>
		<relationship name="effectChain">
			<destination>{b002fe4c-ab89-43f1-b83e-c334b306afbc}</destination>
		</relationship>
		<relationship name="panner">
			<destination>{dd54ce95-0271-4ed7-a7f8-187179c9f19c}</destination>
		</relationship>
		<relationship name="output">
			<destination>{c1c1c2a6-c1b2-4fa2-b27d-9a36f8dd72f0}</destination>
		</relationship>
	</object>
	<object class="MixerBusEffectChain" id="{1a191a22-effd-41af-a1da-d9f2b46daa4f}">
		<relationship name="effects">
			<destination>{cba4f28a-2faf-400e-8cba-fea7c5f9a0af}</destination>
		</relationship>
	</object>
	<object class="MixerBusPanner" id="{8a6e43e7-d0b7-48b0-92f1-fa63854af136}" />
	<object class="MixerBusFader" id="{19fcc385-b943-4859-81d2-b3cf1a22662c}" />
	<object class="SingleSound" id="{a0c1070c-6dc2-42a1-a061-a7110a4f916c}">
		<relationship name="audioFile">
			<destination>{a2d03880-c5b4-4a1f-bede-7ebf6e79fc91}</destination>
		</relationship>
	</object>
	<object class="SingleSound" id="{dc170ece-5d6a-43a1-8de9-c400646d6a9c}">
		<relationship name="audioFile">
			<destination>{374005c9-f0f2-4230-b5f0-da6040bcb912}</destination>
		</relationship>
	</object>
	<object class="SingleSound" id="{5dfe22b9-38a9-42be-a1af-3d950f4068db}">
		<relationship name="audioFile">
			<destination>{a9202929-c0c2-4389-9121-136fc5fa5f7b}</destination>
		</relationship>
	</object>
	<object class="SingleSound" id="{ed3ec77d-22db-461c-91ed-cc84dfdcf163}">
		<relationship name="audioFile">
			<destination>{85c177b2-f1a8-4458-91dc-82c4a5f47f5a}</destination>
		</relationship>
	</object>
	<object class="SingleSound" id="{ca3d1b84-57bd-44f3-9ed9-61677f778c0e}">
		<relationship name="audioFile">
			<destination>{1303e040-368d-4642-8b50-7db9a782572f}</destination>
		</relationship>
	</object>
	<object class="MixerBusEffectChain" id="{b002fe4c-ab89-43f1-b83e-c334b306afbc}">
		<relationship name="effects">
			<destination>{603716fc-361c-40b3-9aeb-1001fddc6d6b}</destination>
		</relationship>
	</object>
	<object class="MixerBusPanner" id="{dd54ce95-0271-4ed7-a7f8-187179c9f19c}" />
	<object class="MixerBusFader" id="{cba4f28a-2faf-400e-8cba-fea7c5f9a0af}" />
	<object class="MixerBusFader" id="{603716fc-361c-40b3-9aeb-1001fddc6d6b}" />
</objects>
