<?xml version="1.0" encoding="UTF-8"?>
<objects serializationModel="Studio.02.01.00">
	<object class="Event" id="{0c675b57-fbe7-4794-b147-1b0beb1ed3fa}">
		<property name="name">
			<value>Success</value>
		</property>
		<property name="outputFormat">
			<value>0</value>
		</property>
		<relationship name="folder">
			<destination>{0bcd246b-f40d-44ed-80a5-22ba943656e7}</destination>
		</relationship>
		<relationship name="mixer">
			<destination>{225962cb-277b-41c8-99d1-b25a434d0aae}</destination>
		</relationship>
		<relationship name="masterTrack">
			<destination>{09b70f9f-21ae-411a-a223-9a5bd5a52f4e}</destination>
		</relationship>
		<relationship name="mixerInput">
			<destination>{4b2f3ddc-0194-43b5-a94a-c72f922a7855}</destination>
		</relationship>
		<relationship name="automatableProperties">
			<destination>{6e93967d-8f32-4511-b4e0-f181a125b852}</destination>
		</relationship>
		<relationship name="markerTracks">
			<destination>{93d42827-a7cd-4b0b-8d87-d5e7d2b3b710}</destination>
		</relationship>
		<relationship name="groupTracks">
			<destination>{7160735c-5347-437d-b1c8-bb32619857fe}</destination>
		</relationship>
		<relationship name="timeline">
			<destination>{878b5076-f9b5-4e85-ac88-06738b7eb10d}</destination>
		</relationship>
		<relationship name="banks">
			<destination>{8c3f9de4-14c8-4279-a712-2040780fff61}</destination>
		</relationship>
	</object>
	<object class="EventMixer" id="{225962cb-277b-41c8-99d1-b25a434d0aae}">
		<relationship name="masterBus">
			<destination>{b6af69f2-781a-4619-82b1-057e295437f8}</destination>
		</relationship>
	</object>
	<object class="MasterTrack" id="{09b70f9f-21ae-411a-a223-9a5bd5a52f4e}">
		<relationship name="mixerGroup">
			<destination>{b6af69f2-781a-4619-82b1-057e295437f8}</destination>
		</relationship>
	</object>
	<object class="MixerInput" id="{4b2f3ddc-0194-43b5-a94a-c72f922a7855}">
		<relationship name="effectChain">
			<destination>{b7d4084c-716f-4b1b-ac19-a335a4db4486}</destination>
		</relationship>
		<relationship name="panner">
			<destination>{64309974-2d06-41ab-abb7-832306dc17bc}</destination>
		</relationship>
		<relationship name="output">
			<destination>{a74bdffc-cbb2-488b-ae3c-038020e1273d}</destination>
		</relationship>
	</object>
	<object class="EventAutomatableProperties" id="{6e93967d-8f32-4511-b4e0-f181a125b852}" />
	<object class="MarkerTrack" id="{93d42827-a7cd-4b0b-8d87-d5e7d2b3b710}" />
	<object class="GroupTrack" id="{7160735c-5347-437d-b1c8-bb32619857fe}">
		<relationship name="modules">
			<destination>{d99fd4e5-5d7a-4a3a-bdcb-f14831e94cd1}</destination>
		</relationship>
		<relationship name="mixerGroup">
			<destination>{82a0b20e-bbaf-425e-9217-78670c932b1b}</destination>
		</relationship>
	</object>
	<object class="Timeline" id="{878b5076-f9b5-4e85-ac88-06738b7eb10d}">
		<relationship name="modules">
			<destination>{d99fd4e5-5d7a-4a3a-bdcb-f14831e94cd1}</destination>
		</relationship>
	</object>
	<object class="EventMixerMaster" id="{b6af69f2-781a-4619-82b1-057e295437f8}">
		<relationship name="effectChain">
			<destination>{d3ed08a2-d7a4-44c6-8255-7734e5885c17}</destination>
		</relationship>
		<relationship name="panner">
			<destination>{afee9832-6fcf-487b-8bcd-075fd372385c}</destination>
		</relationship>
		<relationship name="mixer">
			<destination>{225962cb-277b-41c8-99d1-b25a434d0aae}</destination>
		</relationship>
	</object>
	<object class="MixerBusEffectChain" id="{b7d4084c-716f-4b1b-ac19-a335a4db4486}">
		<relationship name="effects">
			<destination>{cad830c6-f6a1-4002-af55-e96393b9c58f}</destination>
		</relationship>
	</object>
	<object class="MixerBusPanner" id="{64309974-2d06-41ab-abb7-832306dc17bc}" />
	<object class="MultiSound" id="{d99fd4e5-5d7a-4a3a-bdcb-f14831e94cd1}">
		<property name="length">
			<value>2.7246666666666668</value>
		</property>
		<relationship name="sounds">
			<destination>{c27b5768-f229-421e-8093-92aac8a6a4f1}</destination>
			<destination>{51db357b-7f7f-41bf-8590-20fcf6b5bace}</destination>
			<destination>{1d7a18aa-1db5-45e0-95b0-e7736bed84ca}</destination>
			<destination>{004ce644-eb43-4117-a098-e2eeeed3da63}</destination>
			<destination>{c156a48c-8e1f-436c-ac9c-275461d01498}</destination>
		</relationship>
	</object>
	<object class="EventMixerGroup" id="{82a0b20e-bbaf-425e-9217-78670c932b1b}">
		<property name="name">
			<value>Audio 1</value>
		</property>
		<relationship name="effectChain">
			<destination>{7c47b050-773a-4d2e-973c-971b7e1878f1}</destination>
		</relationship>
		<relationship name="panner">
			<destination>{964d2e53-3677-4959-b230-f58b1edfd6fc}</destination>
		</relationship>
		<relationship name="output">
			<destination>{b6af69f2-781a-4619-82b1-057e295437f8}</destination>
		</relationship>
	</object>
	<object class="MixerBusEffectChain" id="{d3ed08a2-d7a4-44c6-8255-7734e5885c17}">
		<relationship name="effects">
			<destination>{7e96b31f-9ce9-479c-aede-90276b5e7ce8}</destination>
		</relationship>
	</object>
	<object class="MixerBusPanner" id="{afee9832-6fcf-487b-8bcd-075fd372385c}" />
	<object class="MixerBusFader" id="{cad830c6-f6a1-4002-af55-e96393b9c58f}" />
	<object class="SingleSound" id="{c27b5768-f229-421e-8093-92aac8a6a4f1}">
		<relationship name="audioFile">
			<destination>{c4f21aaf-d154-4e44-a530-9f9290ee12ee}</destination>
		</relationship>
	</object>
	<object class="SingleSound" id="{51db357b-7f7f-41bf-8590-20fcf6b5bace}">
		<relationship name="audioFile">
			<destination>{b884ef96-4d25-401e-a580-d5317f1e5210}</destination>
		</relationship>
	</object>
	<object class="SingleSound" id="{1d7a18aa-1db5-45e0-95b0-e7736bed84ca}">
		<relationship name="audioFile">
			<destination>{a3f85833-402b-439e-b4dc-aaca8d33717c}</destination>
		</relationship>
	</object>
	<object class="SingleSound" id="{004ce644-eb43-4117-a098-e2eeeed3da63}">
		<relationship name="audioFile">
			<destination>{930d0a52-bf95-4fd2-b2ae-5671db8a3714}</destination>
		</relationship>
	</object>
	<object class="SingleSound" id="{c156a48c-8e1f-436c-ac9c-275461d01498}">
		<relationship name="audioFile">
			<destination>{e4b66bf2-2fc9-4641-909e-edc69b6debd7}</destination>
		</relationship>
	</object>
	<object class="MixerBusEffectChain" id="{7c47b050-773a-4d2e-973c-971b7e1878f1}">
		<relationship name="effects">
			<destination>{499b2174-d13d-48ee-9825-b6407320e8f5}</destination>
		</relationship>
	</object>
	<object class="MixerBusPanner" id="{964d2e53-3677-4959-b230-f58b1edfd6fc}" />
	<object class="MixerBusFader" id="{7e96b31f-9ce9-479c-aede-90276b5e7ce8}" />
	<object class="MixerBusFader" id="{499b2174-d13d-48ee-9825-b6407320e8f5}" />
</objects>
