<?xml version="1.0" encoding="UTF-8"?>
<objects serializationModel="Studio.02.01.00">
	<object class="Event" id="{0c6cbf6c-e5bf-4ddb-bddb-6c1964de410c}">
		<property name="name">
			<value>trig_SFX_Cannon</value>
		</property>
		<property name="outputFormat">
			<value>2</value>
		</property>
		<relationship name="folder">
			<destination>{1b346d1a-5c98-4ab8-adc3-fba32a1d946b}</destination>
		</relationship>
		<relationship name="mixer">
			<destination>{b5f52934-8b6c-4e21-8856-82bde19e7aba}</destination>
		</relationship>
		<relationship name="masterTrack">
			<destination>{7b6fcbd1-4f56-453e-998a-e2728e4b6fa9}</destination>
		</relationship>
		<relationship name="mixerInput">
			<destination>{07fc6ba5-87ac-45d5-92bb-bd3c8b4c3d49}</destination>
		</relationship>
		<relationship name="automatableProperties">
			<destination>{20aa9256-96e9-42bf-aaa2-4b6cedacd516}</destination>
		</relationship>
		<relationship name="markerTracks">
			<destination>{66252de0-f487-4fed-bb1f-9a0638d97aa2}</destination>
		</relationship>
		<relationship name="groupTracks">
			<destination>{3bba1315-ea7b-4056-9e1e-5d18dc3dd32c}</destination>
		</relationship>
		<relationship name="timeline">
			<destination>{061a8706-7590-416c-b9d5-66f457751673}</destination>
		</relationship>
		<relationship name="banks">
			<destination>{09901795-b9b9-4010-a4a3-3011ed4caaa2}</destination>
		</relationship>
	</object>
	<object class="EventMixer" id="{b5f52934-8b6c-4e21-8856-82bde19e7aba}">
		<relationship name="masterBus">
			<destination>{de3e8af5-7f28-440c-a855-e96b47f38a1a}</destination>
		</relationship>
	</object>
	<object class="MasterTrack" id="{7b6fcbd1-4f56-453e-998a-e2728e4b6fa9}">
		<relationship name="mixerGroup">
			<destination>{de3e8af5-7f28-440c-a855-e96b47f38a1a}</destination>
		</relationship>
	</object>
	<object class="MixerInput" id="{07fc6ba5-87ac-45d5-92bb-bd3c8b4c3d49}">
		<relationship name="effectChain">
			<destination>{4b4ae8e4-4bc7-486a-af24-e943a8b98026}</destination>
		</relationship>
		<relationship name="panner">
			<destination>{7a85250e-4055-44e3-9cbe-4dcca88602ad}</destination>
		</relationship>
		<relationship name="output">
			<destination>{07daa3ae-3495-463d-8c3e-6a9ee1871371}</destination>
		</relationship>
	</object>
	<object class="EventAutomatableProperties" id="{20aa9256-96e9-42bf-aaa2-4b6cedacd516}">
		<property name="triggerCooldown">
			<value>5</value>
		</property>
	</object>
	<object class="MarkerTrack" id="{66252de0-f487-4fed-bb1f-9a0638d97aa2}" />
	<object class="GroupTrack" id="{3bba1315-ea7b-4056-9e1e-5d18dc3dd32c}">
		<relationship name="modules">
			<destination>{0c05890d-1dd8-46ea-a53f-f4ded7e24a33}</destination>
		</relationship>
		<relationship name="mixerGroup">
			<destination>{31737090-3bdd-41d8-9d3b-f507cecbcab3}</destination>
		</relationship>
	</object>
	<object class="Timeline" id="{061a8706-7590-416c-b9d5-66f457751673}">
		<relationship name="modules">
			<destination>{0c05890d-1dd8-46ea-a53f-f4ded7e24a33}</destination>
		</relationship>
	</object>
	<object class="EventMixerMaster" id="{de3e8af5-7f28-440c-a855-e96b47f38a1a}">
		<property name="volume">
			<value>-3</value>
		</property>
		<relationship name="effectChain">
			<destination>{491bbeb7-39dd-464a-8a23-c05d90ec90ce}</destination>
		</relationship>
		<relationship name="panner">
			<destination>{86700eeb-09f7-4315-abf1-cb67740f9607}</destination>
		</relationship>
		<relationship name="mixer">
			<destination>{b5f52934-8b6c-4e21-8856-82bde19e7aba}</destination>
		</relationship>
	</object>
	<object class="MixerBusEffectChain" id="{4b4ae8e4-4bc7-486a-af24-e943a8b98026}">
		<relationship name="effects">
			<destination>{7a30ca68-6f5f-4564-adbc-3e21aeeee0a8}</destination>
		</relationship>
	</object>
	<object class="MixerBusPanner" id="{7a85250e-4055-44e3-9cbe-4dcca88602ad}" />
	<object class="MultiSound" id="{0c05890d-1dd8-46ea-a53f-f4ded7e24a33}">
		<property name="length">
			<value>1.2018125</value>
		</property>
		<relationship name="sounds">
			<destination>{37ec0110-438f-461c-8711-e88e509f8e5e}</destination>
			<destination>{31b3ac61-b06a-48ed-b9df-e222a1b0d153}</destination>
			<destination>{9c1891d9-77ed-48e8-96ca-6a2b1a377db9}</destination>
			<destination>{21f3151a-9aea-40a2-9d05-44785e1d806d}</destination>
		</relationship>
	</object>
	<object class="EventMixerGroup" id="{31737090-3bdd-41d8-9d3b-f507cecbcab3}">
		<property name="volume">
			<value>-11.5</value>
		</property>
		<property name="name">
			<value>Audio 1</value>
		</property>
		<relationship name="effectChain">
			<destination>{e6c7481c-00be-4fec-925c-3c40d492a2df}</destination>
		</relationship>
		<relationship name="panner">
			<destination>{7113f74a-d446-417b-b179-24bea3ab7d99}</destination>
		</relationship>
		<relationship name="output">
			<destination>{de3e8af5-7f28-440c-a855-e96b47f38a1a}</destination>
		</relationship>
	</object>
	<object class="MixerBusEffectChain" id="{491bbeb7-39dd-464a-8a23-c05d90ec90ce}">
		<relationship name="effects">
			<destination>{11aa3f27-6a1b-435c-953a-a150ad11cc7e}</destination>
			<destination>{145ffae7-f5e7-4c7b-802a-9e42975fbbfa}</destination>
		</relationship>
	</object>
	<object class="MixerBusPanner" id="{86700eeb-09f7-4315-abf1-cb67740f9607}" />
	<object class="MixerBusFader" id="{7a30ca68-6f5f-4564-adbc-3e21aeeee0a8}" />
	<object class="SingleSound" id="{37ec0110-438f-461c-8711-e88e509f8e5e}">
		<relationship name="audioFile">
			<destination>{119926fe-7d1a-4fa2-a9d5-35d5a2469bb6}</destination>
		</relationship>
	</object>
	<object class="SingleSound" id="{31b3ac61-b06a-48ed-b9df-e222a1b0d153}">
		<relationship name="audioFile">
			<destination>{1bf19d5f-b5ba-46d2-b113-b503733c2d8b}</destination>
		</relationship>
	</object>
	<object class="SingleSound" id="{9c1891d9-77ed-48e8-96ca-6a2b1a377db9}">
		<relationship name="audioFile">
			<destination>{4ccb9d1e-4e47-4de4-97ce-69fcaa21d5d5}</destination>
		</relationship>
	</object>
	<object class="SingleSound" id="{21f3151a-9aea-40a2-9d05-44785e1d806d}">
		<relationship name="audioFile">
			<destination>{af00e82c-3fba-4a9b-bafa-d0d04fd20599}</destination>
		</relationship>
	</object>
	<object class="MixerBusEffectChain" id="{e6c7481c-00be-4fec-925c-3c40d492a2df}">
		<relationship name="effects">
			<destination>{190a2924-03a3-4119-81b4-ae5a261736c7}</destination>
		</relationship>
	</object>
	<object class="MixerBusPanner" id="{7113f74a-d446-417b-b179-24bea3ab7d99}" />
	<object class="MixerBusFader" id="{11aa3f27-6a1b-435c-953a-a150ad11cc7e}" />
	<object class="SpatialiserEffect" id="{145ffae7-f5e7-4c7b-802a-9e42975fbbfa}">
		<property name="minimumDistance">
			<value>0.5</value>
		</property>
		<property name="maximumDistance">
			<value>200</value>
		</property>
	</object>
	<object class="MixerBusFader" id="{190a2924-03a3-4119-81b4-ae5a261736c7}" />
</objects>
