<?xml version="1.0" encoding="UTF-8"?>
<objects serializationModel="Studio.02.01.00">
	<object class="Event" id="{0c7cde65-7edc-4958-befb-6e2391d851cf}">
		<property name="name">
			<value>Assigned</value>
		</property>
		<property name="outputFormat">
			<value>0</value>
		</property>
		<relationship name="folder">
			<destination>{93fdbb0e-65c5-4424-909f-72e0b225b531}</destination>
		</relationship>
		<relationship name="mixer">
			<destination>{b55514d2-b84d-41b1-92e3-173d0f655f77}</destination>
		</relationship>
		<relationship name="masterTrack">
			<destination>{8781c1a0-e169-4af7-aefc-d1784c096fc3}</destination>
		</relationship>
		<relationship name="mixerInput">
			<destination>{be923a2f-7b31-4df0-8d8a-a2dfca11497c}</destination>
		</relationship>
		<relationship name="automatableProperties">
			<destination>{352f79ad-0395-4d5b-96e6-578f31478103}</destination>
		</relationship>
		<relationship name="markerTracks">
			<destination>{b910631d-1b39-4bec-88cb-3bbda5e6ceb2}</destination>
		</relationship>
		<relationship name="groupTracks">
			<destination>{e42d590c-0917-4a52-a30f-767cb85e5faa}</destination>
		</relationship>
		<relationship name="timeline">
			<destination>{38f76b86-e8fe-40b0-b103-81a891344fb8}</destination>
		</relationship>
		<relationship name="banks">
			<destination>{8c3f9de4-14c8-4279-a712-2040780fff61}</destination>
		</relationship>
	</object>
	<object class="EventMixer" id="{b55514d2-b84d-41b1-92e3-173d0f655f77}">
		<relationship name="masterBus">
			<destination>{22b72089-c499-4c79-84a0-be7223c5813f}</destination>
		</relationship>
	</object>
	<object class="MasterTrack" id="{8781c1a0-e169-4af7-aefc-d1784c096fc3}">
		<relationship name="mixerGroup">
			<destination>{22b72089-c499-4c79-84a0-be7223c5813f}</destination>
		</relationship>
	</object>
	<object class="MixerInput" id="{be923a2f-7b31-4df0-8d8a-a2dfca11497c}">
		<relationship name="effectChain">
			<destination>{a93a7c31-cae9-47d7-8167-3c594c7ef495}</destination>
		</relationship>
		<relationship name="panner">
			<destination>{abdc3ae0-bed9-40e6-b942-70984184061d}</destination>
		</relationship>
		<relationship name="output">
			<destination>{a74bdffc-cbb2-488b-ae3c-038020e1273d}</destination>
		</relationship>
	</object>
	<object class="EventAutomatableProperties" id="{352f79ad-0395-4d5b-96e6-578f31478103}" />
	<object class="MarkerTrack" id="{b910631d-1b39-4bec-88cb-3bbda5e6ceb2}" />
	<object class="GroupTrack" id="{e42d590c-0917-4a52-a30f-767cb85e5faa}">
		<relationship name="modules">
			<destination>{2e84bb77-f330-4594-ab89-05f0d84f0489}</destination>
		</relationship>
		<relationship name="mixerGroup">
			<destination>{d5f358bc-61bb-418c-a774-e555f9e07d90}</destination>
		</relationship>
	</object>
	<object class="Timeline" id="{38f76b86-e8fe-40b0-b103-81a891344fb8}">
		<relationship name="modules">
			<destination>{2e84bb77-f330-4594-ab89-05f0d84f0489}</destination>
		</relationship>
	</object>
	<object class="EventMixerMaster" id="{22b72089-c499-4c79-84a0-be7223c5813f}">
		<relationship name="effectChain">
			<destination>{9671f2b4-870b-4efc-a5dd-9dc42be09668}</destination>
		</relationship>
		<relationship name="panner">
			<destination>{df46e3c7-068f-4c07-9507-5da68ad47f1d}</destination>
		</relationship>
		<relationship name="mixer">
			<destination>{b55514d2-b84d-41b1-92e3-173d0f655f77}</destination>
		</relationship>
	</object>
	<object class="MixerBusEffectChain" id="{a93a7c31-cae9-47d7-8167-3c594c7ef495}">
		<relationship name="effects">
			<destination>{63541cd5-2199-473e-9f0b-2133f6c76650}</destination>
		</relationship>
	</object>
	<object class="MixerBusPanner" id="{abdc3ae0-bed9-40e6-b942-70984184061d}" />
	<object class="MultiSound" id="{2e84bb77-f330-4594-ab89-05f0d84f0489}">
		<property name="length">
			<value>1.1781041666666667</value>
		</property>
		<relationship name="sounds">
			<destination>{185747fa-0de3-4889-b7f0-7f3b9ed26757}</destination>
			<destination>{fa0c1451-693a-4e0c-b57f-630f17d68388}</destination>
			<destination>{ede188ab-fccf-4952-8886-6af88ecc3828}</destination>
		</relationship>
	</object>
	<object class="EventMixerGroup" id="{d5f358bc-61bb-418c-a774-e555f9e07d90}">
		<property name="name">
			<value>Audio 1</value>
		</property>
		<relationship name="effectChain">
			<destination>{b6784ace-014e-471d-a106-61a2ea467ce1}</destination>
		</relationship>
		<relationship name="panner">
			<destination>{a53530b7-9662-4b9c-bd19-6cb961c78bf4}</destination>
		</relationship>
		<relationship name="output">
			<destination>{22b72089-c499-4c79-84a0-be7223c5813f}</destination>
		</relationship>
	</object>
	<object class="MixerBusEffectChain" id="{9671f2b4-870b-4efc-a5dd-9dc42be09668}">
		<relationship name="effects">
			<destination>{5b5e6cb1-12f0-4f7a-9e92-b662c506d672}</destination>
		</relationship>
	</object>
	<object class="MixerBusPanner" id="{df46e3c7-068f-4c07-9507-5da68ad47f1d}" />
	<object class="MixerBusFader" id="{63541cd5-2199-473e-9f0b-2133f6c76650}" />
	<object class="SingleSound" id="{185747fa-0de3-4889-b7f0-7f3b9ed26757}">
		<relationship name="audioFile">
			<destination>{fe3cc3eb-80d8-449b-af41-e87545e64fb0}</destination>
		</relationship>
	</object>
	<object class="SingleSound" id="{fa0c1451-693a-4e0c-b57f-630f17d68388}">
		<relationship name="audioFile">
			<destination>{a04bde94-2ce4-4f54-a8d8-76d8c73cdddb}</destination>
		</relationship>
	</object>
	<object class="SingleSound" id="{ede188ab-fccf-4952-8886-6af88ecc3828}">
		<relationship name="audioFile">
			<destination>{c01ed7e2-88c4-4b0c-97b1-3ab918dc3bbe}</destination>
		</relationship>
	</object>
	<object class="MixerBusEffectChain" id="{b6784ace-014e-471d-a106-61a2ea467ce1}">
		<relationship name="effects">
			<destination>{05d5f87a-2638-441c-b981-168f8c52a810}</destination>
		</relationship>
	</object>
	<object class="MixerBusPanner" id="{a53530b7-9662-4b9c-bd19-6cb961c78bf4}" />
	<object class="MixerBusFader" id="{5b5e6cb1-12f0-4f7a-9e92-b662c506d672}" />
	<object class="MixerBusFader" id="{05d5f87a-2638-441c-b981-168f8c52a810}" />
</objects>
