<?xml version="1.0" encoding="UTF-8"?>
<objects serializationModel="Studio.02.01.00">
	<object class="Event" id="{0c9c616a-d2a0-4533-a79f-c24a03b8ce65}">
		<property name="name">
			<value>Success</value>
		</property>
		<property name="outputFormat">
			<value>0</value>
		</property>
		<relationship name="folder">
			<destination>{82a8baed-2fe4-49b0-9154-6c1f9c6cfc94}</destination>
		</relationship>
		<relationship name="mixer">
			<destination>{d760b33e-47a6-41d1-beb7-e38daa28bed2}</destination>
		</relationship>
		<relationship name="masterTrack">
			<destination>{b0ef1aed-5e1a-4d6f-89e0-17466af67f9c}</destination>
		</relationship>
		<relationship name="mixerInput">
			<destination>{e8694bd9-376c-41da-baae-514e7b6668ef}</destination>
		</relationship>
		<relationship name="automatableProperties">
			<destination>{08014710-3ab7-4dbd-82ec-1c8f342ef83e}</destination>
		</relationship>
		<relationship name="markerTracks">
			<destination>{218ff1e8-7fac-4341-8a1b-ec82dd55cea7}</destination>
		</relationship>
		<relationship name="groupTracks">
			<destination>{b412bcf3-69ff-4f33-ab36-5c932642a76f}</destination>
		</relationship>
		<relationship name="timeline">
			<destination>{0945c45d-6779-4bf1-9269-9d6e18e3eae0}</destination>
		</relationship>
		<relationship name="banks">
			<destination>{8c3f9de4-14c8-4279-a712-2040780fff61}</destination>
		</relationship>
	</object>
	<object class="EventMixer" id="{d760b33e-47a6-41d1-beb7-e38daa28bed2}">
		<relationship name="masterBus">
			<destination>{62b79729-d05f-4497-ad1f-63a2e03e5e6c}</destination>
		</relationship>
	</object>
	<object class="MasterTrack" id="{b0ef1aed-5e1a-4d6f-89e0-17466af67f9c}">
		<relationship name="mixerGroup">
			<destination>{62b79729-d05f-4497-ad1f-63a2e03e5e6c}</destination>
		</relationship>
	</object>
	<object class="MixerInput" id="{e8694bd9-376c-41da-baae-514e7b6668ef}">
		<relationship name="effectChain">
			<destination>{f2215ae3-f437-48e8-9a52-0251f0cba893}</destination>
		</relationship>
		<relationship name="panner">
			<destination>{86d60e5f-947b-4a92-a7ea-3ade09db9eca}</destination>
		</relationship>
		<relationship name="output">
			<destination>{a74bdffc-cbb2-488b-ae3c-038020e1273d}</destination>
		</relationship>
	</object>
	<object class="EventAutomatableProperties" id="{08014710-3ab7-4dbd-82ec-1c8f342ef83e}" />
	<object class="MarkerTrack" id="{218ff1e8-7fac-4341-8a1b-ec82dd55cea7}" />
	<object class="GroupTrack" id="{b412bcf3-69ff-4f33-ab36-5c932642a76f}">
		<relationship name="modules">
			<destination>{9635aa24-aec0-4ec7-9b5b-2658283131cd}</destination>
		</relationship>
		<relationship name="mixerGroup">
			<destination>{e85891bb-85d3-4eb7-977b-0bae7da59788}</destination>
		</relationship>
	</object>
	<object class="Timeline" id="{0945c45d-6779-4bf1-9269-9d6e18e3eae0}">
		<relationship name="modules">
			<destination>{9635aa24-aec0-4ec7-9b5b-2658283131cd}</destination>
		</relationship>
	</object>
	<object class="EventMixerMaster" id="{62b79729-d05f-4497-ad1f-63a2e03e5e6c}">
		<relationship name="effectChain">
			<destination>{9048f685-ca3e-4af2-b0dc-99f367332937}</destination>
		</relationship>
		<relationship name="panner">
			<destination>{1c278bf2-edea-43d1-81bc-6f63cef2b710}</destination>
		</relationship>
		<relationship name="mixer">
			<destination>{d760b33e-47a6-41d1-beb7-e38daa28bed2}</destination>
		</relationship>
	</object>
	<object class="MixerBusEffectChain" id="{f2215ae3-f437-48e8-9a52-0251f0cba893}">
		<relationship name="effects">
			<destination>{2297782b-27bc-4299-9d0b-e771dbd50f16}</destination>
		</relationship>
	</object>
	<object class="MixerBusPanner" id="{86d60e5f-947b-4a92-a7ea-3ade09db9eca}" />
	<object class="MultiSound" id="{9635aa24-aec0-4ec7-9b5b-2658283131cd}">
		<property name="length">
			<value>2.8413124999999999</value>
		</property>
		<relationship name="sounds">
			<destination>{945228b5-2f6f-43b5-9d5f-904ee15c22c7}</destination>
			<destination>{bdea549c-0677-49c9-9ac1-af3b0f37aeb7}</destination>
			<destination>{76affd2b-8090-4f40-8630-e5ddf9b370a1}</destination>
			<destination>{ec1e9873-7dda-4079-a261-eaa01e6b5b7e}</destination>
			<destination>{1fdf1f11-4d17-4480-b79f-72ad74fea6a7}</destination>
		</relationship>
	</object>
	<object class="EventMixerGroup" id="{e85891bb-85d3-4eb7-977b-0bae7da59788}">
		<property name="name">
			<value>Audio 1</value>
		</property>
		<relationship name="effectChain">
			<destination>{31391bb0-7fab-4660-85a4-7d345b722a68}</destination>
		</relationship>
		<relationship name="panner">
			<destination>{ef99f784-a65c-4fce-8ea4-6d4c13b3623a}</destination>
		</relationship>
		<relationship name="output">
			<destination>{62b79729-d05f-4497-ad1f-63a2e03e5e6c}</destination>
		</relationship>
	</object>
	<object class="MixerBusEffectChain" id="{9048f685-ca3e-4af2-b0dc-99f367332937}">
		<relationship name="effects">
			<destination>{85946c69-4076-4200-9dc8-3972268853a3}</destination>
		</relationship>
	</object>
	<object class="MixerBusPanner" id="{1c278bf2-edea-43d1-81bc-6f63cef2b710}" />
	<object class="MixerBusFader" id="{2297782b-27bc-4299-9d0b-e771dbd50f16}" />
	<object class="SingleSound" id="{945228b5-2f6f-43b5-9d5f-904ee15c22c7}">
		<relationship name="audioFile">
			<destination>{d3de76fc-7281-4094-be71-8f4327d64fd9}</destination>
		</relationship>
	</object>
	<object class="SingleSound" id="{bdea549c-0677-49c9-9ac1-af3b0f37aeb7}">
		<relationship name="audioFile">
			<destination>{0b9269e3-e52b-4ae7-9988-31b7559bf72f}</destination>
		</relationship>
	</object>
	<object class="SingleSound" id="{76affd2b-8090-4f40-8630-e5ddf9b370a1}">
		<relationship name="audioFile">
			<destination>{ef2d50ef-1d4c-4c97-b181-7194107d1910}</destination>
		</relationship>
	</object>
	<object class="SingleSound" id="{ec1e9873-7dda-4079-a261-eaa01e6b5b7e}">
		<relationship name="audioFile">
			<destination>{b8c9f8c0-ff57-429a-ad6b-5802821ada6d}</destination>
		</relationship>
	</object>
	<object class="SingleSound" id="{1fdf1f11-4d17-4480-b79f-72ad74fea6a7}">
		<relationship name="audioFile">
			<destination>{02aae700-6c6b-44ce-b131-69ef1959c1c8}</destination>
		</relationship>
	</object>
	<object class="MixerBusEffectChain" id="{31391bb0-7fab-4660-85a4-7d345b722a68}">
		<relationship name="effects">
			<destination>{5aaf644e-37d5-4a0c-908f-8078953ba347}</destination>
		</relationship>
	</object>
	<object class="MixerBusPanner" id="{ef99f784-a65c-4fce-8ea4-6d4c13b3623a}" />
	<object class="MixerBusFader" id="{85946c69-4076-4200-9dc8-3972268853a3}" />
	<object class="MixerBusFader" id="{5aaf644e-37d5-4a0c-908f-8078953ba347}" />
</objects>
