<?xml version="1.0" encoding="UTF-8"?>
<objects serializationModel="Studio.02.01.00">
	<object class="Event" id="{0ca3f507-b1cc-435f-bc1f-564daec5b04f}">
		<property name="name">
			<value>TechQuote_ImprovedShipbuildingTechniques</value>
		</property>
		<property name="outputFormat">
			<value>0</value>
		</property>
		<relationship name="folder">
			<destination>{158ad337-8269-4a32-865c-d3c458683eff}</destination>
		</relationship>
		<relationship name="mixer">
			<destination>{cb97774f-53e8-4387-bdd9-4706ebb507a0}</destination>
		</relationship>
		<relationship name="masterTrack">
			<destination>{95522ff3-ad3f-4620-ad26-21810568dbde}</destination>
		</relationship>
		<relationship name="mixerInput">
			<destination>{0f2bce8e-cc2b-4829-a340-05b099cf7379}</destination>
		</relationship>
		<relationship name="automatableProperties">
			<destination>{a76383e6-6d63-4a90-b362-13fb9d134c50}</destination>
		</relationship>
		<relationship name="markerTracks">
			<destination>{d2a0d0a1-6f31-4fea-9525-0cd1aeaef078}</destination>
		</relationship>
		<relationship name="groupTracks">
			<destination>{101bca0f-b2fa-48e4-9732-5a2db81ce814}</destination>
		</relationship>
		<relationship name="timeline">
			<destination>{4fd978a2-15aa-48c0-aec3-b613930d69d7}</destination>
		</relationship>
		<relationship name="banks">
			<destination>{8c3f9de4-14c8-4279-a712-2040780fff61}</destination>
		</relationship>
	</object>
	<object class="EventMixer" id="{cb97774f-53e8-4387-bdd9-4706ebb507a0}">
		<relationship name="masterBus">
			<destination>{ea122f51-62f9-4c6f-94b9-f49753b8a9da}</destination>
		</relationship>
	</object>
	<object class="MasterTrack" id="{95522ff3-ad3f-4620-ad26-21810568dbde}">
		<relationship name="mixerGroup">
			<destination>{ea122f51-62f9-4c6f-94b9-f49753b8a9da}</destination>
		</relationship>
	</object>
	<object class="MixerInput" id="{0f2bce8e-cc2b-4829-a340-05b099cf7379}">
		<relationship name="effectChain">
			<destination>{79712b96-c9c2-42f8-9b8d-5c3c8ab08b8d}</destination>
		</relationship>
		<relationship name="panner">
			<destination>{07734dc5-ca6c-4e06-8d54-1160ce1d4c52}</destination>
		</relationship>
		<relationship name="output">
			<destination>{a74bdffc-cbb2-488b-ae3c-038020e1273d}</destination>
		</relationship>
	</object>
	<object class="EventAutomatableProperties" id="{a76383e6-6d63-4a90-b362-13fb9d134c50}" />
	<object class="MarkerTrack" id="{d2a0d0a1-6f31-4fea-9525-0cd1aeaef078}" />
	<object class="GroupTrack" id="{101bca0f-b2fa-48e4-9732-5a2db81ce814}">
		<relationship name="modules">
			<destination>{0f9f577b-c15e-4095-99d2-c23457d67707}</destination>
		</relationship>
		<relationship name="mixerGroup">
			<destination>{5d2ff79b-5569-475a-b632-5a8c884ece7f}</destination>
		</relationship>
	</object>
	<object class="Timeline" id="{4fd978a2-15aa-48c0-aec3-b613930d69d7}">
		<relationship name="modules">
			<destination>{0f9f577b-c15e-4095-99d2-c23457d67707}</destination>
		</relationship>
	</object>
	<object class="EventMixerMaster" id="{ea122f51-62f9-4c6f-94b9-f49753b8a9da}">
		<relationship name="effectChain">
			<destination>{51a3d658-056f-4591-8a89-20521a092361}</destination>
		</relationship>
		<relationship name="panner">
			<destination>{d557c547-baa4-44a4-8f69-99eb061c81c5}</destination>
		</relationship>
		<relationship name="mixer">
			<destination>{cb97774f-53e8-4387-bdd9-4706ebb507a0}</destination>
		</relationship>
	</object>
	<object class="MixerBusEffectChain" id="{79712b96-c9c2-42f8-9b8d-5c3c8ab08b8d}">
		<relationship name="effects">
			<destination>{a099778b-3261-47fb-86a0-b2400d436ffe}</destination>
		</relationship>
	</object>
	<object class="MixerBusPanner" id="{07734dc5-ca6c-4e06-8d54-1160ce1d4c52}" />
	<object class="SingleSound" id="{0f9f577b-c15e-4095-99d2-c23457d67707}">
		<property name="length">
			<value>20.439854166666667</value>
		</property>
		<relationship name="audioFile">
			<destination>{4611fd2c-27f5-4de5-a5b0-328b36e90ba4}</destination>
		</relationship>
	</object>
	<object class="EventMixerGroup" id="{5d2ff79b-5569-475a-b632-5a8c884ece7f}">
		<property name="name">
			<value>Audio 1</value>
		</property>
		<relationship name="effectChain">
			<destination>{f7714807-d47f-4112-815e-1a46a3c64768}</destination>
		</relationship>
		<relationship name="panner">
			<destination>{211e063c-9861-4945-8748-a2e3cc76ce9f}</destination>
		</relationship>
		<relationship name="output">
			<destination>{ea122f51-62f9-4c6f-94b9-f49753b8a9da}</destination>
		</relationship>
	</object>
	<object class="MixerBusEffectChain" id="{51a3d658-056f-4591-8a89-20521a092361}">
		<relationship name="effects">
			<destination>{a00dedff-30ef-42cd-ae6b-4f4fb03cdb75}</destination>
		</relationship>
	</object>
	<object class="MixerBusPanner" id="{d557c547-baa4-44a4-8f69-99eb061c81c5}" />
	<object class="MixerBusFader" id="{a099778b-3261-47fb-86a0-b2400d436ffe}" />
	<object class="MixerBusEffectChain" id="{f7714807-d47f-4112-815e-1a46a3c64768}">
		<relationship name="effects">
			<destination>{0f751b16-8f34-4ea7-9bdf-43af13c4afbd}</destination>
		</relationship>
	</object>
	<object class="MixerBusPanner" id="{211e063c-9861-4945-8748-a2e3cc76ce9f}" />
	<object class="MixerBusFader" id="{a00dedff-30ef-42cd-ae6b-4f4fb03cdb75}" />
	<object class="MixerBusFader" id="{0f751b16-8f34-4ea7-9bdf-43af13c4afbd}" />
</objects>
