<?xml version="1.0" encoding="UTF-8"?>
<objects serializationModel="Studio.02.01.00">
	<object class="Event" id="{0cb40e6a-6193-4cb9-9b55-69b28b3d6743}">
		<property name="name">
			<value>trig_SFX_Councilor_flies_on_Plane_to_Mission</value>
		</property>
		<property name="outputFormat">
			<value>2</value>
		</property>
		<relationship name="folder">
			<destination>{61aad043-b443-4bac-90c1-0c35429bb71d}</destination>
		</relationship>
		<relationship name="mixer">
			<destination>{f84775c5-8eeb-49c8-b2fa-827d5342c50d}</destination>
		</relationship>
		<relationship name="masterTrack">
			<destination>{22ab9572-ba0d-4d80-91cc-aee66e80b0f3}</destination>
		</relationship>
		<relationship name="mixerInput">
			<destination>{de9abffc-1410-4d15-b1e2-4b3ec4421100}</destination>
		</relationship>
		<relationship name="automatableProperties">
			<destination>{91e870ea-53f1-44dd-965c-eb58d4e13534}</destination>
		</relationship>
		<relationship name="markerTracks">
			<destination>{7da47ba4-57e0-4a29-b716-f9162549760b}</destination>
		</relationship>
		<relationship name="groupTracks">
			<destination>{79ad766d-fc04-44ea-a523-036209ca6fa0}</destination>
		</relationship>
		<relationship name="timeline">
			<destination>{71dc1324-af53-4a5f-a715-32c0e9ccba45}</destination>
		</relationship>
		<relationship name="banks">
			<destination>{09901795-b9b9-4010-a4a3-3011ed4caaa2}</destination>
		</relationship>
	</object>
	<object class="EventMixer" id="{f84775c5-8eeb-49c8-b2fa-827d5342c50d}">
		<relationship name="masterBus">
			<destination>{68312c71-2efe-43cf-93eb-69171429d89f}</destination>
		</relationship>
	</object>
	<object class="MasterTrack" id="{22ab9572-ba0d-4d80-91cc-aee66e80b0f3}">
		<relationship name="mixerGroup">
			<destination>{68312c71-2efe-43cf-93eb-69171429d89f}</destination>
		</relationship>
	</object>
	<object class="MixerInput" id="{de9abffc-1410-4d15-b1e2-4b3ec4421100}">
		<relationship name="effectChain">
			<destination>{12681e4f-c6f5-4401-801f-9a2762e25617}</destination>
		</relationship>
		<relationship name="panner">
			<destination>{ddd9528c-2a0d-4532-80a5-10bf7a87d395}</destination>
		</relationship>
		<relationship name="output">
			<destination>{5d209edc-e969-4505-b4b1-676ab30b3980}</destination>
		</relationship>
	</object>
	<object class="EventAutomatableProperties" id="{91e870ea-53f1-44dd-965c-eb58d4e13534}" />
	<object class="MarkerTrack" id="{7da47ba4-57e0-4a29-b716-f9162549760b}" />
	<object class="GroupTrack" id="{79ad766d-fc04-44ea-a523-036209ca6fa0}">
		<relationship name="modules">
			<destination>{aa92c36d-6af2-460b-9c9a-52b2c006f60c}</destination>
		</relationship>
		<relationship name="mixerGroup">
			<destination>{9da0b216-56eb-4840-a315-92377256a175}</destination>
		</relationship>
	</object>
	<object class="Timeline" id="{71dc1324-af53-4a5f-a715-32c0e9ccba45}">
		<relationship name="modules">
			<destination>{aa92c36d-6af2-460b-9c9a-52b2c006f60c}</destination>
		</relationship>
	</object>
	<object class="EventMixerMaster" id="{68312c71-2efe-43cf-93eb-69171429d89f}">
		<relationship name="effectChain">
			<destination>{11938184-11ac-4372-a0db-aeffbc5e9bfc}</destination>
		</relationship>
		<relationship name="panner">
			<destination>{7174439b-5e25-429d-ae90-13e887afdaa8}</destination>
		</relationship>
		<relationship name="mixer">
			<destination>{f84775c5-8eeb-49c8-b2fa-827d5342c50d}</destination>
		</relationship>
	</object>
	<object class="MixerBusEffectChain" id="{12681e4f-c6f5-4401-801f-9a2762e25617}">
		<relationship name="effects">
			<destination>{5cf00acc-bf68-4dda-a112-ee0b407bedfb}</destination>
		</relationship>
	</object>
	<object class="MixerBusPanner" id="{ddd9528c-2a0d-4532-80a5-10bf7a87d395}" />
	<object class="SingleSound" id="{aa92c36d-6af2-460b-9c9a-52b2c006f60c}">
		<property name="length">
			<value>3.1289375000000001</value>
		</property>
		<relationship name="audioFile">
			<destination>{86dde1cd-55fb-418b-8413-567f499728dc}</destination>
		</relationship>
	</object>
	<object class="EventMixerGroup" id="{9da0b216-56eb-4840-a315-92377256a175}">
		<property name="volume">
			<value>-12</value>
		</property>
		<property name="name">
			<value>Audio 1</value>
		</property>
		<relationship name="effectChain">
			<destination>{df8d1890-c366-4bc8-bc82-b5b014433528}</destination>
		</relationship>
		<relationship name="panner">
			<destination>{c6e88264-6917-4d3c-ad91-5efc8e3b0ab5}</destination>
		</relationship>
		<relationship name="output">
			<destination>{68312c71-2efe-43cf-93eb-69171429d89f}</destination>
		</relationship>
	</object>
	<object class="MixerBusEffectChain" id="{11938184-11ac-4372-a0db-aeffbc5e9bfc}">
		<relationship name="effects">
			<destination>{dd8b001a-8e0f-4c32-8cd9-d953b26b895a}</destination>
			<destination>{e319746f-aad8-4c53-bc1e-63391575400f}</destination>
		</relationship>
	</object>
	<object class="MixerBusPanner" id="{7174439b-5e25-429d-ae90-13e887afdaa8}" />
	<object class="MixerBusFader" id="{5cf00acc-bf68-4dda-a112-ee0b407bedfb}" />
	<object class="MixerBusEffectChain" id="{df8d1890-c366-4bc8-bc82-b5b014433528}">
		<relationship name="effects">
			<destination>{88108d1a-e0d7-4320-bf04-390edcd95131}</destination>
		</relationship>
	</object>
	<object class="MixerBusPanner" id="{c6e88264-6917-4d3c-ad91-5efc8e3b0ab5}" />
	<object class="MixerBusFader" id="{dd8b001a-8e0f-4c32-8cd9-d953b26b895a}" />
	<object class="SpatialiserEffect" id="{e319746f-aad8-4c53-bc1e-63391575400f}" />
	<object class="MixerBusFader" id="{88108d1a-e0d7-4320-bf04-390edcd95131}" />
</objects>
