<?xml version="1.0" encoding="UTF-8"?>
<objects serializationModel="Studio.02.01.00">
	<object class="Event" id="{0cbe6af8-0bd2-4ce5-b4d8-5922d749c83f}">
		<property name="name">
			<value>Detained</value>
		</property>
		<property name="outputFormat">
			<value>0</value>
		</property>
		<relationship name="folder">
			<destination>{ffe8f2ea-814b-425f-944a-dfbd0f27040f}</destination>
		</relationship>
		<relationship name="mixer">
			<destination>{2dea2dfb-4810-46c8-bf50-4330ef7e496e}</destination>
		</relationship>
		<relationship name="masterTrack">
			<destination>{978f1a43-a886-47ba-aebc-cd73f19058f2}</destination>
		</relationship>
		<relationship name="mixerInput">
			<destination>{cc5471da-b76c-491a-b320-3d5287cd210a}</destination>
		</relationship>
		<relationship name="automatableProperties">
			<destination>{4a3253eb-3a13-44e6-893a-d3238c34b3c9}</destination>
		</relationship>
		<relationship name="markerTracks">
			<destination>{0c175eb7-78d9-42f1-85dc-2f3e30c8ac1c}</destination>
		</relationship>
		<relationship name="groupTracks">
			<destination>{330e62d9-f36a-4eba-940b-c15b88bcd1c5}</destination>
		</relationship>
		<relationship name="timeline">
			<destination>{dbe88e4d-b547-48c6-b7cb-30400b610720}</destination>
		</relationship>
		<relationship name="banks">
			<destination>{8c3f9de4-14c8-4279-a712-2040780fff61}</destination>
		</relationship>
	</object>
	<object class="EventMixer" id="{2dea2dfb-4810-46c8-bf50-4330ef7e496e}">
		<relationship name="masterBus">
			<destination>{a8bdfbda-1fa1-479a-8305-5e35fb370c37}</destination>
		</relationship>
	</object>
	<object class="MasterTrack" id="{978f1a43-a886-47ba-aebc-cd73f19058f2}">
		<relationship name="mixerGroup">
			<destination>{a8bdfbda-1fa1-479a-8305-5e35fb370c37}</destination>
		</relationship>
	</object>
	<object class="MixerInput" id="{cc5471da-b76c-491a-b320-3d5287cd210a}">
		<relationship name="effectChain">
			<destination>{a7ba6c79-4092-4669-bde3-46a3cb24c3c8}</destination>
		</relationship>
		<relationship name="panner">
			<destination>{69e37964-bf64-40e7-83d1-3e7d3f6fb017}</destination>
		</relationship>
		<relationship name="output">
			<destination>{a74bdffc-cbb2-488b-ae3c-038020e1273d}</destination>
		</relationship>
	</object>
	<object class="EventAutomatableProperties" id="{4a3253eb-3a13-44e6-893a-d3238c34b3c9}" />
	<object class="MarkerTrack" id="{0c175eb7-78d9-42f1-85dc-2f3e30c8ac1c}" />
	<object class="GroupTrack" id="{330e62d9-f36a-4eba-940b-c15b88bcd1c5}">
		<relationship name="modules">
			<destination>{e06eb047-10e4-4515-b2ac-c7f67f0c43e1}</destination>
		</relationship>
		<relationship name="mixerGroup">
			<destination>{93cb11cf-7e0b-4916-aed6-4d8c6ac8ffdb}</destination>
		</relationship>
	</object>
	<object class="Timeline" id="{dbe88e4d-b547-48c6-b7cb-30400b610720}">
		<relationship name="modules">
			<destination>{e06eb047-10e4-4515-b2ac-c7f67f0c43e1}</destination>
		</relationship>
	</object>
	<object class="EventMixerMaster" id="{a8bdfbda-1fa1-479a-8305-5e35fb370c37}">
		<relationship name="effectChain">
			<destination>{dd8fb629-539d-4319-ae1e-c52eb0ce170b}</destination>
		</relationship>
		<relationship name="panner">
			<destination>{c5b9c11b-f4af-4182-96ac-407903357cb0}</destination>
		</relationship>
		<relationship name="mixer">
			<destination>{2dea2dfb-4810-46c8-bf50-4330ef7e496e}</destination>
		</relationship>
	</object>
	<object class="MixerBusEffectChain" id="{a7ba6c79-4092-4669-bde3-46a3cb24c3c8}">
		<relationship name="effects">
			<destination>{8d91301b-58b6-4539-9927-433230e6e513}</destination>
		</relationship>
	</object>
	<object class="MixerBusPanner" id="{69e37964-bf64-40e7-83d1-3e7d3f6fb017}" />
	<object class="MultiSound" id="{e06eb047-10e4-4515-b2ac-c7f67f0c43e1}">
		<property name="length">
			<value>2.7096041666666668</value>
		</property>
		<relationship name="sounds">
			<destination>{408be2ec-beb7-481a-935e-d8f8000e08cc}</destination>
			<destination>{bd57c94c-6e7f-4797-b55b-50324adae429}</destination>
			<destination>{b6b5ed93-a739-48f7-ab9a-f1a94d8dfe05}</destination>
			<destination>{19b6c02a-7f40-4d2e-bdc5-c2385c1260ba}</destination>
			<destination>{28b4f712-6df1-4b8f-9e8c-a87164afee08}</destination>
			<destination>{6d991e48-d1ec-49f2-8018-8c5a90fefd03}</destination>
		</relationship>
	</object>
	<object class="EventMixerGroup" id="{93cb11cf-7e0b-4916-aed6-4d8c6ac8ffdb}">
		<property name="name">
			<value>Audio 1</value>
		</property>
		<relationship name="effectChain">
			<destination>{b1406df9-c6cb-4564-b8a4-36bea592cd2c}</destination>
		</relationship>
		<relationship name="panner">
			<destination>{c0b16c10-d008-4d55-81a3-369b1a6ad39f}</destination>
		</relationship>
		<relationship name="output">
			<destination>{a8bdfbda-1fa1-479a-8305-5e35fb370c37}</destination>
		</relationship>
	</object>
	<object class="MixerBusEffectChain" id="{dd8fb629-539d-4319-ae1e-c52eb0ce170b}">
		<relationship name="effects">
			<destination>{9979d39a-dd19-4ce4-a15c-8bb4e10a1f35}</destination>
		</relationship>
	</object>
	<object class="MixerBusPanner" id="{c5b9c11b-f4af-4182-96ac-407903357cb0}" />
	<object class="MixerBusFader" id="{8d91301b-58b6-4539-9927-433230e6e513}" />
	<object class="SingleSound" id="{408be2ec-beb7-481a-935e-d8f8000e08cc}">
		<relationship name="audioFile">
			<destination>{236f712a-ffea-4a13-9db2-8617461f175d}</destination>
		</relationship>
	</object>
	<object class="SingleSound" id="{bd57c94c-6e7f-4797-b55b-50324adae429}">
		<relationship name="audioFile">
			<destination>{bb09cc8a-7d9b-4709-9bda-04bcf932f241}</destination>
		</relationship>
	</object>
	<object class="SingleSound" id="{b6b5ed93-a739-48f7-ab9a-f1a94d8dfe05}">
		<relationship name="audioFile">
			<destination>{474c8dc4-68be-4036-b8bc-6aaf908629ed}</destination>
		</relationship>
	</object>
	<object class="SingleSound" id="{19b6c02a-7f40-4d2e-bdc5-c2385c1260ba}">
		<relationship name="audioFile">
			<destination>{8587a53c-96d8-490d-87eb-bea4173cb19a}</destination>
		</relationship>
	</object>
	<object class="SingleSound" id="{28b4f712-6df1-4b8f-9e8c-a87164afee08}">
		<relationship name="audioFile">
			<destination>{413f0f14-47bf-4dea-bad0-b6669f6b8c64}</destination>
		</relationship>
	</object>
	<object class="SingleSound" id="{6d991e48-d1ec-49f2-8018-8c5a90fefd03}">
		<relationship name="audioFile">
			<destination>{bf767f9e-4c80-43c5-8ac3-c8c56af5555e}</destination>
		</relationship>
	</object>
	<object class="MixerBusEffectChain" id="{b1406df9-c6cb-4564-b8a4-36bea592cd2c}">
		<relationship name="effects">
			<destination>{6f461b26-df76-40c7-926a-e92f794c5ed8}</destination>
		</relationship>
	</object>
	<object class="MixerBusPanner" id="{c0b16c10-d008-4d55-81a3-369b1a6ad39f}" />
	<object class="MixerBusFader" id="{9979d39a-dd19-4ce4-a15c-8bb4e10a1f35}" />
	<object class="MixerBusFader" id="{6f461b26-df76-40c7-926a-e92f794c5ed8}" />
</objects>
