<?xml version="1.0" encoding="UTF-8"?>
<objects serializationModel="Studio.02.01.00">
	<object class="Event" id="{0cc00cb9-97ee-446e-bc4c-d0cc0e352278}">
		<property name="name">
			<value>Assigned</value>
		</property>
		<property name="outputFormat">
			<value>0</value>
		</property>
		<relationship name="folder">
			<destination>{9c2e1d39-05f1-4f68-b2f8-57a64d6bd465}</destination>
		</relationship>
		<relationship name="mixer">
			<destination>{caf0ec9c-0e32-4fe9-9751-b37e52a54ac5}</destination>
		</relationship>
		<relationship name="masterTrack">
			<destination>{d006b242-fd97-4048-b70c-a83dd58228fc}</destination>
		</relationship>
		<relationship name="mixerInput">
			<destination>{fae243f2-056d-468f-990b-63c769b30019}</destination>
		</relationship>
		<relationship name="automatableProperties">
			<destination>{28ab4bbb-4d45-4653-b588-5efbba4c33d7}</destination>
		</relationship>
		<relationship name="markerTracks">
			<destination>{5641d240-bbab-48f7-a335-59f214f3d2a8}</destination>
		</relationship>
		<relationship name="groupTracks">
			<destination>{43794efc-821c-4102-93f1-0b14ef851e0b}</destination>
		</relationship>
		<relationship name="timeline">
			<destination>{8fbdd87d-bd36-46c2-99a3-bf4129ca5c83}</destination>
		</relationship>
		<relationship name="banks">
			<destination>{8c3f9de4-14c8-4279-a712-2040780fff61}</destination>
		</relationship>
	</object>
	<object class="EventMixer" id="{caf0ec9c-0e32-4fe9-9751-b37e52a54ac5}">
		<relationship name="masterBus">
			<destination>{034ac7ed-a2ee-4d3a-965e-e4003c1a3fff}</destination>
		</relationship>
	</object>
	<object class="MasterTrack" id="{d006b242-fd97-4048-b70c-a83dd58228fc}">
		<relationship name="mixerGroup">
			<destination>{034ac7ed-a2ee-4d3a-965e-e4003c1a3fff}</destination>
		</relationship>
	</object>
	<object class="MixerInput" id="{fae243f2-056d-468f-990b-63c769b30019}">
		<relationship name="effectChain">
			<destination>{865ded64-3362-45d8-b9ff-60007b3b3ef0}</destination>
		</relationship>
		<relationship name="panner">
			<destination>{fb9182db-aa18-4988-ad9b-0dcd2e2bdb37}</destination>
		</relationship>
		<relationship name="output">
			<destination>{a74bdffc-cbb2-488b-ae3c-038020e1273d}</destination>
		</relationship>
	</object>
	<object class="EventAutomatableProperties" id="{28ab4bbb-4d45-4653-b588-5efbba4c33d7}" />
	<object class="MarkerTrack" id="{5641d240-bbab-48f7-a335-59f214f3d2a8}" />
	<object class="GroupTrack" id="{43794efc-821c-4102-93f1-0b14ef851e0b}">
		<relationship name="modules">
			<destination>{9448fe9a-8461-4248-884e-4a45c7931a73}</destination>
		</relationship>
		<relationship name="mixerGroup">
			<destination>{59321cc9-6e5e-4637-9f97-bd6c333925ea}</destination>
		</relationship>
	</object>
	<object class="Timeline" id="{8fbdd87d-bd36-46c2-99a3-bf4129ca5c83}">
		<relationship name="modules">
			<destination>{9448fe9a-8461-4248-884e-4a45c7931a73}</destination>
		</relationship>
	</object>
	<object class="EventMixerMaster" id="{034ac7ed-a2ee-4d3a-965e-e4003c1a3fff}">
		<relationship name="effectChain">
			<destination>{133fe6dd-f562-478e-9b54-fa8aca38e23a}</destination>
		</relationship>
		<relationship name="panner">
			<destination>{bce2d50e-8872-40d5-9c9b-f3f47d7646e0}</destination>
		</relationship>
		<relationship name="mixer">
			<destination>{caf0ec9c-0e32-4fe9-9751-b37e52a54ac5}</destination>
		</relationship>
	</object>
	<object class="MixerBusEffectChain" id="{865ded64-3362-45d8-b9ff-60007b3b3ef0}">
		<relationship name="effects">
			<destination>{fa8c6e70-e01f-44f4-ada8-c40878512865}</destination>
		</relationship>
	</object>
	<object class="MixerBusPanner" id="{fb9182db-aa18-4988-ad9b-0dcd2e2bdb37}" />
	<object class="MultiSound" id="{9448fe9a-8461-4248-884e-4a45c7931a73}">
		<property name="length">
			<value>1.8563750000000001</value>
		</property>
		<relationship name="sounds">
			<destination>{d73241e8-7ace-4291-abf9-414c26b241fb}</destination>
			<destination>{0151f55f-7445-4375-924d-a1233c414acb}</destination>
			<destination>{dc2b2743-7fc2-4055-b85a-3379aac329a2}</destination>
			<destination>{63a2851c-260e-45f9-9154-589217ee56c1}</destination>
			<destination>{c07286df-987d-42ab-b178-f6fd411b5c0b}</destination>
			<destination>{6c7fc225-6984-4b13-83a4-facaea20b086}</destination>
		</relationship>
	</object>
	<object class="EventMixerGroup" id="{59321cc9-6e5e-4637-9f97-bd6c333925ea}">
		<property name="name">
			<value>Audio 1</value>
		</property>
		<relationship name="effectChain">
			<destination>{c5e4de85-be0f-4426-8175-42076c07daca}</destination>
		</relationship>
		<relationship name="panner">
			<destination>{2f71a360-77f0-4f25-b294-64a742087666}</destination>
		</relationship>
		<relationship name="output">
			<destination>{034ac7ed-a2ee-4d3a-965e-e4003c1a3fff}</destination>
		</relationship>
	</object>
	<object class="MixerBusEffectChain" id="{133fe6dd-f562-478e-9b54-fa8aca38e23a}">
		<relationship name="effects">
			<destination>{1d678fc2-dd2f-4570-8eb3-0e2eb653c328}</destination>
		</relationship>
	</object>
	<object class="MixerBusPanner" id="{bce2d50e-8872-40d5-9c9b-f3f47d7646e0}" />
	<object class="MixerBusFader" id="{fa8c6e70-e01f-44f4-ada8-c40878512865}" />
	<object class="SingleSound" id="{d73241e8-7ace-4291-abf9-414c26b241fb}">
		<relationship name="audioFile">
			<destination>{0a8e472c-0b36-4582-a7d4-f58eec12f2be}</destination>
		</relationship>
	</object>
	<object class="SingleSound" id="{0151f55f-7445-4375-924d-a1233c414acb}">
		<relationship name="audioFile">
			<destination>{1fcc7b0d-9de4-4918-9c39-7b4741374601}</destination>
		</relationship>
	</object>
	<object class="SingleSound" id="{dc2b2743-7fc2-4055-b85a-3379aac329a2}">
		<relationship name="audioFile">
			<destination>{c380f3ba-acc8-41d3-ad7f-3ee391d7d89b}</destination>
		</relationship>
	</object>
	<object class="SingleSound" id="{63a2851c-260e-45f9-9154-589217ee56c1}">
		<relationship name="audioFile">
			<destination>{1e4425ff-3573-4fce-b171-e14397e2a3f6}</destination>
		</relationship>
	</object>
	<object class="SingleSound" id="{c07286df-987d-42ab-b178-f6fd411b5c0b}">
		<relationship name="audioFile">
			<destination>{3c427964-a002-4b93-9b24-13b39ffee5df}</destination>
		</relationship>
	</object>
	<object class="SingleSound" id="{6c7fc225-6984-4b13-83a4-facaea20b086}">
		<relationship name="audioFile">
			<destination>{702745f3-5a3b-479f-88df-8803fa67f3ed}</destination>
		</relationship>
	</object>
	<object class="MixerBusEffectChain" id="{c5e4de85-be0f-4426-8175-42076c07daca}">
		<relationship name="effects">
			<destination>{b75eabcc-288e-44cb-a647-93fdc47daf99}</destination>
		</relationship>
	</object>
	<object class="MixerBusPanner" id="{2f71a360-77f0-4f25-b294-64a742087666}" />
	<object class="MixerBusFader" id="{1d678fc2-dd2f-4570-8eb3-0e2eb653c328}" />
	<object class="MixerBusFader" id="{b75eabcc-288e-44cb-a647-93fdc47daf99}" />
</objects>
