<?xml version="1.0" encoding="UTF-8"?>
<objects serializationModel="Studio.02.01.00">
	<object class="Event" id="{0ce55c38-ad19-4b75-bd0c-b58549a06f15}">
		<property name="name">
			<value>Success</value>
		</property>
		<property name="outputFormat">
			<value>0</value>
		</property>
		<relationship name="folder">
			<destination>{8c872e1f-8d31-4cb5-a131-06451ded4cef}</destination>
		</relationship>
		<relationship name="mixer">
			<destination>{6d249ae8-a749-4ae0-b474-93950c48452e}</destination>
		</relationship>
		<relationship name="masterTrack">
			<destination>{14d40fa7-017e-4455-b2eb-0e3bacf4892a}</destination>
		</relationship>
		<relationship name="mixerInput">
			<destination>{222b1c79-612b-4ebe-8ffc-b78f012a517d}</destination>
		</relationship>
		<relationship name="automatableProperties">
			<destination>{bda8fbc7-9377-4d29-88c0-19d648d9aeda}</destination>
		</relationship>
		<relationship name="markerTracks">
			<destination>{cbf4772c-3f31-4b58-9102-b50e2031ca62}</destination>
		</relationship>
		<relationship name="groupTracks">
			<destination>{125906bf-3cf3-4c1b-8cfd-69fcd5bcb3f8}</destination>
		</relationship>
		<relationship name="timeline">
			<destination>{462e26f3-7a83-4d7d-88ac-93e13de893c7}</destination>
		</relationship>
		<relationship name="banks">
			<destination>{8c3f9de4-14c8-4279-a712-2040780fff61}</destination>
		</relationship>
	</object>
	<object class="EventMixer" id="{6d249ae8-a749-4ae0-b474-93950c48452e}">
		<relationship name="masterBus">
			<destination>{48aab694-81f6-4a23-b767-36345d64b979}</destination>
		</relationship>
	</object>
	<object class="MasterTrack" id="{14d40fa7-017e-4455-b2eb-0e3bacf4892a}">
		<relationship name="mixerGroup">
			<destination>{48aab694-81f6-4a23-b767-36345d64b979}</destination>
		</relationship>
	</object>
	<object class="MixerInput" id="{222b1c79-612b-4ebe-8ffc-b78f012a517d}">
		<relationship name="effectChain">
			<destination>{207b1cb1-db2f-4fb8-b66b-5cab50636f8c}</destination>
		</relationship>
		<relationship name="panner">
			<destination>{05860a30-f290-496a-8d6e-f53e55f580cf}</destination>
		</relationship>
		<relationship name="output">
			<destination>{a74bdffc-cbb2-488b-ae3c-038020e1273d}</destination>
		</relationship>
	</object>
	<object class="EventAutomatableProperties" id="{bda8fbc7-9377-4d29-88c0-19d648d9aeda}" />
	<object class="MarkerTrack" id="{cbf4772c-3f31-4b58-9102-b50e2031ca62}" />
	<object class="GroupTrack" id="{125906bf-3cf3-4c1b-8cfd-69fcd5bcb3f8}">
		<relationship name="modules">
			<destination>{cc8c01fd-87d3-4e5b-8d42-eb06b255c68b}</destination>
		</relationship>
		<relationship name="mixerGroup">
			<destination>{29537d69-4280-4ff6-8f10-e87245c28e43}</destination>
		</relationship>
	</object>
	<object class="Timeline" id="{462e26f3-7a83-4d7d-88ac-93e13de893c7}">
		<relationship name="modules">
			<destination>{cc8c01fd-87d3-4e5b-8d42-eb06b255c68b}</destination>
		</relationship>
	</object>
	<object class="EventMixerMaster" id="{48aab694-81f6-4a23-b767-36345d64b979}">
		<relationship name="effectChain">
			<destination>{c5c1f884-33e4-4f00-bad2-637fe0ec83ec}</destination>
		</relationship>
		<relationship name="panner">
			<destination>{e8d8c20b-cb37-48ae-bb97-ec5962619595}</destination>
		</relationship>
		<relationship name="mixer">
			<destination>{6d249ae8-a749-4ae0-b474-93950c48452e}</destination>
		</relationship>
	</object>
	<object class="MixerBusEffectChain" id="{207b1cb1-db2f-4fb8-b66b-5cab50636f8c}">
		<relationship name="effects">
			<destination>{94b23c22-9211-4f6c-814a-b3d45c7d861d}</destination>
		</relationship>
	</object>
	<object class="MixerBusPanner" id="{05860a30-f290-496a-8d6e-f53e55f580cf}" />
	<object class="MultiSound" id="{cc8c01fd-87d3-4e5b-8d42-eb06b255c68b}">
		<property name="length">
			<value>2.1419999999999999</value>
		</property>
		<relationship name="sounds">
			<destination>{057290eb-c5f8-431e-b9de-da61f0b3a8a8}</destination>
			<destination>{b01519b5-549f-4ac7-a854-e6f6e9a6fa1b}</destination>
			<destination>{562c2b9d-3bd8-43e4-988b-36217999d853}</destination>
			<destination>{9144795e-adad-4a91-b501-b1e8942bdb55}</destination>
		</relationship>
	</object>
	<object class="EventMixerGroup" id="{29537d69-4280-4ff6-8f10-e87245c28e43}">
		<property name="name">
			<value>Audio 1</value>
		</property>
		<relationship name="effectChain">
			<destination>{2ea8b1fc-1063-4a4b-b542-8dee63db5a64}</destination>
		</relationship>
		<relationship name="panner">
			<destination>{ad2273e3-c1b5-4365-994c-4e491d2a821d}</destination>
		</relationship>
		<relationship name="output">
			<destination>{48aab694-81f6-4a23-b767-36345d64b979}</destination>
		</relationship>
	</object>
	<object class="MixerBusEffectChain" id="{c5c1f884-33e4-4f00-bad2-637fe0ec83ec}">
		<relationship name="effects">
			<destination>{5a424af7-842e-4c08-8703-6b37fb30f972}</destination>
		</relationship>
	</object>
	<object class="MixerBusPanner" id="{e8d8c20b-cb37-48ae-bb97-ec5962619595}" />
	<object class="MixerBusFader" id="{94b23c22-9211-4f6c-814a-b3d45c7d861d}" />
	<object class="SingleSound" id="{057290eb-c5f8-431e-b9de-da61f0b3a8a8}">
		<relationship name="audioFile">
			<destination>{56996c15-5782-47ca-b9d5-be06a59c67f9}</destination>
		</relationship>
	</object>
	<object class="SingleSound" id="{b01519b5-549f-4ac7-a854-e6f6e9a6fa1b}">
		<relationship name="audioFile">
			<destination>{233f81fa-35ac-4c8a-b034-677c6196ef4e}</destination>
		</relationship>
	</object>
	<object class="SingleSound" id="{562c2b9d-3bd8-43e4-988b-36217999d853}">
		<relationship name="audioFile">
			<destination>{1ebe2914-4690-4346-89ab-8b8d0d9b06ed}</destination>
		</relationship>
	</object>
	<object class="SingleSound" id="{9144795e-adad-4a91-b501-b1e8942bdb55}">
		<relationship name="audioFile">
			<destination>{9222ddd9-d1c2-42d8-a4e4-a543247d1036}</destination>
		</relationship>
	</object>
	<object class="MixerBusEffectChain" id="{2ea8b1fc-1063-4a4b-b542-8dee63db5a64}">
		<relationship name="effects">
			<destination>{69a5d609-79b1-418d-a94b-8d6944949cf8}</destination>
		</relationship>
	</object>
	<object class="MixerBusPanner" id="{ad2273e3-c1b5-4365-994c-4e491d2a821d}" />
	<object class="MixerBusFader" id="{5a424af7-842e-4c08-8703-6b37fb30f972}" />
	<object class="MixerBusFader" id="{69a5d609-79b1-418d-a94b-8d6944949cf8}" />
</objects>
