<?xml version="1.0" encoding="UTF-8"?>
<objects serializationModel="Studio.02.01.00">
	<object class="Event" id="{0cfde0f1-faa0-4039-beb2-8dd37911220f}">
		<property name="name">
			<value>Cinematics_Exploit_General_0</value>
		</property>
		<property name="outputFormat">
			<value>0</value>
		</property>
		<relationship name="folder">
			<destination>{158ad337-8269-4a32-865c-d3c458683eff}</destination>
		</relationship>
		<relationship name="mixer">
			<destination>{68d0a04b-784f-481f-b551-44fde5403fdf}</destination>
		</relationship>
		<relationship name="masterTrack">
			<destination>{a16f79f7-8a4b-45fc-bb04-a0ee123ea6c2}</destination>
		</relationship>
		<relationship name="mixerInput">
			<destination>{898c48eb-6ac1-4fad-aa04-1c3e1f99c5c5}</destination>
		</relationship>
		<relationship name="automatableProperties">
			<destination>{102b3839-1d3a-4ee1-8be3-6384cef26ef2}</destination>
		</relationship>
		<relationship name="markerTracks">
			<destination>{99e3cb33-7e10-4479-b495-86984933f475}</destination>
		</relationship>
		<relationship name="groupTracks">
			<destination>{67c2aa87-41b1-46f5-8213-e5d13f723c85}</destination>
		</relationship>
		<relationship name="timeline">
			<destination>{668fa8ca-076c-44ef-8463-405e350f051b}</destination>
		</relationship>
		<relationship name="banks">
			<destination>{8c3f9de4-14c8-4279-a712-2040780fff61}</destination>
		</relationship>
	</object>
	<object class="EventMixer" id="{68d0a04b-784f-481f-b551-44fde5403fdf}">
		<relationship name="masterBus">
			<destination>{6ce59167-2cd7-4c2a-89d6-a7f33ab0253c}</destination>
		</relationship>
	</object>
	<object class="MasterTrack" id="{a16f79f7-8a4b-45fc-bb04-a0ee123ea6c2}">
		<relationship name="mixerGroup">
			<destination>{6ce59167-2cd7-4c2a-89d6-a7f33ab0253c}</destination>
		</relationship>
	</object>
	<object class="MixerInput" id="{898c48eb-6ac1-4fad-aa04-1c3e1f99c5c5}">
		<relationship name="effectChain">
			<destination>{c6dee3c6-152c-4ed9-abf0-eed610c202d7}</destination>
		</relationship>
		<relationship name="panner">
			<destination>{6981a442-33e7-4c56-8743-a55819c62b0e}</destination>
		</relationship>
		<relationship name="output">
			<destination>{a74bdffc-cbb2-488b-ae3c-038020e1273d}</destination>
		</relationship>
	</object>
	<object class="EventAutomatableProperties" id="{102b3839-1d3a-4ee1-8be3-6384cef26ef2}" />
	<object class="MarkerTrack" id="{99e3cb33-7e10-4479-b495-86984933f475}" />
	<object class="GroupTrack" id="{67c2aa87-41b1-46f5-8213-e5d13f723c85}">
		<relationship name="modules">
			<destination>{f619cb9d-15e6-4afb-b5c0-60345313f26c}</destination>
		</relationship>
		<relationship name="mixerGroup">
			<destination>{bdfb59b5-c4d6-4ffa-a0ae-0f0f934e4a81}</destination>
		</relationship>
	</object>
	<object class="Timeline" id="{668fa8ca-076c-44ef-8463-405e350f051b}">
		<relationship name="modules">
			<destination>{f619cb9d-15e6-4afb-b5c0-60345313f26c}</destination>
		</relationship>
	</object>
	<object class="EventMixerMaster" id="{6ce59167-2cd7-4c2a-89d6-a7f33ab0253c}">
		<relationship name="effectChain">
			<destination>{19efbc3e-e1c0-44df-b135-529b8da1993b}</destination>
		</relationship>
		<relationship name="panner">
			<destination>{a07042c7-cf6a-48df-8207-9f491887c303}</destination>
		</relationship>
		<relationship name="mixer">
			<destination>{68d0a04b-784f-481f-b551-44fde5403fdf}</destination>
		</relationship>
	</object>
	<object class="MixerBusEffectChain" id="{c6dee3c6-152c-4ed9-abf0-eed610c202d7}">
		<relationship name="effects">
			<destination>{1ad4db60-f787-4c4d-b58d-b71118854e31}</destination>
		</relationship>
	</object>
	<object class="MixerBusPanner" id="{6981a442-33e7-4c56-8743-a55819c62b0e}" />
	<object class="SingleSound" id="{f619cb9d-15e6-4afb-b5c0-60345313f26c}">
		<property name="length">
			<value>4.4648958333333333</value>
		</property>
		<relationship name="audioFile">
			<destination>{3d79cc53-7023-4150-aa54-3068cdfa6c78}</destination>
		</relationship>
	</object>
	<object class="EventMixerGroup" id="{bdfb59b5-c4d6-4ffa-a0ae-0f0f934e4a81}">
		<property name="name">
			<value>Audio 1</value>
		</property>
		<relationship name="effectChain">
			<destination>{4b671a11-08cf-4887-b798-4e276e318338}</destination>
		</relationship>
		<relationship name="panner">
			<destination>{2c5113b3-99ba-4b86-b850-a48d21f73f16}</destination>
		</relationship>
		<relationship name="output">
			<destination>{6ce59167-2cd7-4c2a-89d6-a7f33ab0253c}</destination>
		</relationship>
	</object>
	<object class="MixerBusEffectChain" id="{19efbc3e-e1c0-44df-b135-529b8da1993b}">
		<relationship name="effects">
			<destination>{06af2659-ee1c-44b8-aac8-f4e323601ef2}</destination>
		</relationship>
	</object>
	<object class="MixerBusPanner" id="{a07042c7-cf6a-48df-8207-9f491887c303}" />
	<object class="MixerBusFader" id="{1ad4db60-f787-4c4d-b58d-b71118854e31}" />
	<object class="MixerBusEffectChain" id="{4b671a11-08cf-4887-b798-4e276e318338}">
		<relationship name="effects">
			<destination>{538df2a6-9d81-4b4b-a081-be809b6868b7}</destination>
		</relationship>
	</object>
	<object class="MixerBusPanner" id="{2c5113b3-99ba-4b86-b850-a48d21f73f16}" />
	<object class="MixerBusFader" id="{06af2659-ee1c-44b8-aac8-f4e323601ef2}" />
	<object class="MixerBusFader" id="{538df2a6-9d81-4b4b-a081-be809b6868b7}" />
</objects>
