<?xml version="1.0" encoding="UTF-8"?>
<objects serializationModel="Studio.02.01.00">
	<object class="Event" id="{0cf509f4-9a9d-4cce-a129-81023adf0440}">
		<property name="name">
			<value>Failure</value>
		</property>
		<property name="outputFormat">
			<value>0</value>
		</property>
		<relationship name="folder">
			<destination>{c73dc94c-6192-4075-8e29-133e7307de5e}</destination>
		</relationship>
		<relationship name="mixer">
			<destination>{77af6e1c-429a-4350-bfc2-6889d9e46b3a}</destination>
		</relationship>
		<relationship name="masterTrack">
			<destination>{3a1b2b3e-dde9-4398-af72-9ea8c17d6e68}</destination>
		</relationship>
		<relationship name="mixerInput">
			<destination>{19c5dbf8-c610-4cb1-9c31-f9fd65403446}</destination>
		</relationship>
		<relationship name="automatableProperties">
			<destination>{2b10cf77-1439-45d3-8a29-9b2266416c97}</destination>
		</relationship>
		<relationship name="markerTracks">
			<destination>{61c15403-43b6-48d5-ac05-6919cdafd264}</destination>
		</relationship>
		<relationship name="groupTracks">
			<destination>{f2bab0dc-abca-4735-b11d-a69026355e3a}</destination>
		</relationship>
		<relationship name="timeline">
			<destination>{b84a8c1b-d54d-4204-aa01-040674fd408b}</destination>
		</relationship>
		<relationship name="banks">
			<destination>{8c3f9de4-14c8-4279-a712-2040780fff61}</destination>
		</relationship>
	</object>
	<object class="EventMixer" id="{77af6e1c-429a-4350-bfc2-6889d9e46b3a}">
		<relationship name="masterBus">
			<destination>{eb651ccf-9d13-4420-b097-6e3307d08eef}</destination>
		</relationship>
	</object>
	<object class="MasterTrack" id="{3a1b2b3e-dde9-4398-af72-9ea8c17d6e68}">
		<relationship name="mixerGroup">
			<destination>{eb651ccf-9d13-4420-b097-6e3307d08eef}</destination>
		</relationship>
	</object>
	<object class="MixerInput" id="{19c5dbf8-c610-4cb1-9c31-f9fd65403446}">
		<relationship name="effectChain">
			<destination>{777752cf-eb8f-4372-ae15-d959a4cb6f66}</destination>
		</relationship>
		<relationship name="panner">
			<destination>{32ddd622-0a52-4759-b521-eeb4adbfd120}</destination>
		</relationship>
		<relationship name="output">
			<destination>{a74bdffc-cbb2-488b-ae3c-038020e1273d}</destination>
		</relationship>
	</object>
	<object class="EventAutomatableProperties" id="{2b10cf77-1439-45d3-8a29-9b2266416c97}" />
	<object class="MarkerTrack" id="{61c15403-43b6-48d5-ac05-6919cdafd264}" />
	<object class="GroupTrack" id="{f2bab0dc-abca-4735-b11d-a69026355e3a}">
		<relationship name="modules">
			<destination>{174f566e-402d-48c3-af2b-c46ea3b7d39a}</destination>
		</relationship>
		<relationship name="mixerGroup">
			<destination>{9e057b34-5769-4fbf-ac86-5f9981e08195}</destination>
		</relationship>
	</object>
	<object class="Timeline" id="{b84a8c1b-d54d-4204-aa01-040674fd408b}">
		<relationship name="modules">
			<destination>{174f566e-402d-48c3-af2b-c46ea3b7d39a}</destination>
		</relationship>
	</object>
	<object class="EventMixerMaster" id="{eb651ccf-9d13-4420-b097-6e3307d08eef}">
		<relationship name="effectChain">
			<destination>{ec232acd-6f9e-4287-8c4b-00866dbdfb9b}</destination>
		</relationship>
		<relationship name="panner">
			<destination>{139c3852-c107-4d47-b01e-c9c330600728}</destination>
		</relationship>
		<relationship name="mixer">
			<destination>{77af6e1c-429a-4350-bfc2-6889d9e46b3a}</destination>
		</relationship>
	</object>
	<object class="MixerBusEffectChain" id="{777752cf-eb8f-4372-ae15-d959a4cb6f66}">
		<relationship name="effects">
			<destination>{682236f0-603d-40d0-a0e3-d21858d242b0}</destination>
		</relationship>
	</object>
	<object class="MixerBusPanner" id="{32ddd622-0a52-4759-b521-eeb4adbfd120}" />
	<object class="MultiSound" id="{174f566e-402d-48c3-af2b-c46ea3b7d39a}">
		<property name="length">
			<value>2.2705625</value>
		</property>
		<relationship name="sounds">
			<destination>{dfeea24e-d222-4bfe-946d-ab34b72a8cba}</destination>
			<destination>{70ff84f7-0353-4181-9f34-973dd0de1c56}</destination>
			<destination>{3917d1de-2c44-48e5-9a84-cada1706f7b6}</destination>
		</relationship>
	</object>
	<object class="EventMixerGroup" id="{9e057b34-5769-4fbf-ac86-5f9981e08195}">
		<property name="name">
			<value>Audio 1</value>
		</property>
		<relationship name="effectChain">
			<destination>{77686693-35ea-4638-9440-051c0c5b04d6}</destination>
		</relationship>
		<relationship name="panner">
			<destination>{600eead4-0786-42f2-9198-3afff38c797b}</destination>
		</relationship>
		<relationship name="output">
			<destination>{eb651ccf-9d13-4420-b097-6e3307d08eef}</destination>
		</relationship>
	</object>
	<object class="MixerBusEffectChain" id="{ec232acd-6f9e-4287-8c4b-00866dbdfb9b}">
		<relationship name="effects">
			<destination>{60e698f3-fcd4-4966-8651-da02b8164c6d}</destination>
		</relationship>
	</object>
	<object class="MixerBusPanner" id="{139c3852-c107-4d47-b01e-c9c330600728}" />
	<object class="MixerBusFader" id="{682236f0-603d-40d0-a0e3-d21858d242b0}" />
	<object class="SingleSound" id="{dfeea24e-d222-4bfe-946d-ab34b72a8cba}">
		<relationship name="audioFile">
			<destination>{bd68946a-f8ed-43cd-aeff-dd6f096e5c96}</destination>
		</relationship>
	</object>
	<object class="SingleSound" id="{70ff84f7-0353-4181-9f34-973dd0de1c56}">
		<relationship name="audioFile">
			<destination>{65a46559-4de0-426e-8b31-cd0e73bca018}</destination>
		</relationship>
	</object>
	<object class="SingleSound" id="{3917d1de-2c44-48e5-9a84-cada1706f7b6}">
		<relationship name="audioFile">
			<destination>{52b3eddd-99f0-407d-8be1-337d652575c1}</destination>
		</relationship>
	</object>
	<object class="MixerBusEffectChain" id="{77686693-35ea-4638-9440-051c0c5b04d6}">
		<relationship name="effects">
			<destination>{3333655b-82e4-4856-90b3-4acd072de271}</destination>
		</relationship>
	</object>
	<object class="MixerBusPanner" id="{600eead4-0786-42f2-9198-3afff38c797b}" />
	<object class="MixerBusFader" id="{60e698f3-fcd4-4966-8651-da02b8164c6d}" />
	<object class="MixerBusFader" id="{3333655b-82e4-4856-90b3-4acd072de271}" />
</objects>
