<?xml version="1.0" encoding="UTF-8"?>
<objects serializationModel="Studio.02.01.00">
	<object class="Event" id="{0d025368-3f2d-458a-9b6f-3c1674ebf75c}">
		<property name="name">
			<value>Assigned</value>
		</property>
		<property name="outputFormat">
			<value>0</value>
		</property>
		<relationship name="folder">
			<destination>{3cd8a96d-6613-4e0e-a0af-9ad791676b96}</destination>
		</relationship>
		<relationship name="mixer">
			<destination>{77ef42bf-1e67-41c7-acf0-31f0a4f24a32}</destination>
		</relationship>
		<relationship name="masterTrack">
			<destination>{45c02a63-6819-4225-b210-80bcfaf83c77}</destination>
		</relationship>
		<relationship name="mixerInput">
			<destination>{ba5a18cb-5b4e-4990-aca2-ab49d1e7d42e}</destination>
		</relationship>
		<relationship name="automatableProperties">
			<destination>{29d8c60b-3d44-4560-93b7-bba9fd5a23df}</destination>
		</relationship>
		<relationship name="markerTracks">
			<destination>{e2fcd3d5-f114-49bd-96f9-2b26e3c7f96a}</destination>
		</relationship>
		<relationship name="groupTracks">
			<destination>{8f0db7af-0a97-4d0e-afc0-8c96c1264e78}</destination>
		</relationship>
		<relationship name="timeline">
			<destination>{44647314-791c-4377-ab2d-12c1674d9960}</destination>
		</relationship>
		<relationship name="banks">
			<destination>{8c3f9de4-14c8-4279-a712-2040780fff61}</destination>
		</relationship>
	</object>
	<object class="EventMixer" id="{77ef42bf-1e67-41c7-acf0-31f0a4f24a32}">
		<relationship name="masterBus">
			<destination>{2ce6f22e-35df-41fc-bb61-fd13ae3c2233}</destination>
		</relationship>
	</object>
	<object class="MasterTrack" id="{45c02a63-6819-4225-b210-80bcfaf83c77}">
		<relationship name="mixerGroup">
			<destination>{2ce6f22e-35df-41fc-bb61-fd13ae3c2233}</destination>
		</relationship>
	</object>
	<object class="MixerInput" id="{ba5a18cb-5b4e-4990-aca2-ab49d1e7d42e}">
		<relationship name="effectChain">
			<destination>{0545eae7-ae9e-48a8-a744-4a0277f2c283}</destination>
		</relationship>
		<relationship name="panner">
			<destination>{c43e52fa-6d3b-4a05-9a07-dac168a89f91}</destination>
		</relationship>
		<relationship name="output">
			<destination>{a74bdffc-cbb2-488b-ae3c-038020e1273d}</destination>
		</relationship>
	</object>
	<object class="EventAutomatableProperties" id="{29d8c60b-3d44-4560-93b7-bba9fd5a23df}" />
	<object class="MarkerTrack" id="{e2fcd3d5-f114-49bd-96f9-2b26e3c7f96a}" />
	<object class="GroupTrack" id="{8f0db7af-0a97-4d0e-afc0-8c96c1264e78}">
		<relationship name="modules">
			<destination>{2032ecac-7fa8-4cfa-8ebf-14e86b3261d4}</destination>
		</relationship>
		<relationship name="mixerGroup">
			<destination>{c35eceee-1c44-4f73-bccf-97133958b90e}</destination>
		</relationship>
	</object>
	<object class="Timeline" id="{44647314-791c-4377-ab2d-12c1674d9960}">
		<relationship name="modules">
			<destination>{2032ecac-7fa8-4cfa-8ebf-14e86b3261d4}</destination>
		</relationship>
	</object>
	<object class="EventMixerMaster" id="{2ce6f22e-35df-41fc-bb61-fd13ae3c2233}">
		<relationship name="effectChain">
			<destination>{c3cf4ae2-7d67-43a8-88b5-6a7e5b2480c2}</destination>
		</relationship>
		<relationship name="panner">
			<destination>{b214f4ee-5e82-4a06-aa9a-f0049e333240}</destination>
		</relationship>
		<relationship name="mixer">
			<destination>{77ef42bf-1e67-41c7-acf0-31f0a4f24a32}</destination>
		</relationship>
	</object>
	<object class="MixerBusEffectChain" id="{0545eae7-ae9e-48a8-a744-4a0277f2c283}">
		<relationship name="effects">
			<destination>{caf2ed1c-24bc-4132-94d0-8e9713495306}</destination>
		</relationship>
	</object>
	<object class="MixerBusPanner" id="{c43e52fa-6d3b-4a05-9a07-dac168a89f91}" />
	<object class="MultiSound" id="{2032ecac-7fa8-4cfa-8ebf-14e86b3261d4}">
		<property name="length">
			<value>2.1915833333333334</value>
		</property>
		<relationship name="sounds">
			<destination>{6ec10602-5455-43bb-b4a5-42cbd4152d07}</destination>
			<destination>{7d2229de-a52d-47b7-937a-8cbc6883c0de}</destination>
			<destination>{51bd1064-db13-444a-b323-a4031c8704ba}</destination>
			<destination>{fcaead25-335f-4ff6-846e-caee0386fffd}</destination>
			<destination>{435b3a43-6a7a-4d05-a43a-1ebe47820d23}</destination>
		</relationship>
	</object>
	<object class="EventMixerGroup" id="{c35eceee-1c44-4f73-bccf-97133958b90e}">
		<property name="name">
			<value>Audio 1</value>
		</property>
		<relationship name="effectChain">
			<destination>{779feb68-8a5d-4a6c-bad0-06c75bac4e8c}</destination>
		</relationship>
		<relationship name="panner">
			<destination>{78ae090d-8121-4762-94df-81d34ee803b9}</destination>
		</relationship>
		<relationship name="output">
			<destination>{2ce6f22e-35df-41fc-bb61-fd13ae3c2233}</destination>
		</relationship>
	</object>
	<object class="MixerBusEffectChain" id="{c3cf4ae2-7d67-43a8-88b5-6a7e5b2480c2}">
		<relationship name="effects">
			<destination>{98d48951-d775-49f2-80ca-db19b8ceec0b}</destination>
		</relationship>
	</object>
	<object class="MixerBusPanner" id="{b214f4ee-5e82-4a06-aa9a-f0049e333240}" />
	<object class="MixerBusFader" id="{caf2ed1c-24bc-4132-94d0-8e9713495306}" />
	<object class="SingleSound" id="{6ec10602-5455-43bb-b4a5-42cbd4152d07}">
		<relationship name="audioFile">
			<destination>{69b7792f-8e6e-4bba-9ea6-99e04023889e}</destination>
		</relationship>
	</object>
	<object class="SingleSound" id="{7d2229de-a52d-47b7-937a-8cbc6883c0de}">
		<relationship name="audioFile">
			<destination>{4f30eba3-c6a7-46dc-9c6a-0dac92fc8780}</destination>
		</relationship>
	</object>
	<object class="SingleSound" id="{51bd1064-db13-444a-b323-a4031c8704ba}">
		<relationship name="audioFile">
			<destination>{43c7954c-f57b-477a-bee5-8bac48f8dc17}</destination>
		</relationship>
	</object>
	<object class="SingleSound" id="{fcaead25-335f-4ff6-846e-caee0386fffd}">
		<relationship name="audioFile">
			<destination>{76f91b60-ef2d-44b5-9f16-31d9af89d9c9}</destination>
		</relationship>
	</object>
	<object class="SingleSound" id="{435b3a43-6a7a-4d05-a43a-1ebe47820d23}">
		<relationship name="audioFile">
			<destination>{f11a9318-4da5-4b39-9daf-2cfc9b43c4c5}</destination>
		</relationship>
	</object>
	<object class="MixerBusEffectChain" id="{779feb68-8a5d-4a6c-bad0-06c75bac4e8c}">
		<relationship name="effects">
			<destination>{675ba3d5-93e0-42ca-9dbb-b6fc08d4662b}</destination>
		</relationship>
	</object>
	<object class="MixerBusPanner" id="{78ae090d-8121-4762-94df-81d34ee803b9}" />
	<object class="MixerBusFader" id="{98d48951-d775-49f2-80ca-db19b8ceec0b}" />
	<object class="MixerBusFader" id="{675ba3d5-93e0-42ca-9dbb-b6fc08d4662b}" />
</objects>
