<?xml version="1.0" encoding="UTF-8"?>
<objects serializationModel="Studio.02.01.00">
	<object class="Event" id="{0d0901fa-a730-4e95-ac09-f6d6c1248093}">
		<property name="name">
			<value>Success</value>
		</property>
		<property name="outputFormat">
			<value>0</value>
		</property>
		<relationship name="folder">
			<destination>{3c10bffb-4831-441a-8b22-ca281b6e2525}</destination>
		</relationship>
		<relationship name="mixer">
			<destination>{ee0f0ee0-e37c-4dfd-83d1-f9504ddc180c}</destination>
		</relationship>
		<relationship name="masterTrack">
			<destination>{a3277402-671d-46f0-b9f1-eab5873a73bf}</destination>
		</relationship>
		<relationship name="mixerInput">
			<destination>{6283b13f-b654-4617-b774-e24ff6e11d2a}</destination>
		</relationship>
		<relationship name="automatableProperties">
			<destination>{84e281ee-405e-468e-a904-848d894195f3}</destination>
		</relationship>
		<relationship name="markerTracks">
			<destination>{216cded2-3181-49bd-b2d3-5535b3a835b2}</destination>
		</relationship>
		<relationship name="groupTracks">
			<destination>{d85dc8d5-8cd6-4f3d-8fa5-732c6f6e2442}</destination>
		</relationship>
		<relationship name="timeline">
			<destination>{bd75d543-a6b2-4d05-ada3-52939725e3f7}</destination>
		</relationship>
		<relationship name="banks">
			<destination>{8c3f9de4-14c8-4279-a712-2040780fff61}</destination>
		</relationship>
	</object>
	<object class="EventMixer" id="{ee0f0ee0-e37c-4dfd-83d1-f9504ddc180c}">
		<relationship name="masterBus">
			<destination>{845d5d66-c7bf-4810-a965-13221d753927}</destination>
		</relationship>
	</object>
	<object class="MasterTrack" id="{a3277402-671d-46f0-b9f1-eab5873a73bf}">
		<relationship name="mixerGroup">
			<destination>{845d5d66-c7bf-4810-a965-13221d753927}</destination>
		</relationship>
	</object>
	<object class="MixerInput" id="{6283b13f-b654-4617-b774-e24ff6e11d2a}">
		<relationship name="effectChain">
			<destination>{0533a472-fbf2-4fc5-9be9-eed3d69df4a2}</destination>
		</relationship>
		<relationship name="panner">
			<destination>{ff191813-6407-481e-9834-87a813c684b5}</destination>
		</relationship>
		<relationship name="output">
			<destination>{a74bdffc-cbb2-488b-ae3c-038020e1273d}</destination>
		</relationship>
	</object>
	<object class="EventAutomatableProperties" id="{84e281ee-405e-468e-a904-848d894195f3}" />
	<object class="MarkerTrack" id="{216cded2-3181-49bd-b2d3-5535b3a835b2}" />
	<object class="GroupTrack" id="{d85dc8d5-8cd6-4f3d-8fa5-732c6f6e2442}">
		<relationship name="modules">
			<destination>{358d1c8f-cab0-41c8-b9ec-a7baa844e198}</destination>
		</relationship>
		<relationship name="mixerGroup">
			<destination>{ebc57b6b-140c-4b2c-9801-bbd549b6070f}</destination>
		</relationship>
	</object>
	<object class="Timeline" id="{bd75d543-a6b2-4d05-ada3-52939725e3f7}">
		<relationship name="modules">
			<destination>{358d1c8f-cab0-41c8-b9ec-a7baa844e198}</destination>
		</relationship>
	</object>
	<object class="EventMixerMaster" id="{845d5d66-c7bf-4810-a965-13221d753927}">
		<relationship name="effectChain">
			<destination>{bc34bec3-6950-4efa-8439-c6eea8e5886e}</destination>
		</relationship>
		<relationship name="panner">
			<destination>{ca0195db-35a4-4be4-b436-acff82650413}</destination>
		</relationship>
		<relationship name="mixer">
			<destination>{ee0f0ee0-e37c-4dfd-83d1-f9504ddc180c}</destination>
		</relationship>
	</object>
	<object class="MixerBusEffectChain" id="{0533a472-fbf2-4fc5-9be9-eed3d69df4a2}">
		<relationship name="effects">
			<destination>{ce64c27a-4125-42c1-8056-46ee190cabd3}</destination>
		</relationship>
	</object>
	<object class="MixerBusPanner" id="{ff191813-6407-481e-9834-87a813c684b5}" />
	<object class="MultiSound" id="{358d1c8f-cab0-41c8-b9ec-a7baa844e198}">
		<property name="length">
			<value>1.7797291666666666</value>
		</property>
		<relationship name="sounds">
			<destination>{c78a2143-5809-4a75-94a9-51b464ca1d1e}</destination>
			<destination>{ecb49fdf-f55b-4006-825d-10b385a70e61}</destination>
			<destination>{23646378-1999-42e4-8283-780ce47e315c}</destination>
		</relationship>
	</object>
	<object class="EventMixerGroup" id="{ebc57b6b-140c-4b2c-9801-bbd549b6070f}">
		<property name="name">
			<value>Audio 1</value>
		</property>
		<relationship name="effectChain">
			<destination>{7ad93093-8600-41e6-9c9c-6a87dc9f8cf0}</destination>
		</relationship>
		<relationship name="panner">
			<destination>{e20d15a3-40e3-4b0d-9d9f-4fbd3a42216b}</destination>
		</relationship>
		<relationship name="output">
			<destination>{845d5d66-c7bf-4810-a965-13221d753927}</destination>
		</relationship>
	</object>
	<object class="MixerBusEffectChain" id="{bc34bec3-6950-4efa-8439-c6eea8e5886e}">
		<relationship name="effects">
			<destination>{1bc13905-26a8-4d11-ad41-792c375336a5}</destination>
		</relationship>
	</object>
	<object class="MixerBusPanner" id="{ca0195db-35a4-4be4-b436-acff82650413}" />
	<object class="MixerBusFader" id="{ce64c27a-4125-42c1-8056-46ee190cabd3}" />
	<object class="SingleSound" id="{c78a2143-5809-4a75-94a9-51b464ca1d1e}">
		<relationship name="audioFile">
			<destination>{c4223cfb-c800-41d7-85fd-72f8402a7910}</destination>
		</relationship>
	</object>
	<object class="SingleSound" id="{ecb49fdf-f55b-4006-825d-10b385a70e61}">
		<relationship name="audioFile">
			<destination>{eb26912a-ca26-4149-8e30-aa8d46a7ba4b}</destination>
		</relationship>
	</object>
	<object class="SingleSound" id="{23646378-1999-42e4-8283-780ce47e315c}">
		<relationship name="audioFile">
			<destination>{9efd95af-74d1-4f0d-8d01-82ad7e5e16d0}</destination>
		</relationship>
	</object>
	<object class="MixerBusEffectChain" id="{7ad93093-8600-41e6-9c9c-6a87dc9f8cf0}">
		<relationship name="effects">
			<destination>{028deed8-42b3-4142-a883-ecfd74f237f4}</destination>
		</relationship>
	</object>
	<object class="MixerBusPanner" id="{e20d15a3-40e3-4b0d-9d9f-4fbd3a42216b}" />
	<object class="MixerBusFader" id="{1bc13905-26a8-4d11-ad41-792c375336a5}" />
	<object class="MixerBusFader" id="{028deed8-42b3-4142-a883-ecfd74f237f4}" />
</objects>
