<?xml version="1.0" encoding="UTF-8"?>
<objects serializationModel="Studio.02.01.00">
	<object class="Event" id="{0d16e23f-781d-48fe-bd6b-5d556efd1249}">
		<property name="name">
			<value>Success</value>
		</property>
		<property name="outputFormat">
			<value>0</value>
		</property>
		<relationship name="folder">
			<destination>{806dffaa-6035-4777-a349-adcbcc4d2b9a}</destination>
		</relationship>
		<relationship name="mixer">
			<destination>{30e800ed-d417-4fd7-83eb-ace306295c43}</destination>
		</relationship>
		<relationship name="masterTrack">
			<destination>{4bac742a-c43c-4a91-97a5-41f9113efaee}</destination>
		</relationship>
		<relationship name="mixerInput">
			<destination>{fd441e23-ec2e-4bc0-92a4-46313bc15c32}</destination>
		</relationship>
		<relationship name="automatableProperties">
			<destination>{0d63cbc2-4b40-4cc0-a807-7bc511fb1fae}</destination>
		</relationship>
		<relationship name="markerTracks">
			<destination>{4a9788d0-26cf-4403-921b-a1e9e882ccc9}</destination>
		</relationship>
		<relationship name="groupTracks">
			<destination>{be3d93b3-1552-4edf-a92c-203455c53587}</destination>
		</relationship>
		<relationship name="timeline">
			<destination>{93d8bf85-c803-4598-8cff-400245fd7383}</destination>
		</relationship>
		<relationship name="banks">
			<destination>{8c3f9de4-14c8-4279-a712-2040780fff61}</destination>
		</relationship>
	</object>
	<object class="EventMixer" id="{30e800ed-d417-4fd7-83eb-ace306295c43}">
		<relationship name="masterBus">
			<destination>{b8262a6f-173e-4db0-8c69-24dbb6ce327d}</destination>
		</relationship>
	</object>
	<object class="MasterTrack" id="{4bac742a-c43c-4a91-97a5-41f9113efaee}">
		<relationship name="mixerGroup">
			<destination>{b8262a6f-173e-4db0-8c69-24dbb6ce327d}</destination>
		</relationship>
	</object>
	<object class="MixerInput" id="{fd441e23-ec2e-4bc0-92a4-46313bc15c32}">
		<relationship name="effectChain">
			<destination>{399cd0ce-f2c1-4ac4-bb66-b1f1d4455cda}</destination>
		</relationship>
		<relationship name="panner">
			<destination>{765bede7-130d-47c5-a6bf-251a41ebbda6}</destination>
		</relationship>
		<relationship name="output">
			<destination>{a74bdffc-cbb2-488b-ae3c-038020e1273d}</destination>
		</relationship>
	</object>
	<object class="EventAutomatableProperties" id="{0d63cbc2-4b40-4cc0-a807-7bc511fb1fae}" />
	<object class="MarkerTrack" id="{4a9788d0-26cf-4403-921b-a1e9e882ccc9}" />
	<object class="GroupTrack" id="{be3d93b3-1552-4edf-a92c-203455c53587}">
		<relationship name="modules">
			<destination>{546d488f-19b4-4968-9877-3068f7b64574}</destination>
		</relationship>
		<relationship name="mixerGroup">
			<destination>{189d2119-7696-4bc4-af41-f45f27b1229e}</destination>
		</relationship>
	</object>
	<object class="Timeline" id="{93d8bf85-c803-4598-8cff-400245fd7383}">
		<relationship name="modules">
			<destination>{546d488f-19b4-4968-9877-3068f7b64574}</destination>
		</relationship>
	</object>
	<object class="EventMixerMaster" id="{b8262a6f-173e-4db0-8c69-24dbb6ce327d}">
		<relationship name="effectChain">
			<destination>{0ec54919-d05a-4bb5-bba2-052a556a8d08}</destination>
		</relationship>
		<relationship name="panner">
			<destination>{916ad337-1cf4-4f79-bfc7-e8f92504438d}</destination>
		</relationship>
		<relationship name="mixer">
			<destination>{30e800ed-d417-4fd7-83eb-ace306295c43}</destination>
		</relationship>
	</object>
	<object class="MixerBusEffectChain" id="{399cd0ce-f2c1-4ac4-bb66-b1f1d4455cda}">
		<relationship name="effects">
			<destination>{b4b3ce38-691f-4bab-b8fd-d2dd8d7019e1}</destination>
		</relationship>
	</object>
	<object class="MixerBusPanner" id="{765bede7-130d-47c5-a6bf-251a41ebbda6}" />
	<object class="MultiSound" id="{546d488f-19b4-4968-9877-3068f7b64574}">
		<property name="length">
			<value>2.1978749999999998</value>
		</property>
		<relationship name="sounds">
			<destination>{32f5409a-c414-44dc-9e99-c0ee44b38eeb}</destination>
			<destination>{eed95a32-8567-4550-89fc-f711abfa011a}</destination>
			<destination>{287a77cb-e4df-4777-9935-cd9d494c12f5}</destination>
			<destination>{4a324199-348f-49ab-9b49-a9be3863742d}</destination>
			<destination>{2741d9c8-9125-4217-8057-7fa771f16f36}</destination>
		</relationship>
	</object>
	<object class="EventMixerGroup" id="{189d2119-7696-4bc4-af41-f45f27b1229e}">
		<property name="name">
			<value>Audio 1</value>
		</property>
		<relationship name="effectChain">
			<destination>{f5d3a9c1-48a5-4e7f-a911-78e2cdd83704}</destination>
		</relationship>
		<relationship name="panner">
			<destination>{56016589-11dc-417e-8f58-b97d2b85f315}</destination>
		</relationship>
		<relationship name="output">
			<destination>{b8262a6f-173e-4db0-8c69-24dbb6ce327d}</destination>
		</relationship>
	</object>
	<object class="MixerBusEffectChain" id="{0ec54919-d05a-4bb5-bba2-052a556a8d08}">
		<relationship name="effects">
			<destination>{764b6e65-9c5b-4983-8898-3317657e038f}</destination>
		</relationship>
	</object>
	<object class="MixerBusPanner" id="{916ad337-1cf4-4f79-bfc7-e8f92504438d}" />
	<object class="MixerBusFader" id="{b4b3ce38-691f-4bab-b8fd-d2dd8d7019e1}" />
	<object class="SingleSound" id="{32f5409a-c414-44dc-9e99-c0ee44b38eeb}">
		<relationship name="audioFile">
			<destination>{adcdf3aa-c368-4e6e-9616-23594d3883b7}</destination>
		</relationship>
	</object>
	<object class="SingleSound" id="{eed95a32-8567-4550-89fc-f711abfa011a}">
		<relationship name="audioFile">
			<destination>{0265c759-d080-4a24-91ba-b59d686da4f9}</destination>
		</relationship>
	</object>
	<object class="SingleSound" id="{287a77cb-e4df-4777-9935-cd9d494c12f5}">
		<relationship name="audioFile">
			<destination>{57b6f6b8-86b9-42bc-97c9-69558fa2ed81}</destination>
		</relationship>
	</object>
	<object class="SingleSound" id="{4a324199-348f-49ab-9b49-a9be3863742d}">
		<relationship name="audioFile">
			<destination>{d456f8a6-65d9-4730-8b26-3cf5c973c3a5}</destination>
		</relationship>
	</object>
	<object class="SingleSound" id="{2741d9c8-9125-4217-8057-7fa771f16f36}">
		<relationship name="audioFile">
			<destination>{ab676400-881c-4918-9668-aeea11f35b8e}</destination>
		</relationship>
	</object>
	<object class="MixerBusEffectChain" id="{f5d3a9c1-48a5-4e7f-a911-78e2cdd83704}">
		<relationship name="effects">
			<destination>{8adcbaa7-9944-4db0-882b-3d0380c7365b}</destination>
		</relationship>
	</object>
	<object class="MixerBusPanner" id="{56016589-11dc-417e-8f58-b97d2b85f315}" />
	<object class="MixerBusFader" id="{764b6e65-9c5b-4983-8898-3317657e038f}" />
	<object class="MixerBusFader" id="{8adcbaa7-9944-4db0-882b-3d0380c7365b}" />
</objects>
