<?xml version="1.0" encoding="UTF-8"?>
<objects serializationModel="Studio.02.01.00">
	<object class="Event" id="{0d2c3016-51f6-48d0-b1f5-d19e34c1660f}">
		<property name="name">
			<value>Success</value>
		</property>
		<property name="outputFormat">
			<value>0</value>
		</property>
		<relationship name="folder">
			<destination>{e4f84bdf-d8ba-4ba9-b049-f163b88e0429}</destination>
		</relationship>
		<relationship name="mixer">
			<destination>{a91c65c5-66f8-49ed-bf99-403742b7dc54}</destination>
		</relationship>
		<relationship name="masterTrack">
			<destination>{e1228066-9ae0-4863-b5c2-99744a0b54d2}</destination>
		</relationship>
		<relationship name="mixerInput">
			<destination>{997ec489-64d6-40a8-b548-39941afaff9e}</destination>
		</relationship>
		<relationship name="automatableProperties">
			<destination>{464ace6d-d538-4698-82ec-f3419854a722}</destination>
		</relationship>
		<relationship name="markerTracks">
			<destination>{58ed05c3-f585-4ea6-a1d9-6a22d666cb83}</destination>
		</relationship>
		<relationship name="groupTracks">
			<destination>{2ffd5d6a-9ec3-428f-b37b-dcace20201a1}</destination>
		</relationship>
		<relationship name="timeline">
			<destination>{787a2a26-6ae2-4daf-a97c-857f303c83ee}</destination>
		</relationship>
		<relationship name="banks">
			<destination>{8c3f9de4-14c8-4279-a712-2040780fff61}</destination>
		</relationship>
	</object>
	<object class="EventMixer" id="{a91c65c5-66f8-49ed-bf99-403742b7dc54}">
		<relationship name="masterBus">
			<destination>{4e7e4a83-968a-4587-b523-410567e81fb2}</destination>
		</relationship>
	</object>
	<object class="MasterTrack" id="{e1228066-9ae0-4863-b5c2-99744a0b54d2}">
		<relationship name="mixerGroup">
			<destination>{4e7e4a83-968a-4587-b523-410567e81fb2}</destination>
		</relationship>
	</object>
	<object class="MixerInput" id="{997ec489-64d6-40a8-b548-39941afaff9e}">
		<relationship name="effectChain">
			<destination>{27935a00-9b14-4b2c-92b0-0286e1aedfca}</destination>
		</relationship>
		<relationship name="panner">
			<destination>{cd7ab082-91e6-4ec9-8e2d-aa64ba40f1b4}</destination>
		</relationship>
		<relationship name="output">
			<destination>{a74bdffc-cbb2-488b-ae3c-038020e1273d}</destination>
		</relationship>
	</object>
	<object class="EventAutomatableProperties" id="{464ace6d-d538-4698-82ec-f3419854a722}" />
	<object class="MarkerTrack" id="{58ed05c3-f585-4ea6-a1d9-6a22d666cb83}" />
	<object class="GroupTrack" id="{2ffd5d6a-9ec3-428f-b37b-dcace20201a1}">
		<relationship name="modules">
			<destination>{7d4c4ef6-cbc5-4f85-8181-0980583d51ff}</destination>
		</relationship>
		<relationship name="mixerGroup">
			<destination>{a419001e-079f-4fb3-b5a8-2ee98c52f009}</destination>
		</relationship>
	</object>
	<object class="Timeline" id="{787a2a26-6ae2-4daf-a97c-857f303c83ee}">
		<relationship name="modules">
			<destination>{7d4c4ef6-cbc5-4f85-8181-0980583d51ff}</destination>
		</relationship>
	</object>
	<object class="EventMixerMaster" id="{4e7e4a83-968a-4587-b523-410567e81fb2}">
		<relationship name="effectChain">
			<destination>{e46f54cb-ba01-48f0-8c74-9a8c4a9f8fb5}</destination>
		</relationship>
		<relationship name="panner">
			<destination>{d5b310c8-a77f-4640-90ff-2965f4f8a71f}</destination>
		</relationship>
		<relationship name="mixer">
			<destination>{a91c65c5-66f8-49ed-bf99-403742b7dc54}</destination>
		</relationship>
	</object>
	<object class="MixerBusEffectChain" id="{27935a00-9b14-4b2c-92b0-0286e1aedfca}">
		<relationship name="effects">
			<destination>{aa0a5b9e-8d44-40a0-9844-9e77fa01986b}</destination>
		</relationship>
	</object>
	<object class="MixerBusPanner" id="{cd7ab082-91e6-4ec9-8e2d-aa64ba40f1b4}" />
	<object class="MultiSound" id="{7d4c4ef6-cbc5-4f85-8181-0980583d51ff}">
		<property name="length">
			<value>2.1419999999999999</value>
		</property>
		<relationship name="sounds">
			<destination>{6f75f076-4fb0-47c4-b1e8-7f37ba258718}</destination>
			<destination>{6ad84c0e-b845-42ad-ba26-9a8837c0823a}</destination>
			<destination>{f80cd86a-c957-4278-b354-a1d0a3f45ff1}</destination>
			<destination>{1956dcb6-2bc4-4aa8-b339-daf329d0c1de}</destination>
		</relationship>
	</object>
	<object class="EventMixerGroup" id="{a419001e-079f-4fb3-b5a8-2ee98c52f009}">
		<property name="name">
			<value>Audio 1</value>
		</property>
		<relationship name="effectChain">
			<destination>{54b2bf8e-5c8d-45a7-8555-58fdb64d7dc8}</destination>
		</relationship>
		<relationship name="panner">
			<destination>{d02f006a-c1ef-4957-afe8-b7bacbc13a14}</destination>
		</relationship>
		<relationship name="output">
			<destination>{4e7e4a83-968a-4587-b523-410567e81fb2}</destination>
		</relationship>
	</object>
	<object class="MixerBusEffectChain" id="{e46f54cb-ba01-48f0-8c74-9a8c4a9f8fb5}">
		<relationship name="effects">
			<destination>{a360ef5e-4a92-48aa-8d42-e003d3ef7e61}</destination>
		</relationship>
	</object>
	<object class="MixerBusPanner" id="{d5b310c8-a77f-4640-90ff-2965f4f8a71f}" />
	<object class="MixerBusFader" id="{aa0a5b9e-8d44-40a0-9844-9e77fa01986b}" />
	<object class="SingleSound" id="{6f75f076-4fb0-47c4-b1e8-7f37ba258718}">
		<relationship name="audioFile">
			<destination>{f4bba22d-c771-445f-92f1-4dc603308d69}</destination>
		</relationship>
	</object>
	<object class="SingleSound" id="{6ad84c0e-b845-42ad-ba26-9a8837c0823a}">
		<relationship name="audioFile">
			<destination>{df9bdf27-7acc-4160-a566-3a1edc98205c}</destination>
		</relationship>
	</object>
	<object class="SingleSound" id="{f80cd86a-c957-4278-b354-a1d0a3f45ff1}">
		<relationship name="audioFile">
			<destination>{2f6a2d77-0a56-42f5-8b94-fe95e3aa7647}</destination>
		</relationship>
	</object>
	<object class="SingleSound" id="{1956dcb6-2bc4-4aa8-b339-daf329d0c1de}">
		<relationship name="audioFile">
			<destination>{c9eee9f3-b5fc-411a-acb1-d67a36580986}</destination>
		</relationship>
	</object>
	<object class="MixerBusEffectChain" id="{54b2bf8e-5c8d-45a7-8555-58fdb64d7dc8}">
		<relationship name="effects">
			<destination>{594b5a40-35f9-4d8c-9546-5c1ccd07076c}</destination>
		</relationship>
	</object>
	<object class="MixerBusPanner" id="{d02f006a-c1ef-4957-afe8-b7bacbc13a14}" />
	<object class="MixerBusFader" id="{a360ef5e-4a92-48aa-8d42-e003d3ef7e61}" />
	<object class="MixerBusFader" id="{594b5a40-35f9-4d8c-9546-5c1ccd07076c}" />
</objects>
