<?xml version="1.0" encoding="UTF-8"?>
<objects serializationModel="Studio.02.01.00">
	<object class="Event" id="{0d49b55a-cc4b-4825-87ac-529e35ddf179}">
		<property name="name">
			<value>Failure</value>
		</property>
		<property name="outputFormat">
			<value>0</value>
		</property>
		<relationship name="folder">
			<destination>{77f7d1ca-b826-4cf0-85e0-1d08ea176dbb}</destination>
		</relationship>
		<relationship name="mixer">
			<destination>{16357abc-7dc2-4a51-bdf4-ee94a2a5df17}</destination>
		</relationship>
		<relationship name="masterTrack">
			<destination>{246eb3d8-ccd1-474c-bcf3-e99f613245de}</destination>
		</relationship>
		<relationship name="mixerInput">
			<destination>{7039b6e6-dee9-493f-a41e-326e2ae67a80}</destination>
		</relationship>
		<relationship name="automatableProperties">
			<destination>{0eca099a-45d2-4ac0-818e-6478939451ad}</destination>
		</relationship>
		<relationship name="markerTracks">
			<destination>{bc313872-7cd2-42be-8e24-cce7919947a5}</destination>
		</relationship>
		<relationship name="groupTracks">
			<destination>{aa31a3b4-c657-4f9a-a30f-2f66342d6b1d}</destination>
		</relationship>
		<relationship name="timeline">
			<destination>{a1be3b58-0ac0-4da2-8ec3-e3bf94b179e8}</destination>
		</relationship>
		<relationship name="banks">
			<destination>{8c3f9de4-14c8-4279-a712-2040780fff61}</destination>
		</relationship>
	</object>
	<object class="EventMixer" id="{16357abc-7dc2-4a51-bdf4-ee94a2a5df17}">
		<relationship name="masterBus">
			<destination>{dcdca3c6-ad30-4ef6-b8e9-05865cd0d033}</destination>
		</relationship>
	</object>
	<object class="MasterTrack" id="{246eb3d8-ccd1-474c-bcf3-e99f613245de}">
		<relationship name="mixerGroup">
			<destination>{dcdca3c6-ad30-4ef6-b8e9-05865cd0d033}</destination>
		</relationship>
	</object>
	<object class="MixerInput" id="{7039b6e6-dee9-493f-a41e-326e2ae67a80}">
		<relationship name="effectChain">
			<destination>{75afa9da-a57f-472d-b3b0-9e9142b25450}</destination>
		</relationship>
		<relationship name="panner">
			<destination>{a7fa0275-0f67-4a9a-b96f-3d79c55fd9a9}</destination>
		</relationship>
		<relationship name="output">
			<destination>{a74bdffc-cbb2-488b-ae3c-038020e1273d}</destination>
		</relationship>
	</object>
	<object class="EventAutomatableProperties" id="{0eca099a-45d2-4ac0-818e-6478939451ad}" />
	<object class="MarkerTrack" id="{bc313872-7cd2-42be-8e24-cce7919947a5}" />
	<object class="GroupTrack" id="{aa31a3b4-c657-4f9a-a30f-2f66342d6b1d}">
		<relationship name="modules">
			<destination>{3a880238-5d3f-4b73-8b10-6daa7466c4ad}</destination>
		</relationship>
		<relationship name="mixerGroup">
			<destination>{0c11e731-bcb0-4e0c-bad5-e9d2575fc082}</destination>
		</relationship>
	</object>
	<object class="Timeline" id="{a1be3b58-0ac0-4da2-8ec3-e3bf94b179e8}">
		<relationship name="modules">
			<destination>{3a880238-5d3f-4b73-8b10-6daa7466c4ad}</destination>
		</relationship>
	</object>
	<object class="EventMixerMaster" id="{dcdca3c6-ad30-4ef6-b8e9-05865cd0d033}">
		<relationship name="effectChain">
			<destination>{c0f9b9b7-1867-4573-bf7a-9f4cb27ce5da}</destination>
		</relationship>
		<relationship name="panner">
			<destination>{7877c65a-04fc-45e8-9fe1-23045ac39a09}</destination>
		</relationship>
		<relationship name="mixer">
			<destination>{16357abc-7dc2-4a51-bdf4-ee94a2a5df17}</destination>
		</relationship>
	</object>
	<object class="MixerBusEffectChain" id="{75afa9da-a57f-472d-b3b0-9e9142b25450}">
		<relationship name="effects">
			<destination>{a6a4462d-7fde-4013-8bc6-e4f2ab7f3bda}</destination>
		</relationship>
	</object>
	<object class="MixerBusPanner" id="{a7fa0275-0f67-4a9a-b96f-3d79c55fd9a9}" />
	<object class="MultiSound" id="{3a880238-5d3f-4b73-8b10-6daa7466c4ad}">
		<property name="length">
			<value>3.3438958333333333</value>
		</property>
		<relationship name="sounds">
			<destination>{d69f3ddc-2e26-4f28-a722-22ecc7676785}</destination>
			<destination>{75b99a18-036f-4f0b-a8d9-ec56ace5dc78}</destination>
			<destination>{cd27851e-c012-4273-a699-9829c863c5b3}</destination>
			<destination>{ae622cfd-8bcf-4502-bc4b-58bf8fa46de4}</destination>
			<destination>{5614845d-eb7f-4e3e-860e-e4992b614ede}</destination>
		</relationship>
	</object>
	<object class="EventMixerGroup" id="{0c11e731-bcb0-4e0c-bad5-e9d2575fc082}">
		<property name="name">
			<value>Audio 1</value>
		</property>
		<relationship name="effectChain">
			<destination>{4efa3b84-c473-42cb-9a8b-13fe81ab1fc7}</destination>
		</relationship>
		<relationship name="panner">
			<destination>{f81b8ce4-98d4-47a0-a5cc-e1de984426ae}</destination>
		</relationship>
		<relationship name="output">
			<destination>{dcdca3c6-ad30-4ef6-b8e9-05865cd0d033}</destination>
		</relationship>
	</object>
	<object class="MixerBusEffectChain" id="{c0f9b9b7-1867-4573-bf7a-9f4cb27ce5da}">
		<relationship name="effects">
			<destination>{0cb24fd1-66df-4f96-a537-87a15a626fe5}</destination>
		</relationship>
	</object>
	<object class="MixerBusPanner" id="{7877c65a-04fc-45e8-9fe1-23045ac39a09}" />
	<object class="MixerBusFader" id="{a6a4462d-7fde-4013-8bc6-e4f2ab7f3bda}" />
	<object class="SingleSound" id="{d69f3ddc-2e26-4f28-a722-22ecc7676785}">
		<relationship name="audioFile">
			<destination>{3bb1d8d5-1a8c-4838-993e-367e33960e99}</destination>
		</relationship>
	</object>
	<object class="SingleSound" id="{75b99a18-036f-4f0b-a8d9-ec56ace5dc78}">
		<relationship name="audioFile">
			<destination>{2757a1b6-0a9e-4f87-9514-8242df92bf73}</destination>
		</relationship>
	</object>
	<object class="SingleSound" id="{cd27851e-c012-4273-a699-9829c863c5b3}">
		<relationship name="audioFile">
			<destination>{0f92b9e7-2bd9-402d-b190-5d8cc6c247b2}</destination>
		</relationship>
	</object>
	<object class="SingleSound" id="{ae622cfd-8bcf-4502-bc4b-58bf8fa46de4}">
		<relationship name="audioFile">
			<destination>{8d906773-fa4d-4b5c-8ecc-3c69fb142d49}</destination>
		</relationship>
	</object>
	<object class="SingleSound" id="{5614845d-eb7f-4e3e-860e-e4992b614ede}">
		<relationship name="audioFile">
			<destination>{4a362256-a066-4a40-a53c-9f6762f8cf5d}</destination>
		</relationship>
	</object>
	<object class="MixerBusEffectChain" id="{4efa3b84-c473-42cb-9a8b-13fe81ab1fc7}">
		<relationship name="effects">
			<destination>{e8dd741f-08c3-41e7-a12b-476719367eab}</destination>
		</relationship>
	</object>
	<object class="MixerBusPanner" id="{f81b8ce4-98d4-47a0-a5cc-e1de984426ae}" />
	<object class="MixerBusFader" id="{0cb24fd1-66df-4f96-a537-87a15a626fe5}" />
	<object class="MixerBusFader" id="{e8dd741f-08c3-41e7-a12b-476719367eab}" />
</objects>
