<?xml version="1.0" encoding="UTF-8"?>
<objects serializationModel="Studio.02.01.00">
	<object class="Event" id="{0d6819cc-dc67-4a94-8172-ba7f11aa448d}">
		<property name="name">
			<value>Assigned</value>
		</property>
		<property name="outputFormat">
			<value>0</value>
		</property>
		<relationship name="folder">
			<destination>{78598d71-a9f9-42b6-9ee2-4ba7ae4b6c10}</destination>
		</relationship>
		<relationship name="mixer">
			<destination>{3776b09f-999c-4938-9914-41b7662c7431}</destination>
		</relationship>
		<relationship name="masterTrack">
			<destination>{dac380d3-5409-4c9d-875f-b30d6c8e0cc8}</destination>
		</relationship>
		<relationship name="mixerInput">
			<destination>{44f0582c-fa38-4145-8f03-41dca24e4ac5}</destination>
		</relationship>
		<relationship name="automatableProperties">
			<destination>{d03be272-9f40-4939-84bf-caba9d3e55c0}</destination>
		</relationship>
		<relationship name="markerTracks">
			<destination>{d03e9d79-6c55-4a20-8956-efb66c053809}</destination>
		</relationship>
		<relationship name="groupTracks">
			<destination>{86b7fb8f-c442-47b0-acce-fc7b5cd2d112}</destination>
		</relationship>
		<relationship name="timeline">
			<destination>{60a23396-9e44-42ac-a78e-534f7c35b8cc}</destination>
		</relationship>
		<relationship name="banks">
			<destination>{8c3f9de4-14c8-4279-a712-2040780fff61}</destination>
		</relationship>
	</object>
	<object class="EventMixer" id="{3776b09f-999c-4938-9914-41b7662c7431}">
		<relationship name="masterBus">
			<destination>{b0aa9bda-9ffa-413c-8713-9fc9773de22e}</destination>
		</relationship>
	</object>
	<object class="MasterTrack" id="{dac380d3-5409-4c9d-875f-b30d6c8e0cc8}">
		<relationship name="mixerGroup">
			<destination>{b0aa9bda-9ffa-413c-8713-9fc9773de22e}</destination>
		</relationship>
	</object>
	<object class="MixerInput" id="{44f0582c-fa38-4145-8f03-41dca24e4ac5}">
		<relationship name="effectChain">
			<destination>{864dfe3d-f714-4bb9-b6d9-9e453b5849a0}</destination>
		</relationship>
		<relationship name="panner">
			<destination>{465957fb-eb0d-49ec-a584-cd43dae65cd4}</destination>
		</relationship>
		<relationship name="output">
			<destination>{a74bdffc-cbb2-488b-ae3c-038020e1273d}</destination>
		</relationship>
	</object>
	<object class="EventAutomatableProperties" id="{d03be272-9f40-4939-84bf-caba9d3e55c0}" />
	<object class="MarkerTrack" id="{d03e9d79-6c55-4a20-8956-efb66c053809}" />
	<object class="GroupTrack" id="{86b7fb8f-c442-47b0-acce-fc7b5cd2d112}">
		<relationship name="modules">
			<destination>{c53c0659-ad91-4052-b216-a02d22e7bdd5}</destination>
		</relationship>
		<relationship name="mixerGroup">
			<destination>{0484aa41-dd9d-410f-893b-21533651c955}</destination>
		</relationship>
	</object>
	<object class="Timeline" id="{60a23396-9e44-42ac-a78e-534f7c35b8cc}">
		<relationship name="modules">
			<destination>{c53c0659-ad91-4052-b216-a02d22e7bdd5}</destination>
		</relationship>
	</object>
	<object class="EventMixerMaster" id="{b0aa9bda-9ffa-413c-8713-9fc9773de22e}">
		<relationship name="effectChain">
			<destination>{54667bb2-b2cd-4336-9a7d-738d760a4d5e}</destination>
		</relationship>
		<relationship name="panner">
			<destination>{2ffa7008-c361-4acf-898b-5722a46cde3a}</destination>
		</relationship>
		<relationship name="mixer">
			<destination>{3776b09f-999c-4938-9914-41b7662c7431}</destination>
		</relationship>
	</object>
	<object class="MixerBusEffectChain" id="{864dfe3d-f714-4bb9-b6d9-9e453b5849a0}">
		<relationship name="effects">
			<destination>{462665b7-b859-41b4-b727-53773abee386}</destination>
		</relationship>
	</object>
	<object class="MixerBusPanner" id="{465957fb-eb0d-49ec-a584-cd43dae65cd4}" />
	<object class="MultiSound" id="{c53c0659-ad91-4052-b216-a02d22e7bdd5}">
		<property name="length">
			<value>1.8563958333333332</value>
		</property>
		<relationship name="sounds">
			<destination>{38c05f58-8a9e-4e4a-921f-b231b3e3bdbf}</destination>
			<destination>{eee4c6dd-0a7d-40b1-a49b-edbb1e8cb626}</destination>
			<destination>{ef425ca0-f756-4a5c-9f3a-bc80c5b53f8a}</destination>
		</relationship>
	</object>
	<object class="EventMixerGroup" id="{0484aa41-dd9d-410f-893b-21533651c955}">
		<property name="name">
			<value>Audio 1</value>
		</property>
		<relationship name="effectChain">
			<destination>{f9741d0c-cd71-4489-bc0a-e50646b31df3}</destination>
		</relationship>
		<relationship name="panner">
			<destination>{57423d5e-a47f-4859-96d6-33bee8688109}</destination>
		</relationship>
		<relationship name="output">
			<destination>{b0aa9bda-9ffa-413c-8713-9fc9773de22e}</destination>
		</relationship>
	</object>
	<object class="MixerBusEffectChain" id="{54667bb2-b2cd-4336-9a7d-738d760a4d5e}">
		<relationship name="effects">
			<destination>{85425f18-6dac-4290-b075-381fc50168b0}</destination>
		</relationship>
	</object>
	<object class="MixerBusPanner" id="{2ffa7008-c361-4acf-898b-5722a46cde3a}" />
	<object class="MixerBusFader" id="{462665b7-b859-41b4-b727-53773abee386}" />
	<object class="SingleSound" id="{38c05f58-8a9e-4e4a-921f-b231b3e3bdbf}">
		<relationship name="audioFile">
			<destination>{387b3e6f-66e5-41b6-b78a-f1e0c5ce5c26}</destination>
		</relationship>
	</object>
	<object class="SingleSound" id="{eee4c6dd-0a7d-40b1-a49b-edbb1e8cb626}">
		<relationship name="audioFile">
			<destination>{adb7e49c-d0de-4bfb-8034-d66b65d640d0}</destination>
		</relationship>
	</object>
	<object class="SingleSound" id="{ef425ca0-f756-4a5c-9f3a-bc80c5b53f8a}">
		<relationship name="audioFile">
			<destination>{fac829c0-8f35-4c7b-8acd-9ddca3694e9f}</destination>
		</relationship>
	</object>
	<object class="MixerBusEffectChain" id="{f9741d0c-cd71-4489-bc0a-e50646b31df3}">
		<relationship name="effects">
			<destination>{d1d02c97-bd71-4e1f-bd47-b819a5b61cc6}</destination>
		</relationship>
	</object>
	<object class="MixerBusPanner" id="{57423d5e-a47f-4859-96d6-33bee8688109}" />
	<object class="MixerBusFader" id="{85425f18-6dac-4290-b075-381fc50168b0}" />
	<object class="MixerBusFader" id="{d1d02c97-bd71-4e1f-bd47-b819a5b61cc6}" />
</objects>
