<?xml version="1.0" encoding="UTF-8"?>
<objects serializationModel="Studio.02.01.00">
	<object class="Event" id="{0d827735-bb60-478b-a6e6-87790b3acf38}">
		<property name="name">
			<value>Success</value>
		</property>
		<property name="outputFormat">
			<value>0</value>
		</property>
		<relationship name="folder">
			<destination>{7f47c66d-158f-4153-9d86-b396befda265}</destination>
		</relationship>
		<relationship name="mixer">
			<destination>{39774d14-7b75-48cf-8183-bc5142c31804}</destination>
		</relationship>
		<relationship name="masterTrack">
			<destination>{247e6127-2d01-4b7e-89b9-8147cdb8d110}</destination>
		</relationship>
		<relationship name="mixerInput">
			<destination>{c52adf95-3a3f-45b6-90b2-6a458d7140f2}</destination>
		</relationship>
		<relationship name="automatableProperties">
			<destination>{909da94b-afa9-44d9-9609-8591a85e27ba}</destination>
		</relationship>
		<relationship name="markerTracks">
			<destination>{6ed7a33b-517e-41e5-8a57-924c6ce0ee3d}</destination>
		</relationship>
		<relationship name="groupTracks">
			<destination>{4aeb0835-40b0-459a-81ac-a20eb2154629}</destination>
		</relationship>
		<relationship name="timeline">
			<destination>{916e0428-c249-4e39-9fcb-088f6ddf875c}</destination>
		</relationship>
		<relationship name="banks">
			<destination>{8c3f9de4-14c8-4279-a712-2040780fff61}</destination>
		</relationship>
	</object>
	<object class="EventMixer" id="{39774d14-7b75-48cf-8183-bc5142c31804}">
		<relationship name="masterBus">
			<destination>{b791841b-e921-4b38-b949-f5ea735b6806}</destination>
		</relationship>
	</object>
	<object class="MasterTrack" id="{247e6127-2d01-4b7e-89b9-8147cdb8d110}">
		<relationship name="mixerGroup">
			<destination>{b791841b-e921-4b38-b949-f5ea735b6806}</destination>
		</relationship>
	</object>
	<object class="MixerInput" id="{c52adf95-3a3f-45b6-90b2-6a458d7140f2}">
		<relationship name="effectChain">
			<destination>{b1715bae-fdc5-4313-9a67-a1798ab4e1f6}</destination>
		</relationship>
		<relationship name="panner">
			<destination>{c99d71c5-8b41-4a5b-bc47-71fc8b916557}</destination>
		</relationship>
		<relationship name="output">
			<destination>{a74bdffc-cbb2-488b-ae3c-038020e1273d}</destination>
		</relationship>
	</object>
	<object class="EventAutomatableProperties" id="{909da94b-afa9-44d9-9609-8591a85e27ba}" />
	<object class="MarkerTrack" id="{6ed7a33b-517e-41e5-8a57-924c6ce0ee3d}" />
	<object class="GroupTrack" id="{4aeb0835-40b0-459a-81ac-a20eb2154629}">
		<relationship name="modules">
			<destination>{2373f40c-d81e-4000-aaf2-d072dcd72f6b}</destination>
		</relationship>
		<relationship name="mixerGroup">
			<destination>{cba12445-d332-4072-9868-f62a6235fd9b}</destination>
		</relationship>
	</object>
	<object class="Timeline" id="{916e0428-c249-4e39-9fcb-088f6ddf875c}">
		<relationship name="modules">
			<destination>{2373f40c-d81e-4000-aaf2-d072dcd72f6b}</destination>
		</relationship>
	</object>
	<object class="EventMixerMaster" id="{b791841b-e921-4b38-b949-f5ea735b6806}">
		<relationship name="effectChain">
			<destination>{454cbbea-c691-4904-aa8e-e1a733904781}</destination>
		</relationship>
		<relationship name="panner">
			<destination>{0182fde6-9dc7-41a7-8a4f-b00281e17eaf}</destination>
		</relationship>
		<relationship name="mixer">
			<destination>{39774d14-7b75-48cf-8183-bc5142c31804}</destination>
		</relationship>
	</object>
	<object class="MixerBusEffectChain" id="{b1715bae-fdc5-4313-9a67-a1798ab4e1f6}">
		<relationship name="effects">
			<destination>{dfdec780-c2d7-4589-829b-99b68f6b2a71}</destination>
		</relationship>
	</object>
	<object class="MixerBusPanner" id="{c99d71c5-8b41-4a5b-bc47-71fc8b916557}" />
	<object class="MultiSound" id="{2373f40c-d81e-4000-aaf2-d072dcd72f6b}">
		<property name="length">
			<value>1.9991874999999999</value>
		</property>
		<relationship name="sounds">
			<destination>{512f78ff-372d-48d0-adf9-2e8dc685ec77}</destination>
			<destination>{cc98f1a8-52a8-4209-882a-5f1ea79bc548}</destination>
			<destination>{d47052de-8ae5-441d-bf86-ae65d032beb0}</destination>
		</relationship>
	</object>
	<object class="EventMixerGroup" id="{cba12445-d332-4072-9868-f62a6235fd9b}">
		<property name="name">
			<value>Audio 1</value>
		</property>
		<relationship name="effectChain">
			<destination>{bf81f591-27f7-40da-a49e-aad28ac627a1}</destination>
		</relationship>
		<relationship name="panner">
			<destination>{5eefa185-54cd-4f06-b0d4-58b574885064}</destination>
		</relationship>
		<relationship name="output">
			<destination>{b791841b-e921-4b38-b949-f5ea735b6806}</destination>
		</relationship>
	</object>
	<object class="MixerBusEffectChain" id="{454cbbea-c691-4904-aa8e-e1a733904781}">
		<relationship name="effects">
			<destination>{0fc4d5bb-65e1-4c6a-a6a5-9227eb15f727}</destination>
		</relationship>
	</object>
	<object class="MixerBusPanner" id="{0182fde6-9dc7-41a7-8a4f-b00281e17eaf}" />
	<object class="MixerBusFader" id="{dfdec780-c2d7-4589-829b-99b68f6b2a71}" />
	<object class="SingleSound" id="{512f78ff-372d-48d0-adf9-2e8dc685ec77}">
		<relationship name="audioFile">
			<destination>{13e4f25d-35e3-4002-8def-dc71f189145b}</destination>
		</relationship>
	</object>
	<object class="SingleSound" id="{cc98f1a8-52a8-4209-882a-5f1ea79bc548}">
		<relationship name="audioFile">
			<destination>{d0a2d8e8-1d4c-423f-9a1f-8bf27b0a236e}</destination>
		</relationship>
	</object>
	<object class="SingleSound" id="{d47052de-8ae5-441d-bf86-ae65d032beb0}">
		<relationship name="audioFile">
			<destination>{9f419cee-11cd-4488-9621-6d02733f74a4}</destination>
		</relationship>
	</object>
	<object class="MixerBusEffectChain" id="{bf81f591-27f7-40da-a49e-aad28ac627a1}">
		<relationship name="effects">
			<destination>{22cae296-998d-4c2f-a15e-5c0767fc06af}</destination>
		</relationship>
	</object>
	<object class="MixerBusPanner" id="{5eefa185-54cd-4f06-b0d4-58b574885064}" />
	<object class="MixerBusFader" id="{0fc4d5bb-65e1-4c6a-a6a5-9227eb15f727}" />
	<object class="MixerBusFader" id="{22cae296-998d-4c2f-a15e-5c0767fc06af}" />
</objects>
