<?xml version="1.0" encoding="UTF-8"?>
<objects serializationModel="Studio.02.01.00">
	<object class="Event" id="{0d92c809-382e-4a95-97e1-615033faf8cc}">
		<property name="name">
			<value>Assigned</value>
		</property>
		<property name="outputFormat">
			<value>0</value>
		</property>
		<relationship name="folder">
			<destination>{b9121fa8-efa2-4b61-bde7-f953901177e1}</destination>
		</relationship>
		<relationship name="mixer">
			<destination>{3f99852f-4443-4f8e-a992-bcd405defc6e}</destination>
		</relationship>
		<relationship name="masterTrack">
			<destination>{6e61605e-66e6-44bf-b7df-817d19bde506}</destination>
		</relationship>
		<relationship name="mixerInput">
			<destination>{96a97ee6-1b32-41db-a405-eebe476121e3}</destination>
		</relationship>
		<relationship name="automatableProperties">
			<destination>{b70ad40f-0e1e-4b58-af86-7d0375197050}</destination>
		</relationship>
		<relationship name="markerTracks">
			<destination>{628709c0-1935-4486-b486-040e0bed3df1}</destination>
		</relationship>
		<relationship name="groupTracks">
			<destination>{ead07561-c45a-452e-a656-868a44ac7cd0}</destination>
		</relationship>
		<relationship name="timeline">
			<destination>{80bb74a0-b885-4231-ab3c-f3f678417b01}</destination>
		</relationship>
		<relationship name="banks">
			<destination>{8c3f9de4-14c8-4279-a712-2040780fff61}</destination>
		</relationship>
	</object>
	<object class="EventMixer" id="{3f99852f-4443-4f8e-a992-bcd405defc6e}">
		<relationship name="masterBus">
			<destination>{a875783e-d6b3-4d08-9dd7-8da567f54bd9}</destination>
		</relationship>
	</object>
	<object class="MasterTrack" id="{6e61605e-66e6-44bf-b7df-817d19bde506}">
		<relationship name="mixerGroup">
			<destination>{a875783e-d6b3-4d08-9dd7-8da567f54bd9}</destination>
		</relationship>
	</object>
	<object class="MixerInput" id="{96a97ee6-1b32-41db-a405-eebe476121e3}">
		<relationship name="effectChain">
			<destination>{4f7fe588-af35-4e52-99e3-37a1c810944f}</destination>
		</relationship>
		<relationship name="panner">
			<destination>{261c3e60-f75e-478d-8e9c-ca98ad2a3dcf}</destination>
		</relationship>
		<relationship name="output">
			<destination>{a74bdffc-cbb2-488b-ae3c-038020e1273d}</destination>
		</relationship>
	</object>
	<object class="EventAutomatableProperties" id="{b70ad40f-0e1e-4b58-af86-7d0375197050}" />
	<object class="MarkerTrack" id="{628709c0-1935-4486-b486-040e0bed3df1}" />
	<object class="GroupTrack" id="{ead07561-c45a-452e-a656-868a44ac7cd0}">
		<relationship name="modules">
			<destination>{dd2402fe-634e-41ca-a026-7459bf6e0dc4}</destination>
		</relationship>
		<relationship name="mixerGroup">
			<destination>{f33fa1cf-b279-4a7c-b06a-528bcb7cf66c}</destination>
		</relationship>
	</object>
	<object class="Timeline" id="{80bb74a0-b885-4231-ab3c-f3f678417b01}">
		<relationship name="modules">
			<destination>{dd2402fe-634e-41ca-a026-7459bf6e0dc4}</destination>
		</relationship>
	</object>
	<object class="EventMixerMaster" id="{a875783e-d6b3-4d08-9dd7-8da567f54bd9}">
		<relationship name="effectChain">
			<destination>{40ce022f-67c2-48c4-856b-a4b6282b545e}</destination>
		</relationship>
		<relationship name="panner">
			<destination>{53e165e7-b61f-4c32-a34b-f5a498cbf65d}</destination>
		</relationship>
		<relationship name="mixer">
			<destination>{3f99852f-4443-4f8e-a992-bcd405defc6e}</destination>
		</relationship>
	</object>
	<object class="MixerBusEffectChain" id="{4f7fe588-af35-4e52-99e3-37a1c810944f}">
		<relationship name="effects">
			<destination>{51e9a8b9-8753-46ee-b790-c78cba021902}</destination>
		</relationship>
	</object>
	<object class="MixerBusPanner" id="{261c3e60-f75e-478d-8e9c-ca98ad2a3dcf}" />
	<object class="MultiSound" id="{dd2402fe-634e-41ca-a026-7459bf6e0dc4}">
		<property name="length">
			<value>1.8920833333333333</value>
		</property>
		<relationship name="sounds">
			<destination>{46ef0429-050e-4f4c-8237-98b48bdc78f7}</destination>
			<destination>{a1f69b9f-9b02-441f-99e6-c9d425263a3d}</destination>
		</relationship>
	</object>
	<object class="EventMixerGroup" id="{f33fa1cf-b279-4a7c-b06a-528bcb7cf66c}">
		<property name="name">
			<value>Audio 1</value>
		</property>
		<relationship name="effectChain">
			<destination>{da867a74-1be6-4b4f-ad4b-e893b8231411}</destination>
		</relationship>
		<relationship name="panner">
			<destination>{de08242c-30d6-4280-b999-ce877a600dc2}</destination>
		</relationship>
		<relationship name="output">
			<destination>{a875783e-d6b3-4d08-9dd7-8da567f54bd9}</destination>
		</relationship>
	</object>
	<object class="MixerBusEffectChain" id="{40ce022f-67c2-48c4-856b-a4b6282b545e}">
		<relationship name="effects">
			<destination>{c095e528-aefc-46de-be85-c86f41a5a8c7}</destination>
		</relationship>
	</object>
	<object class="MixerBusPanner" id="{53e165e7-b61f-4c32-a34b-f5a498cbf65d}" />
	<object class="MixerBusFader" id="{51e9a8b9-8753-46ee-b790-c78cba021902}" />
	<object class="SingleSound" id="{46ef0429-050e-4f4c-8237-98b48bdc78f7}">
		<relationship name="audioFile">
			<destination>{226610bb-0160-446a-bc75-d185e8600ee0}</destination>
		</relationship>
	</object>
	<object class="SingleSound" id="{a1f69b9f-9b02-441f-99e6-c9d425263a3d}">
		<relationship name="audioFile">
			<destination>{b81d3025-bccf-4fd2-8d18-7ac762718b83}</destination>
		</relationship>
	</object>
	<object class="MixerBusEffectChain" id="{da867a74-1be6-4b4f-ad4b-e893b8231411}">
		<relationship name="effects">
			<destination>{2dc494fa-8d16-47a7-93d3-a5df9c52e596}</destination>
		</relationship>
	</object>
	<object class="MixerBusPanner" id="{de08242c-30d6-4280-b999-ce877a600dc2}" />
	<object class="MixerBusFader" id="{c095e528-aefc-46de-be85-c86f41a5a8c7}" />
	<object class="MixerBusFader" id="{2dc494fa-8d16-47a7-93d3-a5df9c52e596}" />
</objects>
