<?xml version="1.0" encoding="UTF-8"?>
<objects serializationModel="Studio.02.01.00">
	<object class="Event" id="{0d9b1d20-0075-4871-a4e2-6fc1bc2a3d7c}">
		<property name="name">
			<value>Faction_Diplomacy_Escape_Conflicted_Appease</value>
		</property>
		<property name="outputFormat">
			<value>0</value>
		</property>
		<relationship name="folder">
			<destination>{158ad337-8269-4a32-865c-d3c458683eff}</destination>
		</relationship>
		<relationship name="mixer">
			<destination>{6b0d4557-d393-44ad-aea9-f3365a0238de}</destination>
		</relationship>
		<relationship name="masterTrack">
			<destination>{f766836c-4020-4017-8bb1-0dc0711a155d}</destination>
		</relationship>
		<relationship name="mixerInput">
			<destination>{eaf543b5-b9ad-44dd-92d9-eb028af8d137}</destination>
		</relationship>
		<relationship name="automatableProperties">
			<destination>{e1d57ecb-cdee-4843-ab11-def11ac0873a}</destination>
		</relationship>
		<relationship name="markerTracks">
			<destination>{0fd417b3-2ebd-4ab3-9036-0ecf6b5ca6d4}</destination>
		</relationship>
		<relationship name="groupTracks">
			<destination>{aac80796-aa8e-4d2d-8852-b02a88ea0943}</destination>
		</relationship>
		<relationship name="timeline">
			<destination>{506b48d0-d145-4552-93ff-fd367e42fa60}</destination>
		</relationship>
		<relationship name="banks">
			<destination>{8c3f9de4-14c8-4279-a712-2040780fff61}</destination>
		</relationship>
	</object>
	<object class="EventMixer" id="{6b0d4557-d393-44ad-aea9-f3365a0238de}">
		<relationship name="masterBus">
			<destination>{816c5a40-a75f-4696-ab7d-58e03d823429}</destination>
		</relationship>
	</object>
	<object class="MasterTrack" id="{f766836c-4020-4017-8bb1-0dc0711a155d}">
		<relationship name="mixerGroup">
			<destination>{816c5a40-a75f-4696-ab7d-58e03d823429}</destination>
		</relationship>
	</object>
	<object class="MixerInput" id="{eaf543b5-b9ad-44dd-92d9-eb028af8d137}">
		<relationship name="effectChain">
			<destination>{d51ad4e1-ccfe-4068-a983-2b95cd50fc15}</destination>
		</relationship>
		<relationship name="panner">
			<destination>{7cab4ad3-6437-4e7f-a6e5-d9f962a1ab3f}</destination>
		</relationship>
		<relationship name="output">
			<destination>{a74bdffc-cbb2-488b-ae3c-038020e1273d}</destination>
		</relationship>
	</object>
	<object class="EventAutomatableProperties" id="{e1d57ecb-cdee-4843-ab11-def11ac0873a}" />
	<object class="MarkerTrack" id="{0fd417b3-2ebd-4ab3-9036-0ecf6b5ca6d4}" />
	<object class="GroupTrack" id="{aac80796-aa8e-4d2d-8852-b02a88ea0943}">
		<relationship name="modules">
			<destination>{b6039dc6-a272-4e04-b714-6b09006d6c60}</destination>
		</relationship>
		<relationship name="mixerGroup">
			<destination>{d8f189d8-40de-41d9-81e0-e06968fe7509}</destination>
		</relationship>
	</object>
	<object class="Timeline" id="{506b48d0-d145-4552-93ff-fd367e42fa60}">
		<relationship name="modules">
			<destination>{b6039dc6-a272-4e04-b714-6b09006d6c60}</destination>
		</relationship>
	</object>
	<object class="EventMixerMaster" id="{816c5a40-a75f-4696-ab7d-58e03d823429}">
		<relationship name="effectChain">
			<destination>{1ba2ddc6-4c97-415b-9456-261222c39730}</destination>
		</relationship>
		<relationship name="panner">
			<destination>{73ea3122-c293-4094-8490-a88186de47b2}</destination>
		</relationship>
		<relationship name="mixer">
			<destination>{6b0d4557-d393-44ad-aea9-f3365a0238de}</destination>
		</relationship>
	</object>
	<object class="MixerBusEffectChain" id="{d51ad4e1-ccfe-4068-a983-2b95cd50fc15}">
		<relationship name="effects">
			<destination>{8f62c022-4ecf-4042-a0da-f1bc58e16ce4}</destination>
		</relationship>
	</object>
	<object class="MixerBusPanner" id="{7cab4ad3-6437-4e7f-a6e5-d9f962a1ab3f}" />
	<object class="SingleSound" id="{b6039dc6-a272-4e04-b714-6b09006d6c60}">
		<property name="length">
			<value>4.6587291666666664</value>
		</property>
		<relationship name="audioFile">
			<destination>{ec8de3f5-0bab-48e8-845b-8aa1c7a75bb2}</destination>
		</relationship>
	</object>
	<object class="EventMixerGroup" id="{d8f189d8-40de-41d9-81e0-e06968fe7509}">
		<property name="volume">
			<value>6</value>
		</property>
		<property name="name">
			<value>Audio 1</value>
		</property>
		<relationship name="effectChain">
			<destination>{29f6f76d-57a4-4895-ab2e-18bd41ac627d}</destination>
		</relationship>
		<relationship name="panner">
			<destination>{493d763e-0303-4685-813b-556f441c24c4}</destination>
		</relationship>
		<relationship name="output">
			<destination>{816c5a40-a75f-4696-ab7d-58e03d823429}</destination>
		</relationship>
	</object>
	<object class="MixerBusEffectChain" id="{1ba2ddc6-4c97-415b-9456-261222c39730}">
		<relationship name="effects">
			<destination>{a748703c-130a-44de-92f6-3d7f895cf75c}</destination>
		</relationship>
	</object>
	<object class="MixerBusPanner" id="{73ea3122-c293-4094-8490-a88186de47b2}" />
	<object class="MixerBusFader" id="{8f62c022-4ecf-4042-a0da-f1bc58e16ce4}" />
	<object class="MixerBusEffectChain" id="{29f6f76d-57a4-4895-ab2e-18bd41ac627d}">
		<relationship name="effects">
			<destination>{30885746-854b-48f3-b9a1-bdab022034a3}</destination>
		</relationship>
	</object>
	<object class="MixerBusPanner" id="{493d763e-0303-4685-813b-556f441c24c4}" />
	<object class="MixerBusFader" id="{a748703c-130a-44de-92f6-3d7f895cf75c}" />
	<object class="MixerBusFader" id="{30885746-854b-48f3-b9a1-bdab022034a3}" />
</objects>
