<?xml version="1.0" encoding="UTF-8"?>
<objects serializationModel="Studio.02.01.00">
	<object class="Event" id="{0da46c70-c98d-460e-8153-ff94c98bfe84}">
		<property name="name">
			<value>Assigned</value>
		</property>
		<property name="outputFormat">
			<value>0</value>
		</property>
		<relationship name="folder">
			<destination>{aa106499-3f05-487a-af22-a180f31ad7cf}</destination>
		</relationship>
		<relationship name="mixer">
			<destination>{5bf7419e-f399-4cac-a812-fd62778bf985}</destination>
		</relationship>
		<relationship name="masterTrack">
			<destination>{3015a8ea-a971-45cc-bf78-b8d365dfdab8}</destination>
		</relationship>
		<relationship name="mixerInput">
			<destination>{42c06c8e-d3f2-4107-9183-d4ef13969192}</destination>
		</relationship>
		<relationship name="automatableProperties">
			<destination>{e10edf65-bb48-4a05-a879-c94b75bf808e}</destination>
		</relationship>
		<relationship name="markerTracks">
			<destination>{8d9bde8e-2530-4e63-bd4d-c9dfa35528f8}</destination>
		</relationship>
		<relationship name="groupTracks">
			<destination>{69506c5d-9742-421b-8931-57ea159c9605}</destination>
		</relationship>
		<relationship name="timeline">
			<destination>{0f0e9065-507e-4e2d-a09c-874f03eaad6d}</destination>
		</relationship>
		<relationship name="banks">
			<destination>{8c3f9de4-14c8-4279-a712-2040780fff61}</destination>
		</relationship>
	</object>
	<object class="EventMixer" id="{5bf7419e-f399-4cac-a812-fd62778bf985}">
		<relationship name="masterBus">
			<destination>{137dea76-b102-49e1-9ab4-70685ea6568d}</destination>
		</relationship>
	</object>
	<object class="MasterTrack" id="{3015a8ea-a971-45cc-bf78-b8d365dfdab8}">
		<relationship name="mixerGroup">
			<destination>{137dea76-b102-49e1-9ab4-70685ea6568d}</destination>
		</relationship>
	</object>
	<object class="MixerInput" id="{42c06c8e-d3f2-4107-9183-d4ef13969192}">
		<relationship name="effectChain">
			<destination>{135cf9a7-fecb-4c85-b6b1-77b6d0881538}</destination>
		</relationship>
		<relationship name="panner">
			<destination>{ed1cd2c8-2e29-4e4a-a72a-298b2fcbc1ab}</destination>
		</relationship>
		<relationship name="output">
			<destination>{a74bdffc-cbb2-488b-ae3c-038020e1273d}</destination>
		</relationship>
	</object>
	<object class="EventAutomatableProperties" id="{e10edf65-bb48-4a05-a879-c94b75bf808e}" />
	<object class="MarkerTrack" id="{8d9bde8e-2530-4e63-bd4d-c9dfa35528f8}" />
	<object class="GroupTrack" id="{69506c5d-9742-421b-8931-57ea159c9605}">
		<relationship name="modules">
			<destination>{ef75adc1-9ffc-4475-a033-ef3dd838aede}</destination>
		</relationship>
		<relationship name="mixerGroup">
			<destination>{fb93639b-5524-474c-ac3e-b3b22ac4e751}</destination>
		</relationship>
	</object>
	<object class="Timeline" id="{0f0e9065-507e-4e2d-a09c-874f03eaad6d}">
		<relationship name="modules">
			<destination>{ef75adc1-9ffc-4475-a033-ef3dd838aede}</destination>
		</relationship>
	</object>
	<object class="EventMixerMaster" id="{137dea76-b102-49e1-9ab4-70685ea6568d}">
		<relationship name="effectChain">
			<destination>{3d5d9315-4b0a-4b08-a3c1-9e199a683ebd}</destination>
		</relationship>
		<relationship name="panner">
			<destination>{62e4311d-23e2-4773-b88b-1656de6b34d5}</destination>
		</relationship>
		<relationship name="mixer">
			<destination>{5bf7419e-f399-4cac-a812-fd62778bf985}</destination>
		</relationship>
	</object>
	<object class="MixerBusEffectChain" id="{135cf9a7-fecb-4c85-b6b1-77b6d0881538}">
		<relationship name="effects">
			<destination>{130c60ac-5019-47e0-8015-f257744dccf5}</destination>
		</relationship>
	</object>
	<object class="MixerBusPanner" id="{ed1cd2c8-2e29-4e4a-a72a-298b2fcbc1ab}" />
	<object class="MultiSound" id="{ef75adc1-9ffc-4475-a033-ef3dd838aede}">
		<property name="length">
			<value>1.5529583333333334</value>
		</property>
		<relationship name="sounds">
			<destination>{b5f761c4-8ada-4e5f-80ca-855540f907f0}</destination>
			<destination>{a4419659-5c89-4c88-b695-4875f8a8165f}</destination>
			<destination>{e3d7c376-bd8d-4de9-a8d8-d0cbe7367d36}</destination>
			<destination>{1e356716-560a-4cd6-97ed-5421bfd14b32}</destination>
			<destination>{042bc2af-3dc7-4b83-8598-25b03041f432}</destination>
		</relationship>
	</object>
	<object class="EventMixerGroup" id="{fb93639b-5524-474c-ac3e-b3b22ac4e751}">
		<property name="name">
			<value>Audio 1</value>
		</property>
		<relationship name="effectChain">
			<destination>{7bfc1654-51f1-454b-a9f3-a443429495d6}</destination>
		</relationship>
		<relationship name="panner">
			<destination>{08656fb9-3ede-44d6-af8f-32f1561c118d}</destination>
		</relationship>
		<relationship name="output">
			<destination>{137dea76-b102-49e1-9ab4-70685ea6568d}</destination>
		</relationship>
	</object>
	<object class="MixerBusEffectChain" id="{3d5d9315-4b0a-4b08-a3c1-9e199a683ebd}">
		<relationship name="effects">
			<destination>{450eea2d-11cd-4e9f-b719-22b945a1fc32}</destination>
		</relationship>
	</object>
	<object class="MixerBusPanner" id="{62e4311d-23e2-4773-b88b-1656de6b34d5}" />
	<object class="MixerBusFader" id="{130c60ac-5019-47e0-8015-f257744dccf5}" />
	<object class="SingleSound" id="{b5f761c4-8ada-4e5f-80ca-855540f907f0}">
		<relationship name="audioFile">
			<destination>{22df46a7-855c-42cf-883e-559d4bfd0a7b}</destination>
		</relationship>
	</object>
	<object class="SingleSound" id="{a4419659-5c89-4c88-b695-4875f8a8165f}">
		<relationship name="audioFile">
			<destination>{e7b0f427-1987-4adb-8cfa-a051e7666af9}</destination>
		</relationship>
	</object>
	<object class="SingleSound" id="{e3d7c376-bd8d-4de9-a8d8-d0cbe7367d36}">
		<relationship name="audioFile">
			<destination>{4a248c98-23df-401e-bd14-326ba6bb606f}</destination>
		</relationship>
	</object>
	<object class="SingleSound" id="{1e356716-560a-4cd6-97ed-5421bfd14b32}">
		<relationship name="audioFile">
			<destination>{415fc620-1b5c-41f0-94ab-bf8897dee807}</destination>
		</relationship>
	</object>
	<object class="SingleSound" id="{042bc2af-3dc7-4b83-8598-25b03041f432}">
		<relationship name="audioFile">
			<destination>{d1f870ab-ce6b-4ce5-8436-e50004f622ef}</destination>
		</relationship>
	</object>
	<object class="MixerBusEffectChain" id="{7bfc1654-51f1-454b-a9f3-a443429495d6}">
		<relationship name="effects">
			<destination>{78d2d865-9710-43e3-834a-18e7c1bb5552}</destination>
		</relationship>
	</object>
	<object class="MixerBusPanner" id="{08656fb9-3ede-44d6-af8f-32f1561c118d}" />
	<object class="MixerBusFader" id="{450eea2d-11cd-4e9f-b719-22b945a1fc32}" />
	<object class="MixerBusFader" id="{78d2d865-9710-43e3-834a-18e7c1bb5552}" />
</objects>
