<?xml version="1.0" encoding="UTF-8"?>
<objects serializationModel="Studio.02.01.00">
	<object class="Event" id="{0dbd3603-b750-48e7-a423-8d6350fe20b4}">
		<property name="name">
			<value>Faction_Diplomacy_Appease_Tolerance_Exploit</value>
		</property>
		<property name="outputFormat">
			<value>0</value>
		</property>
		<relationship name="folder">
			<destination>{158ad337-8269-4a32-865c-d3c458683eff}</destination>
		</relationship>
		<relationship name="mixer">
			<destination>{0af2d4d2-3c79-4162-b411-da8b7d899e84}</destination>
		</relationship>
		<relationship name="masterTrack">
			<destination>{993f55d7-a243-407b-abba-c981f447ac99}</destination>
		</relationship>
		<relationship name="mixerInput">
			<destination>{c2cdbc8d-7c4a-4c6e-ad50-0c59bd189895}</destination>
		</relationship>
		<relationship name="automatableProperties">
			<destination>{fccb2b54-68a8-420a-b925-76fd5837328a}</destination>
		</relationship>
		<relationship name="markerTracks">
			<destination>{b206968f-656b-4aec-a57a-657cd047c217}</destination>
		</relationship>
		<relationship name="groupTracks">
			<destination>{9d649af4-b23d-4217-8f13-8569f670c238}</destination>
		</relationship>
		<relationship name="timeline">
			<destination>{dc15850c-d741-4c0e-996f-40802dc11ae9}</destination>
		</relationship>
		<relationship name="banks">
			<destination>{8c3f9de4-14c8-4279-a712-2040780fff61}</destination>
		</relationship>
	</object>
	<object class="EventMixer" id="{0af2d4d2-3c79-4162-b411-da8b7d899e84}">
		<relationship name="masterBus">
			<destination>{6f263f33-08a8-427d-b2e6-6af30622bf4d}</destination>
		</relationship>
	</object>
	<object class="MasterTrack" id="{993f55d7-a243-407b-abba-c981f447ac99}">
		<relationship name="mixerGroup">
			<destination>{6f263f33-08a8-427d-b2e6-6af30622bf4d}</destination>
		</relationship>
	</object>
	<object class="MixerInput" id="{c2cdbc8d-7c4a-4c6e-ad50-0c59bd189895}">
		<relationship name="effectChain">
			<destination>{3ad72397-1e88-4103-bd75-86183afed197}</destination>
		</relationship>
		<relationship name="panner">
			<destination>{a61454de-9dfc-4032-a077-9db7e7c0f4e6}</destination>
		</relationship>
		<relationship name="output">
			<destination>{a74bdffc-cbb2-488b-ae3c-038020e1273d}</destination>
		</relationship>
	</object>
	<object class="EventAutomatableProperties" id="{fccb2b54-68a8-420a-b925-76fd5837328a}" />
	<object class="MarkerTrack" id="{b206968f-656b-4aec-a57a-657cd047c217}" />
	<object class="GroupTrack" id="{9d649af4-b23d-4217-8f13-8569f670c238}">
		<relationship name="modules">
			<destination>{02e2c704-a0cc-4260-9a6e-1406f31ddda1}</destination>
		</relationship>
		<relationship name="mixerGroup">
			<destination>{85c4ed24-a818-483b-9f5f-0416cf99cee5}</destination>
		</relationship>
	</object>
	<object class="Timeline" id="{dc15850c-d741-4c0e-996f-40802dc11ae9}">
		<relationship name="modules">
			<destination>{02e2c704-a0cc-4260-9a6e-1406f31ddda1}</destination>
		</relationship>
	</object>
	<object class="EventMixerMaster" id="{6f263f33-08a8-427d-b2e6-6af30622bf4d}">
		<relationship name="effectChain">
			<destination>{1303fc5c-3f53-4d54-8dbf-c520106c4e91}</destination>
		</relationship>
		<relationship name="panner">
			<destination>{e5d3a6c2-6898-4b0f-9b29-d375b199c889}</destination>
		</relationship>
		<relationship name="mixer">
			<destination>{0af2d4d2-3c79-4162-b411-da8b7d899e84}</destination>
		</relationship>
	</object>
	<object class="MixerBusEffectChain" id="{3ad72397-1e88-4103-bd75-86183afed197}">
		<relationship name="effects">
			<destination>{06f76fae-c34a-442f-a8a8-16105fe4bc24}</destination>
		</relationship>
	</object>
	<object class="MixerBusPanner" id="{a61454de-9dfc-4032-a077-9db7e7c0f4e6}" />
	<object class="SingleSound" id="{02e2c704-a0cc-4260-9a6e-1406f31ddda1}">
		<property name="length">
			<value>4.41275</value>
		</property>
		<relationship name="audioFile">
			<destination>{23cd0283-f010-439f-ad8d-bc694536bcd1}</destination>
		</relationship>
	</object>
	<object class="EventMixerGroup" id="{85c4ed24-a818-483b-9f5f-0416cf99cee5}">
		<property name="name">
			<value>Audio 1</value>
		</property>
		<relationship name="effectChain">
			<destination>{691ffe5b-7196-4c3e-8c76-7c74fae0758a}</destination>
		</relationship>
		<relationship name="panner">
			<destination>{f8e982da-226d-41e0-96f4-f673a5eb513c}</destination>
		</relationship>
		<relationship name="output">
			<destination>{6f263f33-08a8-427d-b2e6-6af30622bf4d}</destination>
		</relationship>
	</object>
	<object class="MixerBusEffectChain" id="{1303fc5c-3f53-4d54-8dbf-c520106c4e91}">
		<relationship name="effects">
			<destination>{b2a32d28-fa3b-40d7-aa5e-d59d7966ecf5}</destination>
		</relationship>
	</object>
	<object class="MixerBusPanner" id="{e5d3a6c2-6898-4b0f-9b29-d375b199c889}" />
	<object class="MixerBusFader" id="{06f76fae-c34a-442f-a8a8-16105fe4bc24}" />
	<object class="MixerBusEffectChain" id="{691ffe5b-7196-4c3e-8c76-7c74fae0758a}">
		<relationship name="effects">
			<destination>{2b7953b2-9923-4162-bd60-babf839f5368}</destination>
		</relationship>
	</object>
	<object class="MixerBusPanner" id="{f8e982da-226d-41e0-96f4-f673a5eb513c}" />
	<object class="MixerBusFader" id="{b2a32d28-fa3b-40d7-aa5e-d59d7966ecf5}" />
	<object class="MixerBusFader" id="{2b7953b2-9923-4162-bd60-babf839f5368}" />
</objects>
