<?xml version="1.0" encoding="UTF-8"?>
<objects serializationModel="Studio.02.01.00">
	<object class="Event" id="{0db5a68d-a219-421d-b431-2ef4f72564e5}">
		<property name="name">
			<value>Failure</value>
		</property>
		<property name="outputFormat">
			<value>0</value>
		</property>
		<relationship name="folder">
			<destination>{469455fc-563c-42c5-94a5-8b69c19e34fa}</destination>
		</relationship>
		<relationship name="mixer">
			<destination>{1309bbc7-15b8-40d8-afb8-59093da63a14}</destination>
		</relationship>
		<relationship name="masterTrack">
			<destination>{f2262364-bc5b-46f3-bb5f-677e5e07efba}</destination>
		</relationship>
		<relationship name="mixerInput">
			<destination>{117716f7-dd92-4a42-b00f-df699058017e}</destination>
		</relationship>
		<relationship name="automatableProperties">
			<destination>{04291067-a898-4291-80a2-8d73843ccdba}</destination>
		</relationship>
		<relationship name="markerTracks">
			<destination>{dc09a295-3547-4190-8d6c-62fec649a063}</destination>
		</relationship>
		<relationship name="groupTracks">
			<destination>{31fe82b9-d113-4f32-b8b9-33807cd99f15}</destination>
		</relationship>
		<relationship name="timeline">
			<destination>{f423ddad-dce6-4f7b-8c7a-5e1992fcef40}</destination>
		</relationship>
		<relationship name="banks">
			<destination>{8c3f9de4-14c8-4279-a712-2040780fff61}</destination>
		</relationship>
	</object>
	<object class="EventMixer" id="{1309bbc7-15b8-40d8-afb8-59093da63a14}">
		<relationship name="masterBus">
			<destination>{aca5c24b-c1f8-4170-8bf1-b247178c9152}</destination>
		</relationship>
	</object>
	<object class="MasterTrack" id="{f2262364-bc5b-46f3-bb5f-677e5e07efba}">
		<relationship name="mixerGroup">
			<destination>{aca5c24b-c1f8-4170-8bf1-b247178c9152}</destination>
		</relationship>
	</object>
	<object class="MixerInput" id="{117716f7-dd92-4a42-b00f-df699058017e}">
		<relationship name="effectChain">
			<destination>{2fa74d78-4fda-4c88-a4b5-11090142575b}</destination>
		</relationship>
		<relationship name="panner">
			<destination>{9ca96b51-7a1e-4526-bc1e-d2ce07e707f8}</destination>
		</relationship>
		<relationship name="output">
			<destination>{a74bdffc-cbb2-488b-ae3c-038020e1273d}</destination>
		</relationship>
	</object>
	<object class="EventAutomatableProperties" id="{04291067-a898-4291-80a2-8d73843ccdba}" />
	<object class="MarkerTrack" id="{dc09a295-3547-4190-8d6c-62fec649a063}" />
	<object class="GroupTrack" id="{31fe82b9-d113-4f32-b8b9-33807cd99f15}">
		<relationship name="modules">
			<destination>{2503e1e3-b818-4f32-8d64-00d3724f0cf1}</destination>
		</relationship>
		<relationship name="mixerGroup">
			<destination>{d977268e-da11-42b1-b149-3739224e4c94}</destination>
		</relationship>
	</object>
	<object class="Timeline" id="{f423ddad-dce6-4f7b-8c7a-5e1992fcef40}">
		<relationship name="modules">
			<destination>{2503e1e3-b818-4f32-8d64-00d3724f0cf1}</destination>
		</relationship>
	</object>
	<object class="EventMixerMaster" id="{aca5c24b-c1f8-4170-8bf1-b247178c9152}">
		<relationship name="effectChain">
			<destination>{e4c26f35-0733-4358-b000-57ad47c373b8}</destination>
		</relationship>
		<relationship name="panner">
			<destination>{5194f0dc-458b-4024-a40b-a786bbebb1ef}</destination>
		</relationship>
		<relationship name="mixer">
			<destination>{1309bbc7-15b8-40d8-afb8-59093da63a14}</destination>
		</relationship>
	</object>
	<object class="MixerBusEffectChain" id="{2fa74d78-4fda-4c88-a4b5-11090142575b}">
		<relationship name="effects">
			<destination>{f9d01302-c5e4-4d17-bfe1-24579121bb9c}</destination>
		</relationship>
	</object>
	<object class="MixerBusPanner" id="{9ca96b51-7a1e-4526-bc1e-d2ce07e707f8}" />
	<object class="MultiSound" id="{2503e1e3-b818-4f32-8d64-00d3724f0cf1}">
		<property name="length">
			<value>2.2705625</value>
		</property>
		<relationship name="sounds">
			<destination>{93a20ef8-d344-4baf-bdcf-4d6ed1fdf5e9}</destination>
			<destination>{5acd6893-1ecd-4d77-b64b-a85aa81a1029}</destination>
			<destination>{d92aca36-7b2b-48a6-881e-6fa2d83814d3}</destination>
		</relationship>
	</object>
	<object class="EventMixerGroup" id="{d977268e-da11-42b1-b149-3739224e4c94}">
		<property name="name">
			<value>Audio 1</value>
		</property>
		<relationship name="effectChain">
			<destination>{dfad9e3b-ddac-4fae-a6b5-577d2922a77f}</destination>
		</relationship>
		<relationship name="panner">
			<destination>{feb0f054-1873-470c-ad67-04d70ff61aee}</destination>
		</relationship>
		<relationship name="output">
			<destination>{aca5c24b-c1f8-4170-8bf1-b247178c9152}</destination>
		</relationship>
	</object>
	<object class="MixerBusEffectChain" id="{e4c26f35-0733-4358-b000-57ad47c373b8}">
		<relationship name="effects">
			<destination>{38dcb2f8-4fc6-424d-adf3-b536399720b0}</destination>
		</relationship>
	</object>
	<object class="MixerBusPanner" id="{5194f0dc-458b-4024-a40b-a786bbebb1ef}" />
	<object class="MixerBusFader" id="{f9d01302-c5e4-4d17-bfe1-24579121bb9c}" />
	<object class="SingleSound" id="{93a20ef8-d344-4baf-bdcf-4d6ed1fdf5e9}">
		<relationship name="audioFile">
			<destination>{59bd3363-f5f2-4273-a063-3d5892132e97}</destination>
		</relationship>
	</object>
	<object class="SingleSound" id="{5acd6893-1ecd-4d77-b64b-a85aa81a1029}">
		<relationship name="audioFile">
			<destination>{c7a693f3-19cf-4b08-a503-5ea8e7518057}</destination>
		</relationship>
	</object>
	<object class="SingleSound" id="{d92aca36-7b2b-48a6-881e-6fa2d83814d3}">
		<relationship name="audioFile">
			<destination>{7a3b7759-8a91-4f7b-ac08-3da42ce0a7e9}</destination>
		</relationship>
	</object>
	<object class="MixerBusEffectChain" id="{dfad9e3b-ddac-4fae-a6b5-577d2922a77f}">
		<relationship name="effects">
			<destination>{ddd841ba-5997-44d4-b581-633cc61bcb68}</destination>
		</relationship>
	</object>
	<object class="MixerBusPanner" id="{feb0f054-1873-470c-ad67-04d70ff61aee}" />
	<object class="MixerBusFader" id="{38dcb2f8-4fc6-424d-adf3-b536399720b0}" />
	<object class="MixerBusFader" id="{ddd841ba-5997-44d4-b581-633cc61bcb68}" />
</objects>
