<?xml version="1.0" encoding="UTF-8"?>
<objects serializationModel="Studio.02.01.00">
	<object class="Event" id="{0dc46634-462e-4528-9512-d4ee84a97667}">
		<property name="name">
			<value>Assigned</value>
		</property>
		<property name="outputFormat">
			<value>0</value>
		</property>
		<relationship name="folder">
			<destination>{cc08321e-c31a-44e4-9100-a8e194cae310}</destination>
		</relationship>
		<relationship name="mixer">
			<destination>{a96b8f02-40d4-4e29-8076-297310faedcc}</destination>
		</relationship>
		<relationship name="masterTrack">
			<destination>{9efc2c68-5132-4701-90c0-bdc8b020c2b9}</destination>
		</relationship>
		<relationship name="mixerInput">
			<destination>{17843e63-7031-4922-9055-d817c9df06ec}</destination>
		</relationship>
		<relationship name="automatableProperties">
			<destination>{fc0776c6-c95f-42b2-939d-fa1edb8764a1}</destination>
		</relationship>
		<relationship name="markerTracks">
			<destination>{38204557-009c-4178-b59e-2c7d14e2ce8f}</destination>
		</relationship>
		<relationship name="groupTracks">
			<destination>{d82fdfcb-1d8d-41dd-a0ad-7b7ecaa1bc44}</destination>
		</relationship>
		<relationship name="timeline">
			<destination>{9dcfe10f-124d-40aa-9883-3848a3a19fc3}</destination>
		</relationship>
		<relationship name="banks">
			<destination>{8c3f9de4-14c8-4279-a712-2040780fff61}</destination>
		</relationship>
	</object>
	<object class="EventMixer" id="{a96b8f02-40d4-4e29-8076-297310faedcc}">
		<relationship name="masterBus">
			<destination>{c76c2b70-db50-4eee-bb7d-586b3a24fc35}</destination>
		</relationship>
	</object>
	<object class="MasterTrack" id="{9efc2c68-5132-4701-90c0-bdc8b020c2b9}">
		<relationship name="mixerGroup">
			<destination>{c76c2b70-db50-4eee-bb7d-586b3a24fc35}</destination>
		</relationship>
	</object>
	<object class="MixerInput" id="{17843e63-7031-4922-9055-d817c9df06ec}">
		<relationship name="effectChain">
			<destination>{c6324c47-4e12-449c-b667-a482dc7a04aa}</destination>
		</relationship>
		<relationship name="panner">
			<destination>{3bed0c76-7428-48bd-b322-494cab86a12f}</destination>
		</relationship>
		<relationship name="output">
			<destination>{a74bdffc-cbb2-488b-ae3c-038020e1273d}</destination>
		</relationship>
	</object>
	<object class="EventAutomatableProperties" id="{fc0776c6-c95f-42b2-939d-fa1edb8764a1}" />
	<object class="MarkerTrack" id="{38204557-009c-4178-b59e-2c7d14e2ce8f}" />
	<object class="GroupTrack" id="{d82fdfcb-1d8d-41dd-a0ad-7b7ecaa1bc44}">
		<relationship name="modules">
			<destination>{3a4de1ae-e2d4-453d-894e-b8bd538ff21a}</destination>
		</relationship>
		<relationship name="mixerGroup">
			<destination>{9405c8c3-f2fd-419b-874f-84697e74e065}</destination>
		</relationship>
	</object>
	<object class="Timeline" id="{9dcfe10f-124d-40aa-9883-3848a3a19fc3}">
		<relationship name="modules">
			<destination>{3a4de1ae-e2d4-453d-894e-b8bd538ff21a}</destination>
		</relationship>
	</object>
	<object class="EventMixerMaster" id="{c76c2b70-db50-4eee-bb7d-586b3a24fc35}">
		<relationship name="effectChain">
			<destination>{9efcec36-c46f-48d4-a426-f002ed818bd8}</destination>
		</relationship>
		<relationship name="panner">
			<destination>{5a98cad5-2308-4978-9c83-b4c99343f4cd}</destination>
		</relationship>
		<relationship name="mixer">
			<destination>{a96b8f02-40d4-4e29-8076-297310faedcc}</destination>
		</relationship>
	</object>
	<object class="MixerBusEffectChain" id="{c6324c47-4e12-449c-b667-a482dc7a04aa}">
		<relationship name="effects">
			<destination>{fb9a86ae-fea4-4bbb-9930-826fa96039d6}</destination>
		</relationship>
	</object>
	<object class="MixerBusPanner" id="{3bed0c76-7428-48bd-b322-494cab86a12f}" />
	<object class="MultiSound" id="{3a4de1ae-e2d4-453d-894e-b8bd538ff21a}">
		<property name="length">
			<value>2.3896041666666665</value>
		</property>
		<relationship name="sounds">
			<destination>{aff4bb10-95c9-429e-967c-89ac501ed88d}</destination>
			<destination>{c4d9f834-013b-4a2f-b05b-ad190184895b}</destination>
			<destination>{6e99ce92-b093-499f-8aa7-3674273025be}</destination>
			<destination>{7ea963b3-ab46-46f3-9729-0b53a71a157f}</destination>
		</relationship>
	</object>
	<object class="EventMixerGroup" id="{9405c8c3-f2fd-419b-874f-84697e74e065}">
		<property name="name">
			<value>Audio 1</value>
		</property>
		<relationship name="effectChain">
			<destination>{6cdb4abd-fec8-4be2-b8ff-a907136a3537}</destination>
		</relationship>
		<relationship name="panner">
			<destination>{3d4ba853-694a-444a-a81e-f8e01a027b48}</destination>
		</relationship>
		<relationship name="output">
			<destination>{c76c2b70-db50-4eee-bb7d-586b3a24fc35}</destination>
		</relationship>
	</object>
	<object class="MixerBusEffectChain" id="{9efcec36-c46f-48d4-a426-f002ed818bd8}">
		<relationship name="effects">
			<destination>{3579ba60-a312-416f-ad22-afd244f594f1}</destination>
		</relationship>
	</object>
	<object class="MixerBusPanner" id="{5a98cad5-2308-4978-9c83-b4c99343f4cd}" />
	<object class="MixerBusFader" id="{fb9a86ae-fea4-4bbb-9930-826fa96039d6}" />
	<object class="SingleSound" id="{aff4bb10-95c9-429e-967c-89ac501ed88d}">
		<relationship name="audioFile">
			<destination>{40b525ab-f671-4e54-b790-9a244f9b7ed4}</destination>
		</relationship>
	</object>
	<object class="SingleSound" id="{c4d9f834-013b-4a2f-b05b-ad190184895b}">
		<relationship name="audioFile">
			<destination>{ea025039-5617-4a9e-8129-0a424ec4a320}</destination>
		</relationship>
	</object>
	<object class="SingleSound" id="{6e99ce92-b093-499f-8aa7-3674273025be}">
		<relationship name="audioFile">
			<destination>{cc76ea7e-76c2-4833-ae8e-b63930753f67}</destination>
		</relationship>
	</object>
	<object class="SingleSound" id="{7ea963b3-ab46-46f3-9729-0b53a71a157f}">
		<relationship name="audioFile">
			<destination>{2de1b352-307e-4800-80bc-feb7da508c87}</destination>
		</relationship>
	</object>
	<object class="MixerBusEffectChain" id="{6cdb4abd-fec8-4be2-b8ff-a907136a3537}">
		<relationship name="effects">
			<destination>{bf951355-0e98-4abf-a5b4-2040f7eed258}</destination>
		</relationship>
	</object>
	<object class="MixerBusPanner" id="{3d4ba853-694a-444a-a81e-f8e01a027b48}" />
	<object class="MixerBusFader" id="{3579ba60-a312-416f-ad22-afd244f594f1}" />
	<object class="MixerBusFader" id="{bf951355-0e98-4abf-a5b4-2040f7eed258}" />
</objects>
