<?xml version="1.0" encoding="UTF-8"?>
<objects serializationModel="Studio.02.01.00">
	<object class="Event" id="{0deefb6d-e51e-4ea9-a896-bd708a5cb94c}">
		<property name="name">
			<value>Success</value>
		</property>
		<property name="outputFormat">
			<value>0</value>
		</property>
		<relationship name="folder">
			<destination>{7576ee08-216f-4a0a-a093-3c7628566766}</destination>
		</relationship>
		<relationship name="mixer">
			<destination>{c20f7e86-b592-4cf4-a64d-1c3c950bff34}</destination>
		</relationship>
		<relationship name="masterTrack">
			<destination>{188bb734-2fe8-43b4-9c0f-ea8466f1be4d}</destination>
		</relationship>
		<relationship name="mixerInput">
			<destination>{857e365a-b7ca-46ed-ac6c-9dd302a095be}</destination>
		</relationship>
		<relationship name="automatableProperties">
			<destination>{881ef4fa-aa7c-431d-9ebc-37e97c417005}</destination>
		</relationship>
		<relationship name="markerTracks">
			<destination>{9c5c46b0-539d-46f9-ad4f-ac7562d5497b}</destination>
		</relationship>
		<relationship name="groupTracks">
			<destination>{e6020b1f-cfb9-4d35-aaea-dbc67a5d5618}</destination>
		</relationship>
		<relationship name="timeline">
			<destination>{bb1905e1-9c9e-4298-b1a7-29cce744cd7c}</destination>
		</relationship>
		<relationship name="banks">
			<destination>{8c3f9de4-14c8-4279-a712-2040780fff61}</destination>
		</relationship>
	</object>
	<object class="EventMixer" id="{c20f7e86-b592-4cf4-a64d-1c3c950bff34}">
		<relationship name="masterBus">
			<destination>{5f353ea5-d387-4c5e-a4fd-9b4d7a62cbdd}</destination>
		</relationship>
	</object>
	<object class="MasterTrack" id="{188bb734-2fe8-43b4-9c0f-ea8466f1be4d}">
		<relationship name="mixerGroup">
			<destination>{5f353ea5-d387-4c5e-a4fd-9b4d7a62cbdd}</destination>
		</relationship>
	</object>
	<object class="MixerInput" id="{857e365a-b7ca-46ed-ac6c-9dd302a095be}">
		<relationship name="effectChain">
			<destination>{8978cb4d-37ab-45df-86f5-8b15b7d9b7d6}</destination>
		</relationship>
		<relationship name="panner">
			<destination>{c8ec8e38-ed31-4e0d-8dc6-beadf3159018}</destination>
		</relationship>
		<relationship name="output">
			<destination>{a74bdffc-cbb2-488b-ae3c-038020e1273d}</destination>
		</relationship>
	</object>
	<object class="EventAutomatableProperties" id="{881ef4fa-aa7c-431d-9ebc-37e97c417005}" />
	<object class="MarkerTrack" id="{9c5c46b0-539d-46f9-ad4f-ac7562d5497b}" />
	<object class="GroupTrack" id="{e6020b1f-cfb9-4d35-aaea-dbc67a5d5618}">
		<relationship name="modules">
			<destination>{33a5c225-50e2-46f3-8dec-4c246c525c57}</destination>
		</relationship>
		<relationship name="mixerGroup">
			<destination>{08e01852-4932-4e65-897b-010f6a3fa4a2}</destination>
		</relationship>
	</object>
	<object class="Timeline" id="{bb1905e1-9c9e-4298-b1a7-29cce744cd7c}">
		<relationship name="modules">
			<destination>{33a5c225-50e2-46f3-8dec-4c246c525c57}</destination>
		</relationship>
	</object>
	<object class="EventMixerMaster" id="{5f353ea5-d387-4c5e-a4fd-9b4d7a62cbdd}">
		<relationship name="effectChain">
			<destination>{e8c58a1f-bfc1-44f1-bf79-7701d2683a92}</destination>
		</relationship>
		<relationship name="panner">
			<destination>{6096f8ab-6894-44f9-a4ff-a4fdb8ee0a57}</destination>
		</relationship>
		<relationship name="mixer">
			<destination>{c20f7e86-b592-4cf4-a64d-1c3c950bff34}</destination>
		</relationship>
	</object>
	<object class="MixerBusEffectChain" id="{8978cb4d-37ab-45df-86f5-8b15b7d9b7d6}">
		<relationship name="effects">
			<destination>{d0d62583-cff6-4240-8473-0b4ee13f1464}</destination>
		</relationship>
	</object>
	<object class="MixerBusPanner" id="{c8ec8e38-ed31-4e0d-8dc6-beadf3159018}" />
	<object class="MultiSound" id="{33a5c225-50e2-46f3-8dec-4c246c525c57}">
		<property name="length">
			<value>1.9634791666666667</value>
		</property>
		<relationship name="sounds">
			<destination>{81cc5c33-8ed9-43e1-a509-cfcae861bbcb}</destination>
			<destination>{05db7f91-9f1d-46cc-b49c-21b6f2fa68a9}</destination>
			<destination>{e968ddf2-e667-47b0-abb4-63bcb49f9309}</destination>
		</relationship>
	</object>
	<object class="EventMixerGroup" id="{08e01852-4932-4e65-897b-010f6a3fa4a2}">
		<property name="name">
			<value>Audio 1</value>
		</property>
		<relationship name="effectChain">
			<destination>{cb8ff19f-317e-4998-8b70-69115d2a1588}</destination>
		</relationship>
		<relationship name="panner">
			<destination>{b0aae258-417c-4b08-982b-edb9d90f4702}</destination>
		</relationship>
		<relationship name="output">
			<destination>{5f353ea5-d387-4c5e-a4fd-9b4d7a62cbdd}</destination>
		</relationship>
	</object>
	<object class="MixerBusEffectChain" id="{e8c58a1f-bfc1-44f1-bf79-7701d2683a92}">
		<relationship name="effects">
			<destination>{5af3b791-e2c7-4c96-a483-bc2a53874d65}</destination>
		</relationship>
	</object>
	<object class="MixerBusPanner" id="{6096f8ab-6894-44f9-a4ff-a4fdb8ee0a57}" />
	<object class="MixerBusFader" id="{d0d62583-cff6-4240-8473-0b4ee13f1464}" />
	<object class="SingleSound" id="{81cc5c33-8ed9-43e1-a509-cfcae861bbcb}">
		<relationship name="audioFile">
			<destination>{f65633db-693c-4dbd-968d-52de00d3f859}</destination>
		</relationship>
	</object>
	<object class="SingleSound" id="{05db7f91-9f1d-46cc-b49c-21b6f2fa68a9}">
		<relationship name="audioFile">
			<destination>{92d236d8-4869-423a-9232-b45111b5df88}</destination>
		</relationship>
	</object>
	<object class="SingleSound" id="{e968ddf2-e667-47b0-abb4-63bcb49f9309}">
		<relationship name="audioFile">
			<destination>{debaa033-a481-49fc-8498-49693089a538}</destination>
		</relationship>
	</object>
	<object class="MixerBusEffectChain" id="{cb8ff19f-317e-4998-8b70-69115d2a1588}">
		<relationship name="effects">
			<destination>{3af31b51-de80-43dc-9646-c6f9071cb810}</destination>
		</relationship>
	</object>
	<object class="MixerBusPanner" id="{b0aae258-417c-4b08-982b-edb9d90f4702}" />
	<object class="MixerBusFader" id="{5af3b791-e2c7-4c96-a483-bc2a53874d65}" />
	<object class="MixerBusFader" id="{3af31b51-de80-43dc-9646-c6f9071cb810}" />
</objects>
