<?xml version="1.0" encoding="UTF-8"?>
<objects serializationModel="Studio.02.01.00">
	<object class="Event" id="{0de0bbb1-0a4b-4911-8fb1-1b39cb7382de}">
		<property name="name">
			<value>Success</value>
		</property>
		<property name="outputFormat">
			<value>0</value>
		</property>
		<relationship name="folder">
			<destination>{cc08321e-c31a-44e4-9100-a8e194cae310}</destination>
		</relationship>
		<relationship name="mixer">
			<destination>{554fa63c-321b-4730-8fd7-5f4bed0c26fc}</destination>
		</relationship>
		<relationship name="masterTrack">
			<destination>{7873b874-ec92-4e54-8bef-913f6b7bd021}</destination>
		</relationship>
		<relationship name="mixerInput">
			<destination>{53f018d4-a2d4-46a2-ac0f-a24532b0f5f5}</destination>
		</relationship>
		<relationship name="automatableProperties">
			<destination>{6bf99722-a3f9-442b-836f-09bdf4f8e062}</destination>
		</relationship>
		<relationship name="markerTracks">
			<destination>{77738eff-b5af-4f61-a784-9f9f3d0388aa}</destination>
		</relationship>
		<relationship name="groupTracks">
			<destination>{48bd6549-d4b6-4791-a01e-5657479cf9e5}</destination>
		</relationship>
		<relationship name="timeline">
			<destination>{c29684ef-95be-4347-a524-560aeee79cab}</destination>
		</relationship>
		<relationship name="banks">
			<destination>{8c3f9de4-14c8-4279-a712-2040780fff61}</destination>
		</relationship>
	</object>
	<object class="EventMixer" id="{554fa63c-321b-4730-8fd7-5f4bed0c26fc}">
		<relationship name="masterBus">
			<destination>{1c99e043-1ea7-43e9-8a75-5835db56fd07}</destination>
		</relationship>
	</object>
	<object class="MasterTrack" id="{7873b874-ec92-4e54-8bef-913f6b7bd021}">
		<relationship name="mixerGroup">
			<destination>{1c99e043-1ea7-43e9-8a75-5835db56fd07}</destination>
		</relationship>
	</object>
	<object class="MixerInput" id="{53f018d4-a2d4-46a2-ac0f-a24532b0f5f5}">
		<relationship name="effectChain">
			<destination>{4cd5b524-e579-4c62-87b3-a13264c849d3}</destination>
		</relationship>
		<relationship name="panner">
			<destination>{7e6ad825-e69a-428f-8fa4-582ad758a97e}</destination>
		</relationship>
		<relationship name="output">
			<destination>{a74bdffc-cbb2-488b-ae3c-038020e1273d}</destination>
		</relationship>
	</object>
	<object class="EventAutomatableProperties" id="{6bf99722-a3f9-442b-836f-09bdf4f8e062}" />
	<object class="MarkerTrack" id="{77738eff-b5af-4f61-a784-9f9f3d0388aa}" />
	<object class="GroupTrack" id="{48bd6549-d4b6-4791-a01e-5657479cf9e5}">
		<relationship name="modules">
			<destination>{2f2b368e-8da3-4b61-83a1-d72973a3aa61}</destination>
		</relationship>
		<relationship name="mixerGroup">
			<destination>{21219557-9354-4834-890b-2ba9c4f36722}</destination>
		</relationship>
	</object>
	<object class="Timeline" id="{c29684ef-95be-4347-a524-560aeee79cab}">
		<relationship name="modules">
			<destination>{2f2b368e-8da3-4b61-83a1-d72973a3aa61}</destination>
		</relationship>
	</object>
	<object class="EventMixerMaster" id="{1c99e043-1ea7-43e9-8a75-5835db56fd07}">
		<relationship name="effectChain">
			<destination>{181ef02a-af8c-4dfb-a13c-442a8ef29d6a}</destination>
		</relationship>
		<relationship name="panner">
			<destination>{fea1b55a-004e-4e13-8959-eb72b8d42f28}</destination>
		</relationship>
		<relationship name="mixer">
			<destination>{554fa63c-321b-4730-8fd7-5f4bed0c26fc}</destination>
		</relationship>
	</object>
	<object class="MixerBusEffectChain" id="{4cd5b524-e579-4c62-87b3-a13264c849d3}">
		<relationship name="effects">
			<destination>{cc770e39-8939-4869-bb99-2da7cf5308f3}</destination>
		</relationship>
	</object>
	<object class="MixerBusPanner" id="{7e6ad825-e69a-428f-8fa4-582ad758a97e}" />
	<object class="MultiSound" id="{2f2b368e-8da3-4b61-83a1-d72973a3aa61}">
		<property name="length">
			<value>1.9628958333333333</value>
		</property>
		<relationship name="sounds">
			<destination>{fd85bb84-23c2-4c1e-b751-9f9c31b19af8}</destination>
			<destination>{d52f8e52-df46-4ab0-b46f-86babddb135c}</destination>
			<destination>{9175e778-afdc-4f66-8ecf-35742c38a3bb}</destination>
			<destination>{13b03647-8cb1-4767-8a39-6d535fe77c58}</destination>
		</relationship>
	</object>
	<object class="EventMixerGroup" id="{21219557-9354-4834-890b-2ba9c4f36722}">
		<property name="name">
			<value>Audio 1</value>
		</property>
		<relationship name="effectChain">
			<destination>{926298e0-386e-4e86-b023-e24d85a7f0e7}</destination>
		</relationship>
		<relationship name="panner">
			<destination>{500a517e-8820-40ad-ac58-7d9a8162c78f}</destination>
		</relationship>
		<relationship name="output">
			<destination>{1c99e043-1ea7-43e9-8a75-5835db56fd07}</destination>
		</relationship>
	</object>
	<object class="MixerBusEffectChain" id="{181ef02a-af8c-4dfb-a13c-442a8ef29d6a}">
		<relationship name="effects">
			<destination>{2ec70fb4-d6ab-45c4-ac01-56b4e2512935}</destination>
		</relationship>
	</object>
	<object class="MixerBusPanner" id="{fea1b55a-004e-4e13-8959-eb72b8d42f28}" />
	<object class="MixerBusFader" id="{cc770e39-8939-4869-bb99-2da7cf5308f3}" />
	<object class="SingleSound" id="{fd85bb84-23c2-4c1e-b751-9f9c31b19af8}">
		<relationship name="audioFile">
			<destination>{642b7340-80c2-4d5e-90bd-d8917bf2c4f3}</destination>
		</relationship>
	</object>
	<object class="SingleSound" id="{d52f8e52-df46-4ab0-b46f-86babddb135c}">
		<relationship name="audioFile">
			<destination>{ed9c56d1-0802-4e13-a3ad-818248a88899}</destination>
		</relationship>
	</object>
	<object class="SingleSound" id="{9175e778-afdc-4f66-8ecf-35742c38a3bb}">
		<relationship name="audioFile">
			<destination>{af990159-a55b-4384-b0e2-e7c693e11005}</destination>
		</relationship>
	</object>
	<object class="SingleSound" id="{13b03647-8cb1-4767-8a39-6d535fe77c58}">
		<relationship name="audioFile">
			<destination>{64c00b85-d8ae-4c2f-957b-953945698825}</destination>
		</relationship>
	</object>
	<object class="MixerBusEffectChain" id="{926298e0-386e-4e86-b023-e24d85a7f0e7}">
		<relationship name="effects">
			<destination>{75608b06-5e90-40f2-8d90-2ba0024d915d}</destination>
		</relationship>
	</object>
	<object class="MixerBusPanner" id="{500a517e-8820-40ad-ac58-7d9a8162c78f}" />
	<object class="MixerBusFader" id="{2ec70fb4-d6ab-45c4-ac01-56b4e2512935}" />
	<object class="MixerBusFader" id="{75608b06-5e90-40f2-8d90-2ba0024d915d}" />
</objects>
