<?xml version="1.0" encoding="UTF-8"?>
<objects serializationModel="Studio.02.01.00">
	<object class="Event" id="{0defdd97-8434-4b4b-9f1b-4bac53ff50fb}">
		<property name="name">
			<value>Tutorial_TutorialBuildStationPower</value>
		</property>
		<property name="outputFormat">
			<value>0</value>
		</property>
		<relationship name="folder">
			<destination>{158ad337-8269-4a32-865c-d3c458683eff}</destination>
		</relationship>
		<relationship name="mixer">
			<destination>{53b190e5-1fef-4194-a16c-e8d2199fe05d}</destination>
		</relationship>
		<relationship name="masterTrack">
			<destination>{c8b2953d-4323-4068-a049-60565eac011c}</destination>
		</relationship>
		<relationship name="mixerInput">
			<destination>{ca0f4ef2-8aca-40fd-b89e-2248b30896c8}</destination>
		</relationship>
		<relationship name="automatableProperties">
			<destination>{e2a2fec7-5f10-4534-aa54-bf69c2f3794d}</destination>
		</relationship>
		<relationship name="markerTracks">
			<destination>{ebae93d9-5f92-4d38-aaa3-49dcbc673b5b}</destination>
		</relationship>
		<relationship name="groupTracks">
			<destination>{dacf535d-85da-464e-9c82-abdbb392f029}</destination>
		</relationship>
		<relationship name="timeline">
			<destination>{f9df2acf-0e2d-4fe6-bc08-36e05e66460b}</destination>
		</relationship>
		<relationship name="banks">
			<destination>{8c3f9de4-14c8-4279-a712-2040780fff61}</destination>
		</relationship>
	</object>
	<object class="EventMixer" id="{53b190e5-1fef-4194-a16c-e8d2199fe05d}">
		<relationship name="masterBus">
			<destination>{e64a9f8c-2d82-44fd-8301-4710536449ff}</destination>
		</relationship>
	</object>
	<object class="MasterTrack" id="{c8b2953d-4323-4068-a049-60565eac011c}">
		<relationship name="mixerGroup">
			<destination>{e64a9f8c-2d82-44fd-8301-4710536449ff}</destination>
		</relationship>
	</object>
	<object class="MixerInput" id="{ca0f4ef2-8aca-40fd-b89e-2248b30896c8}">
		<relationship name="effectChain">
			<destination>{e8ff05ab-5ad6-4e98-964d-79f72371ab67}</destination>
		</relationship>
		<relationship name="panner">
			<destination>{69e8e79f-e8ce-48a6-ac36-aa19fb9fa9ee}</destination>
		</relationship>
		<relationship name="output">
			<destination>{a74bdffc-cbb2-488b-ae3c-038020e1273d}</destination>
		</relationship>
	</object>
	<object class="EventAutomatableProperties" id="{e2a2fec7-5f10-4534-aa54-bf69c2f3794d}" />
	<object class="MarkerTrack" id="{ebae93d9-5f92-4d38-aaa3-49dcbc673b5b}" />
	<object class="GroupTrack" id="{dacf535d-85da-464e-9c82-abdbb392f029}">
		<relationship name="modules">
			<destination>{683433f3-97c7-4e1d-aaf7-8d9265d77e5a}</destination>
		</relationship>
		<relationship name="mixerGroup">
			<destination>{76ffba20-1195-4542-b672-b3c61a481e72}</destination>
		</relationship>
	</object>
	<object class="Timeline" id="{f9df2acf-0e2d-4fe6-bc08-36e05e66460b}">
		<relationship name="modules">
			<destination>{683433f3-97c7-4e1d-aaf7-8d9265d77e5a}</destination>
		</relationship>
	</object>
	<object class="EventMixerMaster" id="{e64a9f8c-2d82-44fd-8301-4710536449ff}">
		<relationship name="effectChain">
			<destination>{54f3f2ec-89c6-4340-92ab-d3dfd1c3accb}</destination>
		</relationship>
		<relationship name="panner">
			<destination>{5875f4ff-1359-46d8-a84b-475b0e801d2c}</destination>
		</relationship>
		<relationship name="mixer">
			<destination>{53b190e5-1fef-4194-a16c-e8d2199fe05d}</destination>
		</relationship>
	</object>
	<object class="MixerBusEffectChain" id="{e8ff05ab-5ad6-4e98-964d-79f72371ab67}">
		<relationship name="effects">
			<destination>{eece3c2a-4696-40c4-9501-8cc4be8db48f}</destination>
		</relationship>
	</object>
	<object class="MixerBusPanner" id="{69e8e79f-e8ce-48a6-ac36-aa19fb9fa9ee}" />
	<object class="SingleSound" id="{683433f3-97c7-4e1d-aaf7-8d9265d77e5a}">
		<property name="length">
			<value>3.6507499999999999</value>
		</property>
		<relationship name="audioFile">
			<destination>{2b419fed-b38a-4c87-bd4a-e75236d2ac70}</destination>
		</relationship>
	</object>
	<object class="EventMixerGroup" id="{76ffba20-1195-4542-b672-b3c61a481e72}">
		<property name="name">
			<value>Audio 1</value>
		</property>
		<relationship name="effectChain">
			<destination>{d0b42728-f15b-4a5d-976a-63b92dae3829}</destination>
		</relationship>
		<relationship name="panner">
			<destination>{f976eb45-d517-4a11-9aae-2ef59cf99ecf}</destination>
		</relationship>
		<relationship name="output">
			<destination>{e64a9f8c-2d82-44fd-8301-4710536449ff}</destination>
		</relationship>
	</object>
	<object class="MixerBusEffectChain" id="{54f3f2ec-89c6-4340-92ab-d3dfd1c3accb}">
		<relationship name="effects">
			<destination>{46cc78ea-def6-439e-9fa7-009a915426cc}</destination>
		</relationship>
	</object>
	<object class="MixerBusPanner" id="{5875f4ff-1359-46d8-a84b-475b0e801d2c}" />
	<object class="MixerBusFader" id="{eece3c2a-4696-40c4-9501-8cc4be8db48f}" />
	<object class="MixerBusEffectChain" id="{d0b42728-f15b-4a5d-976a-63b92dae3829}">
		<relationship name="effects">
			<destination>{49f113be-90a8-4b05-838d-8f6b6b95398e}</destination>
		</relationship>
	</object>
	<object class="MixerBusPanner" id="{f976eb45-d517-4a11-9aae-2ef59cf99ecf}" />
	<object class="MixerBusFader" id="{46cc78ea-def6-439e-9fa7-009a915426cc}" />
	<object class="MixerBusFader" id="{49f113be-90a8-4b05-838d-8f6b6b95398e}" />
</objects>
