<?xml version="1.0" encoding="UTF-8"?>
<objects serializationModel="Studio.02.01.00">
	<object class="Event" id="{0e1d2182-93c5-41a9-ae35-a4b3255b55c2}">
		<property name="name">
			<value>MissionFailure</value>
		</property>
		<property name="outputFormat">
			<value>0</value>
		</property>
		<relationship name="folder">
			<destination>{ff4a6b16-4040-452e-aeb8-2e6b09d6e237}</destination>
		</relationship>
		<relationship name="mixer">
			<destination>{f4efab9c-c0ac-4509-9889-0868a5a0bbc0}</destination>
		</relationship>
		<relationship name="masterTrack">
			<destination>{263bfd9e-9f3e-40fb-8131-356e8af81c72}</destination>
		</relationship>
		<relationship name="mixerInput">
			<destination>{c0ac1db8-6f9e-4ac4-87ca-aaf4ae2a55a4}</destination>
		</relationship>
		<relationship name="automatableProperties">
			<destination>{04b541a8-f7c6-4cd0-818c-287a574d5349}</destination>
		</relationship>
		<relationship name="markerTracks">
			<destination>{1248ccb6-456c-456c-b757-73cde742fed6}</destination>
		</relationship>
		<relationship name="groupTracks">
			<destination>{82cbb3ed-3087-4fdc-be3a-661fb902cf72}</destination>
		</relationship>
		<relationship name="timeline">
			<destination>{f544c0d7-3250-4718-9452-b95da158bdca}</destination>
		</relationship>
		<relationship name="banks">
			<destination>{8c3f9de4-14c8-4279-a712-2040780fff61}</destination>
		</relationship>
	</object>
	<object class="EventMixer" id="{f4efab9c-c0ac-4509-9889-0868a5a0bbc0}">
		<relationship name="masterBus">
			<destination>{238597ad-6913-4fff-9125-30052f7a6fe2}</destination>
		</relationship>
	</object>
	<object class="MasterTrack" id="{263bfd9e-9f3e-40fb-8131-356e8af81c72}">
		<relationship name="mixerGroup">
			<destination>{238597ad-6913-4fff-9125-30052f7a6fe2}</destination>
		</relationship>
	</object>
	<object class="MixerInput" id="{c0ac1db8-6f9e-4ac4-87ca-aaf4ae2a55a4}">
		<relationship name="effectChain">
			<destination>{94daa732-ee01-496a-957c-bf8eb1beddda}</destination>
		</relationship>
		<relationship name="panner">
			<destination>{ac4bf92e-0a57-4a6e-a9fb-4013c0e58243}</destination>
		</relationship>
		<relationship name="output">
			<destination>{a74bdffc-cbb2-488b-ae3c-038020e1273d}</destination>
		</relationship>
	</object>
	<object class="EventAutomatableProperties" id="{04b541a8-f7c6-4cd0-818c-287a574d5349}" />
	<object class="MarkerTrack" id="{1248ccb6-456c-456c-b757-73cde742fed6}" />
	<object class="GroupTrack" id="{82cbb3ed-3087-4fdc-be3a-661fb902cf72}">
		<relationship name="modules">
			<destination>{03d7dc4c-e560-4012-9086-7a06a2611fa7}</destination>
		</relationship>
		<relationship name="mixerGroup">
			<destination>{522d1d20-068d-49b1-877a-48632a1122ce}</destination>
		</relationship>
	</object>
	<object class="Timeline" id="{f544c0d7-3250-4718-9452-b95da158bdca}">
		<relationship name="modules">
			<destination>{03d7dc4c-e560-4012-9086-7a06a2611fa7}</destination>
		</relationship>
	</object>
	<object class="EventMixerMaster" id="{238597ad-6913-4fff-9125-30052f7a6fe2}">
		<relationship name="effectChain">
			<destination>{5ff63343-f217-4059-bb4d-8636a1a74914}</destination>
		</relationship>
		<relationship name="panner">
			<destination>{e0a2c4a0-d007-4af7-8490-a93356bae61f}</destination>
		</relationship>
		<relationship name="mixer">
			<destination>{f4efab9c-c0ac-4509-9889-0868a5a0bbc0}</destination>
		</relationship>
	</object>
	<object class="MixerBusEffectChain" id="{94daa732-ee01-496a-957c-bf8eb1beddda}">
		<relationship name="effects">
			<destination>{aa987339-8a72-4ad8-aaaa-636e73dcc544}</destination>
		</relationship>
	</object>
	<object class="MixerBusPanner" id="{ac4bf92e-0a57-4a6e-a9fb-4013c0e58243}" />
	<object class="MultiSound" id="{03d7dc4c-e560-4012-9086-7a06a2611fa7}">
		<property name="length">
			<value>2.0200624999999999</value>
		</property>
		<relationship name="sounds">
			<destination>{16c8fb50-2fc0-4f79-9e38-3af0c17921d3}</destination>
			<destination>{e58f7d28-1770-4612-9af1-cfdfe4cfab3b}</destination>
			<destination>{f1b5d4a0-978b-4f11-af91-07ce837774ab}</destination>
			<destination>{dcd98bf0-4f93-4bdb-8553-9bf678e29c61}</destination>
			<destination>{927bd2a7-cfbc-46b8-9fdc-007ad9489a33}</destination>
			<destination>{df7a1f39-997d-4d80-ac39-0b417d5db2e7}</destination>
		</relationship>
	</object>
	<object class="EventMixerGroup" id="{522d1d20-068d-49b1-877a-48632a1122ce}">
		<property name="name">
			<value>Audio 1</value>
		</property>
		<relationship name="effectChain">
			<destination>{35f3bbdd-45f5-44cf-901b-d6507e34d4a6}</destination>
		</relationship>
		<relationship name="panner">
			<destination>{ef52eb97-efa2-46ad-97fe-6254fbce0e05}</destination>
		</relationship>
		<relationship name="output">
			<destination>{238597ad-6913-4fff-9125-30052f7a6fe2}</destination>
		</relationship>
	</object>
	<object class="MixerBusEffectChain" id="{5ff63343-f217-4059-bb4d-8636a1a74914}">
		<relationship name="effects">
			<destination>{375af85c-ba2d-4a19-a726-998237349836}</destination>
		</relationship>
	</object>
	<object class="MixerBusPanner" id="{e0a2c4a0-d007-4af7-8490-a93356bae61f}" />
	<object class="MixerBusFader" id="{aa987339-8a72-4ad8-aaaa-636e73dcc544}" />
	<object class="SingleSound" id="{16c8fb50-2fc0-4f79-9e38-3af0c17921d3}">
		<relationship name="audioFile">
			<destination>{3ec1b9ed-3a96-4679-8062-04d7a565d4aa}</destination>
		</relationship>
	</object>
	<object class="SingleSound" id="{e58f7d28-1770-4612-9af1-cfdfe4cfab3b}">
		<relationship name="audioFile">
			<destination>{f79cd47a-d597-4bf8-9248-6b2be4b978c2}</destination>
		</relationship>
	</object>
	<object class="SingleSound" id="{f1b5d4a0-978b-4f11-af91-07ce837774ab}">
		<relationship name="audioFile">
			<destination>{b7409d67-9d9f-4bf8-b692-ceb884f52bb7}</destination>
		</relationship>
	</object>
	<object class="SingleSound" id="{dcd98bf0-4f93-4bdb-8553-9bf678e29c61}">
		<relationship name="audioFile">
			<destination>{70dc5086-bbeb-4d2e-b0cc-145e3ba0e9df}</destination>
		</relationship>
	</object>
	<object class="SingleSound" id="{927bd2a7-cfbc-46b8-9fdc-007ad9489a33}">
		<relationship name="audioFile">
			<destination>{2a4b8184-5e08-46e5-84f6-3e694cf004a6}</destination>
		</relationship>
	</object>
	<object class="SingleSound" id="{df7a1f39-997d-4d80-ac39-0b417d5db2e7}">
		<relationship name="audioFile">
			<destination>{4fc2db5a-a887-4afb-b18a-ebb091a95597}</destination>
		</relationship>
	</object>
	<object class="MixerBusEffectChain" id="{35f3bbdd-45f5-44cf-901b-d6507e34d4a6}">
		<relationship name="effects">
			<destination>{51a736d0-69d4-45f4-9eae-8098aff0b008}</destination>
		</relationship>
	</object>
	<object class="MixerBusPanner" id="{ef52eb97-efa2-46ad-97fe-6254fbce0e05}" />
	<object class="MixerBusFader" id="{375af85c-ba2d-4a19-a726-998237349836}" />
	<object class="MixerBusFader" id="{51a736d0-69d4-45f4-9eae-8098aff0b008}" />
</objects>
