<?xml version="1.0" encoding="UTF-8"?>
<objects serializationModel="Studio.02.01.00">
	<object class="Event" id="{0e2f3d9d-afad-4d06-b821-69a2c511ea25}">
		<property name="name">
			<value>Failure</value>
		</property>
		<property name="outputFormat">
			<value>0</value>
		</property>
		<relationship name="folder">
			<destination>{97df71fe-543a-4202-bbc6-b019ba0e21cb}</destination>
		</relationship>
		<relationship name="mixer">
			<destination>{aa7b9bb0-09e9-4287-867c-a8422504843d}</destination>
		</relationship>
		<relationship name="masterTrack">
			<destination>{da5171c6-2cd7-4ae8-8901-637b83276765}</destination>
		</relationship>
		<relationship name="mixerInput">
			<destination>{0aebd046-5291-4e30-b6b3-e16cddf672a6}</destination>
		</relationship>
		<relationship name="automatableProperties">
			<destination>{2aa2e01c-b8d5-4c38-a124-68d877332744}</destination>
		</relationship>
		<relationship name="markerTracks">
			<destination>{bdba63f7-e3bf-4ded-995d-d5e549a489a0}</destination>
		</relationship>
		<relationship name="groupTracks">
			<destination>{717b7df8-b929-4a41-841b-39e951a2b7a1}</destination>
		</relationship>
		<relationship name="timeline">
			<destination>{18edf86b-8d71-4814-9977-1a86a5c0f7f3}</destination>
		</relationship>
		<relationship name="banks">
			<destination>{8c3f9de4-14c8-4279-a712-2040780fff61}</destination>
		</relationship>
	</object>
	<object class="EventMixer" id="{aa7b9bb0-09e9-4287-867c-a8422504843d}">
		<relationship name="masterBus">
			<destination>{47e9f8b3-b0a5-4dc5-9619-d3a84c38a4ab}</destination>
		</relationship>
	</object>
	<object class="MasterTrack" id="{da5171c6-2cd7-4ae8-8901-637b83276765}">
		<relationship name="mixerGroup">
			<destination>{47e9f8b3-b0a5-4dc5-9619-d3a84c38a4ab}</destination>
		</relationship>
	</object>
	<object class="MixerInput" id="{0aebd046-5291-4e30-b6b3-e16cddf672a6}">
		<relationship name="effectChain">
			<destination>{cb1b5e92-075b-498a-80e0-ca2f962b0eb2}</destination>
		</relationship>
		<relationship name="panner">
			<destination>{902d5be9-1d5d-4380-a539-1c409e6620a8}</destination>
		</relationship>
		<relationship name="output">
			<destination>{a74bdffc-cbb2-488b-ae3c-038020e1273d}</destination>
		</relationship>
	</object>
	<object class="EventAutomatableProperties" id="{2aa2e01c-b8d5-4c38-a124-68d877332744}" />
	<object class="MarkerTrack" id="{bdba63f7-e3bf-4ded-995d-d5e549a489a0}" />
	<object class="GroupTrack" id="{717b7df8-b929-4a41-841b-39e951a2b7a1}">
		<relationship name="modules">
			<destination>{fca1aa32-85c1-4bda-a6aa-164a66fd1e73}</destination>
		</relationship>
		<relationship name="mixerGroup">
			<destination>{51d21967-5860-4893-84a0-13e7735771bc}</destination>
		</relationship>
	</object>
	<object class="Timeline" id="{18edf86b-8d71-4814-9977-1a86a5c0f7f3}">
		<relationship name="modules">
			<destination>{fca1aa32-85c1-4bda-a6aa-164a66fd1e73}</destination>
		</relationship>
	</object>
	<object class="EventMixerMaster" id="{47e9f8b3-b0a5-4dc5-9619-d3a84c38a4ab}">
		<relationship name="effectChain">
			<destination>{4e7b3716-da81-4774-a41d-3584a9112472}</destination>
		</relationship>
		<relationship name="panner">
			<destination>{65209cc9-69cb-476a-8bb8-3db3a7d298d1}</destination>
		</relationship>
		<relationship name="mixer">
			<destination>{aa7b9bb0-09e9-4287-867c-a8422504843d}</destination>
		</relationship>
	</object>
	<object class="MixerBusEffectChain" id="{cb1b5e92-075b-498a-80e0-ca2f962b0eb2}">
		<relationship name="effects">
			<destination>{2e12e1c0-6bb4-48a9-b3e5-ccb606bfab56}</destination>
		</relationship>
	</object>
	<object class="MixerBusPanner" id="{902d5be9-1d5d-4380-a539-1c409e6620a8}" />
	<object class="MultiSound" id="{fca1aa32-85c1-4bda-a6aa-164a66fd1e73}">
		<property name="length">
			<value>2.6833749999999998</value>
		</property>
		<relationship name="sounds">
			<destination>{9b7d3891-1c4f-46c4-aed3-52a6780d7f93}</destination>
			<destination>{3994fd8b-387c-47f1-84fc-50455015ca0c}</destination>
			<destination>{bb06d23e-e0ef-4e07-b32f-e31dd156940a}</destination>
			<destination>{3d134176-022e-47de-883f-8e986ad5c3de}</destination>
		</relationship>
	</object>
	<object class="EventMixerGroup" id="{51d21967-5860-4893-84a0-13e7735771bc}">
		<property name="name">
			<value>Audio 1</value>
		</property>
		<relationship name="effectChain">
			<destination>{3d028aec-9ad3-4fc5-834f-ec630550150b}</destination>
		</relationship>
		<relationship name="panner">
			<destination>{8e421043-82b6-4211-85f3-e15c7ae0b8e1}</destination>
		</relationship>
		<relationship name="output">
			<destination>{47e9f8b3-b0a5-4dc5-9619-d3a84c38a4ab}</destination>
		</relationship>
	</object>
	<object class="MixerBusEffectChain" id="{4e7b3716-da81-4774-a41d-3584a9112472}">
		<relationship name="effects">
			<destination>{acca5b6e-7ede-48d2-9baa-4751e56e144f}</destination>
		</relationship>
	</object>
	<object class="MixerBusPanner" id="{65209cc9-69cb-476a-8bb8-3db3a7d298d1}" />
	<object class="MixerBusFader" id="{2e12e1c0-6bb4-48a9-b3e5-ccb606bfab56}" />
	<object class="SingleSound" id="{9b7d3891-1c4f-46c4-aed3-52a6780d7f93}">
		<relationship name="audioFile">
			<destination>{5698753f-a98d-401f-9337-58d718202ca1}</destination>
		</relationship>
	</object>
	<object class="SingleSound" id="{3994fd8b-387c-47f1-84fc-50455015ca0c}">
		<relationship name="audioFile">
			<destination>{a16de771-76b2-4652-9416-d6a8ec0cf636}</destination>
		</relationship>
	</object>
	<object class="SingleSound" id="{bb06d23e-e0ef-4e07-b32f-e31dd156940a}">
		<relationship name="audioFile">
			<destination>{d0a648c1-b35d-4e42-8cf3-2d34fa1fe016}</destination>
		</relationship>
	</object>
	<object class="SingleSound" id="{3d134176-022e-47de-883f-8e986ad5c3de}">
		<relationship name="audioFile">
			<destination>{7f237f4b-40a8-4dd4-ad8b-75a430042107}</destination>
		</relationship>
	</object>
	<object class="MixerBusEffectChain" id="{3d028aec-9ad3-4fc5-834f-ec630550150b}">
		<relationship name="effects">
			<destination>{807ee2e0-b182-4eb7-9ea2-1b3301a8d287}</destination>
		</relationship>
	</object>
	<object class="MixerBusPanner" id="{8e421043-82b6-4211-85f3-e15c7ae0b8e1}" />
	<object class="MixerBusFader" id="{acca5b6e-7ede-48d2-9baa-4751e56e144f}" />
	<object class="MixerBusFader" id="{807ee2e0-b182-4eb7-9ea2-1b3301a8d287}" />
</objects>
