<?xml version="1.0" encoding="UTF-8"?>
<objects serializationModel="Studio.02.01.00">
	<object class="Event" id="{0e268f17-e2de-40b9-8dcd-62f95be6180f}">
		<property name="name">
			<value>Assigned</value>
		</property>
		<property name="outputFormat">
			<value>0</value>
		</property>
		<relationship name="folder">
			<destination>{463de0ea-d2e7-47d5-9855-7e10f9382cf8}</destination>
		</relationship>
		<relationship name="mixer">
			<destination>{f7938e33-e667-45cc-97b5-3b55e7be9576}</destination>
		</relationship>
		<relationship name="masterTrack">
			<destination>{dd6818fe-0e17-40d8-af3f-99dab426b301}</destination>
		</relationship>
		<relationship name="mixerInput">
			<destination>{ffe83605-cb30-40d5-ab11-59f6119505ba}</destination>
		</relationship>
		<relationship name="automatableProperties">
			<destination>{0989f68a-3bc3-428f-bf0e-897538666088}</destination>
		</relationship>
		<relationship name="markerTracks">
			<destination>{fbf54d01-e1ad-46e6-816a-9b7f9c232346}</destination>
		</relationship>
		<relationship name="groupTracks">
			<destination>{678a7684-3511-4a46-84c6-6cb7b4dcc292}</destination>
		</relationship>
		<relationship name="timeline">
			<destination>{c95f065e-40ae-4e8d-bd44-0456f3d18d71}</destination>
		</relationship>
		<relationship name="banks">
			<destination>{8c3f9de4-14c8-4279-a712-2040780fff61}</destination>
		</relationship>
	</object>
	<object class="EventMixer" id="{f7938e33-e667-45cc-97b5-3b55e7be9576}">
		<relationship name="masterBus">
			<destination>{09af316c-fd19-4fb1-802f-4ab119aa6f7a}</destination>
		</relationship>
	</object>
	<object class="MasterTrack" id="{dd6818fe-0e17-40d8-af3f-99dab426b301}">
		<relationship name="mixerGroup">
			<destination>{09af316c-fd19-4fb1-802f-4ab119aa6f7a}</destination>
		</relationship>
	</object>
	<object class="MixerInput" id="{ffe83605-cb30-40d5-ab11-59f6119505ba}">
		<relationship name="effectChain">
			<destination>{a7bd79fd-b13a-447e-ab47-9dc304730370}</destination>
		</relationship>
		<relationship name="panner">
			<destination>{a89fbd65-7a94-4e30-af53-82cc364b294e}</destination>
		</relationship>
		<relationship name="output">
			<destination>{a74bdffc-cbb2-488b-ae3c-038020e1273d}</destination>
		</relationship>
	</object>
	<object class="EventAutomatableProperties" id="{0989f68a-3bc3-428f-bf0e-897538666088}" />
	<object class="MarkerTrack" id="{fbf54d01-e1ad-46e6-816a-9b7f9c232346}" />
	<object class="GroupTrack" id="{678a7684-3511-4a46-84c6-6cb7b4dcc292}">
		<relationship name="modules">
			<destination>{d2dda748-6138-4439-9f17-3befe50ef9fe}</destination>
		</relationship>
		<relationship name="mixerGroup">
			<destination>{4806505c-e700-4fd5-b948-b413929bb97f}</destination>
		</relationship>
	</object>
	<object class="Timeline" id="{c95f065e-40ae-4e8d-bd44-0456f3d18d71}">
		<relationship name="modules">
			<destination>{d2dda748-6138-4439-9f17-3befe50ef9fe}</destination>
		</relationship>
	</object>
	<object class="EventMixerMaster" id="{09af316c-fd19-4fb1-802f-4ab119aa6f7a}">
		<relationship name="effectChain">
			<destination>{7e73e1e7-a3c4-45e9-80a4-9bbbc95fc2b8}</destination>
		</relationship>
		<relationship name="panner">
			<destination>{17e9c361-301e-4daf-a0a5-22da68d68988}</destination>
		</relationship>
		<relationship name="mixer">
			<destination>{f7938e33-e667-45cc-97b5-3b55e7be9576}</destination>
		</relationship>
	</object>
	<object class="MixerBusEffectChain" id="{a7bd79fd-b13a-447e-ab47-9dc304730370}">
		<relationship name="effects">
			<destination>{afdf9545-1e07-4a24-883a-db167a7f869a}</destination>
		</relationship>
	</object>
	<object class="MixerBusPanner" id="{a89fbd65-7a94-4e30-af53-82cc364b294e}" />
	<object class="MultiSound" id="{d2dda748-6138-4439-9f17-3befe50ef9fe}">
		<property name="length">
			<value>2.1378124999999999</value>
		</property>
		<relationship name="sounds">
			<destination>{6bb89700-8b4a-4ccc-8e0b-932c1ec335a4}</destination>
			<destination>{d92a2a95-c8ff-419e-9ca1-dd7b2d9c82a9}</destination>
			<destination>{b518735d-46d2-497f-b036-14957663132e}</destination>
		</relationship>
	</object>
	<object class="EventMixerGroup" id="{4806505c-e700-4fd5-b948-b413929bb97f}">
		<property name="name">
			<value>Audio 1</value>
		</property>
		<relationship name="effectChain">
			<destination>{7ffc0f28-9a38-4637-99ce-5c48da1b4ae8}</destination>
		</relationship>
		<relationship name="panner">
			<destination>{7308c376-59f6-43d4-9e59-5af7cceea0b6}</destination>
		</relationship>
		<relationship name="output">
			<destination>{09af316c-fd19-4fb1-802f-4ab119aa6f7a}</destination>
		</relationship>
	</object>
	<object class="MixerBusEffectChain" id="{7e73e1e7-a3c4-45e9-80a4-9bbbc95fc2b8}">
		<relationship name="effects">
			<destination>{4d383904-90c5-42ce-bc58-ae89528b3136}</destination>
		</relationship>
	</object>
	<object class="MixerBusPanner" id="{17e9c361-301e-4daf-a0a5-22da68d68988}" />
	<object class="MixerBusFader" id="{afdf9545-1e07-4a24-883a-db167a7f869a}" />
	<object class="SingleSound" id="{6bb89700-8b4a-4ccc-8e0b-932c1ec335a4}">
		<relationship name="audioFile">
			<destination>{6e2095f6-a6a8-4fc1-833a-9184414f4a5b}</destination>
		</relationship>
	</object>
	<object class="SingleSound" id="{d92a2a95-c8ff-419e-9ca1-dd7b2d9c82a9}">
		<relationship name="audioFile">
			<destination>{dad3dd6f-aaa5-4ae0-b54b-f0ed313f6f24}</destination>
		</relationship>
	</object>
	<object class="SingleSound" id="{b518735d-46d2-497f-b036-14957663132e}">
		<relationship name="audioFile">
			<destination>{800f9766-2860-4700-bf28-53b9bdb8e1b8}</destination>
		</relationship>
	</object>
	<object class="MixerBusEffectChain" id="{7ffc0f28-9a38-4637-99ce-5c48da1b4ae8}">
		<relationship name="effects">
			<destination>{277183a3-be09-4afd-8f3e-e3fb390841b2}</destination>
		</relationship>
	</object>
	<object class="MixerBusPanner" id="{7308c376-59f6-43d4-9e59-5af7cceea0b6}" />
	<object class="MixerBusFader" id="{4d383904-90c5-42ce-bc58-ae89528b3136}" />
	<object class="MixerBusFader" id="{277183a3-be09-4afd-8f3e-e3fb390841b2}" />
</objects>
