<?xml version="1.0" encoding="UTF-8"?>
<objects serializationModel="Studio.02.01.00">
	<object class="Event" id="{0e5c1cb2-f248-4def-8148-d7c17ae704c4}">
		<property name="name">
			<value>Cinematics_Appease_General_0</value>
		</property>
		<property name="outputFormat">
			<value>0</value>
		</property>
		<relationship name="folder">
			<destination>{158ad337-8269-4a32-865c-d3c458683eff}</destination>
		</relationship>
		<relationship name="mixer">
			<destination>{3d17f134-eee6-43b8-8f7e-5933ad25f100}</destination>
		</relationship>
		<relationship name="masterTrack">
			<destination>{16e80316-4f48-473a-b2f0-1ef0fee47107}</destination>
		</relationship>
		<relationship name="mixerInput">
			<destination>{b52c6f35-c048-428a-abae-98d282cd8e3e}</destination>
		</relationship>
		<relationship name="automatableProperties">
			<destination>{c84b99d3-ff00-4caa-8213-1621de2614db}</destination>
		</relationship>
		<relationship name="markerTracks">
			<destination>{d318ca14-2d1b-4978-ab4c-c0689f5ede08}</destination>
		</relationship>
		<relationship name="groupTracks">
			<destination>{3c54e63d-74b4-4045-9647-3a1d8c17893e}</destination>
		</relationship>
		<relationship name="timeline">
			<destination>{c8769966-0c5c-4ad8-a513-e54055dd1d5c}</destination>
		</relationship>
		<relationship name="banks">
			<destination>{8c3f9de4-14c8-4279-a712-2040780fff61}</destination>
		</relationship>
	</object>
	<object class="EventMixer" id="{3d17f134-eee6-43b8-8f7e-5933ad25f100}">
		<relationship name="masterBus">
			<destination>{d891afd3-fea8-4061-88c9-f055a126442a}</destination>
		</relationship>
	</object>
	<object class="MasterTrack" id="{16e80316-4f48-473a-b2f0-1ef0fee47107}">
		<relationship name="mixerGroup">
			<destination>{d891afd3-fea8-4061-88c9-f055a126442a}</destination>
		</relationship>
	</object>
	<object class="MixerInput" id="{b52c6f35-c048-428a-abae-98d282cd8e3e}">
		<relationship name="effectChain">
			<destination>{c07089ae-d008-483a-99db-79f7980cb59f}</destination>
		</relationship>
		<relationship name="panner">
			<destination>{47e58b98-e757-4c73-b294-c84fd8e8cb49}</destination>
		</relationship>
		<relationship name="output">
			<destination>{a74bdffc-cbb2-488b-ae3c-038020e1273d}</destination>
		</relationship>
	</object>
	<object class="EventAutomatableProperties" id="{c84b99d3-ff00-4caa-8213-1621de2614db}" />
	<object class="MarkerTrack" id="{d318ca14-2d1b-4978-ab4c-c0689f5ede08}" />
	<object class="GroupTrack" id="{3c54e63d-74b4-4045-9647-3a1d8c17893e}">
		<relationship name="modules">
			<destination>{828f3afb-6fd4-4f8d-85bd-97cbdb462a30}</destination>
		</relationship>
		<relationship name="mixerGroup">
			<destination>{d3413ec2-456d-49e1-bf48-548a779fb649}</destination>
		</relationship>
	</object>
	<object class="Timeline" id="{c8769966-0c5c-4ad8-a513-e54055dd1d5c}">
		<relationship name="modules">
			<destination>{828f3afb-6fd4-4f8d-85bd-97cbdb462a30}</destination>
		</relationship>
	</object>
	<object class="EventMixerMaster" id="{d891afd3-fea8-4061-88c9-f055a126442a}">
		<relationship name="effectChain">
			<destination>{df927b10-8cd2-4884-86da-5580fd6f7965}</destination>
		</relationship>
		<relationship name="panner">
			<destination>{e2982e6c-76b8-493f-be16-dbc1b0c9c046}</destination>
		</relationship>
		<relationship name="mixer">
			<destination>{3d17f134-eee6-43b8-8f7e-5933ad25f100}</destination>
		</relationship>
	</object>
	<object class="MixerBusEffectChain" id="{c07089ae-d008-483a-99db-79f7980cb59f}">
		<relationship name="effects">
			<destination>{879bba80-a720-4577-b4b7-f5a09532b538}</destination>
		</relationship>
	</object>
	<object class="MixerBusPanner" id="{47e58b98-e757-4c73-b294-c84fd8e8cb49}" />
	<object class="SingleSound" id="{828f3afb-6fd4-4f8d-85bd-97cbdb462a30}">
		<property name="length">
			<value>4.5023125000000004</value>
		</property>
		<relationship name="audioFile">
			<destination>{ea3ee067-915f-4e11-b73b-b8e240b64b82}</destination>
		</relationship>
	</object>
	<object class="EventMixerGroup" id="{d3413ec2-456d-49e1-bf48-548a779fb649}">
		<property name="name">
			<value>Audio 1</value>
		</property>
		<relationship name="effectChain">
			<destination>{3d2bb2f0-4985-4616-ab5a-6c2c54a593e9}</destination>
		</relationship>
		<relationship name="panner">
			<destination>{6b8fb174-9cd0-45b0-a8c9-a9b9e78505c3}</destination>
		</relationship>
		<relationship name="output">
			<destination>{d891afd3-fea8-4061-88c9-f055a126442a}</destination>
		</relationship>
	</object>
	<object class="MixerBusEffectChain" id="{df927b10-8cd2-4884-86da-5580fd6f7965}">
		<relationship name="effects">
			<destination>{ee2a852d-653a-4937-b054-0bcbf3c88e41}</destination>
		</relationship>
	</object>
	<object class="MixerBusPanner" id="{e2982e6c-76b8-493f-be16-dbc1b0c9c046}" />
	<object class="MixerBusFader" id="{879bba80-a720-4577-b4b7-f5a09532b538}" />
	<object class="MixerBusEffectChain" id="{3d2bb2f0-4985-4616-ab5a-6c2c54a593e9}">
		<relationship name="effects">
			<destination>{0c58ca23-abd3-4a65-8795-6a08c27347c0}</destination>
		</relationship>
	</object>
	<object class="MixerBusPanner" id="{6b8fb174-9cd0-45b0-a8c9-a9b9e78505c3}" />
	<object class="MixerBusFader" id="{ee2a852d-653a-4937-b054-0bcbf3c88e41}" />
	<object class="MixerBusFader" id="{0c58ca23-abd3-4a65-8795-6a08c27347c0}" />
</objects>
