<?xml version="1.0" encoding="UTF-8"?>
<objects serializationModel="Studio.02.01.00">
	<object class="Event" id="{0e7e7fc3-cb1f-4dcf-b3b8-12c59de56f6f}">
		<property name="name">
			<value>trig_SFX_BlasterVeryLongAveragePreChargeLow001StereoRR</value>
		</property>
		<property name="outputFormat">
			<value>2</value>
		</property>
		<relationship name="folder">
			<destination>{7f41e00c-f766-4529-8391-881712592ace}</destination>
		</relationship>
		<relationship name="mixer">
			<destination>{6295347a-fd18-4a08-b616-f8054e77cee4}</destination>
		</relationship>
		<relationship name="masterTrack">
			<destination>{77e28862-191b-4168-be36-1f3b7297ae8e}</destination>
		</relationship>
		<relationship name="mixerInput">
			<destination>{46302f64-50ed-41d4-97c4-4fc0a3723372}</destination>
		</relationship>
		<relationship name="automatableProperties">
			<destination>{544d4722-75a5-4d18-914a-153af1dc001d}</destination>
		</relationship>
		<relationship name="markerTracks">
			<destination>{56f98f24-7319-45f7-914f-01c228b2615e}</destination>
		</relationship>
		<relationship name="groupTracks">
			<destination>{b95dcfcf-9591-4e28-9452-b84b1d60eb6a}</destination>
		</relationship>
		<relationship name="timeline">
			<destination>{e9effa39-969f-4510-86e9-bd9df0f5f985}</destination>
		</relationship>
		<relationship name="banks">
			<destination>{09901795-b9b9-4010-a4a3-3011ed4caaa2}</destination>
		</relationship>
	</object>
	<object class="EventMixer" id="{6295347a-fd18-4a08-b616-f8054e77cee4}">
		<relationship name="masterBus">
			<destination>{ca2fb9b7-66c6-44b5-9764-09e7abb71c00}</destination>
		</relationship>
	</object>
	<object class="MasterTrack" id="{77e28862-191b-4168-be36-1f3b7297ae8e}">
		<relationship name="mixerGroup">
			<destination>{ca2fb9b7-66c6-44b5-9764-09e7abb71c00}</destination>
		</relationship>
	</object>
	<object class="MixerInput" id="{46302f64-50ed-41d4-97c4-4fc0a3723372}">
		<relationship name="effectChain">
			<destination>{6bbdba52-6966-4c40-bc13-67b7fddeaa1a}</destination>
		</relationship>
		<relationship name="panner">
			<destination>{0b46a5fe-7cf9-40d6-9539-1b8a93f2dbf5}</destination>
		</relationship>
		<relationship name="output">
			<destination>{07daa3ae-3495-463d-8c3e-6a9ee1871371}</destination>
		</relationship>
	</object>
	<object class="EventAutomatableProperties" id="{544d4722-75a5-4d18-914a-153af1dc001d}" />
	<object class="MarkerTrack" id="{56f98f24-7319-45f7-914f-01c228b2615e}" />
	<object class="GroupTrack" id="{b95dcfcf-9591-4e28-9452-b84b1d60eb6a}">
		<relationship name="modules">
			<destination>{c14960fe-3bd2-4cd0-8ec5-b6a3ed0dc264}</destination>
		</relationship>
		<relationship name="mixerGroup">
			<destination>{88d00c29-df98-411c-ad0d-024ab7b684aa}</destination>
		</relationship>
	</object>
	<object class="Timeline" id="{e9effa39-969f-4510-86e9-bd9df0f5f985}">
		<relationship name="modules">
			<destination>{c14960fe-3bd2-4cd0-8ec5-b6a3ed0dc264}</destination>
		</relationship>
	</object>
	<object class="EventMixerMaster" id="{ca2fb9b7-66c6-44b5-9764-09e7abb71c00}">
		<relationship name="effectChain">
			<destination>{9e1b1c37-cc47-41d1-a08f-7f088641904c}</destination>
		</relationship>
		<relationship name="panner">
			<destination>{7ebbfca0-c222-4d18-abb0-c35b68d0763e}</destination>
		</relationship>
		<relationship name="mixer">
			<destination>{6295347a-fd18-4a08-b616-f8054e77cee4}</destination>
		</relationship>
	</object>
	<object class="MixerBusEffectChain" id="{6bbdba52-6966-4c40-bc13-67b7fddeaa1a}">
		<relationship name="effects">
			<destination>{7db48e96-520b-435c-9fec-034890abbd06}</destination>
		</relationship>
	</object>
	<object class="MixerBusPanner" id="{0b46a5fe-7cf9-40d6-9539-1b8a93f2dbf5}" />
	<object class="MultiSound" id="{c14960fe-3bd2-4cd0-8ec5-b6a3ed0dc264}">
		<property name="length">
			<value>2.5477777777777777</value>
		</property>
		<relationship name="sounds">
			<destination>{21dd360f-fe05-4e13-80a8-8f146e033285}</destination>
			<destination>{4affa6b5-e420-46ad-9236-b72473c0069c}</destination>
			<destination>{465cf300-674e-4d60-9189-72d895fd1ccb}</destination>
			<destination>{ce1a2710-c94b-4b7b-a4df-6c8d768d3ca6}</destination>
		</relationship>
	</object>
	<object class="EventMixerGroup" id="{88d00c29-df98-411c-ad0d-024ab7b684aa}">
		<property name="name">
			<value>Audio 1</value>
		</property>
		<relationship name="effectChain">
			<destination>{c595e08d-86e5-440e-9e8a-118fac80e0a4}</destination>
		</relationship>
		<relationship name="panner">
			<destination>{ec589868-eaae-42d6-b217-5ef49a1befb3}</destination>
		</relationship>
		<relationship name="output">
			<destination>{ca2fb9b7-66c6-44b5-9764-09e7abb71c00}</destination>
		</relationship>
	</object>
	<object class="MixerBusEffectChain" id="{9e1b1c37-cc47-41d1-a08f-7f088641904c}">
		<relationship name="effects">
			<destination>{47270adb-4ab8-4d0f-84f8-cc9eb55a7c05}</destination>
			<destination>{099416e4-5ea1-48a6-9268-a361e38661e2}</destination>
		</relationship>
	</object>
	<object class="MixerBusPanner" id="{7ebbfca0-c222-4d18-abb0-c35b68d0763e}" />
	<object class="MixerBusFader" id="{7db48e96-520b-435c-9fec-034890abbd06}" />
	<object class="SingleSound" id="{21dd360f-fe05-4e13-80a8-8f146e033285}">
		<relationship name="audioFile">
			<destination>{80be779f-05e8-4040-928f-72fad0c7f16e}</destination>
		</relationship>
	</object>
	<object class="SingleSound" id="{4affa6b5-e420-46ad-9236-b72473c0069c}">
		<relationship name="audioFile">
			<destination>{50e12f0a-924c-4445-8c87-5ddc53370cd6}</destination>
		</relationship>
	</object>
	<object class="SingleSound" id="{465cf300-674e-4d60-9189-72d895fd1ccb}">
		<relationship name="audioFile">
			<destination>{7110b189-ab05-44e0-a823-4068aec1ae5c}</destination>
		</relationship>
	</object>
	<object class="SingleSound" id="{ce1a2710-c94b-4b7b-a4df-6c8d768d3ca6}">
		<relationship name="audioFile">
			<destination>{f7166ad5-7b31-403f-81a2-8d463e66a840}</destination>
		</relationship>
	</object>
	<object class="MixerBusEffectChain" id="{c595e08d-86e5-440e-9e8a-118fac80e0a4}">
		<relationship name="effects">
			<destination>{b9250c9a-3066-468e-bbe9-c7a7ce765843}</destination>
		</relationship>
	</object>
	<object class="MixerBusPanner" id="{ec589868-eaae-42d6-b217-5ef49a1befb3}" />
	<object class="MixerBusFader" id="{47270adb-4ab8-4d0f-84f8-cc9eb55a7c05}" />
	<object class="SpatialiserEffect" id="{099416e4-5ea1-48a6-9268-a361e38661e2}">
		<property name="minimumDistance">
			<value>0.5</value>
		</property>
		<property name="maximumDistance">
			<value>200</value>
		</property>
	</object>
	<object class="MixerBusFader" id="{b9250c9a-3066-468e-bbe9-c7a7ce765843}" />
</objects>
