<?xml version="1.0" encoding="UTF-8"?>
<objects serializationModel="Studio.02.01.00">
	<object class="Event" id="{0e759625-8036-48e7-b0d6-4ef14fc98399}">
		<property name="name">
			<value>Faction_ObjectiveQuote_Appease_15</value>
		</property>
		<property name="outputFormat">
			<value>0</value>
		</property>
		<relationship name="folder">
			<destination>{158ad337-8269-4a32-865c-d3c458683eff}</destination>
		</relationship>
		<relationship name="mixer">
			<destination>{371da3f0-4b2e-4f30-a6d3-d30a66aa371d}</destination>
		</relationship>
		<relationship name="masterTrack">
			<destination>{2e3f486e-7696-44ae-ace0-94de098c16c1}</destination>
		</relationship>
		<relationship name="mixerInput">
			<destination>{95df9c31-ade8-4278-bd8c-ec27bbb67725}</destination>
		</relationship>
		<relationship name="automatableProperties">
			<destination>{618e17b5-642d-4aa9-bc4e-79c1b9805632}</destination>
		</relationship>
		<relationship name="markerTracks">
			<destination>{3591bf59-a450-4ca1-ba54-de30b1567101}</destination>
		</relationship>
		<relationship name="groupTracks">
			<destination>{b46cc376-547b-4a20-86a1-b2c92e56a36f}</destination>
		</relationship>
		<relationship name="timeline">
			<destination>{47cd0f66-a099-472c-a2a2-cca796f90d16}</destination>
		</relationship>
		<relationship name="banks">
			<destination>{8c3f9de4-14c8-4279-a712-2040780fff61}</destination>
		</relationship>
	</object>
	<object class="EventMixer" id="{371da3f0-4b2e-4f30-a6d3-d30a66aa371d}">
		<relationship name="masterBus">
			<destination>{fff5490a-9292-4818-84b5-0a073f62927b}</destination>
		</relationship>
	</object>
	<object class="MasterTrack" id="{2e3f486e-7696-44ae-ace0-94de098c16c1}">
		<relationship name="mixerGroup">
			<destination>{fff5490a-9292-4818-84b5-0a073f62927b}</destination>
		</relationship>
	</object>
	<object class="MixerInput" id="{95df9c31-ade8-4278-bd8c-ec27bbb67725}">
		<relationship name="effectChain">
			<destination>{53f53164-bbbc-4af2-9955-ceb92e2a829b}</destination>
		</relationship>
		<relationship name="panner">
			<destination>{b029324c-a9d9-458d-be38-4111b6559aaf}</destination>
		</relationship>
		<relationship name="output">
			<destination>{a74bdffc-cbb2-488b-ae3c-038020e1273d}</destination>
		</relationship>
	</object>
	<object class="EventAutomatableProperties" id="{618e17b5-642d-4aa9-bc4e-79c1b9805632}" />
	<object class="MarkerTrack" id="{3591bf59-a450-4ca1-ba54-de30b1567101}" />
	<object class="GroupTrack" id="{b46cc376-547b-4a20-86a1-b2c92e56a36f}">
		<relationship name="modules">
			<destination>{86fdfa17-5cf8-4ac6-b770-f5dab8713f16}</destination>
		</relationship>
		<relationship name="mixerGroup">
			<destination>{63a30d67-f86c-4652-8067-26ad19cf7f9f}</destination>
		</relationship>
	</object>
	<object class="Timeline" id="{47cd0f66-a099-472c-a2a2-cca796f90d16}">
		<relationship name="modules">
			<destination>{86fdfa17-5cf8-4ac6-b770-f5dab8713f16}</destination>
		</relationship>
	</object>
	<object class="EventMixerMaster" id="{fff5490a-9292-4818-84b5-0a073f62927b}">
		<relationship name="effectChain">
			<destination>{fb0b45f1-4c99-42b3-8fe5-fcef930b37be}</destination>
		</relationship>
		<relationship name="panner">
			<destination>{977211b6-de6a-48bb-b69b-4a61c6fb1327}</destination>
		</relationship>
		<relationship name="mixer">
			<destination>{371da3f0-4b2e-4f30-a6d3-d30a66aa371d}</destination>
		</relationship>
	</object>
	<object class="MixerBusEffectChain" id="{53f53164-bbbc-4af2-9955-ceb92e2a829b}">
		<relationship name="effects">
			<destination>{1d79cace-fe00-4383-b8ff-75923172985d}</destination>
		</relationship>
	</object>
	<object class="MixerBusPanner" id="{b029324c-a9d9-458d-be38-4111b6559aaf}" />
	<object class="SingleSound" id="{86fdfa17-5cf8-4ac6-b770-f5dab8713f16}">
		<property name="length">
			<value>6.4517916666666668</value>
		</property>
		<relationship name="audioFile">
			<destination>{00399b9a-8d74-4e9d-aa35-bac0304b4dc6}</destination>
		</relationship>
	</object>
	<object class="EventMixerGroup" id="{63a30d67-f86c-4652-8067-26ad19cf7f9f}">
		<property name="name">
			<value>Audio 1</value>
		</property>
		<relationship name="effectChain">
			<destination>{f0a4a038-df83-42c2-89c9-e843e70fdf33}</destination>
		</relationship>
		<relationship name="panner">
			<destination>{cba5a854-f753-43d7-82ba-1ce62fbc46ff}</destination>
		</relationship>
		<relationship name="output">
			<destination>{fff5490a-9292-4818-84b5-0a073f62927b}</destination>
		</relationship>
	</object>
	<object class="MixerBusEffectChain" id="{fb0b45f1-4c99-42b3-8fe5-fcef930b37be}">
		<relationship name="effects">
			<destination>{63547867-13b7-4113-86b5-ef2ef83408ed}</destination>
		</relationship>
	</object>
	<object class="MixerBusPanner" id="{977211b6-de6a-48bb-b69b-4a61c6fb1327}" />
	<object class="MixerBusFader" id="{1d79cace-fe00-4383-b8ff-75923172985d}" />
	<object class="MixerBusEffectChain" id="{f0a4a038-df83-42c2-89c9-e843e70fdf33}">
		<relationship name="effects">
			<destination>{e1bb047b-0e64-460b-978d-c006dc085c83}</destination>
		</relationship>
	</object>
	<object class="MixerBusPanner" id="{cba5a854-f753-43d7-82ba-1ce62fbc46ff}" />
	<object class="MixerBusFader" id="{63547867-13b7-4113-86b5-ef2ef83408ed}" />
	<object class="MixerBusFader" id="{e1bb047b-0e64-460b-978d-c006dc085c83}" />
</objects>
