<?xml version="1.0" encoding="UTF-8"?>
<objects serializationModel="Studio.02.01.00">
	<object class="Event" id="{0e8c4776-9563-489e-bb7e-2f64e5d67f67}">
		<property name="name">
			<value>Submit_Intro</value>
		</property>
		<property name="outputFormat">
			<value>1</value>
		</property>
		<relationship name="folder">
			<destination>{e9364ccf-346a-4995-ab2b-e613a89941f7}</destination>
		</relationship>
		<relationship name="mixer">
			<destination>{dca04b6a-06e1-4719-97e0-bc34788468e4}</destination>
		</relationship>
		<relationship name="masterTrack">
			<destination>{72e610e4-bbb9-457b-a9a9-441e067c634e}</destination>
		</relationship>
		<relationship name="mixerInput">
			<destination>{c8ae4ec6-f9b4-4d9b-b0db-d2f9fa687af7}</destination>
		</relationship>
		<relationship name="automatableProperties">
			<destination>{b8589302-fc03-4428-969a-9f67958aeee8}</destination>
		</relationship>
		<relationship name="markerTracks">
			<destination>{c46192fe-8ebb-4144-8aa7-4177cbdb1231}</destination>
		</relationship>
		<relationship name="groupTracks">
			<destination>{88c34384-6946-4d58-b17a-f696e9ecc0ce}</destination>
		</relationship>
		<relationship name="timeline">
			<destination>{d231ac20-1cbe-4abb-a631-f1289f9520de}</destination>
		</relationship>
		<relationship name="banks">
			<destination>{dd9cf1cd-4fb9-4423-87f3-e93d9a23ce55}</destination>
		</relationship>
	</object>
	<object class="EventMixer" id="{dca04b6a-06e1-4719-97e0-bc34788468e4}">
		<relationship name="masterBus">
			<destination>{8169ca92-87e5-41eb-b745-65a86207b60f}</destination>
		</relationship>
	</object>
	<object class="MasterTrack" id="{72e610e4-bbb9-457b-a9a9-441e067c634e}">
		<relationship name="mixerGroup">
			<destination>{8169ca92-87e5-41eb-b745-65a86207b60f}</destination>
		</relationship>
	</object>
	<object class="MixerInput" id="{c8ae4ec6-f9b4-4d9b-b0db-d2f9fa687af7}">
		<relationship name="effectChain">
			<destination>{17304eab-60d0-4171-b85b-7d9353b932fe}</destination>
		</relationship>
		<relationship name="panner">
			<destination>{591b7b4f-bdbc-4fbd-ae6d-aa2e091d84a2}</destination>
		</relationship>
		<relationship name="output">
			<destination>{c371dadd-41e4-4090-8dd0-e0e0a8108b30}</destination>
		</relationship>
	</object>
	<object class="EventAutomatableProperties" id="{b8589302-fc03-4428-969a-9f67958aeee8}" />
	<object class="MarkerTrack" id="{c46192fe-8ebb-4144-8aa7-4177cbdb1231}" />
	<object class="GroupTrack" id="{88c34384-6946-4d58-b17a-f696e9ecc0ce}">
		<relationship name="modules">
			<destination>{74a686a6-2763-44f7-8219-69a926dc53a6}</destination>
		</relationship>
		<relationship name="mixerGroup">
			<destination>{3e9fa379-1f37-4459-85d7-3201b95697fe}</destination>
		</relationship>
	</object>
	<object class="Timeline" id="{d231ac20-1cbe-4abb-a631-f1289f9520de}">
		<relationship name="modules">
			<destination>{74a686a6-2763-44f7-8219-69a926dc53a6}</destination>
		</relationship>
	</object>
	<object class="EventMixerMaster" id="{8169ca92-87e5-41eb-b745-65a86207b60f}">
		<relationship name="effectChain">
			<destination>{35a9e5b3-4ab6-419b-a7e0-953136f78b80}</destination>
		</relationship>
		<relationship name="panner">
			<destination>{3bf7069d-b09f-4d14-8e7a-94c5a0d24b18}</destination>
		</relationship>
		<relationship name="mixer">
			<destination>{dca04b6a-06e1-4719-97e0-bc34788468e4}</destination>
		</relationship>
	</object>
	<object class="MixerBusEffectChain" id="{17304eab-60d0-4171-b85b-7d9353b932fe}">
		<relationship name="effects">
			<destination>{d00f800b-ce81-42ae-bf45-ecede94bd5b0}</destination>
		</relationship>
	</object>
	<object class="MixerBusPanner" id="{591b7b4f-bdbc-4fbd-ae6d-aa2e091d84a2}" />
	<object class="SingleSound" id="{74a686a6-2763-44f7-8219-69a926dc53a6}">
		<property name="length">
			<value>75.480000000000004</value>
		</property>
		<relationship name="audioFile">
			<destination>{1c7db8ce-dd1a-4025-9903-2b09401f58d3}</destination>
		</relationship>
	</object>
	<object class="EventMixerGroup" id="{3e9fa379-1f37-4459-85d7-3201b95697fe}">
		<property name="name">
			<value>Audio 1</value>
		</property>
		<relationship name="effectChain">
			<destination>{30dbc6df-9b94-4bc6-a21f-5864e10e292f}</destination>
		</relationship>
		<relationship name="panner">
			<destination>{c052e324-d15f-43d1-b3e6-2c0b5270b36a}</destination>
		</relationship>
		<relationship name="output">
			<destination>{8169ca92-87e5-41eb-b745-65a86207b60f}</destination>
		</relationship>
	</object>
	<object class="MixerBusEffectChain" id="{35a9e5b3-4ab6-419b-a7e0-953136f78b80}">
		<relationship name="effects">
			<destination>{34699260-9f0a-40bd-b0f8-3e8f665d81ed}</destination>
		</relationship>
	</object>
	<object class="MixerBusPanner" id="{3bf7069d-b09f-4d14-8e7a-94c5a0d24b18}" />
	<object class="MixerBusFader" id="{d00f800b-ce81-42ae-bf45-ecede94bd5b0}" />
	<object class="MixerBusEffectChain" id="{30dbc6df-9b94-4bc6-a21f-5864e10e292f}">
		<relationship name="effects">
			<destination>{d37a9ae9-f60e-44e4-8f33-8fe94663fad5}</destination>
		</relationship>
	</object>
	<object class="MixerBusPanner" id="{c052e324-d15f-43d1-b3e6-2c0b5270b36a}" />
	<object class="MixerBusFader" id="{34699260-9f0a-40bd-b0f8-3e8f665d81ed}" />
	<object class="MixerBusFader" id="{d37a9ae9-f60e-44e4-8f33-8fe94663fad5}" />
</objects>
