<?xml version="1.0" encoding="UTF-8"?>
<objects serializationModel="Studio.02.01.00">
	<object class="Event" id="{0e98e338-ec8e-4dcd-903e-3c9137a0d6d5}">
		<property name="name">
			<value>Assigned</value>
		</property>
		<property name="outputFormat">
			<value>0</value>
		</property>
		<relationship name="folder">
			<destination>{aa0d4b7a-0983-49b2-8065-5d3fbb6ab136}</destination>
		</relationship>
		<relationship name="mixer">
			<destination>{273ff3d1-7155-4873-8f5e-86dd5d3bd68f}</destination>
		</relationship>
		<relationship name="masterTrack">
			<destination>{0fc2ca6f-e584-42b1-85ab-0372eb750b33}</destination>
		</relationship>
		<relationship name="mixerInput">
			<destination>{d11556b0-2766-40c8-8844-feec5c87114e}</destination>
		</relationship>
		<relationship name="automatableProperties">
			<destination>{8bfd8017-785e-420f-9092-30f62cd380ec}</destination>
		</relationship>
		<relationship name="markerTracks">
			<destination>{ad570db8-c147-472c-ab7f-233e4d62bc20}</destination>
		</relationship>
		<relationship name="groupTracks">
			<destination>{20ef21f8-9f5e-4fbe-8ba5-5765bb9e3c0b}</destination>
		</relationship>
		<relationship name="timeline">
			<destination>{ee1be84a-c4b3-480d-b96f-291a35374ed3}</destination>
		</relationship>
		<relationship name="banks">
			<destination>{8c3f9de4-14c8-4279-a712-2040780fff61}</destination>
		</relationship>
	</object>
	<object class="EventMixer" id="{273ff3d1-7155-4873-8f5e-86dd5d3bd68f}">
		<relationship name="masterBus">
			<destination>{fd5a962d-954b-4c83-9e88-356cdc87806e}</destination>
		</relationship>
	</object>
	<object class="MasterTrack" id="{0fc2ca6f-e584-42b1-85ab-0372eb750b33}">
		<relationship name="mixerGroup">
			<destination>{fd5a962d-954b-4c83-9e88-356cdc87806e}</destination>
		</relationship>
	</object>
	<object class="MixerInput" id="{d11556b0-2766-40c8-8844-feec5c87114e}">
		<relationship name="effectChain">
			<destination>{51851ca0-b859-4935-b3fc-f73c588786e3}</destination>
		</relationship>
		<relationship name="panner">
			<destination>{5da9dad5-897a-447f-ac3d-3eabe0057daa}</destination>
		</relationship>
		<relationship name="output">
			<destination>{a74bdffc-cbb2-488b-ae3c-038020e1273d}</destination>
		</relationship>
	</object>
	<object class="EventAutomatableProperties" id="{8bfd8017-785e-420f-9092-30f62cd380ec}" />
	<object class="MarkerTrack" id="{ad570db8-c147-472c-ab7f-233e4d62bc20}" />
	<object class="GroupTrack" id="{20ef21f8-9f5e-4fbe-8ba5-5765bb9e3c0b}">
		<relationship name="modules">
			<destination>{0e0b8a58-f1b8-49c7-90db-d0d3a59c094d}</destination>
		</relationship>
		<relationship name="mixerGroup">
			<destination>{502fbca1-3712-4538-a5f8-55453b158df2}</destination>
		</relationship>
	</object>
	<object class="Timeline" id="{ee1be84a-c4b3-480d-b96f-291a35374ed3}">
		<relationship name="modules">
			<destination>{0e0b8a58-f1b8-49c7-90db-d0d3a59c094d}</destination>
		</relationship>
	</object>
	<object class="EventMixerMaster" id="{fd5a962d-954b-4c83-9e88-356cdc87806e}">
		<relationship name="effectChain">
			<destination>{d91ac4d6-26aa-4508-8a15-868e0a854f97}</destination>
		</relationship>
		<relationship name="panner">
			<destination>{000f9704-428d-414a-8453-8ac9d5b92fa1}</destination>
		</relationship>
		<relationship name="mixer">
			<destination>{273ff3d1-7155-4873-8f5e-86dd5d3bd68f}</destination>
		</relationship>
	</object>
	<object class="MixerBusEffectChain" id="{51851ca0-b859-4935-b3fc-f73c588786e3}">
		<relationship name="effects">
			<destination>{f0df6d80-3832-44e9-9c73-c44b982bc8ca}</destination>
		</relationship>
	</object>
	<object class="MixerBusPanner" id="{5da9dad5-897a-447f-ac3d-3eabe0057daa}" />
	<object class="MultiSound" id="{0e0b8a58-f1b8-49c7-90db-d0d3a59c094d}">
		<property name="length">
			<value>1.1304166666666666</value>
		</property>
		<relationship name="sounds">
			<destination>{5519f0ab-9cd8-44b9-a226-d2e08d8e92df}</destination>
			<destination>{79c5a8cb-9749-4299-bae5-7449f01739b7}</destination>
			<destination>{c0795d95-e65a-497a-bced-062fb14f9f63}</destination>
		</relationship>
	</object>
	<object class="EventMixerGroup" id="{502fbca1-3712-4538-a5f8-55453b158df2}">
		<property name="name">
			<value>Audio 1</value>
		</property>
		<relationship name="effectChain">
			<destination>{c3bfcc55-393a-4252-966b-47e8c35f55f1}</destination>
		</relationship>
		<relationship name="panner">
			<destination>{ff078fc4-f208-4b98-874c-486d1e416df6}</destination>
		</relationship>
		<relationship name="output">
			<destination>{fd5a962d-954b-4c83-9e88-356cdc87806e}</destination>
		</relationship>
	</object>
	<object class="MixerBusEffectChain" id="{d91ac4d6-26aa-4508-8a15-868e0a854f97}">
		<relationship name="effects">
			<destination>{6631c84c-3b8b-47b6-9271-5207d57abba1}</destination>
		</relationship>
	</object>
	<object class="MixerBusPanner" id="{000f9704-428d-414a-8453-8ac9d5b92fa1}" />
	<object class="MixerBusFader" id="{f0df6d80-3832-44e9-9c73-c44b982bc8ca}" />
	<object class="SingleSound" id="{5519f0ab-9cd8-44b9-a226-d2e08d8e92df}">
		<relationship name="audioFile">
			<destination>{8992a82d-9aad-41ff-b2b2-0edd255ee1cd}</destination>
		</relationship>
	</object>
	<object class="SingleSound" id="{79c5a8cb-9749-4299-bae5-7449f01739b7}">
		<relationship name="audioFile">
			<destination>{09d51740-6631-43d6-94a4-e5d6e6bccb96}</destination>
		</relationship>
	</object>
	<object class="SingleSound" id="{c0795d95-e65a-497a-bced-062fb14f9f63}">
		<relationship name="audioFile">
			<destination>{f17e6a05-5a68-4bf2-bd65-84e8ca79857b}</destination>
		</relationship>
	</object>
	<object class="MixerBusEffectChain" id="{c3bfcc55-393a-4252-966b-47e8c35f55f1}">
		<relationship name="effects">
			<destination>{7668791b-dc02-4a9b-bbe3-7a3c6fd88c96}</destination>
		</relationship>
	</object>
	<object class="MixerBusPanner" id="{ff078fc4-f208-4b98-874c-486d1e416df6}" />
	<object class="MixerBusFader" id="{6631c84c-3b8b-47b6-9271-5207d57abba1}" />
	<object class="MixerBusFader" id="{7668791b-dc02-4a9b-bbe3-7a3c6fd88c96}" />
</objects>
