<?xml version="1.0" encoding="UTF-8"?>
<objects serializationModel="Studio.02.01.00">
	<object class="Event" id="{0eadb0ca-4631-4a69-abb7-64bbb5a5360b}">
		<property name="name">
			<value>Faction_Diplomacy_Cooperate_War_Escape</value>
		</property>
		<property name="outputFormat">
			<value>0</value>
		</property>
		<relationship name="folder">
			<destination>{158ad337-8269-4a32-865c-d3c458683eff}</destination>
		</relationship>
		<relationship name="mixer">
			<destination>{39fd98a5-4316-4149-b022-0d38c01d81b8}</destination>
		</relationship>
		<relationship name="masterTrack">
			<destination>{936651ef-b948-4da3-b89b-cb7decaa2d89}</destination>
		</relationship>
		<relationship name="mixerInput">
			<destination>{7259c2af-ed2d-44ca-af02-66da703b1832}</destination>
		</relationship>
		<relationship name="automatableProperties">
			<destination>{acf40060-7522-4bc2-af01-d58848554b07}</destination>
		</relationship>
		<relationship name="markerTracks">
			<destination>{8550b2de-f4d0-4efa-b5dd-09116ffa9279}</destination>
		</relationship>
		<relationship name="groupTracks">
			<destination>{42c15fb4-d2a5-475c-ae12-3900383f0c80}</destination>
		</relationship>
		<relationship name="timeline">
			<destination>{49cb6160-72b4-4b11-b23f-59c78727a99a}</destination>
		</relationship>
		<relationship name="banks">
			<destination>{8c3f9de4-14c8-4279-a712-2040780fff61}</destination>
		</relationship>
	</object>
	<object class="EventMixer" id="{39fd98a5-4316-4149-b022-0d38c01d81b8}">
		<relationship name="masterBus">
			<destination>{b03ccc3f-24e7-4423-a4d8-5eb3f1e5e9a6}</destination>
		</relationship>
	</object>
	<object class="MasterTrack" id="{936651ef-b948-4da3-b89b-cb7decaa2d89}">
		<relationship name="mixerGroup">
			<destination>{b03ccc3f-24e7-4423-a4d8-5eb3f1e5e9a6}</destination>
		</relationship>
	</object>
	<object class="MixerInput" id="{7259c2af-ed2d-44ca-af02-66da703b1832}">
		<relationship name="effectChain">
			<destination>{5cf2dcd4-8182-4a48-8c82-42fe551f5cd5}</destination>
		</relationship>
		<relationship name="panner">
			<destination>{2f799e72-af84-47ae-a669-cb6350551490}</destination>
		</relationship>
		<relationship name="output">
			<destination>{a74bdffc-cbb2-488b-ae3c-038020e1273d}</destination>
		</relationship>
	</object>
	<object class="EventAutomatableProperties" id="{acf40060-7522-4bc2-af01-d58848554b07}" />
	<object class="MarkerTrack" id="{8550b2de-f4d0-4efa-b5dd-09116ffa9279}" />
	<object class="GroupTrack" id="{42c15fb4-d2a5-475c-ae12-3900383f0c80}">
		<relationship name="modules">
			<destination>{4f5634db-a638-4341-a1d8-1c5ba9d4b7b8}</destination>
		</relationship>
		<relationship name="mixerGroup">
			<destination>{eadfe745-4f72-4907-83e4-943f1bd7e68a}</destination>
		</relationship>
	</object>
	<object class="Timeline" id="{49cb6160-72b4-4b11-b23f-59c78727a99a}">
		<relationship name="modules">
			<destination>{4f5634db-a638-4341-a1d8-1c5ba9d4b7b8}</destination>
		</relationship>
	</object>
	<object class="EventMixerMaster" id="{b03ccc3f-24e7-4423-a4d8-5eb3f1e5e9a6}">
		<relationship name="effectChain">
			<destination>{c796e860-1c81-4582-a7bd-7486147d42f1}</destination>
		</relationship>
		<relationship name="panner">
			<destination>{75b31ee0-af50-45b7-ac42-044e7fc738f7}</destination>
		</relationship>
		<relationship name="mixer">
			<destination>{39fd98a5-4316-4149-b022-0d38c01d81b8}</destination>
		</relationship>
	</object>
	<object class="MixerBusEffectChain" id="{5cf2dcd4-8182-4a48-8c82-42fe551f5cd5}">
		<relationship name="effects">
			<destination>{3b884439-814f-4213-a884-24f526cfbca7}</destination>
		</relationship>
	</object>
	<object class="MixerBusPanner" id="{2f799e72-af84-47ae-a669-cb6350551490}" />
	<object class="SingleSound" id="{4f5634db-a638-4341-a1d8-1c5ba9d4b7b8}">
		<property name="length">
			<value>3.9274583333333335</value>
		</property>
		<relationship name="audioFile">
			<destination>{4ef5d990-4aca-45d0-8c7a-1c84cf605e28}</destination>
		</relationship>
	</object>
	<object class="EventMixerGroup" id="{eadfe745-4f72-4907-83e4-943f1bd7e68a}">
		<property name="name">
			<value>Audio 1</value>
		</property>
		<relationship name="effectChain">
			<destination>{9894d5f4-39af-4468-8ad2-61d46787db37}</destination>
		</relationship>
		<relationship name="panner">
			<destination>{f492ff22-6bf4-4653-9627-0777125062ad}</destination>
		</relationship>
		<relationship name="output">
			<destination>{b03ccc3f-24e7-4423-a4d8-5eb3f1e5e9a6}</destination>
		</relationship>
	</object>
	<object class="MixerBusEffectChain" id="{c796e860-1c81-4582-a7bd-7486147d42f1}">
		<relationship name="effects">
			<destination>{9bc2db24-36df-49a8-932f-d77e55df3fa8}</destination>
		</relationship>
	</object>
	<object class="MixerBusPanner" id="{75b31ee0-af50-45b7-ac42-044e7fc738f7}" />
	<object class="MixerBusFader" id="{3b884439-814f-4213-a884-24f526cfbca7}" />
	<object class="MixerBusEffectChain" id="{9894d5f4-39af-4468-8ad2-61d46787db37}">
		<relationship name="effects">
			<destination>{13e8ecb8-fc80-438b-b3bf-4735c0562523}</destination>
		</relationship>
	</object>
	<object class="MixerBusPanner" id="{f492ff22-6bf4-4653-9627-0777125062ad}" />
	<object class="MixerBusFader" id="{9bc2db24-36df-49a8-932f-d77e55df3fa8}" />
	<object class="MixerBusFader" id="{13e8ecb8-fc80-438b-b3bf-4735c0562523}" />
</objects>
