<?xml version="1.0" encoding="UTF-8"?>
<objects serializationModel="Studio.02.01.00">
	<object class="Event" id="{0ebfe9ff-de81-4aed-a128-94b22c2bbfaa}">
		<property name="name">
			<value>TechQuote_EscapeLifeScience</value>
		</property>
		<property name="outputFormat">
			<value>0</value>
		</property>
		<relationship name="folder">
			<destination>{158ad337-8269-4a32-865c-d3c458683eff}</destination>
		</relationship>
		<relationship name="mixer">
			<destination>{e4a9ade8-7bda-4d16-9389-94edd2b49b68}</destination>
		</relationship>
		<relationship name="masterTrack">
			<destination>{4e74e4c5-45ef-4413-be70-d5fb00d3ce77}</destination>
		</relationship>
		<relationship name="mixerInput">
			<destination>{59be884f-c9dc-49a8-a515-9349b1972f86}</destination>
		</relationship>
		<relationship name="automatableProperties">
			<destination>{9561b188-8222-495a-aa12-dba658465dd9}</destination>
		</relationship>
		<relationship name="markerTracks">
			<destination>{f377f135-d597-442f-9581-1bed6df36d1b}</destination>
		</relationship>
		<relationship name="groupTracks">
			<destination>{85b2dc82-46fb-4934-8eb5-68858cba3a11}</destination>
		</relationship>
		<relationship name="timeline">
			<destination>{5d9d0038-a6ef-465d-a963-1848597ec80a}</destination>
		</relationship>
		<relationship name="banks">
			<destination>{8c3f9de4-14c8-4279-a712-2040780fff61}</destination>
		</relationship>
	</object>
	<object class="EventMixer" id="{e4a9ade8-7bda-4d16-9389-94edd2b49b68}">
		<relationship name="masterBus">
			<destination>{2e808745-5fc6-48e7-88df-e04c98ff6243}</destination>
		</relationship>
	</object>
	<object class="MasterTrack" id="{4e74e4c5-45ef-4413-be70-d5fb00d3ce77}">
		<relationship name="mixerGroup">
			<destination>{2e808745-5fc6-48e7-88df-e04c98ff6243}</destination>
		</relationship>
	</object>
	<object class="MixerInput" id="{59be884f-c9dc-49a8-a515-9349b1972f86}">
		<relationship name="effectChain">
			<destination>{17788b56-fba4-43f3-b11a-68cd4dea11ce}</destination>
		</relationship>
		<relationship name="panner">
			<destination>{3583d6d5-df19-4025-b081-cdfcb965bf99}</destination>
		</relationship>
		<relationship name="output">
			<destination>{a74bdffc-cbb2-488b-ae3c-038020e1273d}</destination>
		</relationship>
	</object>
	<object class="EventAutomatableProperties" id="{9561b188-8222-495a-aa12-dba658465dd9}" />
	<object class="MarkerTrack" id="{f377f135-d597-442f-9581-1bed6df36d1b}" />
	<object class="GroupTrack" id="{85b2dc82-46fb-4934-8eb5-68858cba3a11}">
		<relationship name="modules">
			<destination>{5b2b16d1-936a-4f3f-9460-8ac31dfbfc96}</destination>
		</relationship>
		<relationship name="mixerGroup">
			<destination>{04fde2d5-8714-494e-b3cd-5f6a01303486}</destination>
		</relationship>
	</object>
	<object class="Timeline" id="{5d9d0038-a6ef-465d-a963-1848597ec80a}">
		<relationship name="modules">
			<destination>{5b2b16d1-936a-4f3f-9460-8ac31dfbfc96}</destination>
		</relationship>
	</object>
	<object class="EventMixerMaster" id="{2e808745-5fc6-48e7-88df-e04c98ff6243}">
		<relationship name="effectChain">
			<destination>{2990e54e-f572-454d-b7bf-7464deb40d6b}</destination>
		</relationship>
		<relationship name="panner">
			<destination>{9a3d3a8a-5a25-4807-9a8b-ca17c800fe4d}</destination>
		</relationship>
		<relationship name="mixer">
			<destination>{e4a9ade8-7bda-4d16-9389-94edd2b49b68}</destination>
		</relationship>
	</object>
	<object class="MixerBusEffectChain" id="{17788b56-fba4-43f3-b11a-68cd4dea11ce}">
		<relationship name="effects">
			<destination>{eaac1530-1bcd-4104-866a-db7b3322f51d}</destination>
		</relationship>
	</object>
	<object class="MixerBusPanner" id="{3583d6d5-df19-4025-b081-cdfcb965bf99}" />
	<object class="SingleSound" id="{5b2b16d1-936a-4f3f-9460-8ac31dfbfc96}">
		<property name="length">
			<value>18.289833333333334</value>
		</property>
		<relationship name="audioFile">
			<destination>{5cc94f1f-575f-4567-9905-24444385963f}</destination>
		</relationship>
	</object>
	<object class="EventMixerGroup" id="{04fde2d5-8714-494e-b3cd-5f6a01303486}">
		<property name="name">
			<value>Audio 1</value>
		</property>
		<relationship name="effectChain">
			<destination>{d73f58a6-4334-4bc6-9188-ace55c85fd35}</destination>
		</relationship>
		<relationship name="panner">
			<destination>{aa335f2b-3fb5-4390-836b-49dd188412f3}</destination>
		</relationship>
		<relationship name="output">
			<destination>{2e808745-5fc6-48e7-88df-e04c98ff6243}</destination>
		</relationship>
	</object>
	<object class="MixerBusEffectChain" id="{2990e54e-f572-454d-b7bf-7464deb40d6b}">
		<relationship name="effects">
			<destination>{79097c30-bba4-4b25-a2ca-8b3a03829471}</destination>
		</relationship>
	</object>
	<object class="MixerBusPanner" id="{9a3d3a8a-5a25-4807-9a8b-ca17c800fe4d}" />
	<object class="MixerBusFader" id="{eaac1530-1bcd-4104-866a-db7b3322f51d}" />
	<object class="MixerBusEffectChain" id="{d73f58a6-4334-4bc6-9188-ace55c85fd35}">
		<relationship name="effects">
			<destination>{75ab2aca-827a-4a08-a365-f002ec2f01f2}</destination>
		</relationship>
	</object>
	<object class="MixerBusPanner" id="{aa335f2b-3fb5-4390-836b-49dd188412f3}" />
	<object class="MixerBusFader" id="{79097c30-bba4-4b25-a2ca-8b3a03829471}" />
	<object class="MixerBusFader" id="{75ab2aca-827a-4a08-a365-f002ec2f01f2}" />
</objects>
