<?xml version="1.0" encoding="UTF-8"?>
<objects serializationModel="Studio.02.01.00">
	<object class="Event" id="{0eb4c5e4-5019-4158-977c-6e919a22d7a7}">
		<property name="name">
			<value>Takeover</value>
		</property>
		<property name="outputFormat">
			<value>0</value>
		</property>
		<relationship name="folder">
			<destination>{7274a945-d0c8-4499-9037-1f915455a8bb}</destination>
		</relationship>
		<relationship name="mixer">
			<destination>{ec07402c-2c47-481a-9ed8-6d15d41de90c}</destination>
		</relationship>
		<relationship name="masterTrack">
			<destination>{7108e145-b66a-42ca-aa56-71971c5765f5}</destination>
		</relationship>
		<relationship name="mixerInput">
			<destination>{665eb689-b282-4491-a6d8-1f63c69b5f4f}</destination>
		</relationship>
		<relationship name="automatableProperties">
			<destination>{de6be1b2-7025-4e8f-ae65-5d14dac4f5ba}</destination>
		</relationship>
		<relationship name="markerTracks">
			<destination>{c4158290-46b8-4c14-ada3-f7edda53c886}</destination>
		</relationship>
		<relationship name="groupTracks">
			<destination>{2824e57c-3aa1-4847-ba56-55cdc242f325}</destination>
		</relationship>
		<relationship name="timeline">
			<destination>{e9a2335d-a022-4738-87be-15b8f5b987cd}</destination>
		</relationship>
		<relationship name="banks">
			<destination>{8c3f9de4-14c8-4279-a712-2040780fff61}</destination>
		</relationship>
	</object>
	<object class="EventMixer" id="{ec07402c-2c47-481a-9ed8-6d15d41de90c}">
		<relationship name="masterBus">
			<destination>{d2a5ac9a-0ff2-4812-a4b3-9d24b05864ef}</destination>
		</relationship>
	</object>
	<object class="MasterTrack" id="{7108e145-b66a-42ca-aa56-71971c5765f5}">
		<relationship name="mixerGroup">
			<destination>{d2a5ac9a-0ff2-4812-a4b3-9d24b05864ef}</destination>
		</relationship>
	</object>
	<object class="MixerInput" id="{665eb689-b282-4491-a6d8-1f63c69b5f4f}">
		<relationship name="effectChain">
			<destination>{eea3de5d-a626-4241-85c7-dbf522a38ec3}</destination>
		</relationship>
		<relationship name="panner">
			<destination>{f7292c92-2067-48e9-aef9-efb67c472faf}</destination>
		</relationship>
		<relationship name="output">
			<destination>{a74bdffc-cbb2-488b-ae3c-038020e1273d}</destination>
		</relationship>
	</object>
	<object class="EventAutomatableProperties" id="{de6be1b2-7025-4e8f-ae65-5d14dac4f5ba}" />
	<object class="MarkerTrack" id="{c4158290-46b8-4c14-ada3-f7edda53c886}" />
	<object class="GroupTrack" id="{2824e57c-3aa1-4847-ba56-55cdc242f325}">
		<relationship name="modules">
			<destination>{0da8668e-e031-4dd1-a7e8-333c0350d543}</destination>
		</relationship>
		<relationship name="mixerGroup">
			<destination>{6e1b7611-a383-4c9e-8fb4-7e4ed73ed178}</destination>
		</relationship>
	</object>
	<object class="Timeline" id="{e9a2335d-a022-4738-87be-15b8f5b987cd}">
		<relationship name="modules">
			<destination>{0da8668e-e031-4dd1-a7e8-333c0350d543}</destination>
		</relationship>
	</object>
	<object class="EventMixerMaster" id="{d2a5ac9a-0ff2-4812-a4b3-9d24b05864ef}">
		<relationship name="effectChain">
			<destination>{2defa13a-aa67-45ae-b5c7-4a6c4a98ffec}</destination>
		</relationship>
		<relationship name="panner">
			<destination>{3f329872-b736-450d-b272-d4f06c1dc78a}</destination>
		</relationship>
		<relationship name="mixer">
			<destination>{ec07402c-2c47-481a-9ed8-6d15d41de90c}</destination>
		</relationship>
	</object>
	<object class="MixerBusEffectChain" id="{eea3de5d-a626-4241-85c7-dbf522a38ec3}">
		<relationship name="effects">
			<destination>{74b74597-fe37-4537-9fcc-c7a458323301}</destination>
		</relationship>
	</object>
	<object class="MixerBusPanner" id="{f7292c92-2067-48e9-aef9-efb67c472faf}" />
	<object class="MultiSound" id="{0da8668e-e031-4dd1-a7e8-333c0350d543}">
		<property name="length">
			<value>3.0251041666666665</value>
		</property>
		<relationship name="sounds">
			<destination>{df4eb8ab-7b69-48e5-b7dd-fdcfa592c713}</destination>
			<destination>{67077d33-4774-441a-98ea-f5a86d89ef31}</destination>
			<destination>{3c086708-55e6-47a6-940d-39ee3178e8f5}</destination>
			<destination>{0217eac6-cd13-4d0c-8f55-37a21ef8fa6e}</destination>
		</relationship>
	</object>
	<object class="EventMixerGroup" id="{6e1b7611-a383-4c9e-8fb4-7e4ed73ed178}">
		<property name="name">
			<value>Audio 1</value>
		</property>
		<relationship name="effectChain">
			<destination>{37410e3f-d575-4115-83f5-a69d0839120c}</destination>
		</relationship>
		<relationship name="panner">
			<destination>{849fc0af-b944-4a3b-93fd-32e1e2c6d626}</destination>
		</relationship>
		<relationship name="output">
			<destination>{d2a5ac9a-0ff2-4812-a4b3-9d24b05864ef}</destination>
		</relationship>
	</object>
	<object class="MixerBusEffectChain" id="{2defa13a-aa67-45ae-b5c7-4a6c4a98ffec}">
		<relationship name="effects">
			<destination>{ef57ba3b-2c69-4dad-b271-082d5b7d7afa}</destination>
		</relationship>
	</object>
	<object class="MixerBusPanner" id="{3f329872-b736-450d-b272-d4f06c1dc78a}" />
	<object class="MixerBusFader" id="{74b74597-fe37-4537-9fcc-c7a458323301}" />
	<object class="SingleSound" id="{df4eb8ab-7b69-48e5-b7dd-fdcfa592c713}">
		<relationship name="audioFile">
			<destination>{82987d44-a412-4ab2-942b-ae8f3cf34c3f}</destination>
		</relationship>
	</object>
	<object class="SingleSound" id="{67077d33-4774-441a-98ea-f5a86d89ef31}">
		<relationship name="audioFile">
			<destination>{0b0eb7c9-dc5f-4618-a196-9f24427ab436}</destination>
		</relationship>
	</object>
	<object class="SingleSound" id="{3c086708-55e6-47a6-940d-39ee3178e8f5}">
		<relationship name="audioFile">
			<destination>{dcb92722-81e1-4fd5-85cd-8ed4d9968f60}</destination>
		</relationship>
	</object>
	<object class="SingleSound" id="{0217eac6-cd13-4d0c-8f55-37a21ef8fa6e}">
		<relationship name="audioFile">
			<destination>{1cdda642-bb25-4d10-8295-37ab5a92525d}</destination>
		</relationship>
	</object>
	<object class="MixerBusEffectChain" id="{37410e3f-d575-4115-83f5-a69d0839120c}">
		<relationship name="effects">
			<destination>{31a78345-b10f-459c-b4d1-4daa0861b10f}</destination>
		</relationship>
	</object>
	<object class="MixerBusPanner" id="{849fc0af-b944-4a3b-93fd-32e1e2c6d626}" />
	<object class="MixerBusFader" id="{ef57ba3b-2c69-4dad-b271-082d5b7d7afa}" />
	<object class="MixerBusFader" id="{31a78345-b10f-459c-b4d1-4daa0861b10f}" />
</objects>
