<?xml version="1.0" encoding="UTF-8"?>
<objects serializationModel="Studio.02.01.00">
	<object class="Event" id="{0ec541ca-c116-4fcf-b7bc-a9624355e88d}">
		<property name="name">
			<value>Success</value>
		</property>
		<property name="outputFormat">
			<value>0</value>
		</property>
		<relationship name="folder">
			<destination>{1fbddb74-a10c-4c48-8a9e-a0f4564d37c9}</destination>
		</relationship>
		<relationship name="mixer">
			<destination>{8d385769-bcc6-4b52-9412-5cdad16f4155}</destination>
		</relationship>
		<relationship name="masterTrack">
			<destination>{959ab88d-cb67-4c5c-996e-c6cd0c763a15}</destination>
		</relationship>
		<relationship name="mixerInput">
			<destination>{5d5cfd6b-c6ce-4079-b0a7-dd2b6027e913}</destination>
		</relationship>
		<relationship name="automatableProperties">
			<destination>{0d3f1e1a-6a9a-453e-bf43-f16fafe93408}</destination>
		</relationship>
		<relationship name="markerTracks">
			<destination>{d867cc5f-04c5-46f8-a569-5abc680d637c}</destination>
		</relationship>
		<relationship name="groupTracks">
			<destination>{309d7e70-6007-401b-abd5-0b6815848649}</destination>
		</relationship>
		<relationship name="timeline">
			<destination>{ab953502-7860-4c74-90f9-e9e77381d293}</destination>
		</relationship>
		<relationship name="banks">
			<destination>{8c3f9de4-14c8-4279-a712-2040780fff61}</destination>
		</relationship>
	</object>
	<object class="EventMixer" id="{8d385769-bcc6-4b52-9412-5cdad16f4155}">
		<relationship name="masterBus">
			<destination>{c6dfd960-c477-4ec8-93af-b74d4485be70}</destination>
		</relationship>
	</object>
	<object class="MasterTrack" id="{959ab88d-cb67-4c5c-996e-c6cd0c763a15}">
		<relationship name="mixerGroup">
			<destination>{c6dfd960-c477-4ec8-93af-b74d4485be70}</destination>
		</relationship>
	</object>
	<object class="MixerInput" id="{5d5cfd6b-c6ce-4079-b0a7-dd2b6027e913}">
		<relationship name="effectChain">
			<destination>{00d1e9bb-331e-40df-8c9b-6e2c3d59b286}</destination>
		</relationship>
		<relationship name="panner">
			<destination>{5b65f7c1-9750-4390-96a7-be56e069e075}</destination>
		</relationship>
		<relationship name="output">
			<destination>{a74bdffc-cbb2-488b-ae3c-038020e1273d}</destination>
		</relationship>
	</object>
	<object class="EventAutomatableProperties" id="{0d3f1e1a-6a9a-453e-bf43-f16fafe93408}" />
	<object class="MarkerTrack" id="{d867cc5f-04c5-46f8-a569-5abc680d637c}" />
	<object class="GroupTrack" id="{309d7e70-6007-401b-abd5-0b6815848649}">
		<relationship name="modules">
			<destination>{1e10fd1d-549d-4fd0-9aa1-4183c1b0ab6a}</destination>
		</relationship>
		<relationship name="mixerGroup">
			<destination>{fb95f925-90d6-4b52-bde0-a3380b654c84}</destination>
		</relationship>
	</object>
	<object class="Timeline" id="{ab953502-7860-4c74-90f9-e9e77381d293}">
		<relationship name="modules">
			<destination>{1e10fd1d-549d-4fd0-9aa1-4183c1b0ab6a}</destination>
		</relationship>
	</object>
	<object class="EventMixerMaster" id="{c6dfd960-c477-4ec8-93af-b74d4485be70}">
		<relationship name="effectChain">
			<destination>{789af602-ca22-44b1-922d-79a6e786a3a3}</destination>
		</relationship>
		<relationship name="panner">
			<destination>{bf62f102-12ec-4d28-ba59-4c4c094efdf5}</destination>
		</relationship>
		<relationship name="mixer">
			<destination>{8d385769-bcc6-4b52-9412-5cdad16f4155}</destination>
		</relationship>
	</object>
	<object class="MixerBusEffectChain" id="{00d1e9bb-331e-40df-8c9b-6e2c3d59b286}">
		<relationship name="effects">
			<destination>{60bef8ab-1a46-4e34-9944-e217a9fb4d6f}</destination>
		</relationship>
	</object>
	<object class="MixerBusPanner" id="{5b65f7c1-9750-4390-96a7-be56e069e075}" />
	<object class="MultiSound" id="{1e10fd1d-549d-4fd0-9aa1-4183c1b0ab6a}">
		<property name="length">
			<value>2.4356874999999998</value>
		</property>
		<relationship name="sounds">
			<destination>{f2491055-ea14-49e2-a1fd-151cf0b54152}</destination>
			<destination>{246cce45-9dad-4483-9ecd-b0a78447fa19}</destination>
			<destination>{1d7f786e-774f-4b31-9b7c-935b31637c0f}</destination>
			<destination>{96767cfe-7dcb-43a5-b79f-2cad43a91985}</destination>
		</relationship>
	</object>
	<object class="EventMixerGroup" id="{fb95f925-90d6-4b52-bde0-a3380b654c84}">
		<property name="name">
			<value>Audio 1</value>
		</property>
		<relationship name="effectChain">
			<destination>{c13a2ea1-5546-4196-9519-9f7f850f8ee6}</destination>
		</relationship>
		<relationship name="panner">
			<destination>{9c8cd803-fcb7-4c09-b987-074067dbdb9a}</destination>
		</relationship>
		<relationship name="output">
			<destination>{c6dfd960-c477-4ec8-93af-b74d4485be70}</destination>
		</relationship>
	</object>
	<object class="MixerBusEffectChain" id="{789af602-ca22-44b1-922d-79a6e786a3a3}">
		<relationship name="effects">
			<destination>{0618c608-ef3e-4ba4-8eb2-c618a3f1dd36}</destination>
		</relationship>
	</object>
	<object class="MixerBusPanner" id="{bf62f102-12ec-4d28-ba59-4c4c094efdf5}" />
	<object class="MixerBusFader" id="{60bef8ab-1a46-4e34-9944-e217a9fb4d6f}" />
	<object class="SingleSound" id="{f2491055-ea14-49e2-a1fd-151cf0b54152}">
		<relationship name="audioFile">
			<destination>{bb78dd7d-5335-4bcc-8267-8f74b72ec046}</destination>
		</relationship>
	</object>
	<object class="SingleSound" id="{246cce45-9dad-4483-9ecd-b0a78447fa19}">
		<relationship name="audioFile">
			<destination>{f8f4a92f-10fc-4f4d-844e-da6d8a4fdd11}</destination>
		</relationship>
	</object>
	<object class="SingleSound" id="{1d7f786e-774f-4b31-9b7c-935b31637c0f}">
		<relationship name="audioFile">
			<destination>{9b0dec8f-739d-4af3-9695-4b872e4bac58}</destination>
		</relationship>
	</object>
	<object class="SingleSound" id="{96767cfe-7dcb-43a5-b79f-2cad43a91985}">
		<relationship name="audioFile">
			<destination>{46bc4444-8344-4ecd-a6a3-7b377b72ce5f}</destination>
		</relationship>
	</object>
	<object class="MixerBusEffectChain" id="{c13a2ea1-5546-4196-9519-9f7f850f8ee6}">
		<relationship name="effects">
			<destination>{40d51a5e-a317-45a0-952d-1a5fbe9ba05a}</destination>
		</relationship>
	</object>
	<object class="MixerBusPanner" id="{9c8cd803-fcb7-4c09-b987-074067dbdb9a}" />
	<object class="MixerBusFader" id="{0618c608-ef3e-4ba4-8eb2-c618a3f1dd36}" />
	<object class="MixerBusFader" id="{40d51a5e-a317-45a0-952d-1a5fbe9ba05a}" />
</objects>
