<?xml version="1.0" encoding="UTF-8"?>
<objects serializationModel="Studio.02.01.00">
	<object class="Event" id="{0ed26441-2ed2-438e-9b48-201cac7b8e08}">
		<property name="name">
			<value>Failure</value>
		</property>
		<property name="outputFormat">
			<value>0</value>
		</property>
		<relationship name="folder">
			<destination>{b6717a5a-085a-46a5-b0ee-e29d066de1da}</destination>
		</relationship>
		<relationship name="mixer">
			<destination>{b5620373-b953-448a-b24d-f5e3144e1dc6}</destination>
		</relationship>
		<relationship name="masterTrack">
			<destination>{268ad29d-68cd-4c45-b202-bf3304572730}</destination>
		</relationship>
		<relationship name="mixerInput">
			<destination>{8545ff2d-12c8-496b-ba33-8c7896ee0adb}</destination>
		</relationship>
		<relationship name="automatableProperties">
			<destination>{4e34bfb8-b868-44c3-93ea-deee63baae67}</destination>
		</relationship>
		<relationship name="markerTracks">
			<destination>{7d35861f-3420-41ac-8c55-c7e437a55b8a}</destination>
		</relationship>
		<relationship name="groupTracks">
			<destination>{e3945ed0-3141-448b-aa68-490e61c6c5e1}</destination>
		</relationship>
		<relationship name="timeline">
			<destination>{aa08cb0d-c3ae-4d5d-ba21-3327878f3c5a}</destination>
		</relationship>
		<relationship name="banks">
			<destination>{8c3f9de4-14c8-4279-a712-2040780fff61}</destination>
		</relationship>
	</object>
	<object class="EventMixer" id="{b5620373-b953-448a-b24d-f5e3144e1dc6}">
		<relationship name="masterBus">
			<destination>{9eb58bda-265a-4f44-83f9-931d5c239f49}</destination>
		</relationship>
	</object>
	<object class="MasterTrack" id="{268ad29d-68cd-4c45-b202-bf3304572730}">
		<relationship name="mixerGroup">
			<destination>{9eb58bda-265a-4f44-83f9-931d5c239f49}</destination>
		</relationship>
	</object>
	<object class="MixerInput" id="{8545ff2d-12c8-496b-ba33-8c7896ee0adb}">
		<relationship name="effectChain">
			<destination>{7351438c-aeb0-4c50-8558-16ba77a930b2}</destination>
		</relationship>
		<relationship name="panner">
			<destination>{28e3b494-d015-488c-868d-02dbb84eab08}</destination>
		</relationship>
		<relationship name="output">
			<destination>{a74bdffc-cbb2-488b-ae3c-038020e1273d}</destination>
		</relationship>
	</object>
	<object class="EventAutomatableProperties" id="{4e34bfb8-b868-44c3-93ea-deee63baae67}" />
	<object class="MarkerTrack" id="{7d35861f-3420-41ac-8c55-c7e437a55b8a}" />
	<object class="GroupTrack" id="{e3945ed0-3141-448b-aa68-490e61c6c5e1}">
		<relationship name="modules">
			<destination>{4aa69912-1d09-48b0-be62-def86c6e903c}</destination>
		</relationship>
		<relationship name="mixerGroup">
			<destination>{c66520ef-0a53-4ca1-8bd9-e641f6f59471}</destination>
		</relationship>
	</object>
	<object class="Timeline" id="{aa08cb0d-c3ae-4d5d-ba21-3327878f3c5a}">
		<relationship name="modules">
			<destination>{4aa69912-1d09-48b0-be62-def86c6e903c}</destination>
		</relationship>
	</object>
	<object class="EventMixerMaster" id="{9eb58bda-265a-4f44-83f9-931d5c239f49}">
		<relationship name="effectChain">
			<destination>{7e9e16ff-d174-4885-8f1c-3d02166f7275}</destination>
		</relationship>
		<relationship name="panner">
			<destination>{99d34c34-e015-4ba1-85ff-f6b9c4919e4e}</destination>
		</relationship>
		<relationship name="mixer">
			<destination>{b5620373-b953-448a-b24d-f5e3144e1dc6}</destination>
		</relationship>
	</object>
	<object class="MixerBusEffectChain" id="{7351438c-aeb0-4c50-8558-16ba77a930b2}">
		<relationship name="effects">
			<destination>{570a499d-5b19-4a81-b33b-05d50cabdcf3}</destination>
		</relationship>
	</object>
	<object class="MixerBusPanner" id="{28e3b494-d015-488c-868d-02dbb84eab08}" />
	<object class="MultiSound" id="{4aa69912-1d09-48b0-be62-def86c6e903c}">
		<property name="length">
			<value>2.5236666666666667</value>
		</property>
		<relationship name="sounds">
			<destination>{471d09d8-67a7-4895-adcc-c2039e0688ca}</destination>
			<destination>{3f217c22-9bab-41e8-aa17-9ea60be4d653}</destination>
			<destination>{e6bb5bb7-6c3e-444e-87c6-fb0d7c0be371}</destination>
			<destination>{e4319214-7494-4673-b0e9-e4cf62dd91aa}</destination>
		</relationship>
	</object>
	<object class="EventMixerGroup" id="{c66520ef-0a53-4ca1-8bd9-e641f6f59471}">
		<property name="name">
			<value>Audio 1</value>
		</property>
		<relationship name="effectChain">
			<destination>{9bb973c3-a251-459c-b2cc-630f378b419b}</destination>
		</relationship>
		<relationship name="panner">
			<destination>{fe12b398-7568-4b72-8c67-f0c27b09822e}</destination>
		</relationship>
		<relationship name="output">
			<destination>{9eb58bda-265a-4f44-83f9-931d5c239f49}</destination>
		</relationship>
	</object>
	<object class="MixerBusEffectChain" id="{7e9e16ff-d174-4885-8f1c-3d02166f7275}">
		<relationship name="effects">
			<destination>{af0e698e-1b68-4515-9875-fc635ce4e2d9}</destination>
		</relationship>
	</object>
	<object class="MixerBusPanner" id="{99d34c34-e015-4ba1-85ff-f6b9c4919e4e}" />
	<object class="MixerBusFader" id="{570a499d-5b19-4a81-b33b-05d50cabdcf3}" />
	<object class="SingleSound" id="{471d09d8-67a7-4895-adcc-c2039e0688ca}">
		<relationship name="audioFile">
			<destination>{22667d9e-2315-452c-9cef-643a0cf3c18d}</destination>
		</relationship>
	</object>
	<object class="SingleSound" id="{3f217c22-9bab-41e8-aa17-9ea60be4d653}">
		<relationship name="audioFile">
			<destination>{17d2ba18-8087-4797-9982-d138294299e1}</destination>
		</relationship>
	</object>
	<object class="SingleSound" id="{e6bb5bb7-6c3e-444e-87c6-fb0d7c0be371}">
		<relationship name="audioFile">
			<destination>{50ed7209-397e-41bc-a02d-9912572bdae7}</destination>
		</relationship>
	</object>
	<object class="SingleSound" id="{e4319214-7494-4673-b0e9-e4cf62dd91aa}">
		<relationship name="audioFile">
			<destination>{42999f1e-cc92-464c-bdc5-48074350ad63}</destination>
		</relationship>
	</object>
	<object class="MixerBusEffectChain" id="{9bb973c3-a251-459c-b2cc-630f378b419b}">
		<relationship name="effects">
			<destination>{c5e2b967-0dd8-4da5-9c03-16b8e3b00477}</destination>
		</relationship>
	</object>
	<object class="MixerBusPanner" id="{fe12b398-7568-4b72-8c67-f0c27b09822e}" />
	<object class="MixerBusFader" id="{af0e698e-1b68-4515-9875-fc635ce4e2d9}" />
	<object class="MixerBusFader" id="{c5e2b967-0dd8-4da5-9c03-16b8e3b00477}" />
</objects>
