<?xml version="1.0" encoding="UTF-8"?>
<objects serializationModel="Studio.02.01.00">
	<object class="Event" id="{0eee5074-bb78-4d8c-aa0e-330d200d0e56}">
		<property name="name">
			<value>Success</value>
		</property>
		<property name="outputFormat">
			<value>0</value>
		</property>
		<relationship name="folder">
			<destination>{cae225e9-942b-44d1-8105-cb8ae1dbb65b}</destination>
		</relationship>
		<relationship name="mixer">
			<destination>{3c79473c-993b-4e5d-aa99-75682c476412}</destination>
		</relationship>
		<relationship name="masterTrack">
			<destination>{17797d13-8fe8-4b18-9d31-1d34ca3b4f0d}</destination>
		</relationship>
		<relationship name="mixerInput">
			<destination>{309b9c61-3364-4df7-aedd-b6712bad9962}</destination>
		</relationship>
		<relationship name="automatableProperties">
			<destination>{858d0639-fd32-4f1e-878b-9a2f73752e2d}</destination>
		</relationship>
		<relationship name="markerTracks">
			<destination>{5acf88c6-cea7-4184-9978-3863137b771c}</destination>
		</relationship>
		<relationship name="groupTracks">
			<destination>{192ee34c-23e8-4ebc-8b83-1f25528ea0df}</destination>
		</relationship>
		<relationship name="timeline">
			<destination>{36826d8d-ff75-47f0-b4b7-6a7c01e31691}</destination>
		</relationship>
		<relationship name="banks">
			<destination>{8c3f9de4-14c8-4279-a712-2040780fff61}</destination>
		</relationship>
	</object>
	<object class="EventMixer" id="{3c79473c-993b-4e5d-aa99-75682c476412}">
		<relationship name="masterBus">
			<destination>{5612a5f8-20d8-40d1-8bcb-887e555b08cf}</destination>
		</relationship>
	</object>
	<object class="MasterTrack" id="{17797d13-8fe8-4b18-9d31-1d34ca3b4f0d}">
		<relationship name="mixerGroup">
			<destination>{5612a5f8-20d8-40d1-8bcb-887e555b08cf}</destination>
		</relationship>
	</object>
	<object class="MixerInput" id="{309b9c61-3364-4df7-aedd-b6712bad9962}">
		<relationship name="effectChain">
			<destination>{7c8422fe-3cf9-4c0d-84b9-4a72d5914423}</destination>
		</relationship>
		<relationship name="panner">
			<destination>{30edbc15-9027-42de-bfd5-ea3585b4a724}</destination>
		</relationship>
		<relationship name="output">
			<destination>{a74bdffc-cbb2-488b-ae3c-038020e1273d}</destination>
		</relationship>
	</object>
	<object class="EventAutomatableProperties" id="{858d0639-fd32-4f1e-878b-9a2f73752e2d}" />
	<object class="MarkerTrack" id="{5acf88c6-cea7-4184-9978-3863137b771c}" />
	<object class="GroupTrack" id="{192ee34c-23e8-4ebc-8b83-1f25528ea0df}">
		<relationship name="modules">
			<destination>{7670cfdc-83a2-4438-810f-32eb2491a3c2}</destination>
		</relationship>
		<relationship name="mixerGroup">
			<destination>{1de16148-267d-4ed9-ba67-0cfeb7926936}</destination>
		</relationship>
	</object>
	<object class="Timeline" id="{36826d8d-ff75-47f0-b4b7-6a7c01e31691}">
		<relationship name="modules">
			<destination>{7670cfdc-83a2-4438-810f-32eb2491a3c2}</destination>
		</relationship>
	</object>
	<object class="EventMixerMaster" id="{5612a5f8-20d8-40d1-8bcb-887e555b08cf}">
		<relationship name="effectChain">
			<destination>{654d992b-8ce6-4353-a24c-0de22d498a37}</destination>
		</relationship>
		<relationship name="panner">
			<destination>{60dea37c-0468-4fc0-9976-ae090d918f29}</destination>
		</relationship>
		<relationship name="mixer">
			<destination>{3c79473c-993b-4e5d-aa99-75682c476412}</destination>
		</relationship>
	</object>
	<object class="MixerBusEffectChain" id="{7c8422fe-3cf9-4c0d-84b9-4a72d5914423}">
		<relationship name="effects">
			<destination>{978958dc-e8c2-41ad-a4a9-7114970b4555}</destination>
		</relationship>
	</object>
	<object class="MixerBusPanner" id="{30edbc15-9027-42de-bfd5-ea3585b4a724}" />
	<object class="MultiSound" id="{7670cfdc-83a2-4438-810f-32eb2491a3c2}">
		<property name="length">
			<value>2.7892916666666667</value>
		</property>
		<relationship name="sounds">
			<destination>{9785e344-20c2-4791-a437-86c1e9f8ca6c}</destination>
			<destination>{f871b5ec-143c-405e-8307-844c601ef9bc}</destination>
			<destination>{6c3a58a6-bfc2-4a1e-96bd-af110a71ccbf}</destination>
			<destination>{24b05710-6584-49cf-ba04-720889bd7319}</destination>
			<destination>{49b5ed5a-11e9-4925-9635-090670fef16c}</destination>
		</relationship>
	</object>
	<object class="EventMixerGroup" id="{1de16148-267d-4ed9-ba67-0cfeb7926936}">
		<property name="name">
			<value>Audio 1</value>
		</property>
		<relationship name="effectChain">
			<destination>{e805e467-80b6-4bcd-9d98-25d08a4e814f}</destination>
		</relationship>
		<relationship name="panner">
			<destination>{f149a95a-8ad0-4145-a9c7-7f6c9ef5f100}</destination>
		</relationship>
		<relationship name="output">
			<destination>{5612a5f8-20d8-40d1-8bcb-887e555b08cf}</destination>
		</relationship>
	</object>
	<object class="MixerBusEffectChain" id="{654d992b-8ce6-4353-a24c-0de22d498a37}">
		<relationship name="effects">
			<destination>{2cb8ce3f-e691-4100-834b-cd120c32c18f}</destination>
		</relationship>
	</object>
	<object class="MixerBusPanner" id="{60dea37c-0468-4fc0-9976-ae090d918f29}" />
	<object class="MixerBusFader" id="{978958dc-e8c2-41ad-a4a9-7114970b4555}" />
	<object class="SingleSound" id="{9785e344-20c2-4791-a437-86c1e9f8ca6c}">
		<relationship name="audioFile">
			<destination>{1494414c-e678-4a5d-b97a-691e76193721}</destination>
		</relationship>
	</object>
	<object class="SingleSound" id="{f871b5ec-143c-405e-8307-844c601ef9bc}">
		<relationship name="audioFile">
			<destination>{a44cceaa-4620-42a8-8561-5d8a77348d03}</destination>
		</relationship>
	</object>
	<object class="SingleSound" id="{6c3a58a6-bfc2-4a1e-96bd-af110a71ccbf}">
		<relationship name="audioFile">
			<destination>{190f1997-33e8-4cbc-8713-e6a102b0e843}</destination>
		</relationship>
	</object>
	<object class="SingleSound" id="{24b05710-6584-49cf-ba04-720889bd7319}">
		<relationship name="audioFile">
			<destination>{519c2dc2-8d44-4208-9465-8aa0c73a5e26}</destination>
		</relationship>
	</object>
	<object class="SingleSound" id="{49b5ed5a-11e9-4925-9635-090670fef16c}">
		<relationship name="audioFile">
			<destination>{385b1e52-bcb1-48ac-a9f6-fbb26e2ddc8e}</destination>
		</relationship>
	</object>
	<object class="MixerBusEffectChain" id="{e805e467-80b6-4bcd-9d98-25d08a4e814f}">
		<relationship name="effects">
			<destination>{54674d08-bded-4508-97d2-843b66417289}</destination>
		</relationship>
	</object>
	<object class="MixerBusPanner" id="{f149a95a-8ad0-4145-a9c7-7f6c9ef5f100}" />
	<object class="MixerBusFader" id="{2cb8ce3f-e691-4100-834b-cd120c32c18f}" />
	<object class="MixerBusFader" id="{54674d08-bded-4508-97d2-843b66417289}" />
</objects>
