<?xml version="1.0" encoding="UTF-8"?>
<objects serializationModel="Studio.02.01.00">
	<object class="Event" id="{0eee96cb-6548-4b19-b14e-2592ae234052}">
		<property name="name">
			<value>Assigned</value>
		</property>
		<property name="outputFormat">
			<value>0</value>
		</property>
		<relationship name="folder">
			<destination>{e17d7f55-73eb-44db-aca1-ca0f623843cb}</destination>
		</relationship>
		<relationship name="mixer">
			<destination>{cdd59ed0-5098-458c-90f9-50d9e1a7848b}</destination>
		</relationship>
		<relationship name="masterTrack">
			<destination>{c6aae50e-3bb0-4e19-bd7f-f7804e892597}</destination>
		</relationship>
		<relationship name="mixerInput">
			<destination>{3506ebc1-1048-4d5b-b1a0-059b3ed85c1e}</destination>
		</relationship>
		<relationship name="automatableProperties">
			<destination>{b534d5c5-c0e9-4a52-a2af-9709ed779c2b}</destination>
		</relationship>
		<relationship name="markerTracks">
			<destination>{0688a6c1-5a4f-4055-943c-12fd66db9482}</destination>
		</relationship>
		<relationship name="groupTracks">
			<destination>{62317749-1015-40a8-b98f-90269365f4ce}</destination>
		</relationship>
		<relationship name="timeline">
			<destination>{a5864ad4-55a8-4ced-bebe-61811a4e1e6c}</destination>
		</relationship>
		<relationship name="banks">
			<destination>{8c3f9de4-14c8-4279-a712-2040780fff61}</destination>
		</relationship>
	</object>
	<object class="EventMixer" id="{cdd59ed0-5098-458c-90f9-50d9e1a7848b}">
		<relationship name="masterBus">
			<destination>{0678a533-7926-4562-8029-a17b98440e3c}</destination>
		</relationship>
	</object>
	<object class="MasterTrack" id="{c6aae50e-3bb0-4e19-bd7f-f7804e892597}">
		<relationship name="mixerGroup">
			<destination>{0678a533-7926-4562-8029-a17b98440e3c}</destination>
		</relationship>
	</object>
	<object class="MixerInput" id="{3506ebc1-1048-4d5b-b1a0-059b3ed85c1e}">
		<relationship name="effectChain">
			<destination>{14e13990-2cff-494a-bd41-918f6ac37fb5}</destination>
		</relationship>
		<relationship name="panner">
			<destination>{bd1a7cee-9e00-4236-881d-1dc38962ba5c}</destination>
		</relationship>
		<relationship name="output">
			<destination>{a74bdffc-cbb2-488b-ae3c-038020e1273d}</destination>
		</relationship>
	</object>
	<object class="EventAutomatableProperties" id="{b534d5c5-c0e9-4a52-a2af-9709ed779c2b}" />
	<object class="MarkerTrack" id="{0688a6c1-5a4f-4055-943c-12fd66db9482}" />
	<object class="GroupTrack" id="{62317749-1015-40a8-b98f-90269365f4ce}">
		<relationship name="modules">
			<destination>{4074a6ee-3199-4116-b428-fed181cc4f3c}</destination>
		</relationship>
		<relationship name="mixerGroup">
			<destination>{bcdb8782-96ad-4dbc-9b64-ef5c980017af}</destination>
		</relationship>
	</object>
	<object class="Timeline" id="{a5864ad4-55a8-4ced-bebe-61811a4e1e6c}">
		<relationship name="modules">
			<destination>{4074a6ee-3199-4116-b428-fed181cc4f3c}</destination>
		</relationship>
	</object>
	<object class="EventMixerMaster" id="{0678a533-7926-4562-8029-a17b98440e3c}">
		<relationship name="effectChain">
			<destination>{ce760b24-17a1-42ea-9558-6fd78d6b6806}</destination>
		</relationship>
		<relationship name="panner">
			<destination>{7a9321a6-4733-4a73-ac8f-32df0b299d49}</destination>
		</relationship>
		<relationship name="mixer">
			<destination>{cdd59ed0-5098-458c-90f9-50d9e1a7848b}</destination>
		</relationship>
	</object>
	<object class="MixerBusEffectChain" id="{14e13990-2cff-494a-bd41-918f6ac37fb5}">
		<relationship name="effects">
			<destination>{4ce561b2-bcdb-4653-aa55-140046bfd2f3}</destination>
		</relationship>
	</object>
	<object class="MixerBusPanner" id="{bd1a7cee-9e00-4236-881d-1dc38962ba5c}" />
	<object class="MultiSound" id="{4074a6ee-3199-4116-b428-fed181cc4f3c}">
		<property name="length">
			<value>3.0917500000000002</value>
		</property>
		<relationship name="sounds">
			<destination>{3660c2d1-d4ee-4f43-b953-c34753a55395}</destination>
			<destination>{50ee5a84-f8fa-47ae-8c33-022911138b33}</destination>
			<destination>{763c0aca-2ae4-4d83-9e4b-e001805dc43a}</destination>
			<destination>{0af0c9dd-77fa-4bcf-8d81-a04d8f3fe2d7}</destination>
		</relationship>
	</object>
	<object class="EventMixerGroup" id="{bcdb8782-96ad-4dbc-9b64-ef5c980017af}">
		<property name="name">
			<value>Audio 1</value>
		</property>
		<relationship name="effectChain">
			<destination>{4c9cc024-e50d-4fb4-b694-0b1dbce2cf88}</destination>
		</relationship>
		<relationship name="panner">
			<destination>{73fc915a-60de-4efd-8626-4512ef9b0030}</destination>
		</relationship>
		<relationship name="output">
			<destination>{0678a533-7926-4562-8029-a17b98440e3c}</destination>
		</relationship>
	</object>
	<object class="MixerBusEffectChain" id="{ce760b24-17a1-42ea-9558-6fd78d6b6806}">
		<relationship name="effects">
			<destination>{7ec9a5a6-f4c9-4058-bb7b-51c5abc7a14a}</destination>
		</relationship>
	</object>
	<object class="MixerBusPanner" id="{7a9321a6-4733-4a73-ac8f-32df0b299d49}" />
	<object class="MixerBusFader" id="{4ce561b2-bcdb-4653-aa55-140046bfd2f3}" />
	<object class="SingleSound" id="{3660c2d1-d4ee-4f43-b953-c34753a55395}">
		<relationship name="audioFile">
			<destination>{2830dfb1-596a-48e8-b071-ec85a3535ede}</destination>
		</relationship>
	</object>
	<object class="SingleSound" id="{50ee5a84-f8fa-47ae-8c33-022911138b33}">
		<relationship name="audioFile">
			<destination>{5b2a9e69-1ada-418f-8644-6e324eb48706}</destination>
		</relationship>
	</object>
	<object class="SingleSound" id="{763c0aca-2ae4-4d83-9e4b-e001805dc43a}">
		<relationship name="audioFile">
			<destination>{b027fc59-1497-4520-8005-eb7feeeee4dc}</destination>
		</relationship>
	</object>
	<object class="SingleSound" id="{0af0c9dd-77fa-4bcf-8d81-a04d8f3fe2d7}">
		<relationship name="audioFile">
			<destination>{685bbeeb-5c96-4e16-a5e8-b7f3b4ebb9f5}</destination>
		</relationship>
	</object>
	<object class="MixerBusEffectChain" id="{4c9cc024-e50d-4fb4-b694-0b1dbce2cf88}">
		<relationship name="effects">
			<destination>{3a481a34-5eae-4d2e-be18-e8c385d52d25}</destination>
		</relationship>
	</object>
	<object class="MixerBusPanner" id="{73fc915a-60de-4efd-8626-4512ef9b0030}" />
	<object class="MixerBusFader" id="{7ec9a5a6-f4c9-4058-bb7b-51c5abc7a14a}" />
	<object class="MixerBusFader" id="{3a481a34-5eae-4d2e-be18-e8c385d52d25}" />
</objects>
