<?xml version="1.0" encoding="UTF-8"?>
<objects serializationModel="Studio.02.01.00">
	<object class="Event" id="{0ee64cc5-5530-4ebb-b252-1c18a3fcb967}">
		<property name="name">
			<value>Assigned</value>
		</property>
		<property name="outputFormat">
			<value>0</value>
		</property>
		<relationship name="folder">
			<destination>{bfb30816-5b5e-41f7-a419-0f71b536a70e}</destination>
		</relationship>
		<relationship name="mixer">
			<destination>{2989e0f7-5b15-45fc-be05-0a3921958b40}</destination>
		</relationship>
		<relationship name="masterTrack">
			<destination>{8590fe54-a5f5-4a79-b3cb-97ed1a95570d}</destination>
		</relationship>
		<relationship name="mixerInput">
			<destination>{9fd1c5a4-4402-4a16-b02c-8a20418e61d2}</destination>
		</relationship>
		<relationship name="automatableProperties">
			<destination>{5fcabdea-d7dd-44ac-bdac-703154b7f471}</destination>
		</relationship>
		<relationship name="markerTracks">
			<destination>{c1bd810d-4ccd-4893-97c7-dd07972bc249}</destination>
		</relationship>
		<relationship name="groupTracks">
			<destination>{c9f1703c-6576-49e4-a531-8695b35f7b37}</destination>
		</relationship>
		<relationship name="timeline">
			<destination>{6c030a00-02ae-4145-af8f-6648bfb562e1}</destination>
		</relationship>
		<relationship name="banks">
			<destination>{8c3f9de4-14c8-4279-a712-2040780fff61}</destination>
		</relationship>
	</object>
	<object class="EventMixer" id="{2989e0f7-5b15-45fc-be05-0a3921958b40}">
		<relationship name="masterBus">
			<destination>{3bfed714-7d20-46f8-9916-ec40cb0eddf0}</destination>
		</relationship>
	</object>
	<object class="MasterTrack" id="{8590fe54-a5f5-4a79-b3cb-97ed1a95570d}">
		<relationship name="mixerGroup">
			<destination>{3bfed714-7d20-46f8-9916-ec40cb0eddf0}</destination>
		</relationship>
	</object>
	<object class="MixerInput" id="{9fd1c5a4-4402-4a16-b02c-8a20418e61d2}">
		<relationship name="effectChain">
			<destination>{b1a52bcb-0525-416d-b265-c247bafacdf2}</destination>
		</relationship>
		<relationship name="panner">
			<destination>{998e21fe-b4cf-4072-9be7-1adf609c097c}</destination>
		</relationship>
		<relationship name="output">
			<destination>{a74bdffc-cbb2-488b-ae3c-038020e1273d}</destination>
		</relationship>
	</object>
	<object class="EventAutomatableProperties" id="{5fcabdea-d7dd-44ac-bdac-703154b7f471}" />
	<object class="MarkerTrack" id="{c1bd810d-4ccd-4893-97c7-dd07972bc249}" />
	<object class="GroupTrack" id="{c9f1703c-6576-49e4-a531-8695b35f7b37}">
		<relationship name="modules">
			<destination>{f1687e61-4c14-40c9-88f7-682e4d4d73dc}</destination>
		</relationship>
		<relationship name="mixerGroup">
			<destination>{24979a2b-4649-43a2-8c3b-65a9300c3a27}</destination>
		</relationship>
	</object>
	<object class="Timeline" id="{6c030a00-02ae-4145-af8f-6648bfb562e1}">
		<relationship name="modules">
			<destination>{f1687e61-4c14-40c9-88f7-682e4d4d73dc}</destination>
		</relationship>
	</object>
	<object class="EventMixerMaster" id="{3bfed714-7d20-46f8-9916-ec40cb0eddf0}">
		<relationship name="effectChain">
			<destination>{fd4d3297-7bb3-41a1-81d6-ee808bf73d67}</destination>
		</relationship>
		<relationship name="panner">
			<destination>{907a1beb-9f10-4eb3-9862-fc245a12ac8a}</destination>
		</relationship>
		<relationship name="mixer">
			<destination>{2989e0f7-5b15-45fc-be05-0a3921958b40}</destination>
		</relationship>
	</object>
	<object class="MixerBusEffectChain" id="{b1a52bcb-0525-416d-b265-c247bafacdf2}">
		<relationship name="effects">
			<destination>{e947ea63-e311-4d89-ba22-5159a2b6f147}</destination>
		</relationship>
	</object>
	<object class="MixerBusPanner" id="{998e21fe-b4cf-4072-9be7-1adf609c097c}" />
	<object class="MultiSound" id="{f1687e61-4c14-40c9-88f7-682e4d4d73dc}">
		<property name="length">
			<value>2.5975000000000001</value>
		</property>
		<relationship name="sounds">
			<destination>{5f998c12-595c-4721-968c-3f448d452d60}</destination>
			<destination>{62bb2228-6825-4f72-a9e2-750fd18692a4}</destination>
			<destination>{71dfd249-ea9f-4f7f-8f50-96ba8fecbbef}</destination>
			<destination>{ccebaf5c-fc7d-46a6-8c16-b07125c8ee20}</destination>
			<destination>{0f0a2686-ba2b-44f5-b056-ae91d530feb4}</destination>
		</relationship>
	</object>
	<object class="EventMixerGroup" id="{24979a2b-4649-43a2-8c3b-65a9300c3a27}">
		<property name="name">
			<value>Audio 1</value>
		</property>
		<relationship name="effectChain">
			<destination>{9c4a9ee7-6184-47f9-b892-0e500b6c236e}</destination>
		</relationship>
		<relationship name="panner">
			<destination>{23a2bbf5-d14f-4cf4-b869-b2222b179198}</destination>
		</relationship>
		<relationship name="output">
			<destination>{3bfed714-7d20-46f8-9916-ec40cb0eddf0}</destination>
		</relationship>
	</object>
	<object class="MixerBusEffectChain" id="{fd4d3297-7bb3-41a1-81d6-ee808bf73d67}">
		<relationship name="effects">
			<destination>{b95b8272-3e07-4fbd-bd97-e5c5d098f7bb}</destination>
		</relationship>
	</object>
	<object class="MixerBusPanner" id="{907a1beb-9f10-4eb3-9862-fc245a12ac8a}" />
	<object class="MixerBusFader" id="{e947ea63-e311-4d89-ba22-5159a2b6f147}" />
	<object class="SingleSound" id="{5f998c12-595c-4721-968c-3f448d452d60}">
		<relationship name="audioFile">
			<destination>{2fed24a7-ab55-44d0-b0c1-6a04a08cb4fe}</destination>
		</relationship>
	</object>
	<object class="SingleSound" id="{62bb2228-6825-4f72-a9e2-750fd18692a4}">
		<relationship name="audioFile">
			<destination>{9795e244-39ae-4229-8465-77e5d082b514}</destination>
		</relationship>
	</object>
	<object class="SingleSound" id="{71dfd249-ea9f-4f7f-8f50-96ba8fecbbef}">
		<relationship name="audioFile">
			<destination>{98ac77ea-8c41-464d-a9da-5afbc5f8439c}</destination>
		</relationship>
	</object>
	<object class="SingleSound" id="{ccebaf5c-fc7d-46a6-8c16-b07125c8ee20}">
		<relationship name="audioFile">
			<destination>{3a96ffdf-b108-426e-af21-65e610282538}</destination>
		</relationship>
	</object>
	<object class="SingleSound" id="{0f0a2686-ba2b-44f5-b056-ae91d530feb4}">
		<relationship name="audioFile">
			<destination>{3d20e670-4fa4-4ed2-8b1f-a6ada15c2489}</destination>
		</relationship>
	</object>
	<object class="MixerBusEffectChain" id="{9c4a9ee7-6184-47f9-b892-0e500b6c236e}">
		<relationship name="effects">
			<destination>{a9b39d81-3265-4036-b153-f1a33281da05}</destination>
		</relationship>
	</object>
	<object class="MixerBusPanner" id="{23a2bbf5-d14f-4cf4-b869-b2222b179198}" />
	<object class="MixerBusFader" id="{b95b8272-3e07-4fbd-bd97-e5c5d098f7bb}" />
	<object class="MixerBusFader" id="{a9b39d81-3265-4036-b153-f1a33281da05}" />
</objects>
