<?xml version="1.0" encoding="UTF-8"?>
<objects serializationModel="Studio.02.01.00">
	<object class="Event" id="{0efa2d79-cbe0-44b9-82e6-f216b0476dbc}">
		<property name="name">
			<value>Success</value>
		</property>
		<property name="outputFormat">
			<value>0</value>
		</property>
		<relationship name="folder">
			<destination>{07f45da4-6797-4eca-a758-66f2e4d77478}</destination>
		</relationship>
		<relationship name="mixer">
			<destination>{59971970-6aa6-441c-9a5d-f4041d8fd6aa}</destination>
		</relationship>
		<relationship name="masterTrack">
			<destination>{72abd9f0-459e-44e4-a8f7-66c6466b23d7}</destination>
		</relationship>
		<relationship name="mixerInput">
			<destination>{86231747-4184-4070-94d2-6adc8d630bd8}</destination>
		</relationship>
		<relationship name="automatableProperties">
			<destination>{e6a06ee7-d1dc-4bc1-9380-e317de42220e}</destination>
		</relationship>
		<relationship name="markerTracks">
			<destination>{e13ddd12-98b1-4504-8b95-1f80213b2780}</destination>
		</relationship>
		<relationship name="groupTracks">
			<destination>{d17db9a9-3797-4750-80ef-304630a70877}</destination>
		</relationship>
		<relationship name="timeline">
			<destination>{91d6e625-78c3-4c57-a462-dad2278075a0}</destination>
		</relationship>
		<relationship name="banks">
			<destination>{8c3f9de4-14c8-4279-a712-2040780fff61}</destination>
		</relationship>
	</object>
	<object class="EventMixer" id="{59971970-6aa6-441c-9a5d-f4041d8fd6aa}">
		<relationship name="masterBus">
			<destination>{9a94b93f-7b05-419c-b552-ded2e47e7332}</destination>
		</relationship>
	</object>
	<object class="MasterTrack" id="{72abd9f0-459e-44e4-a8f7-66c6466b23d7}">
		<relationship name="mixerGroup">
			<destination>{9a94b93f-7b05-419c-b552-ded2e47e7332}</destination>
		</relationship>
	</object>
	<object class="MixerInput" id="{86231747-4184-4070-94d2-6adc8d630bd8}">
		<relationship name="effectChain">
			<destination>{81a646ca-8c9f-4dc7-bc3e-1a9903494ff7}</destination>
		</relationship>
		<relationship name="panner">
			<destination>{0bb55ae5-dcfe-41f2-a993-8b134fa7d58d}</destination>
		</relationship>
		<relationship name="output">
			<destination>{a74bdffc-cbb2-488b-ae3c-038020e1273d}</destination>
		</relationship>
	</object>
	<object class="EventAutomatableProperties" id="{e6a06ee7-d1dc-4bc1-9380-e317de42220e}" />
	<object class="MarkerTrack" id="{e13ddd12-98b1-4504-8b95-1f80213b2780}" />
	<object class="GroupTrack" id="{d17db9a9-3797-4750-80ef-304630a70877}">
		<relationship name="modules">
			<destination>{8108c12b-71a0-4b5f-b85b-f5de351d08ad}</destination>
		</relationship>
		<relationship name="mixerGroup">
			<destination>{97fa838f-fb36-48a9-8d24-3a22efee43c2}</destination>
		</relationship>
	</object>
	<object class="Timeline" id="{91d6e625-78c3-4c57-a462-dad2278075a0}">
		<relationship name="modules">
			<destination>{8108c12b-71a0-4b5f-b85b-f5de351d08ad}</destination>
		</relationship>
	</object>
	<object class="EventMixerMaster" id="{9a94b93f-7b05-419c-b552-ded2e47e7332}">
		<relationship name="effectChain">
			<destination>{536a0692-9edd-4784-ad17-571caec1bc45}</destination>
		</relationship>
		<relationship name="panner">
			<destination>{4a2293d2-1036-4281-895e-78c49cf945d2}</destination>
		</relationship>
		<relationship name="mixer">
			<destination>{59971970-6aa6-441c-9a5d-f4041d8fd6aa}</destination>
		</relationship>
	</object>
	<object class="MixerBusEffectChain" id="{81a646ca-8c9f-4dc7-bc3e-1a9903494ff7}">
		<relationship name="effects">
			<destination>{6308e0b1-b744-416d-b12c-3d03af230522}</destination>
		</relationship>
	</object>
	<object class="MixerBusPanner" id="{0bb55ae5-dcfe-41f2-a993-8b134fa7d58d}" />
	<object class="MultiSound" id="{8108c12b-71a0-4b5f-b85b-f5de351d08ad}">
		<property name="length">
			<value>2.9471666666666665</value>
		</property>
		<relationship name="sounds">
			<destination>{055a0d67-f5f6-4e9b-9f1d-0dd931578fb1}</destination>
			<destination>{81328b94-8cbb-4534-b8c5-95b4db1d4aa8}</destination>
			<destination>{346f616b-e418-4255-8b06-6bcc970b9df4}</destination>
			<destination>{ae73da7e-6526-4196-b36f-134d75d5d8f6}</destination>
			<destination>{a6addeb2-2585-4043-984b-eb05be95c447}</destination>
			<destination>{6870ffa7-26c9-49fc-b42f-e88aadcc7229}</destination>
		</relationship>
	</object>
	<object class="EventMixerGroup" id="{97fa838f-fb36-48a9-8d24-3a22efee43c2}">
		<property name="name">
			<value>Audio 1</value>
		</property>
		<relationship name="effectChain">
			<destination>{294296cf-5a0b-46cf-9e3e-d9783613fd05}</destination>
		</relationship>
		<relationship name="panner">
			<destination>{a4f09a67-53bb-4ca5-bcbf-23586c3c91c1}</destination>
		</relationship>
		<relationship name="output">
			<destination>{9a94b93f-7b05-419c-b552-ded2e47e7332}</destination>
		</relationship>
	</object>
	<object class="MixerBusEffectChain" id="{536a0692-9edd-4784-ad17-571caec1bc45}">
		<relationship name="effects">
			<destination>{7d7dbef7-36b9-4592-8f68-ed7802f6c3e7}</destination>
		</relationship>
	</object>
	<object class="MixerBusPanner" id="{4a2293d2-1036-4281-895e-78c49cf945d2}" />
	<object class="MixerBusFader" id="{6308e0b1-b744-416d-b12c-3d03af230522}" />
	<object class="SingleSound" id="{055a0d67-f5f6-4e9b-9f1d-0dd931578fb1}">
		<relationship name="audioFile">
			<destination>{6f671ae1-65e0-4c97-bbf3-24d49240edbc}</destination>
		</relationship>
	</object>
	<object class="SingleSound" id="{81328b94-8cbb-4534-b8c5-95b4db1d4aa8}">
		<relationship name="audioFile">
			<destination>{7094d5db-cc9f-491d-8757-cb7e4e125acf}</destination>
		</relationship>
	</object>
	<object class="SingleSound" id="{346f616b-e418-4255-8b06-6bcc970b9df4}">
		<relationship name="audioFile">
			<destination>{34fe244d-d086-45b0-9b9c-f112dd5c34ef}</destination>
		</relationship>
	</object>
	<object class="SingleSound" id="{ae73da7e-6526-4196-b36f-134d75d5d8f6}">
		<relationship name="audioFile">
			<destination>{d03c0fe5-89b1-48e4-827a-892407e1c857}</destination>
		</relationship>
	</object>
	<object class="SingleSound" id="{a6addeb2-2585-4043-984b-eb05be95c447}">
		<relationship name="audioFile">
			<destination>{7db8e59e-2f58-40d1-96b8-94a7e3381b31}</destination>
		</relationship>
	</object>
	<object class="SingleSound" id="{6870ffa7-26c9-49fc-b42f-e88aadcc7229}">
		<relationship name="audioFile">
			<destination>{23c46d5d-c113-4341-a868-65d123d1677c}</destination>
		</relationship>
	</object>
	<object class="MixerBusEffectChain" id="{294296cf-5a0b-46cf-9e3e-d9783613fd05}">
		<relationship name="effects">
			<destination>{b0b281bb-c5a3-4dc0-9651-af57ca45cc95}</destination>
		</relationship>
	</object>
	<object class="MixerBusPanner" id="{a4f09a67-53bb-4ca5-bcbf-23586c3c91c1}" />
	<object class="MixerBusFader" id="{7d7dbef7-36b9-4592-8f68-ed7802f6c3e7}" />
	<object class="MixerBusFader" id="{b0b281bb-c5a3-4dc0-9651-af57ca45cc95}" />
</objects>
