<?xml version="1.0" encoding="UTF-8"?>
<objects serializationModel="Studio.02.01.00">
	<object class="Event" id="{0efc122f-f43e-4e88-94d0-70979e08a5bc}">
		<property name="name">
			<value>Assigned</value>
		</property>
		<property name="outputFormat">
			<value>0</value>
		</property>
		<relationship name="folder">
			<destination>{e81ae8b3-01dd-4cde-a9de-3041974a4728}</destination>
		</relationship>
		<relationship name="mixer">
			<destination>{fbaa2b48-98ff-44f4-a08f-5375ff7460f1}</destination>
		</relationship>
		<relationship name="masterTrack">
			<destination>{63d2b58a-1fd6-4de1-8879-491a4834fbb5}</destination>
		</relationship>
		<relationship name="mixerInput">
			<destination>{52032386-7d99-4742-9fdf-f3541e1e5b8a}</destination>
		</relationship>
		<relationship name="automatableProperties">
			<destination>{7d9168e2-0c01-406b-8103-b9b85ee2e44e}</destination>
		</relationship>
		<relationship name="markerTracks">
			<destination>{046026a3-15bd-465f-8eb0-7cf519c3d93a}</destination>
		</relationship>
		<relationship name="groupTracks">
			<destination>{b4056658-ae11-4a73-844a-1a413e8fcf85}</destination>
		</relationship>
		<relationship name="timeline">
			<destination>{9cd82085-2c7e-4c5f-8f9d-2db913a88d07}</destination>
		</relationship>
		<relationship name="banks">
			<destination>{8c3f9de4-14c8-4279-a712-2040780fff61}</destination>
		</relationship>
	</object>
	<object class="EventMixer" id="{fbaa2b48-98ff-44f4-a08f-5375ff7460f1}">
		<relationship name="masterBus">
			<destination>{f9c18268-7d02-4262-be24-064ac8e78e77}</destination>
		</relationship>
	</object>
	<object class="MasterTrack" id="{63d2b58a-1fd6-4de1-8879-491a4834fbb5}">
		<relationship name="mixerGroup">
			<destination>{f9c18268-7d02-4262-be24-064ac8e78e77}</destination>
		</relationship>
	</object>
	<object class="MixerInput" id="{52032386-7d99-4742-9fdf-f3541e1e5b8a}">
		<relationship name="effectChain">
			<destination>{ee1f9593-67ec-4b49-9de3-23786b573708}</destination>
		</relationship>
		<relationship name="panner">
			<destination>{d176cdb7-2634-4d68-9c53-562e926cbd36}</destination>
		</relationship>
		<relationship name="output">
			<destination>{a74bdffc-cbb2-488b-ae3c-038020e1273d}</destination>
		</relationship>
	</object>
	<object class="EventAutomatableProperties" id="{7d9168e2-0c01-406b-8103-b9b85ee2e44e}" />
	<object class="MarkerTrack" id="{046026a3-15bd-465f-8eb0-7cf519c3d93a}" />
	<object class="GroupTrack" id="{b4056658-ae11-4a73-844a-1a413e8fcf85}">
		<relationship name="modules">
			<destination>{8d3cc631-e648-495c-a6be-87c28973cdd2}</destination>
		</relationship>
		<relationship name="mixerGroup">
			<destination>{9b3ecd11-39a2-4183-b101-25040976a647}</destination>
		</relationship>
	</object>
	<object class="Timeline" id="{9cd82085-2c7e-4c5f-8f9d-2db913a88d07}">
		<relationship name="modules">
			<destination>{8d3cc631-e648-495c-a6be-87c28973cdd2}</destination>
		</relationship>
	</object>
	<object class="EventMixerMaster" id="{f9c18268-7d02-4262-be24-064ac8e78e77}">
		<relationship name="effectChain">
			<destination>{d7537561-5d33-46ad-9c4c-2c3d79b9e22d}</destination>
		</relationship>
		<relationship name="panner">
			<destination>{ac1cd175-a08b-4360-8050-e1c6f65d85e5}</destination>
		</relationship>
		<relationship name="mixer">
			<destination>{fbaa2b48-98ff-44f4-a08f-5375ff7460f1}</destination>
		</relationship>
	</object>
	<object class="MixerBusEffectChain" id="{ee1f9593-67ec-4b49-9de3-23786b573708}">
		<relationship name="effects">
			<destination>{4763991e-aae1-46ba-a6ad-d0cbb0d161e6}</destination>
		</relationship>
	</object>
	<object class="MixerBusPanner" id="{d176cdb7-2634-4d68-9c53-562e926cbd36}" />
	<object class="MultiSound" id="{8d3cc631-e648-495c-a6be-87c28973cdd2}">
		<property name="length">
			<value>1.1780833333333334</value>
		</property>
		<relationship name="sounds">
			<destination>{fc1c59b0-4d73-4110-a6ed-e1dbce643bf5}</destination>
			<destination>{d7fc62c1-34d7-40ce-bc93-6a91ab5d1d56}</destination>
		</relationship>
	</object>
	<object class="EventMixerGroup" id="{9b3ecd11-39a2-4183-b101-25040976a647}">
		<property name="name">
			<value>Audio 1</value>
		</property>
		<relationship name="effectChain">
			<destination>{bb637e89-4f9f-404a-a827-38ff2fc403e9}</destination>
		</relationship>
		<relationship name="panner">
			<destination>{cd775fb0-3c17-49d8-9f31-fc5966575e5f}</destination>
		</relationship>
		<relationship name="output">
			<destination>{f9c18268-7d02-4262-be24-064ac8e78e77}</destination>
		</relationship>
	</object>
	<object class="MixerBusEffectChain" id="{d7537561-5d33-46ad-9c4c-2c3d79b9e22d}">
		<relationship name="effects">
			<destination>{1dac469f-3ee3-4fea-b95e-b2bbdb1bc739}</destination>
		</relationship>
	</object>
	<object class="MixerBusPanner" id="{ac1cd175-a08b-4360-8050-e1c6f65d85e5}" />
	<object class="MixerBusFader" id="{4763991e-aae1-46ba-a6ad-d0cbb0d161e6}" />
	<object class="SingleSound" id="{fc1c59b0-4d73-4110-a6ed-e1dbce643bf5}">
		<relationship name="audioFile">
			<destination>{683c1e15-0d3d-4598-9054-5dcbba75365b}</destination>
		</relationship>
	</object>
	<object class="SingleSound" id="{d7fc62c1-34d7-40ce-bc93-6a91ab5d1d56}">
		<relationship name="audioFile">
			<destination>{9eb80d6e-45a1-4a76-9d49-02ccbcd43fa8}</destination>
		</relationship>
	</object>
	<object class="MixerBusEffectChain" id="{bb637e89-4f9f-404a-a827-38ff2fc403e9}">
		<relationship name="effects">
			<destination>{ace29cb0-413e-4849-b7ab-043b73ef1b2c}</destination>
		</relationship>
	</object>
	<object class="MixerBusPanner" id="{cd775fb0-3c17-49d8-9f31-fc5966575e5f}" />
	<object class="MixerBusFader" id="{1dac469f-3ee3-4fea-b95e-b2bbdb1bc739}" />
	<object class="MixerBusFader" id="{ace29cb0-413e-4849-b7ab-043b73ef1b2c}" />
</objects>
