<?xml version="1.0" encoding="UTF-8"?>
<objects serializationModel="Studio.02.01.00">
	<object class="Event" id="{0efdd1b6-0de1-4acc-aea6-7929e4e7dce8}">
		<property name="name">
			<value>Faction_ObjectiveQuote_Escape_17</value>
		</property>
		<property name="outputFormat">
			<value>0</value>
		</property>
		<relationship name="folder">
			<destination>{158ad337-8269-4a32-865c-d3c458683eff}</destination>
		</relationship>
		<relationship name="mixer">
			<destination>{66729f0e-1444-42b1-8a72-58466213d5d4}</destination>
		</relationship>
		<relationship name="masterTrack">
			<destination>{e2dbb76c-0eb5-4322-8983-c8b15aeb5018}</destination>
		</relationship>
		<relationship name="mixerInput">
			<destination>{869bd4d1-cfb3-4a13-8ad0-5d4e1f91b77e}</destination>
		</relationship>
		<relationship name="automatableProperties">
			<destination>{1b54aa3e-8319-40b4-a8a4-7cd1fd9fcec6}</destination>
		</relationship>
		<relationship name="markerTracks">
			<destination>{330564b4-7cdc-4c35-bb98-d6c44495fed6}</destination>
		</relationship>
		<relationship name="groupTracks">
			<destination>{15db0d01-dfe7-48b1-a6db-d45542e27e87}</destination>
		</relationship>
		<relationship name="timeline">
			<destination>{14a81296-18db-40e1-90ff-854415675f64}</destination>
		</relationship>
		<relationship name="banks">
			<destination>{8c3f9de4-14c8-4279-a712-2040780fff61}</destination>
		</relationship>
	</object>
	<object class="EventMixer" id="{66729f0e-1444-42b1-8a72-58466213d5d4}">
		<relationship name="masterBus">
			<destination>{3cf02611-24e6-4fea-aade-d5fb3fec0883}</destination>
		</relationship>
	</object>
	<object class="MasterTrack" id="{e2dbb76c-0eb5-4322-8983-c8b15aeb5018}">
		<relationship name="mixerGroup">
			<destination>{3cf02611-24e6-4fea-aade-d5fb3fec0883}</destination>
		</relationship>
	</object>
	<object class="MixerInput" id="{869bd4d1-cfb3-4a13-8ad0-5d4e1f91b77e}">
		<relationship name="effectChain">
			<destination>{79a1d949-4b37-410e-ab34-ea513c84ca1a}</destination>
		</relationship>
		<relationship name="panner">
			<destination>{f891bc24-1d6e-43c3-8889-c411b26468a3}</destination>
		</relationship>
		<relationship name="output">
			<destination>{a74bdffc-cbb2-488b-ae3c-038020e1273d}</destination>
		</relationship>
	</object>
	<object class="EventAutomatableProperties" id="{1b54aa3e-8319-40b4-a8a4-7cd1fd9fcec6}" />
	<object class="MarkerTrack" id="{330564b4-7cdc-4c35-bb98-d6c44495fed6}" />
	<object class="GroupTrack" id="{15db0d01-dfe7-48b1-a6db-d45542e27e87}">
		<relationship name="modules">
			<destination>{a2877a10-54d7-4be5-a1c2-25665b5fd017}</destination>
		</relationship>
		<relationship name="mixerGroup">
			<destination>{846ef4df-b25e-4bdb-a367-054e12301ecd}</destination>
		</relationship>
	</object>
	<object class="Timeline" id="{14a81296-18db-40e1-90ff-854415675f64}">
		<relationship name="modules">
			<destination>{a2877a10-54d7-4be5-a1c2-25665b5fd017}</destination>
		</relationship>
	</object>
	<object class="EventMixerMaster" id="{3cf02611-24e6-4fea-aade-d5fb3fec0883}">
		<relationship name="effectChain">
			<destination>{3c18797e-b893-4c4f-941e-89f04e08620c}</destination>
		</relationship>
		<relationship name="panner">
			<destination>{00175978-4e6c-4c19-8850-9406dcc12822}</destination>
		</relationship>
		<relationship name="mixer">
			<destination>{66729f0e-1444-42b1-8a72-58466213d5d4}</destination>
		</relationship>
	</object>
	<object class="MixerBusEffectChain" id="{79a1d949-4b37-410e-ab34-ea513c84ca1a}">
		<relationship name="effects">
			<destination>{771a2187-62df-44e8-b60d-f89291e00db1}</destination>
		</relationship>
	</object>
	<object class="MixerBusPanner" id="{f891bc24-1d6e-43c3-8889-c411b26468a3}" />
	<object class="SingleSound" id="{a2877a10-54d7-4be5-a1c2-25665b5fd017}">
		<property name="length">
			<value>3.3784999999999998</value>
		</property>
		<relationship name="audioFile">
			<destination>{56193784-d061-4828-9692-ed32ac7b3efe}</destination>
		</relationship>
	</object>
	<object class="EventMixerGroup" id="{846ef4df-b25e-4bdb-a367-054e12301ecd}">
		<property name="name">
			<value>Audio 1</value>
		</property>
		<relationship name="effectChain">
			<destination>{731f7a35-f31b-432c-a9fb-e5a4dc36feac}</destination>
		</relationship>
		<relationship name="panner">
			<destination>{75d589d0-c8ab-4384-a9c9-0ef7d4e83dc8}</destination>
		</relationship>
		<relationship name="output">
			<destination>{3cf02611-24e6-4fea-aade-d5fb3fec0883}</destination>
		</relationship>
	</object>
	<object class="MixerBusEffectChain" id="{3c18797e-b893-4c4f-941e-89f04e08620c}">
		<relationship name="effects">
			<destination>{6ea8c6be-7457-4fa8-ba3e-ca25f651880b}</destination>
		</relationship>
	</object>
	<object class="MixerBusPanner" id="{00175978-4e6c-4c19-8850-9406dcc12822}" />
	<object class="MixerBusFader" id="{771a2187-62df-44e8-b60d-f89291e00db1}" />
	<object class="MixerBusEffectChain" id="{731f7a35-f31b-432c-a9fb-e5a4dc36feac}">
		<relationship name="effects">
			<destination>{111e2b3b-76ce-41b0-a129-e3974bb8026e}</destination>
		</relationship>
	</object>
	<object class="MixerBusPanner" id="{75d589d0-c8ab-4384-a9c9-0ef7d4e83dc8}" />
	<object class="MixerBusFader" id="{6ea8c6be-7457-4fa8-ba3e-ca25f651880b}" />
	<object class="MixerBusFader" id="{111e2b3b-76ce-41b0-a129-e3974bb8026e}" />
</objects>
