<?xml version="1.0" encoding="UTF-8"?>
<objects serializationModel="Studio.02.01.00">
	<object class="Event" id="{0f0a741a-e9cc-4b67-9373-b4d302181033}">
		<property name="name">
			<value>Success</value>
		</property>
		<property name="outputFormat">
			<value>0</value>
		</property>
		<relationship name="folder">
			<destination>{bcd6ee46-2d67-4bdf-b7c0-fc6bb17ffebe}</destination>
		</relationship>
		<relationship name="mixer">
			<destination>{fdcd9f77-50ae-4934-aa6f-5761a401b9ea}</destination>
		</relationship>
		<relationship name="masterTrack">
			<destination>{1051f5a0-0e26-4f08-b33a-d3f6d0cb4aa7}</destination>
		</relationship>
		<relationship name="mixerInput">
			<destination>{6d0feb2f-748e-45a5-815f-2f9d5231822e}</destination>
		</relationship>
		<relationship name="automatableProperties">
			<destination>{cee01574-e889-4bae-92db-35f71e65e4a2}</destination>
		</relationship>
		<relationship name="markerTracks">
			<destination>{aa7ec0d5-53c2-495e-acf2-89a3059cdd15}</destination>
		</relationship>
		<relationship name="groupTracks">
			<destination>{59b20efb-8898-4f31-8717-e62dcd5d2fb9}</destination>
		</relationship>
		<relationship name="timeline">
			<destination>{a01c06f6-9cdf-47f3-af46-faf97d0910ee}</destination>
		</relationship>
		<relationship name="banks">
			<destination>{8c3f9de4-14c8-4279-a712-2040780fff61}</destination>
		</relationship>
	</object>
	<object class="EventMixer" id="{fdcd9f77-50ae-4934-aa6f-5761a401b9ea}">
		<relationship name="masterBus">
			<destination>{c627fb87-80ca-44d9-862a-2d54851465c4}</destination>
		</relationship>
	</object>
	<object class="MasterTrack" id="{1051f5a0-0e26-4f08-b33a-d3f6d0cb4aa7}">
		<relationship name="mixerGroup">
			<destination>{c627fb87-80ca-44d9-862a-2d54851465c4}</destination>
		</relationship>
	</object>
	<object class="MixerInput" id="{6d0feb2f-748e-45a5-815f-2f9d5231822e}">
		<relationship name="effectChain">
			<destination>{f2dc1611-5540-40d4-8e5f-aec32ed2e36b}</destination>
		</relationship>
		<relationship name="panner">
			<destination>{505f5231-a25d-439b-8ba9-63e9c6e2c834}</destination>
		</relationship>
		<relationship name="output">
			<destination>{a74bdffc-cbb2-488b-ae3c-038020e1273d}</destination>
		</relationship>
	</object>
	<object class="EventAutomatableProperties" id="{cee01574-e889-4bae-92db-35f71e65e4a2}" />
	<object class="MarkerTrack" id="{aa7ec0d5-53c2-495e-acf2-89a3059cdd15}" />
	<object class="GroupTrack" id="{59b20efb-8898-4f31-8717-e62dcd5d2fb9}">
		<relationship name="modules">
			<destination>{3e285e4a-b6cd-432a-a060-ffe7b715e5d6}</destination>
		</relationship>
		<relationship name="mixerGroup">
			<destination>{7da21e58-ac89-458b-a1e2-cc02b2cfbdc2}</destination>
		</relationship>
	</object>
	<object class="Timeline" id="{a01c06f6-9cdf-47f3-af46-faf97d0910ee}">
		<relationship name="modules">
			<destination>{3e285e4a-b6cd-432a-a060-ffe7b715e5d6}</destination>
		</relationship>
	</object>
	<object class="EventMixerMaster" id="{c627fb87-80ca-44d9-862a-2d54851465c4}">
		<relationship name="effectChain">
			<destination>{d1b4e615-5cfb-40ab-9a38-49dd94e9cdbe}</destination>
		</relationship>
		<relationship name="panner">
			<destination>{29982ab7-c2d5-4d4d-bb3e-ae10d22889aa}</destination>
		</relationship>
		<relationship name="mixer">
			<destination>{fdcd9f77-50ae-4934-aa6f-5761a401b9ea}</destination>
		</relationship>
	</object>
	<object class="MixerBusEffectChain" id="{f2dc1611-5540-40d4-8e5f-aec32ed2e36b}">
		<relationship name="effects">
			<destination>{674c50fe-e571-41ab-851e-008d508e7a93}</destination>
		</relationship>
	</object>
	<object class="MixerBusPanner" id="{505f5231-a25d-439b-8ba9-63e9c6e2c834}" />
	<object class="MultiSound" id="{3e285e4a-b6cd-432a-a060-ffe7b715e5d6}">
		<property name="length">
			<value>2.3000000000000003</value>
		</property>
		<relationship name="sounds">
			<destination>{731bffad-344f-486c-b210-76b8b96a358a}</destination>
			<destination>{d0d06d19-4e7b-4e1c-8a88-711e121157ec}</destination>
		</relationship>
	</object>
	<object class="EventMixerGroup" id="{7da21e58-ac89-458b-a1e2-cc02b2cfbdc2}">
		<property name="name">
			<value>Audio 1</value>
		</property>
		<relationship name="effectChain">
			<destination>{822e50b5-c96e-4bd9-b91b-af6f102666d2}</destination>
		</relationship>
		<relationship name="panner">
			<destination>{c6f09715-d232-4e56-9f72-8ad7c1d9feb8}</destination>
		</relationship>
		<relationship name="output">
			<destination>{c627fb87-80ca-44d9-862a-2d54851465c4}</destination>
		</relationship>
	</object>
	<object class="MixerBusEffectChain" id="{d1b4e615-5cfb-40ab-9a38-49dd94e9cdbe}">
		<relationship name="effects">
			<destination>{a601c170-7f47-455f-90f9-2f19d863cc57}</destination>
		</relationship>
	</object>
	<object class="MixerBusPanner" id="{29982ab7-c2d5-4d4d-bb3e-ae10d22889aa}" />
	<object class="MixerBusFader" id="{674c50fe-e571-41ab-851e-008d508e7a93}" />
	<object class="SingleSound" id="{731bffad-344f-486c-b210-76b8b96a358a}">
		<relationship name="audioFile">
			<destination>{c11bc84b-61d3-468d-a1a3-65e0438eb2fe}</destination>
		</relationship>
	</object>
	<object class="SingleSound" id="{d0d06d19-4e7b-4e1c-8a88-711e121157ec}">
		<relationship name="audioFile">
			<destination>{c0111f41-5043-40b3-b701-b85d07bc12b8}</destination>
		</relationship>
	</object>
	<object class="MixerBusEffectChain" id="{822e50b5-c96e-4bd9-b91b-af6f102666d2}">
		<relationship name="effects">
			<destination>{84612fb3-4f7b-4cd6-b323-6ebda742f174}</destination>
		</relationship>
	</object>
	<object class="MixerBusPanner" id="{c6f09715-d232-4e56-9f72-8ad7c1d9feb8}" />
	<object class="MixerBusFader" id="{a601c170-7f47-455f-90f9-2f19d863cc57}" />
	<object class="MixerBusFader" id="{84612fb3-4f7b-4cd6-b323-6ebda742f174}" />
</objects>
