<?xml version="1.0" encoding="UTF-8"?>
<objects serializationModel="Studio.02.01.00">
	<object class="Event" id="{0f151b61-18ec-47cf-8ff5-b2a286e82c16}">
		<property name="name">
			<value>Faction_ObjectiveQuote_Exploit_3</value>
		</property>
		<property name="outputFormat">
			<value>0</value>
		</property>
		<relationship name="folder">
			<destination>{158ad337-8269-4a32-865c-d3c458683eff}</destination>
		</relationship>
		<relationship name="mixer">
			<destination>{0415adee-a6a2-4d53-a91b-95eca8573e6c}</destination>
		</relationship>
		<relationship name="masterTrack">
			<destination>{a5c0db52-bd9f-4f45-981c-2fbc526d876f}</destination>
		</relationship>
		<relationship name="mixerInput">
			<destination>{e8abf274-8eb2-43cd-81d4-62dcdb67e7da}</destination>
		</relationship>
		<relationship name="automatableProperties">
			<destination>{58b37c73-6732-42a4-af82-10cd6f3631aa}</destination>
		</relationship>
		<relationship name="markerTracks">
			<destination>{77e8e5af-e9b0-4204-aeac-b0a007d29733}</destination>
		</relationship>
		<relationship name="groupTracks">
			<destination>{b8e118da-c1d8-4daf-be46-cb92358fdb06}</destination>
		</relationship>
		<relationship name="timeline">
			<destination>{c7dc642f-6a80-40de-bdc5-a919fc39616d}</destination>
		</relationship>
		<relationship name="banks">
			<destination>{8c3f9de4-14c8-4279-a712-2040780fff61}</destination>
		</relationship>
	</object>
	<object class="EventMixer" id="{0415adee-a6a2-4d53-a91b-95eca8573e6c}">
		<relationship name="masterBus">
			<destination>{5fd2c08b-41c4-4bcd-8f01-bda5b5b98234}</destination>
		</relationship>
	</object>
	<object class="MasterTrack" id="{a5c0db52-bd9f-4f45-981c-2fbc526d876f}">
		<relationship name="mixerGroup">
			<destination>{5fd2c08b-41c4-4bcd-8f01-bda5b5b98234}</destination>
		</relationship>
	</object>
	<object class="MixerInput" id="{e8abf274-8eb2-43cd-81d4-62dcdb67e7da}">
		<relationship name="effectChain">
			<destination>{eaccbf21-0fd1-4a5e-a87d-634f72c9ada1}</destination>
		</relationship>
		<relationship name="panner">
			<destination>{0e44aaa2-44cc-4bc7-853d-dab7257cbdf2}</destination>
		</relationship>
		<relationship name="output">
			<destination>{a74bdffc-cbb2-488b-ae3c-038020e1273d}</destination>
		</relationship>
	</object>
	<object class="EventAutomatableProperties" id="{58b37c73-6732-42a4-af82-10cd6f3631aa}" />
	<object class="MarkerTrack" id="{77e8e5af-e9b0-4204-aeac-b0a007d29733}" />
	<object class="GroupTrack" id="{b8e118da-c1d8-4daf-be46-cb92358fdb06}">
		<relationship name="modules">
			<destination>{acc261f5-ef6e-4fa7-8dfc-f0cbca58c3c0}</destination>
		</relationship>
		<relationship name="mixerGroup">
			<destination>{97a22b45-ccba-4cbf-be77-2b2e6672a139}</destination>
		</relationship>
	</object>
	<object class="Timeline" id="{c7dc642f-6a80-40de-bdc5-a919fc39616d}">
		<relationship name="modules">
			<destination>{acc261f5-ef6e-4fa7-8dfc-f0cbca58c3c0}</destination>
		</relationship>
	</object>
	<object class="EventMixerMaster" id="{5fd2c08b-41c4-4bcd-8f01-bda5b5b98234}">
		<relationship name="effectChain">
			<destination>{81f93558-8960-4c00-a2d8-0d601fe32a7c}</destination>
		</relationship>
		<relationship name="panner">
			<destination>{96fc94f2-cda9-43cc-8e12-8437dd784d88}</destination>
		</relationship>
		<relationship name="mixer">
			<destination>{0415adee-a6a2-4d53-a91b-95eca8573e6c}</destination>
		</relationship>
	</object>
	<object class="MixerBusEffectChain" id="{eaccbf21-0fd1-4a5e-a87d-634f72c9ada1}">
		<relationship name="effects">
			<destination>{c1bdfabd-e4f0-4892-9a0e-40a4481fb288}</destination>
		</relationship>
	</object>
	<object class="MixerBusPanner" id="{0e44aaa2-44cc-4bc7-853d-dab7257cbdf2}" />
	<object class="SingleSound" id="{acc261f5-ef6e-4fa7-8dfc-f0cbca58c3c0}">
		<property name="length">
			<value>1.3413541666666666</value>
		</property>
		<relationship name="audioFile">
			<destination>{22383a99-1fbd-4c71-8f4c-07237b179898}</destination>
		</relationship>
	</object>
	<object class="EventMixerGroup" id="{97a22b45-ccba-4cbf-be77-2b2e6672a139}">
		<property name="name">
			<value>Audio 1</value>
		</property>
		<relationship name="effectChain">
			<destination>{404c9741-6cf1-43ed-8775-a5ff17cd6db9}</destination>
		</relationship>
		<relationship name="panner">
			<destination>{7542a41e-e260-4fa8-9c20-816555dfe16a}</destination>
		</relationship>
		<relationship name="output">
			<destination>{5fd2c08b-41c4-4bcd-8f01-bda5b5b98234}</destination>
		</relationship>
	</object>
	<object class="MixerBusEffectChain" id="{81f93558-8960-4c00-a2d8-0d601fe32a7c}">
		<relationship name="effects">
			<destination>{3197d6bf-4f93-4d10-b846-46bccf05a552}</destination>
		</relationship>
	</object>
	<object class="MixerBusPanner" id="{96fc94f2-cda9-43cc-8e12-8437dd784d88}" />
	<object class="MixerBusFader" id="{c1bdfabd-e4f0-4892-9a0e-40a4481fb288}" />
	<object class="MixerBusEffectChain" id="{404c9741-6cf1-43ed-8775-a5ff17cd6db9}">
		<relationship name="effects">
			<destination>{4723be0a-d79f-43c9-89d1-1b931a5de017}</destination>
		</relationship>
	</object>
	<object class="MixerBusPanner" id="{7542a41e-e260-4fa8-9c20-816555dfe16a}" />
	<object class="MixerBusFader" id="{3197d6bf-4f93-4d10-b846-46bccf05a552}" />
	<object class="MixerBusFader" id="{4723be0a-d79f-43c9-89d1-1b931a5de017}" />
</objects>
