<?xml version="1.0" encoding="UTF-8"?>
<objects serializationModel="Studio.02.01.00">
	<object class="Event" id="{0f2c3fcb-c3ea-467c-9499-4b14e01d6d87}">
		<property name="name">
			<value>Assigned</value>
		</property>
		<property name="outputFormat">
			<value>0</value>
		</property>
		<relationship name="folder">
			<destination>{51667984-4d78-427c-a3a4-edd285a0d425}</destination>
		</relationship>
		<relationship name="mixer">
			<destination>{55bca888-8ca8-4c95-9dbf-5bbc32c31ea5}</destination>
		</relationship>
		<relationship name="masterTrack">
			<destination>{ba48bbdc-d435-4b85-afe0-66c45ca9eaa6}</destination>
		</relationship>
		<relationship name="mixerInput">
			<destination>{a6c7479c-edc4-46bc-af85-9b21c272c631}</destination>
		</relationship>
		<relationship name="automatableProperties">
			<destination>{f255abb6-2f7c-48bc-a228-fd7d83126cc9}</destination>
		</relationship>
		<relationship name="markerTracks">
			<destination>{05c7c339-91af-4813-975e-d61762f5f56d}</destination>
		</relationship>
		<relationship name="groupTracks">
			<destination>{d091f715-6eed-4d83-849e-369531bc34c4}</destination>
		</relationship>
		<relationship name="timeline">
			<destination>{2365235d-8d75-4232-ab68-5fb4f274e534}</destination>
		</relationship>
		<relationship name="banks">
			<destination>{8c3f9de4-14c8-4279-a712-2040780fff61}</destination>
		</relationship>
	</object>
	<object class="EventMixer" id="{55bca888-8ca8-4c95-9dbf-5bbc32c31ea5}">
		<relationship name="masterBus">
			<destination>{fbebbcde-4a80-442d-9189-9c3061aea528}</destination>
		</relationship>
	</object>
	<object class="MasterTrack" id="{ba48bbdc-d435-4b85-afe0-66c45ca9eaa6}">
		<relationship name="mixerGroup">
			<destination>{fbebbcde-4a80-442d-9189-9c3061aea528}</destination>
		</relationship>
	</object>
	<object class="MixerInput" id="{a6c7479c-edc4-46bc-af85-9b21c272c631}">
		<relationship name="effectChain">
			<destination>{46fc000d-864c-4254-a560-3bf078697e71}</destination>
		</relationship>
		<relationship name="panner">
			<destination>{8a66f621-94d5-4c33-b6d0-1865ab4bdbfd}</destination>
		</relationship>
		<relationship name="output">
			<destination>{a74bdffc-cbb2-488b-ae3c-038020e1273d}</destination>
		</relationship>
	</object>
	<object class="EventAutomatableProperties" id="{f255abb6-2f7c-48bc-a228-fd7d83126cc9}" />
	<object class="MarkerTrack" id="{05c7c339-91af-4813-975e-d61762f5f56d}" />
	<object class="GroupTrack" id="{d091f715-6eed-4d83-849e-369531bc34c4}">
		<relationship name="modules">
			<destination>{dc84a406-a528-4a40-9e98-c09d5d307b61}</destination>
		</relationship>
		<relationship name="mixerGroup">
			<destination>{b28de8b7-4fd4-42d4-87fa-685b3de0c6e8}</destination>
		</relationship>
	</object>
	<object class="Timeline" id="{2365235d-8d75-4232-ab68-5fb4f274e534}">
		<relationship name="modules">
			<destination>{dc84a406-a528-4a40-9e98-c09d5d307b61}</destination>
		</relationship>
	</object>
	<object class="EventMixerMaster" id="{fbebbcde-4a80-442d-9189-9c3061aea528}">
		<relationship name="effectChain">
			<destination>{0561e855-1494-4ecb-99b2-c63e04061db7}</destination>
		</relationship>
		<relationship name="panner">
			<destination>{4469d2aa-01bb-45ee-9db8-3fce1ac436aa}</destination>
		</relationship>
		<relationship name="mixer">
			<destination>{55bca888-8ca8-4c95-9dbf-5bbc32c31ea5}</destination>
		</relationship>
	</object>
	<object class="MixerBusEffectChain" id="{46fc000d-864c-4254-a560-3bf078697e71}">
		<relationship name="effects">
			<destination>{623aa9fe-11f3-462e-9d47-3acd74ff5dbf}</destination>
		</relationship>
	</object>
	<object class="MixerBusPanner" id="{8a66f621-94d5-4c33-b6d0-1865ab4bdbfd}" />
	<object class="MultiSound" id="{dc84a406-a528-4a40-9e98-c09d5d307b61}">
		<property name="length">
			<value>1.8563958333333332</value>
		</property>
		<relationship name="sounds">
			<destination>{5588f6e3-cfd3-407a-954f-ee757d204efc}</destination>
			<destination>{000d4fe5-6aef-48db-9989-b314e2e6b660}</destination>
			<destination>{9de9187a-aec6-4bdc-9f39-5ee1e6ea2b08}</destination>
			<destination>{eedd4843-ffb3-495d-9ec5-b5f9f045b4d9}</destination>
			<destination>{7a49b265-0354-4fbd-a58c-6e3e130cb950}</destination>
		</relationship>
	</object>
	<object class="EventMixerGroup" id="{b28de8b7-4fd4-42d4-87fa-685b3de0c6e8}">
		<property name="name">
			<value>Audio 1</value>
		</property>
		<relationship name="effectChain">
			<destination>{abc55dc7-cbf2-4709-a7de-827dad8dafbd}</destination>
		</relationship>
		<relationship name="panner">
			<destination>{ecd5ee9a-6022-44f0-899e-b501b2c2b6d3}</destination>
		</relationship>
		<relationship name="output">
			<destination>{fbebbcde-4a80-442d-9189-9c3061aea528}</destination>
		</relationship>
	</object>
	<object class="MixerBusEffectChain" id="{0561e855-1494-4ecb-99b2-c63e04061db7}">
		<relationship name="effects">
			<destination>{2dd6e0f3-3611-4d14-b8c0-6e9af7d1622d}</destination>
		</relationship>
	</object>
	<object class="MixerBusPanner" id="{4469d2aa-01bb-45ee-9db8-3fce1ac436aa}" />
	<object class="MixerBusFader" id="{623aa9fe-11f3-462e-9d47-3acd74ff5dbf}" />
	<object class="SingleSound" id="{5588f6e3-cfd3-407a-954f-ee757d204efc}">
		<relationship name="audioFile">
			<destination>{b08112e1-a581-445a-a03a-2b3615000c73}</destination>
		</relationship>
	</object>
	<object class="SingleSound" id="{000d4fe5-6aef-48db-9989-b314e2e6b660}">
		<relationship name="audioFile">
			<destination>{0127d052-f77a-4523-a658-c0db332b3690}</destination>
		</relationship>
	</object>
	<object class="SingleSound" id="{9de9187a-aec6-4bdc-9f39-5ee1e6ea2b08}">
		<relationship name="audioFile">
			<destination>{eec86866-0093-462f-b736-5b8123a76f85}</destination>
		</relationship>
	</object>
	<object class="SingleSound" id="{eedd4843-ffb3-495d-9ec5-b5f9f045b4d9}">
		<relationship name="audioFile">
			<destination>{c064ea4b-3804-4ff3-bbfd-73ba3d8e6b76}</destination>
		</relationship>
	</object>
	<object class="SingleSound" id="{7a49b265-0354-4fbd-a58c-6e3e130cb950}">
		<relationship name="audioFile">
			<destination>{8480633d-166f-4b60-accc-8e41c753a926}</destination>
		</relationship>
	</object>
	<object class="MixerBusEffectChain" id="{abc55dc7-cbf2-4709-a7de-827dad8dafbd}">
		<relationship name="effects">
			<destination>{2e39bf76-5c3f-490f-9b20-3560086a2791}</destination>
		</relationship>
	</object>
	<object class="MixerBusPanner" id="{ecd5ee9a-6022-44f0-899e-b501b2c2b6d3}" />
	<object class="MixerBusFader" id="{2dd6e0f3-3611-4d14-b8c0-6e9af7d1622d}" />
	<object class="MixerBusFader" id="{2e39bf76-5c3f-490f-9b20-3560086a2791}" />
</objects>
