<?xml version="1.0" encoding="UTF-8"?>
<objects serializationModel="Studio.02.01.00">
	<object class="Event" id="{0f552920-79f9-4010-aba6-d585fb929b23}">
		<property name="name">
			<value>Assigned</value>
		</property>
		<property name="outputFormat">
			<value>0</value>
		</property>
		<relationship name="folder">
			<destination>{6b9b4813-3ad7-4b03-a3a5-c338a6023760}</destination>
		</relationship>
		<relationship name="mixer">
			<destination>{060b43c1-a59b-48fc-9b99-857ac5a08c5b}</destination>
		</relationship>
		<relationship name="masterTrack">
			<destination>{e7c537be-b0d8-4041-b293-f7d257055182}</destination>
		</relationship>
		<relationship name="mixerInput">
			<destination>{12ccea59-74a5-4b11-942f-baee3a549b3a}</destination>
		</relationship>
		<relationship name="automatableProperties">
			<destination>{4e4140b6-6b78-4967-b5e8-c2bd87b38620}</destination>
		</relationship>
		<relationship name="markerTracks">
			<destination>{94ab6db8-c1b3-4432-89e4-118c5de73db3}</destination>
		</relationship>
		<relationship name="groupTracks">
			<destination>{8d793396-950c-4191-a439-28bee4f2848f}</destination>
		</relationship>
		<relationship name="timeline">
			<destination>{64f76006-94b3-4eb5-a953-9cb3d217fbcb}</destination>
		</relationship>
		<relationship name="banks">
			<destination>{8c3f9de4-14c8-4279-a712-2040780fff61}</destination>
		</relationship>
	</object>
	<object class="EventMixer" id="{060b43c1-a59b-48fc-9b99-857ac5a08c5b}">
		<relationship name="masterBus">
			<destination>{56228c51-bbc1-4d7b-92ec-0bff8c6c7704}</destination>
		</relationship>
	</object>
	<object class="MasterTrack" id="{e7c537be-b0d8-4041-b293-f7d257055182}">
		<relationship name="mixerGroup">
			<destination>{56228c51-bbc1-4d7b-92ec-0bff8c6c7704}</destination>
		</relationship>
	</object>
	<object class="MixerInput" id="{12ccea59-74a5-4b11-942f-baee3a549b3a}">
		<relationship name="effectChain">
			<destination>{8bbe0523-9f38-4d20-b94b-233aa488bc51}</destination>
		</relationship>
		<relationship name="panner">
			<destination>{a2bd7861-5034-4a3b-82e3-133e7bf9dbc6}</destination>
		</relationship>
		<relationship name="output">
			<destination>{a74bdffc-cbb2-488b-ae3c-038020e1273d}</destination>
		</relationship>
	</object>
	<object class="EventAutomatableProperties" id="{4e4140b6-6b78-4967-b5e8-c2bd87b38620}" />
	<object class="MarkerTrack" id="{94ab6db8-c1b3-4432-89e4-118c5de73db3}" />
	<object class="GroupTrack" id="{8d793396-950c-4191-a439-28bee4f2848f}">
		<relationship name="modules">
			<destination>{0ac59f58-6c75-470a-89ce-61d9861e7517}</destination>
		</relationship>
		<relationship name="mixerGroup">
			<destination>{42df80f7-1876-4043-8711-c13cc8e3d8b3}</destination>
		</relationship>
	</object>
	<object class="Timeline" id="{64f76006-94b3-4eb5-a953-9cb3d217fbcb}">
		<relationship name="modules">
			<destination>{0ac59f58-6c75-470a-89ce-61d9861e7517}</destination>
		</relationship>
	</object>
	<object class="EventMixerMaster" id="{56228c51-bbc1-4d7b-92ec-0bff8c6c7704}">
		<relationship name="effectChain">
			<destination>{effd18b9-80c8-4202-9831-2ad3d55f4df9}</destination>
		</relationship>
		<relationship name="panner">
			<destination>{4033f499-9ef2-4d33-84b3-cc4248b3bfb0}</destination>
		</relationship>
		<relationship name="mixer">
			<destination>{060b43c1-a59b-48fc-9b99-857ac5a08c5b}</destination>
		</relationship>
	</object>
	<object class="MixerBusEffectChain" id="{8bbe0523-9f38-4d20-b94b-233aa488bc51}">
		<relationship name="effects">
			<destination>{2aa5a7ff-fc95-4e4c-bf0a-ccdb9506217b}</destination>
		</relationship>
	</object>
	<object class="MixerBusPanner" id="{a2bd7861-5034-4a3b-82e3-133e7bf9dbc6}" />
	<object class="MultiSound" id="{0ac59f58-6c75-470a-89ce-61d9861e7517}">
		<property name="length">
			<value>2.340125</value>
		</property>
		<relationship name="sounds">
			<destination>{bbb4a4b4-770a-4621-aab2-c0d8114b0894}</destination>
			<destination>{060ac548-5128-4ca3-b890-4deb7caceddc}</destination>
		</relationship>
	</object>
	<object class="EventMixerGroup" id="{42df80f7-1876-4043-8711-c13cc8e3d8b3}">
		<property name="name">
			<value>Audio 1</value>
		</property>
		<relationship name="effectChain">
			<destination>{bb86b0f4-4fe3-479f-bd6a-60455088927f}</destination>
		</relationship>
		<relationship name="panner">
			<destination>{bf4c6774-2a37-4133-baf7-dbc8aa669f0e}</destination>
		</relationship>
		<relationship name="output">
			<destination>{56228c51-bbc1-4d7b-92ec-0bff8c6c7704}</destination>
		</relationship>
	</object>
	<object class="MixerBusEffectChain" id="{effd18b9-80c8-4202-9831-2ad3d55f4df9}">
		<relationship name="effects">
			<destination>{55aef71f-1c9b-49ce-9ac0-70852a992326}</destination>
		</relationship>
	</object>
	<object class="MixerBusPanner" id="{4033f499-9ef2-4d33-84b3-cc4248b3bfb0}" />
	<object class="MixerBusFader" id="{2aa5a7ff-fc95-4e4c-bf0a-ccdb9506217b}" />
	<object class="SingleSound" id="{bbb4a4b4-770a-4621-aab2-c0d8114b0894}">
		<relationship name="audioFile">
			<destination>{98dd59c7-a58d-4b90-8b36-c9db6dae7b8d}</destination>
		</relationship>
	</object>
	<object class="SingleSound" id="{060ac548-5128-4ca3-b890-4deb7caceddc}">
		<relationship name="audioFile">
			<destination>{6a160c4d-a613-43fc-84e7-11ab70228f80}</destination>
		</relationship>
	</object>
	<object class="MixerBusEffectChain" id="{bb86b0f4-4fe3-479f-bd6a-60455088927f}">
		<relationship name="effects">
			<destination>{592850c0-811c-4135-8479-096d278567f0}</destination>
		</relationship>
	</object>
	<object class="MixerBusPanner" id="{bf4c6774-2a37-4133-baf7-dbc8aa669f0e}" />
	<object class="MixerBusFader" id="{55aef71f-1c9b-49ce-9ac0-70852a992326}" />
	<object class="MixerBusFader" id="{592850c0-811c-4135-8479-096d278567f0}" />
</objects>
