<?xml version="1.0" encoding="UTF-8"?>
<objects serializationModel="Studio.02.01.00">
	<object class="Event" id="{0f5a796b-36e5-442f-8faa-94a9b4255d7b}">
		<property name="name">
			<value>Success</value>
		</property>
		<property name="outputFormat">
			<value>0</value>
		</property>
		<relationship name="folder">
			<destination>{a0b9dab2-a34f-442b-8a8e-80d22e4a5eb6}</destination>
		</relationship>
		<relationship name="mixer">
			<destination>{d30ff175-41e4-4c5c-94fd-b037a2e7f2e1}</destination>
		</relationship>
		<relationship name="masterTrack">
			<destination>{8ed9ad2d-2188-4f6a-9b73-4b82551dd2c4}</destination>
		</relationship>
		<relationship name="mixerInput">
			<destination>{2098bc1e-862d-481a-aca9-4ad884893978}</destination>
		</relationship>
		<relationship name="automatableProperties">
			<destination>{2e750a29-b0bd-461b-89f8-a353c0c12157}</destination>
		</relationship>
		<relationship name="markerTracks">
			<destination>{40b0ab0a-e8db-4fa2-9a84-16e80ae29d18}</destination>
		</relationship>
		<relationship name="groupTracks">
			<destination>{ad268ac0-9bb0-4743-b269-ad3870080a68}</destination>
		</relationship>
		<relationship name="timeline">
			<destination>{018e28ed-462b-4c5e-b019-13557606c80f}</destination>
		</relationship>
		<relationship name="banks">
			<destination>{8c3f9de4-14c8-4279-a712-2040780fff61}</destination>
		</relationship>
	</object>
	<object class="EventMixer" id="{d30ff175-41e4-4c5c-94fd-b037a2e7f2e1}">
		<relationship name="masterBus">
			<destination>{4b8dc38f-f2ec-4060-80c0-18f375727b61}</destination>
		</relationship>
	</object>
	<object class="MasterTrack" id="{8ed9ad2d-2188-4f6a-9b73-4b82551dd2c4}">
		<relationship name="mixerGroup">
			<destination>{4b8dc38f-f2ec-4060-80c0-18f375727b61}</destination>
		</relationship>
	</object>
	<object class="MixerInput" id="{2098bc1e-862d-481a-aca9-4ad884893978}">
		<relationship name="effectChain">
			<destination>{efd1d864-9497-46b9-bdc2-272b7602bf8c}</destination>
		</relationship>
		<relationship name="panner">
			<destination>{9222a7a4-b5bd-4b70-b2db-7619f05faac4}</destination>
		</relationship>
		<relationship name="output">
			<destination>{a74bdffc-cbb2-488b-ae3c-038020e1273d}</destination>
		</relationship>
	</object>
	<object class="EventAutomatableProperties" id="{2e750a29-b0bd-461b-89f8-a353c0c12157}" />
	<object class="MarkerTrack" id="{40b0ab0a-e8db-4fa2-9a84-16e80ae29d18}" />
	<object class="GroupTrack" id="{ad268ac0-9bb0-4743-b269-ad3870080a68}">
		<relationship name="modules">
			<destination>{8e2bd78e-b616-41c2-a8b2-8d43397ce2e5}</destination>
		</relationship>
		<relationship name="mixerGroup">
			<destination>{6015fd2d-c141-4287-a2eb-450fff492036}</destination>
		</relationship>
	</object>
	<object class="Timeline" id="{018e28ed-462b-4c5e-b019-13557606c80f}">
		<relationship name="modules">
			<destination>{8e2bd78e-b616-41c2-a8b2-8d43397ce2e5}</destination>
		</relationship>
	</object>
	<object class="EventMixerMaster" id="{4b8dc38f-f2ec-4060-80c0-18f375727b61}">
		<relationship name="effectChain">
			<destination>{5ac4f76d-49b8-41c9-8291-bf5a5ad336f2}</destination>
		</relationship>
		<relationship name="panner">
			<destination>{cf85c6da-9a66-4937-9be8-c9cc0e558f9d}</destination>
		</relationship>
		<relationship name="mixer">
			<destination>{d30ff175-41e4-4c5c-94fd-b037a2e7f2e1}</destination>
		</relationship>
	</object>
	<object class="MixerBusEffectChain" id="{efd1d864-9497-46b9-bdc2-272b7602bf8c}">
		<relationship name="effects">
			<destination>{29d11dfc-5313-4f94-9e1b-dd540898a455}</destination>
		</relationship>
	</object>
	<object class="MixerBusPanner" id="{9222a7a4-b5bd-4b70-b2db-7619f05faac4}" />
	<object class="MultiSound" id="{8e2bd78e-b616-41c2-a8b2-8d43397ce2e5}">
		<property name="length">
			<value>1.2731250000000001</value>
		</property>
		<relationship name="sounds">
			<destination>{dbc9206c-ccc8-4477-9b5e-bc99b8df548e}</destination>
			<destination>{d10fee2b-9472-4dd2-b29e-e386f8406bc6}</destination>
			<destination>{ee4e2ba5-21c8-49f3-8b72-6be56d6bf6f1}</destination>
			<destination>{7af6c107-c156-40df-9e94-5b8d4eaffa0c}</destination>
		</relationship>
	</object>
	<object class="EventMixerGroup" id="{6015fd2d-c141-4287-a2eb-450fff492036}">
		<property name="name">
			<value>Audio 1</value>
		</property>
		<relationship name="effectChain">
			<destination>{85b14eaa-d473-40cc-84a5-f8b970b21a81}</destination>
		</relationship>
		<relationship name="panner">
			<destination>{069d772a-751e-4c9a-9f65-d564121fd0d3}</destination>
		</relationship>
		<relationship name="output">
			<destination>{4b8dc38f-f2ec-4060-80c0-18f375727b61}</destination>
		</relationship>
	</object>
	<object class="MixerBusEffectChain" id="{5ac4f76d-49b8-41c9-8291-bf5a5ad336f2}">
		<relationship name="effects">
			<destination>{e3b75729-e307-45e0-84dc-d67c0e2f0634}</destination>
		</relationship>
	</object>
	<object class="MixerBusPanner" id="{cf85c6da-9a66-4937-9be8-c9cc0e558f9d}" />
	<object class="MixerBusFader" id="{29d11dfc-5313-4f94-9e1b-dd540898a455}" />
	<object class="SingleSound" id="{dbc9206c-ccc8-4477-9b5e-bc99b8df548e}">
		<relationship name="audioFile">
			<destination>{13c5f3cc-e409-4444-a803-292c755a5efe}</destination>
		</relationship>
	</object>
	<object class="SingleSound" id="{d10fee2b-9472-4dd2-b29e-e386f8406bc6}">
		<relationship name="audioFile">
			<destination>{46cce3ef-06c6-4931-8d60-92520f80928c}</destination>
		</relationship>
	</object>
	<object class="SingleSound" id="{ee4e2ba5-21c8-49f3-8b72-6be56d6bf6f1}">
		<relationship name="audioFile">
			<destination>{25a1eed2-a174-4857-966c-b13569d22132}</destination>
		</relationship>
	</object>
	<object class="SingleSound" id="{7af6c107-c156-40df-9e94-5b8d4eaffa0c}">
		<relationship name="audioFile">
			<destination>{949b8642-c35f-406f-98fb-2db1f9112259}</destination>
		</relationship>
	</object>
	<object class="MixerBusEffectChain" id="{85b14eaa-d473-40cc-84a5-f8b970b21a81}">
		<relationship name="effects">
			<destination>{eaa0b4fc-b6aa-4b4a-900b-8b0f9d73c65d}</destination>
		</relationship>
	</object>
	<object class="MixerBusPanner" id="{069d772a-751e-4c9a-9f65-d564121fd0d3}" />
	<object class="MixerBusFader" id="{e3b75729-e307-45e0-84dc-d67c0e2f0634}" />
	<object class="MixerBusFader" id="{eaa0b4fc-b6aa-4b4a-900b-8b0f9d73c65d}" />
</objects>
