<?xml version="1.0" encoding="UTF-8"?>
<objects serializationModel="Studio.02.01.00">
	<object class="Event" id="{0f7eac46-e403-42ce-ba40-f19328d96fa8}">
		<property name="name">
			<value>Assigned</value>
		</property>
		<property name="outputFormat">
			<value>0</value>
		</property>
		<relationship name="folder">
			<destination>{ad385580-7983-483d-a001-8c3314b1cad3}</destination>
		</relationship>
		<relationship name="mixer">
			<destination>{05ae6fd9-9607-4d22-9aa6-093f3d7abcbc}</destination>
		</relationship>
		<relationship name="masterTrack">
			<destination>{97d1adcf-d8c4-413d-b1d3-dbdf41fa60ce}</destination>
		</relationship>
		<relationship name="mixerInput">
			<destination>{3f483f0b-2e9b-405e-90ec-daa8ffc05556}</destination>
		</relationship>
		<relationship name="automatableProperties">
			<destination>{274c095e-11fd-4e83-92dd-c329be7b5d00}</destination>
		</relationship>
		<relationship name="markerTracks">
			<destination>{a0ad1afc-78b6-4d7e-b711-89bc94da2086}</destination>
		</relationship>
		<relationship name="groupTracks">
			<destination>{672a9654-c4d7-4116-bf26-1d052326814b}</destination>
		</relationship>
		<relationship name="timeline">
			<destination>{4f5cb825-1735-4634-9d86-2f4a0d88cd5f}</destination>
		</relationship>
		<relationship name="banks">
			<destination>{8c3f9de4-14c8-4279-a712-2040780fff61}</destination>
		</relationship>
	</object>
	<object class="EventMixer" id="{05ae6fd9-9607-4d22-9aa6-093f3d7abcbc}">
		<relationship name="masterBus">
			<destination>{40d3efc7-b3a4-4c10-898d-36601ca0f04a}</destination>
		</relationship>
	</object>
	<object class="MasterTrack" id="{97d1adcf-d8c4-413d-b1d3-dbdf41fa60ce}">
		<relationship name="mixerGroup">
			<destination>{40d3efc7-b3a4-4c10-898d-36601ca0f04a}</destination>
		</relationship>
	</object>
	<object class="MixerInput" id="{3f483f0b-2e9b-405e-90ec-daa8ffc05556}">
		<relationship name="effectChain">
			<destination>{65c1c895-6451-4611-a59d-2b988f15aba6}</destination>
		</relationship>
		<relationship name="panner">
			<destination>{648a97cb-c38e-441c-adcc-c78e9c7d2fab}</destination>
		</relationship>
		<relationship name="output">
			<destination>{a74bdffc-cbb2-488b-ae3c-038020e1273d}</destination>
		</relationship>
	</object>
	<object class="EventAutomatableProperties" id="{274c095e-11fd-4e83-92dd-c329be7b5d00}" />
	<object class="MarkerTrack" id="{a0ad1afc-78b6-4d7e-b711-89bc94da2086}" />
	<object class="GroupTrack" id="{672a9654-c4d7-4116-bf26-1d052326814b}">
		<relationship name="modules">
			<destination>{8523efcd-2843-414e-a516-dc89230d7b7f}</destination>
		</relationship>
		<relationship name="mixerGroup">
			<destination>{b67c6201-2cdb-43dd-a1f8-caa4ea71b3eb}</destination>
		</relationship>
	</object>
	<object class="Timeline" id="{4f5cb825-1735-4634-9d86-2f4a0d88cd5f}">
		<relationship name="modules">
			<destination>{8523efcd-2843-414e-a516-dc89230d7b7f}</destination>
		</relationship>
	</object>
	<object class="EventMixerMaster" id="{40d3efc7-b3a4-4c10-898d-36601ca0f04a}">
		<relationship name="effectChain">
			<destination>{38f6dda8-3750-4187-ad32-bd8c97d125f5}</destination>
		</relationship>
		<relationship name="panner">
			<destination>{b7c8b740-8483-46eb-bcbf-a77ff145cefd}</destination>
		</relationship>
		<relationship name="mixer">
			<destination>{05ae6fd9-9607-4d22-9aa6-093f3d7abcbc}</destination>
		</relationship>
	</object>
	<object class="MixerBusEffectChain" id="{65c1c895-6451-4611-a59d-2b988f15aba6}">
		<relationship name="effects">
			<destination>{db3a9fac-1ca9-4bb7-bfad-28b850f6e983}</destination>
		</relationship>
	</object>
	<object class="MixerBusPanner" id="{648a97cb-c38e-441c-adcc-c78e9c7d2fab}" />
	<object class="MultiSound" id="{8523efcd-2843-414e-a516-dc89230d7b7f}">
		<property name="length">
			<value>1.6227291666666666</value>
		</property>
		<relationship name="sounds">
			<destination>{ed5a1e9a-f154-491d-8d25-eb45751b01e1}</destination>
			<destination>{238f8fda-5324-4795-8932-6a73cd8e5d4d}</destination>
			<destination>{1b4ec000-dc7d-4e65-90eb-d4824ca69a4e}</destination>
		</relationship>
	</object>
	<object class="EventMixerGroup" id="{b67c6201-2cdb-43dd-a1f8-caa4ea71b3eb}">
		<property name="name">
			<value>Audio 1</value>
		</property>
		<relationship name="effectChain">
			<destination>{bd6d2e81-2e11-446c-b48c-a736566d134f}</destination>
		</relationship>
		<relationship name="panner">
			<destination>{2c2b2ea0-c6d1-4ff0-844a-56606bace45f}</destination>
		</relationship>
		<relationship name="output">
			<destination>{40d3efc7-b3a4-4c10-898d-36601ca0f04a}</destination>
		</relationship>
	</object>
	<object class="MixerBusEffectChain" id="{38f6dda8-3750-4187-ad32-bd8c97d125f5}">
		<relationship name="effects">
			<destination>{e2a44f45-990c-4003-906e-b9ac0843d832}</destination>
		</relationship>
	</object>
	<object class="MixerBusPanner" id="{b7c8b740-8483-46eb-bcbf-a77ff145cefd}" />
	<object class="MixerBusFader" id="{db3a9fac-1ca9-4bb7-bfad-28b850f6e983}" />
	<object class="SingleSound" id="{ed5a1e9a-f154-491d-8d25-eb45751b01e1}">
		<relationship name="audioFile">
			<destination>{bae351ac-2821-4e9d-b6df-737a3b60e172}</destination>
		</relationship>
	</object>
	<object class="SingleSound" id="{238f8fda-5324-4795-8932-6a73cd8e5d4d}">
		<relationship name="audioFile">
			<destination>{89366929-ce4c-4078-a425-3528be9d9f59}</destination>
		</relationship>
	</object>
	<object class="SingleSound" id="{1b4ec000-dc7d-4e65-90eb-d4824ca69a4e}">
		<relationship name="audioFile">
			<destination>{5b719264-e0f5-4d34-b784-a55d3317ff8f}</destination>
		</relationship>
	</object>
	<object class="MixerBusEffectChain" id="{bd6d2e81-2e11-446c-b48c-a736566d134f}">
		<relationship name="effects">
			<destination>{d21de816-1b64-40e6-9a4e-06c197169e1b}</destination>
		</relationship>
	</object>
	<object class="MixerBusPanner" id="{2c2b2ea0-c6d1-4ff0-844a-56606bace45f}" />
	<object class="MixerBusFader" id="{e2a44f45-990c-4003-906e-b9ac0843d832}" />
	<object class="MixerBusFader" id="{d21de816-1b64-40e6-9a4e-06c197169e1b}" />
</objects>
