<?xml version="1.0" encoding="UTF-8"?>
<objects serializationModel="Studio.02.01.00">
	<object class="Event" id="{0f7aab7e-8e1f-467e-bde9-8c63d8144625}">
		<property name="name">
			<value>Assigned</value>
		</property>
		<property name="outputFormat">
			<value>0</value>
		</property>
		<relationship name="folder">
			<destination>{43fbc08b-92ed-48e4-95c8-bd9ee7475c44}</destination>
		</relationship>
		<relationship name="mixer">
			<destination>{f19f393b-2dbd-418a-968a-58560ebc6a5e}</destination>
		</relationship>
		<relationship name="masterTrack">
			<destination>{e50573b2-b744-466f-9881-35aeee67e32a}</destination>
		</relationship>
		<relationship name="mixerInput">
			<destination>{b3d83048-e9f6-474c-ab4e-520a186d3f8b}</destination>
		</relationship>
		<relationship name="automatableProperties">
			<destination>{07d3bca5-9b19-4b4e-912d-d84926e854d3}</destination>
		</relationship>
		<relationship name="markerTracks">
			<destination>{988d7a1f-2e5a-4294-970c-4dc06f962e3d}</destination>
		</relationship>
		<relationship name="groupTracks">
			<destination>{6a6fb630-bd4b-453f-abe2-68720deea234}</destination>
		</relationship>
		<relationship name="timeline">
			<destination>{e9a495a1-4d16-4fb8-a055-a7cae3ef2a04}</destination>
		</relationship>
		<relationship name="banks">
			<destination>{8c3f9de4-14c8-4279-a712-2040780fff61}</destination>
		</relationship>
	</object>
	<object class="EventMixer" id="{f19f393b-2dbd-418a-968a-58560ebc6a5e}">
		<relationship name="masterBus">
			<destination>{a09d5e40-360f-4bc0-931e-9cd9be301735}</destination>
		</relationship>
	</object>
	<object class="MasterTrack" id="{e50573b2-b744-466f-9881-35aeee67e32a}">
		<relationship name="mixerGroup">
			<destination>{a09d5e40-360f-4bc0-931e-9cd9be301735}</destination>
		</relationship>
	</object>
	<object class="MixerInput" id="{b3d83048-e9f6-474c-ab4e-520a186d3f8b}">
		<relationship name="effectChain">
			<destination>{89996703-6d76-41a6-b54a-acf21aeef97f}</destination>
		</relationship>
		<relationship name="panner">
			<destination>{8b713d11-1af6-42c6-9f9d-680e8d478d07}</destination>
		</relationship>
		<relationship name="output">
			<destination>{a74bdffc-cbb2-488b-ae3c-038020e1273d}</destination>
		</relationship>
	</object>
	<object class="EventAutomatableProperties" id="{07d3bca5-9b19-4b4e-912d-d84926e854d3}" />
	<object class="MarkerTrack" id="{988d7a1f-2e5a-4294-970c-4dc06f962e3d}" />
	<object class="GroupTrack" id="{6a6fb630-bd4b-453f-abe2-68720deea234}">
		<relationship name="modules">
			<destination>{35b4661e-d426-422b-9a48-c990f31b14a8}</destination>
		</relationship>
		<relationship name="mixerGroup">
			<destination>{aeb6abec-fb5e-4d66-a360-ed935c8fc03f}</destination>
		</relationship>
	</object>
	<object class="Timeline" id="{e9a495a1-4d16-4fb8-a055-a7cae3ef2a04}">
		<relationship name="modules">
			<destination>{35b4661e-d426-422b-9a48-c990f31b14a8}</destination>
		</relationship>
	</object>
	<object class="EventMixerMaster" id="{a09d5e40-360f-4bc0-931e-9cd9be301735}">
		<relationship name="effectChain">
			<destination>{c1245897-e08b-48f0-b991-46b6816305be}</destination>
		</relationship>
		<relationship name="panner">
			<destination>{e95b8347-a688-4564-a13a-b490275ccd54}</destination>
		</relationship>
		<relationship name="mixer">
			<destination>{f19f393b-2dbd-418a-968a-58560ebc6a5e}</destination>
		</relationship>
	</object>
	<object class="MixerBusEffectChain" id="{89996703-6d76-41a6-b54a-acf21aeef97f}">
		<relationship name="effects">
			<destination>{c2c4e7aa-9ae2-41db-b782-cf4543a13519}</destination>
		</relationship>
	</object>
	<object class="MixerBusPanner" id="{8b713d11-1af6-42c6-9f9d-680e8d478d07}" />
	<object class="MultiSound" id="{35b4661e-d426-422b-9a48-c990f31b14a8}">
		<property name="length">
			<value>2.2025208333333333</value>
		</property>
		<relationship name="sounds">
			<destination>{a0ae3b74-adea-43fc-adfc-b6eef37c7366}</destination>
			<destination>{72b151e5-4875-4453-804f-3bb064ed9de6}</destination>
			<destination>{d3c7fdb2-372f-4ca2-9a57-8b33c3659fb6}</destination>
			<destination>{de1db1c9-0d4e-4fab-8c84-876da86d3da9}</destination>
			<destination>{29f2a153-e351-4bb4-b6de-f4034e1fb0e5}</destination>
			<destination>{4388b56a-6a4c-491a-bf4f-2bf988f7be62}</destination>
		</relationship>
	</object>
	<object class="EventMixerGroup" id="{aeb6abec-fb5e-4d66-a360-ed935c8fc03f}">
		<property name="name">
			<value>Audio 1</value>
		</property>
		<relationship name="effectChain">
			<destination>{a9c0c533-9e28-439b-a40b-e2623763c773}</destination>
		</relationship>
		<relationship name="panner">
			<destination>{cc319f0f-1abe-4f23-b642-20d1193d4062}</destination>
		</relationship>
		<relationship name="output">
			<destination>{a09d5e40-360f-4bc0-931e-9cd9be301735}</destination>
		</relationship>
	</object>
	<object class="MixerBusEffectChain" id="{c1245897-e08b-48f0-b991-46b6816305be}">
		<relationship name="effects">
			<destination>{9ae4db19-a4b0-4423-a22a-388c9b85340c}</destination>
		</relationship>
	</object>
	<object class="MixerBusPanner" id="{e95b8347-a688-4564-a13a-b490275ccd54}" />
	<object class="MixerBusFader" id="{c2c4e7aa-9ae2-41db-b782-cf4543a13519}" />
	<object class="SingleSound" id="{a0ae3b74-adea-43fc-adfc-b6eef37c7366}">
		<relationship name="audioFile">
			<destination>{8211130f-6ed1-49c8-ab39-e530e520b5a1}</destination>
		</relationship>
	</object>
	<object class="SingleSound" id="{72b151e5-4875-4453-804f-3bb064ed9de6}">
		<relationship name="audioFile">
			<destination>{2e8a32d7-ad92-4ee0-9f4f-b9ad6b8c7524}</destination>
		</relationship>
	</object>
	<object class="SingleSound" id="{d3c7fdb2-372f-4ca2-9a57-8b33c3659fb6}">
		<relationship name="audioFile">
			<destination>{e7a3a6eb-da46-4554-9c4f-8068ff7b9459}</destination>
		</relationship>
	</object>
	<object class="SingleSound" id="{de1db1c9-0d4e-4fab-8c84-876da86d3da9}">
		<relationship name="audioFile">
			<destination>{ebde938f-6715-4ad2-bb39-be1ea2b54ede}</destination>
		</relationship>
	</object>
	<object class="SingleSound" id="{29f2a153-e351-4bb4-b6de-f4034e1fb0e5}">
		<relationship name="audioFile">
			<destination>{4066564d-7f54-41be-8eae-5ab89fa3a8f0}</destination>
		</relationship>
	</object>
	<object class="SingleSound" id="{4388b56a-6a4c-491a-bf4f-2bf988f7be62}">
		<relationship name="audioFile">
			<destination>{46bc6f8e-96d1-4c0e-8f3c-421ad44c2efe}</destination>
		</relationship>
	</object>
	<object class="MixerBusEffectChain" id="{a9c0c533-9e28-439b-a40b-e2623763c773}">
		<relationship name="effects">
			<destination>{5ddebc0c-81a8-4b24-8e52-da45dac7cb20}</destination>
		</relationship>
	</object>
	<object class="MixerBusPanner" id="{cc319f0f-1abe-4f23-b642-20d1193d4062}" />
	<object class="MixerBusFader" id="{9ae4db19-a4b0-4423-a22a-388c9b85340c}" />
	<object class="MixerBusFader" id="{5ddebc0c-81a8-4b24-8e52-da45dac7cb20}" />
</objects>
