<?xml version="1.0" encoding="UTF-8"?>
<objects serializationModel="Studio.02.01.00">
	<object class="Event" id="{0f806c02-5537-4f79-8237-eb58df830b33}">
		<property name="name">
			<value>Success</value>
		</property>
		<property name="outputFormat">
			<value>0</value>
		</property>
		<relationship name="folder">
			<destination>{b85694c0-e6c1-47ae-b5f6-07d4e85c9be3}</destination>
		</relationship>
		<relationship name="mixer">
			<destination>{9f689ace-d788-4be0-ac66-e8a198aae6d4}</destination>
		</relationship>
		<relationship name="masterTrack">
			<destination>{aa9f007f-74b9-4026-906c-fdfecf5dbbf2}</destination>
		</relationship>
		<relationship name="mixerInput">
			<destination>{a45b7e37-14ab-4326-a673-eda04520ff00}</destination>
		</relationship>
		<relationship name="automatableProperties">
			<destination>{4c8c8905-dfee-4e93-9c9f-53a385e824bb}</destination>
		</relationship>
		<relationship name="markerTracks">
			<destination>{9395194f-818c-4e80-bc41-52545a407121}</destination>
		</relationship>
		<relationship name="groupTracks">
			<destination>{c4c8d368-2d49-4ca8-8b58-e88ff3c49d5b}</destination>
		</relationship>
		<relationship name="timeline">
			<destination>{3319d9a5-c3f5-4883-ab6e-54d97a7bc2da}</destination>
		</relationship>
		<relationship name="banks">
			<destination>{8c3f9de4-14c8-4279-a712-2040780fff61}</destination>
		</relationship>
	</object>
	<object class="EventMixer" id="{9f689ace-d788-4be0-ac66-e8a198aae6d4}">
		<relationship name="masterBus">
			<destination>{2159ac47-aa1f-4e58-ad15-dd659c124e75}</destination>
		</relationship>
	</object>
	<object class="MasterTrack" id="{aa9f007f-74b9-4026-906c-fdfecf5dbbf2}">
		<relationship name="mixerGroup">
			<destination>{2159ac47-aa1f-4e58-ad15-dd659c124e75}</destination>
		</relationship>
	</object>
	<object class="MixerInput" id="{a45b7e37-14ab-4326-a673-eda04520ff00}">
		<relationship name="effectChain">
			<destination>{2ce109a5-db54-4c25-9329-00167f1ee9c5}</destination>
		</relationship>
		<relationship name="panner">
			<destination>{944014e8-2c1f-401a-a6b4-c3d0f6408500}</destination>
		</relationship>
		<relationship name="output">
			<destination>{a74bdffc-cbb2-488b-ae3c-038020e1273d}</destination>
		</relationship>
	</object>
	<object class="EventAutomatableProperties" id="{4c8c8905-dfee-4e93-9c9f-53a385e824bb}" />
	<object class="MarkerTrack" id="{9395194f-818c-4e80-bc41-52545a407121}" />
	<object class="GroupTrack" id="{c4c8d368-2d49-4ca8-8b58-e88ff3c49d5b}">
		<relationship name="modules">
			<destination>{16f66175-e14b-4312-a0c3-f559bab118c3}</destination>
		</relationship>
		<relationship name="mixerGroup">
			<destination>{7396528c-a245-430d-9d1a-49fff9e51432}</destination>
		</relationship>
	</object>
	<object class="Timeline" id="{3319d9a5-c3f5-4883-ab6e-54d97a7bc2da}">
		<relationship name="modules">
			<destination>{16f66175-e14b-4312-a0c3-f559bab118c3}</destination>
		</relationship>
	</object>
	<object class="EventMixerMaster" id="{2159ac47-aa1f-4e58-ad15-dd659c124e75}">
		<relationship name="effectChain">
			<destination>{27891d42-83e7-4741-becd-7ee9c65702c1}</destination>
		</relationship>
		<relationship name="panner">
			<destination>{cb12a68e-b409-4136-8f93-80da8d42d08a}</destination>
		</relationship>
		<relationship name="mixer">
			<destination>{9f689ace-d788-4be0-ac66-e8a198aae6d4}</destination>
		</relationship>
	</object>
	<object class="MixerBusEffectChain" id="{2ce109a5-db54-4c25-9329-00167f1ee9c5}">
		<relationship name="effects">
			<destination>{e933428a-b58d-423a-8ca8-229a35f9c39f}</destination>
		</relationship>
	</object>
	<object class="MixerBusPanner" id="{944014e8-2c1f-401a-a6b4-c3d0f6408500}" />
	<object class="MultiSound" id="{16f66175-e14b-4312-a0c3-f559bab118c3}">
		<property name="length">
			<value>2.4356874999999998</value>
		</property>
		<relationship name="sounds">
			<destination>{81e901df-59b3-499d-bfcc-da72075be7f0}</destination>
			<destination>{10e6842c-db98-4e26-b296-2e58290bee9e}</destination>
			<destination>{a7003766-fe04-4239-925a-47373c2a986b}</destination>
			<destination>{72fe9321-02fc-4982-ae67-ae55e300b403}</destination>
			<destination>{5ad052ca-5ed7-453a-b4d3-51de7aac594b}</destination>
		</relationship>
	</object>
	<object class="EventMixerGroup" id="{7396528c-a245-430d-9d1a-49fff9e51432}">
		<property name="name">
			<value>Audio 1</value>
		</property>
		<relationship name="effectChain">
			<destination>{760553e8-d7dc-45d6-947b-5ee82695f44e}</destination>
		</relationship>
		<relationship name="panner">
			<destination>{cde45606-30dc-48c6-97e2-80a0a1c727f8}</destination>
		</relationship>
		<relationship name="output">
			<destination>{2159ac47-aa1f-4e58-ad15-dd659c124e75}</destination>
		</relationship>
	</object>
	<object class="MixerBusEffectChain" id="{27891d42-83e7-4741-becd-7ee9c65702c1}">
		<relationship name="effects">
			<destination>{92d5801f-a4c9-4507-8c30-fdefa9d78d48}</destination>
		</relationship>
	</object>
	<object class="MixerBusPanner" id="{cb12a68e-b409-4136-8f93-80da8d42d08a}" />
	<object class="MixerBusFader" id="{e933428a-b58d-423a-8ca8-229a35f9c39f}" />
	<object class="SingleSound" id="{81e901df-59b3-499d-bfcc-da72075be7f0}">
		<relationship name="audioFile">
			<destination>{f9461400-4181-4a1f-87ed-af006de31199}</destination>
		</relationship>
	</object>
	<object class="SingleSound" id="{10e6842c-db98-4e26-b296-2e58290bee9e}">
		<relationship name="audioFile">
			<destination>{01a08ddc-5045-466b-b392-53ea4aff86a0}</destination>
		</relationship>
	</object>
	<object class="SingleSound" id="{a7003766-fe04-4239-925a-47373c2a986b}">
		<relationship name="audioFile">
			<destination>{17b8d948-4e39-4cfa-bf1e-ed30115f96f1}</destination>
		</relationship>
	</object>
	<object class="SingleSound" id="{72fe9321-02fc-4982-ae67-ae55e300b403}">
		<relationship name="audioFile">
			<destination>{c9ccbdba-b8c0-47c8-96f7-1b390a813322}</destination>
		</relationship>
	</object>
	<object class="SingleSound" id="{5ad052ca-5ed7-453a-b4d3-51de7aac594b}">
		<relationship name="audioFile">
			<destination>{9fd016ac-5bc8-406a-a67e-19a58fff3495}</destination>
		</relationship>
	</object>
	<object class="MixerBusEffectChain" id="{760553e8-d7dc-45d6-947b-5ee82695f44e}">
		<relationship name="effects">
			<destination>{24c01d6c-b3ab-4695-845c-19a4be74cbce}</destination>
		</relationship>
	</object>
	<object class="MixerBusPanner" id="{cde45606-30dc-48c6-97e2-80a0a1c727f8}" />
	<object class="MixerBusFader" id="{92d5801f-a4c9-4507-8c30-fdefa9d78d48}" />
	<object class="MixerBusFader" id="{24c01d6c-b3ab-4695-845c-19a4be74cbce}" />
</objects>
