<?xml version="1.0" encoding="UTF-8"?>
<objects serializationModel="Studio.02.01.00">
	<object class="Event" id="{0f9d2d1a-9def-4a2b-b384-71989cb1985f}">
		<property name="name">
			<value>Faction_ObjectiveQuote_Escape_27</value>
		</property>
		<property name="outputFormat">
			<value>0</value>
		</property>
		<relationship name="folder">
			<destination>{158ad337-8269-4a32-865c-d3c458683eff}</destination>
		</relationship>
		<relationship name="mixer">
			<destination>{f045a919-4f88-40cf-8e9c-a0160c44bd8f}</destination>
		</relationship>
		<relationship name="masterTrack">
			<destination>{00851c7f-601f-490f-9f05-9adb71697c42}</destination>
		</relationship>
		<relationship name="mixerInput">
			<destination>{7336464e-bd8a-4916-bf6e-c922235a5681}</destination>
		</relationship>
		<relationship name="automatableProperties">
			<destination>{ec7eb100-9b31-47e0-920e-06b3dfd11e8c}</destination>
		</relationship>
		<relationship name="markerTracks">
			<destination>{eafa8699-c764-42f8-9972-27e6bc396e0c}</destination>
		</relationship>
		<relationship name="groupTracks">
			<destination>{46806178-da8c-46b3-8f3b-efb4b5a28e3b}</destination>
		</relationship>
		<relationship name="timeline">
			<destination>{2856f00e-fe8c-40d9-b53d-7e72d7b35449}</destination>
		</relationship>
		<relationship name="banks">
			<destination>{8c3f9de4-14c8-4279-a712-2040780fff61}</destination>
		</relationship>
	</object>
	<object class="EventMixer" id="{f045a919-4f88-40cf-8e9c-a0160c44bd8f}">
		<relationship name="masterBus">
			<destination>{13e06101-4608-4487-8dc6-db457de6bf2e}</destination>
		</relationship>
	</object>
	<object class="MasterTrack" id="{00851c7f-601f-490f-9f05-9adb71697c42}">
		<relationship name="mixerGroup">
			<destination>{13e06101-4608-4487-8dc6-db457de6bf2e}</destination>
		</relationship>
	</object>
	<object class="MixerInput" id="{7336464e-bd8a-4916-bf6e-c922235a5681}">
		<relationship name="effectChain">
			<destination>{e8cadae0-636b-4641-8ccb-ca9d193e391d}</destination>
		</relationship>
		<relationship name="panner">
			<destination>{a37cc974-8e0a-4641-bbe9-ed14ac9d2ee1}</destination>
		</relationship>
		<relationship name="output">
			<destination>{a74bdffc-cbb2-488b-ae3c-038020e1273d}</destination>
		</relationship>
	</object>
	<object class="EventAutomatableProperties" id="{ec7eb100-9b31-47e0-920e-06b3dfd11e8c}" />
	<object class="MarkerTrack" id="{eafa8699-c764-42f8-9972-27e6bc396e0c}" />
	<object class="GroupTrack" id="{46806178-da8c-46b3-8f3b-efb4b5a28e3b}">
		<relationship name="modules">
			<destination>{c5a655f4-8029-4916-bd5e-b1284b697186}</destination>
		</relationship>
		<relationship name="mixerGroup">
			<destination>{27726b93-f24f-46a5-8200-a71ea022d002}</destination>
		</relationship>
	</object>
	<object class="Timeline" id="{2856f00e-fe8c-40d9-b53d-7e72d7b35449}">
		<relationship name="modules">
			<destination>{c5a655f4-8029-4916-bd5e-b1284b697186}</destination>
		</relationship>
	</object>
	<object class="EventMixerMaster" id="{13e06101-4608-4487-8dc6-db457de6bf2e}">
		<relationship name="effectChain">
			<destination>{7d9e7df2-3abd-4fed-b2cd-81a9ddfb929a}</destination>
		</relationship>
		<relationship name="panner">
			<destination>{9fc80b43-1f69-4661-adec-7bd46f56913d}</destination>
		</relationship>
		<relationship name="mixer">
			<destination>{f045a919-4f88-40cf-8e9c-a0160c44bd8f}</destination>
		</relationship>
	</object>
	<object class="MixerBusEffectChain" id="{e8cadae0-636b-4641-8ccb-ca9d193e391d}">
		<relationship name="effects">
			<destination>{6031445e-e6fc-4b99-9856-665d41fb927c}</destination>
		</relationship>
	</object>
	<object class="MixerBusPanner" id="{a37cc974-8e0a-4641-bbe9-ed14ac9d2ee1}" />
	<object class="SingleSound" id="{c5a655f4-8029-4916-bd5e-b1284b697186}">
		<property name="length">
			<value>4.2044166666666669</value>
		</property>
		<relationship name="audioFile">
			<destination>{5575b1ff-42b8-4cd9-bb0d-482b01ade60f}</destination>
		</relationship>
	</object>
	<object class="EventMixerGroup" id="{27726b93-f24f-46a5-8200-a71ea022d002}">
		<property name="name">
			<value>Audio 1</value>
		</property>
		<relationship name="effectChain">
			<destination>{d0de8bda-4143-4eea-b45f-0e865e249b6f}</destination>
		</relationship>
		<relationship name="panner">
			<destination>{7986aa4f-8136-4132-b4fc-00e960904127}</destination>
		</relationship>
		<relationship name="output">
			<destination>{13e06101-4608-4487-8dc6-db457de6bf2e}</destination>
		</relationship>
	</object>
	<object class="MixerBusEffectChain" id="{7d9e7df2-3abd-4fed-b2cd-81a9ddfb929a}">
		<relationship name="effects">
			<destination>{8b863aad-d115-4b85-a009-1e548ea625e4}</destination>
		</relationship>
	</object>
	<object class="MixerBusPanner" id="{9fc80b43-1f69-4661-adec-7bd46f56913d}" />
	<object class="MixerBusFader" id="{6031445e-e6fc-4b99-9856-665d41fb927c}" />
	<object class="MixerBusEffectChain" id="{d0de8bda-4143-4eea-b45f-0e865e249b6f}">
		<relationship name="effects">
			<destination>{5eb59f5c-621e-4d9a-ad92-7504acdf71f8}</destination>
		</relationship>
	</object>
	<object class="MixerBusPanner" id="{7986aa4f-8136-4132-b4fc-00e960904127}" />
	<object class="MixerBusFader" id="{8b863aad-d115-4b85-a009-1e548ea625e4}" />
	<object class="MixerBusFader" id="{5eb59f5c-621e-4d9a-ad92-7504acdf71f8}" />
</objects>
