<?xml version="1.0" encoding="UTF-8"?>
<objects serializationModel="Studio.02.01.00">
	<object class="Event" id="{0fe71709-90d0-4bcd-acce-0fc503d5258f}">
		<property name="name">
			<value>Success</value>
		</property>
		<property name="outputFormat">
			<value>0</value>
		</property>
		<relationship name="folder">
			<destination>{b1de7d99-9cc3-40ea-9b56-550dc2cce2c9}</destination>
		</relationship>
		<relationship name="mixer">
			<destination>{4c38d095-0b73-4395-8db2-d5d42f05af0e}</destination>
		</relationship>
		<relationship name="masterTrack">
			<destination>{bcc0b701-4899-4e21-8c03-9ebd5b5de8a4}</destination>
		</relationship>
		<relationship name="mixerInput">
			<destination>{54a10850-1f4a-4bc7-972b-5f1102a51601}</destination>
		</relationship>
		<relationship name="automatableProperties">
			<destination>{9e0775e4-d28b-47ca-9072-7798cc54d2f1}</destination>
		</relationship>
		<relationship name="markerTracks">
			<destination>{9b07d8df-aa73-403f-98df-5813e9090771}</destination>
		</relationship>
		<relationship name="groupTracks">
			<destination>{3dfa2dd0-504c-4cf2-820e-e29374ca8ea1}</destination>
		</relationship>
		<relationship name="timeline">
			<destination>{c02325ca-0a64-4636-9a0b-045338c4cc83}</destination>
		</relationship>
		<relationship name="banks">
			<destination>{8c3f9de4-14c8-4279-a712-2040780fff61}</destination>
		</relationship>
	</object>
	<object class="EventMixer" id="{4c38d095-0b73-4395-8db2-d5d42f05af0e}">
		<relationship name="masterBus">
			<destination>{8e6c419a-663d-4aa3-98a9-1aa04bee9a2f}</destination>
		</relationship>
	</object>
	<object class="MasterTrack" id="{bcc0b701-4899-4e21-8c03-9ebd5b5de8a4}">
		<relationship name="mixerGroup">
			<destination>{8e6c419a-663d-4aa3-98a9-1aa04bee9a2f}</destination>
		</relationship>
	</object>
	<object class="MixerInput" id="{54a10850-1f4a-4bc7-972b-5f1102a51601}">
		<relationship name="effectChain">
			<destination>{bc67b3b2-8c87-480b-a3b7-5a2acb84d737}</destination>
		</relationship>
		<relationship name="panner">
			<destination>{767b23a4-7b28-42eb-9669-18f6775a5b0f}</destination>
		</relationship>
		<relationship name="output">
			<destination>{a74bdffc-cbb2-488b-ae3c-038020e1273d}</destination>
		</relationship>
	</object>
	<object class="EventAutomatableProperties" id="{9e0775e4-d28b-47ca-9072-7798cc54d2f1}" />
	<object class="MarkerTrack" id="{9b07d8df-aa73-403f-98df-5813e9090771}" />
	<object class="GroupTrack" id="{3dfa2dd0-504c-4cf2-820e-e29374ca8ea1}">
		<relationship name="modules">
			<destination>{146eea35-5dd0-4578-81da-c255fc33c9e0}</destination>
		</relationship>
		<relationship name="mixerGroup">
			<destination>{da378f71-3dc6-4f6d-90f4-37fda9b5e29d}</destination>
		</relationship>
	</object>
	<object class="Timeline" id="{c02325ca-0a64-4636-9a0b-045338c4cc83}">
		<relationship name="modules">
			<destination>{146eea35-5dd0-4578-81da-c255fc33c9e0}</destination>
		</relationship>
	</object>
	<object class="EventMixerMaster" id="{8e6c419a-663d-4aa3-98a9-1aa04bee9a2f}">
		<relationship name="effectChain">
			<destination>{59f52e3d-6ef0-4b95-891a-a0ca12f19669}</destination>
		</relationship>
		<relationship name="panner">
			<destination>{b1b280cd-4f24-4454-975e-3008002614b3}</destination>
		</relationship>
		<relationship name="mixer">
			<destination>{4c38d095-0b73-4395-8db2-d5d42f05af0e}</destination>
		</relationship>
	</object>
	<object class="MixerBusEffectChain" id="{bc67b3b2-8c87-480b-a3b7-5a2acb84d737}">
		<relationship name="effects">
			<destination>{04fe6af5-99cd-41a2-a91c-6efca6e4baaf}</destination>
		</relationship>
	</object>
	<object class="MixerBusPanner" id="{767b23a4-7b28-42eb-9669-18f6775a5b0f}" />
	<object class="MultiSound" id="{146eea35-5dd0-4578-81da-c255fc33c9e0}">
		<property name="length">
			<value>1.3208958333333334</value>
		</property>
		<relationship name="sounds">
			<destination>{ddc82f9f-708a-48dc-ae3b-204e74d0d2c7}</destination>
			<destination>{549b49eb-0b23-438d-904c-1f28a7819851}</destination>
			<destination>{57bcdc9a-8abd-421c-89b3-ade692139d0a}</destination>
		</relationship>
	</object>
	<object class="EventMixerGroup" id="{da378f71-3dc6-4f6d-90f4-37fda9b5e29d}">
		<property name="name">
			<value>Audio 1</value>
		</property>
		<relationship name="effectChain">
			<destination>{36e4dd02-6191-4d33-848e-2547999f1796}</destination>
		</relationship>
		<relationship name="panner">
			<destination>{059e5fa8-4b30-4f4b-9cfa-07c021058c18}</destination>
		</relationship>
		<relationship name="output">
			<destination>{8e6c419a-663d-4aa3-98a9-1aa04bee9a2f}</destination>
		</relationship>
	</object>
	<object class="MixerBusEffectChain" id="{59f52e3d-6ef0-4b95-891a-a0ca12f19669}">
		<relationship name="effects">
			<destination>{e11957fb-4202-41bc-a275-50e5f6f2f969}</destination>
		</relationship>
	</object>
	<object class="MixerBusPanner" id="{b1b280cd-4f24-4454-975e-3008002614b3}" />
	<object class="MixerBusFader" id="{04fe6af5-99cd-41a2-a91c-6efca6e4baaf}" />
	<object class="SingleSound" id="{ddc82f9f-708a-48dc-ae3b-204e74d0d2c7}">
		<relationship name="audioFile">
			<destination>{664f4388-0b84-4e3c-8e90-c077143d34e9}</destination>
		</relationship>
	</object>
	<object class="SingleSound" id="{549b49eb-0b23-438d-904c-1f28a7819851}">
		<relationship name="audioFile">
			<destination>{ee0f9167-0ffb-4a90-a25c-1741c6ebda00}</destination>
		</relationship>
	</object>
	<object class="SingleSound" id="{57bcdc9a-8abd-421c-89b3-ade692139d0a}">
		<relationship name="audioFile">
			<destination>{6b9b5957-92c7-4b05-bcf2-db3d13ae8b24}</destination>
		</relationship>
	</object>
	<object class="MixerBusEffectChain" id="{36e4dd02-6191-4d33-848e-2547999f1796}">
		<relationship name="effects">
			<destination>{adc2afe6-2658-494f-81ea-6117e1d6c8b2}</destination>
		</relationship>
	</object>
	<object class="MixerBusPanner" id="{059e5fa8-4b30-4f4b-9cfa-07c021058c18}" />
	<object class="MixerBusFader" id="{e11957fb-4202-41bc-a275-50e5f6f2f969}" />
	<object class="MixerBusFader" id="{adc2afe6-2658-494f-81ea-6117e1d6c8b2}" />
</objects>
