<?xml version="1.0" encoding="UTF-8"?>
<objects serializationModel="Studio.02.01.00">
	<object class="Event" id="{0ff5618f-702d-4c1a-aa7b-3545c134f9d8}">
		<property name="name">
			<value>Failure</value>
		</property>
		<property name="outputFormat">
			<value>0</value>
		</property>
		<relationship name="folder">
			<destination>{cd17512a-38fc-4336-879c-812e671a2091}</destination>
		</relationship>
		<relationship name="mixer">
			<destination>{6a57f06b-d944-40fd-a79a-bf1b95cb0ac4}</destination>
		</relationship>
		<relationship name="masterTrack">
			<destination>{c2a163bb-b813-4aa2-9a67-e51617e7ec5e}</destination>
		</relationship>
		<relationship name="mixerInput">
			<destination>{46a77ea9-3f14-4ad6-802c-64cf456b519e}</destination>
		</relationship>
		<relationship name="automatableProperties">
			<destination>{5d5d7ca6-5704-45dd-8d85-44e10c79f7e5}</destination>
		</relationship>
		<relationship name="markerTracks">
			<destination>{4746ac86-43a2-4cd1-8363-904f44ddf222}</destination>
		</relationship>
		<relationship name="groupTracks">
			<destination>{585c27ae-b359-4b1a-a06f-3d7e115dca5a}</destination>
		</relationship>
		<relationship name="timeline">
			<destination>{e98a3c75-ebe8-4bf0-afc5-99f73e21cf3c}</destination>
		</relationship>
		<relationship name="banks">
			<destination>{8c3f9de4-14c8-4279-a712-2040780fff61}</destination>
		</relationship>
	</object>
	<object class="EventMixer" id="{6a57f06b-d944-40fd-a79a-bf1b95cb0ac4}">
		<relationship name="masterBus">
			<destination>{0b2a7592-0955-43ef-8eae-6927ac70e18f}</destination>
		</relationship>
	</object>
	<object class="MasterTrack" id="{c2a163bb-b813-4aa2-9a67-e51617e7ec5e}">
		<relationship name="mixerGroup">
			<destination>{0b2a7592-0955-43ef-8eae-6927ac70e18f}</destination>
		</relationship>
	</object>
	<object class="MixerInput" id="{46a77ea9-3f14-4ad6-802c-64cf456b519e}">
		<relationship name="effectChain">
			<destination>{a61588c7-12e4-46af-b4e5-4f1694780777}</destination>
		</relationship>
		<relationship name="panner">
			<destination>{ade2e5ab-5b34-402f-845b-1b494c395e61}</destination>
		</relationship>
		<relationship name="output">
			<destination>{a74bdffc-cbb2-488b-ae3c-038020e1273d}</destination>
		</relationship>
	</object>
	<object class="EventAutomatableProperties" id="{5d5d7ca6-5704-45dd-8d85-44e10c79f7e5}" />
	<object class="MarkerTrack" id="{4746ac86-43a2-4cd1-8363-904f44ddf222}" />
	<object class="GroupTrack" id="{585c27ae-b359-4b1a-a06f-3d7e115dca5a}">
		<relationship name="modules">
			<destination>{70f0766e-210f-49c6-ae98-34d07663c63b}</destination>
		</relationship>
		<relationship name="mixerGroup">
			<destination>{315f9496-3859-4021-94cb-848b509b8a04}</destination>
		</relationship>
	</object>
	<object class="Timeline" id="{e98a3c75-ebe8-4bf0-afc5-99f73e21cf3c}">
		<relationship name="modules">
			<destination>{70f0766e-210f-49c6-ae98-34d07663c63b}</destination>
		</relationship>
	</object>
	<object class="EventMixerMaster" id="{0b2a7592-0955-43ef-8eae-6927ac70e18f}">
		<relationship name="effectChain">
			<destination>{730d82d9-1608-4402-924f-9d46a0178904}</destination>
		</relationship>
		<relationship name="panner">
			<destination>{3bffc824-50da-4cd6-9e30-c47bcb020ecb}</destination>
		</relationship>
		<relationship name="mixer">
			<destination>{6a57f06b-d944-40fd-a79a-bf1b95cb0ac4}</destination>
		</relationship>
	</object>
	<object class="MixerBusEffectChain" id="{a61588c7-12e4-46af-b4e5-4f1694780777}">
		<relationship name="effects">
			<destination>{54676bab-1366-482c-afeb-e4b8729a850d}</destination>
		</relationship>
	</object>
	<object class="MixerBusPanner" id="{ade2e5ab-5b34-402f-845b-1b494c395e61}" />
	<object class="MultiSound" id="{70f0766e-210f-49c6-ae98-34d07663c63b}">
		<property name="length">
			<value>1.7483124999999999</value>
		</property>
		<relationship name="sounds">
			<destination>{dd52e473-7013-4f20-a206-ad5cd4f19a0c}</destination>
			<destination>{ddfb4e97-3f65-4053-ab84-b6e804e814d8}</destination>
			<destination>{1fdfd5b0-ac42-4ac5-978b-7ed2ba16e2dd}</destination>
		</relationship>
	</object>
	<object class="EventMixerGroup" id="{315f9496-3859-4021-94cb-848b509b8a04}">
		<property name="name">
			<value>Audio 1</value>
		</property>
		<relationship name="effectChain">
			<destination>{2bd48b0c-ce69-435f-90ba-02a013225c21}</destination>
		</relationship>
		<relationship name="panner">
			<destination>{2f775139-5c74-4d1a-8903-24cc2bc98470}</destination>
		</relationship>
		<relationship name="output">
			<destination>{0b2a7592-0955-43ef-8eae-6927ac70e18f}</destination>
		</relationship>
	</object>
	<object class="MixerBusEffectChain" id="{730d82d9-1608-4402-924f-9d46a0178904}">
		<relationship name="effects">
			<destination>{04baf7da-7cef-498f-8932-29557b559aa7}</destination>
		</relationship>
	</object>
	<object class="MixerBusPanner" id="{3bffc824-50da-4cd6-9e30-c47bcb020ecb}" />
	<object class="MixerBusFader" id="{54676bab-1366-482c-afeb-e4b8729a850d}" />
	<object class="SingleSound" id="{dd52e473-7013-4f20-a206-ad5cd4f19a0c}">
		<relationship name="audioFile">
			<destination>{7287828c-e50d-4caf-8cdb-0c916bee6f78}</destination>
		</relationship>
	</object>
	<object class="SingleSound" id="{ddfb4e97-3f65-4053-ab84-b6e804e814d8}">
		<relationship name="audioFile">
			<destination>{dcc1a5b3-a85c-4657-ab65-4f67199bb029}</destination>
		</relationship>
	</object>
	<object class="SingleSound" id="{1fdfd5b0-ac42-4ac5-978b-7ed2ba16e2dd}">
		<relationship name="audioFile">
			<destination>{806db71b-9e74-49a2-be88-5b196babb09e}</destination>
		</relationship>
	</object>
	<object class="MixerBusEffectChain" id="{2bd48b0c-ce69-435f-90ba-02a013225c21}">
		<relationship name="effects">
			<destination>{1d9c8720-2e6f-400d-be46-d8ab4b9311f0}</destination>
		</relationship>
	</object>
	<object class="MixerBusPanner" id="{2f775139-5c74-4d1a-8903-24cc2bc98470}" />
	<object class="MixerBusFader" id="{04baf7da-7cef-498f-8932-29557b559aa7}" />
	<object class="MixerBusFader" id="{1d9c8720-2e6f-400d-be46-d8ab4b9311f0}" />
</objects>
