<?xml version="1.0" encoding="UTF-8"?>
<objects serializationModel="Studio.02.01.00">
	<object class="Event" id="{100ba378-5ad5-4f43-878a-72e2a2a0e9e3}">
		<property name="name">
			<value>Assigned</value>
		</property>
		<property name="outputFormat">
			<value>0</value>
		</property>
		<relationship name="folder">
			<destination>{44c87c58-6f9f-4140-9bfa-cf0890d4dde3}</destination>
		</relationship>
		<relationship name="mixer">
			<destination>{86c00980-ffb7-4b01-b852-fc42844b040e}</destination>
		</relationship>
		<relationship name="masterTrack">
			<destination>{3e74695a-4b59-406b-8b2b-37f85022582e}</destination>
		</relationship>
		<relationship name="mixerInput">
			<destination>{3f9026ef-8aa1-4a58-a400-c25388b88bf8}</destination>
		</relationship>
		<relationship name="automatableProperties">
			<destination>{155c4eaf-34e3-4377-8677-89bbeb2c9bd1}</destination>
		</relationship>
		<relationship name="markerTracks">
			<destination>{8d73b03e-066b-4a9e-99c7-a09398fe1e6d}</destination>
		</relationship>
		<relationship name="groupTracks">
			<destination>{8faf4778-9bea-4232-82d5-1b5c7d6d4fb5}</destination>
		</relationship>
		<relationship name="timeline">
			<destination>{b4f8032e-1d9d-4439-847e-68dc343f030c}</destination>
		</relationship>
		<relationship name="banks">
			<destination>{8c3f9de4-14c8-4279-a712-2040780fff61}</destination>
		</relationship>
	</object>
	<object class="EventMixer" id="{86c00980-ffb7-4b01-b852-fc42844b040e}">
		<relationship name="masterBus">
			<destination>{440a1260-ed1e-4a17-9f94-3f0566b23d8d}</destination>
		</relationship>
	</object>
	<object class="MasterTrack" id="{3e74695a-4b59-406b-8b2b-37f85022582e}">
		<relationship name="mixerGroup">
			<destination>{440a1260-ed1e-4a17-9f94-3f0566b23d8d}</destination>
		</relationship>
	</object>
	<object class="MixerInput" id="{3f9026ef-8aa1-4a58-a400-c25388b88bf8}">
		<relationship name="effectChain">
			<destination>{b09b8415-19d9-442f-9ee7-cbabd692a0bc}</destination>
		</relationship>
		<relationship name="panner">
			<destination>{73f3b261-03ff-4d03-a7d9-a6b4b9b26c30}</destination>
		</relationship>
		<relationship name="output">
			<destination>{a74bdffc-cbb2-488b-ae3c-038020e1273d}</destination>
		</relationship>
	</object>
	<object class="EventAutomatableProperties" id="{155c4eaf-34e3-4377-8677-89bbeb2c9bd1}" />
	<object class="MarkerTrack" id="{8d73b03e-066b-4a9e-99c7-a09398fe1e6d}" />
	<object class="GroupTrack" id="{8faf4778-9bea-4232-82d5-1b5c7d6d4fb5}">
		<relationship name="modules">
			<destination>{87ff3f15-8023-4393-b6dc-b05354179247}</destination>
		</relationship>
		<relationship name="mixerGroup">
			<destination>{5fb585e8-ce50-4621-b38a-abef19cde6c7}</destination>
		</relationship>
	</object>
	<object class="Timeline" id="{b4f8032e-1d9d-4439-847e-68dc343f030c}">
		<relationship name="modules">
			<destination>{87ff3f15-8023-4393-b6dc-b05354179247}</destination>
		</relationship>
	</object>
	<object class="EventMixerMaster" id="{440a1260-ed1e-4a17-9f94-3f0566b23d8d}">
		<relationship name="effectChain">
			<destination>{a108d69b-e9c7-4c31-bb5a-501efcafe063}</destination>
		</relationship>
		<relationship name="panner">
			<destination>{c8baee21-f56d-4e36-91d2-9bf0e7a04f35}</destination>
		</relationship>
		<relationship name="mixer">
			<destination>{86c00980-ffb7-4b01-b852-fc42844b040e}</destination>
		</relationship>
	</object>
	<object class="MixerBusEffectChain" id="{b09b8415-19d9-442f-9ee7-cbabd692a0bc}">
		<relationship name="effects">
			<destination>{6604905f-1a54-4cab-a903-2d38cf070e18}</destination>
		</relationship>
	</object>
	<object class="MixerBusPanner" id="{73f3b261-03ff-4d03-a7d9-a6b4b9b26c30}" />
	<object class="MultiSound" id="{87ff3f15-8023-4393-b6dc-b05354179247}">
		<property name="length">
			<value>1.7191875000000001</value>
		</property>
		<relationship name="sounds">
			<destination>{03bcb73d-3c1d-4e26-a054-ddfbcebe5abf}</destination>
			<destination>{92aafab9-d14c-46fc-aeb0-d1ece087b440}</destination>
			<destination>{75fa524e-9202-4834-ba3f-04d59401b281}</destination>
			<destination>{247a40f4-18ca-4f8d-ba92-5adec408fd3c}</destination>
		</relationship>
	</object>
	<object class="EventMixerGroup" id="{5fb585e8-ce50-4621-b38a-abef19cde6c7}">
		<property name="name">
			<value>Audio 1</value>
		</property>
		<relationship name="effectChain">
			<destination>{1c2e5af4-def1-4c9e-a8d6-287eea96e9e6}</destination>
		</relationship>
		<relationship name="panner">
			<destination>{14498aaf-cb58-44ea-929d-cd029c250bd5}</destination>
		</relationship>
		<relationship name="output">
			<destination>{440a1260-ed1e-4a17-9f94-3f0566b23d8d}</destination>
		</relationship>
	</object>
	<object class="MixerBusEffectChain" id="{a108d69b-e9c7-4c31-bb5a-501efcafe063}">
		<relationship name="effects">
			<destination>{f1053fc8-1f4f-4825-bcb1-8e57b382b88a}</destination>
		</relationship>
	</object>
	<object class="MixerBusPanner" id="{c8baee21-f56d-4e36-91d2-9bf0e7a04f35}" />
	<object class="MixerBusFader" id="{6604905f-1a54-4cab-a903-2d38cf070e18}" />
	<object class="SingleSound" id="{03bcb73d-3c1d-4e26-a054-ddfbcebe5abf}">
		<relationship name="audioFile">
			<destination>{fad88e3a-1d4c-4766-a34d-96911859b65f}</destination>
		</relationship>
	</object>
	<object class="SingleSound" id="{92aafab9-d14c-46fc-aeb0-d1ece087b440}">
		<relationship name="audioFile">
			<destination>{bd341d9d-eee9-45d8-b558-51dc10603ec7}</destination>
		</relationship>
	</object>
	<object class="SingleSound" id="{75fa524e-9202-4834-ba3f-04d59401b281}">
		<relationship name="audioFile">
			<destination>{f44f6d31-36c5-440c-9706-2b50647bc951}</destination>
		</relationship>
	</object>
	<object class="SingleSound" id="{247a40f4-18ca-4f8d-ba92-5adec408fd3c}">
		<relationship name="audioFile">
			<destination>{cab928a6-2402-4096-938e-fc915ae0dd16}</destination>
		</relationship>
	</object>
	<object class="MixerBusEffectChain" id="{1c2e5af4-def1-4c9e-a8d6-287eea96e9e6}">
		<relationship name="effects">
			<destination>{d5346997-95e3-48b9-be04-80884b5a96f9}</destination>
		</relationship>
	</object>
	<object class="MixerBusPanner" id="{14498aaf-cb58-44ea-929d-cd029c250bd5}" />
	<object class="MixerBusFader" id="{f1053fc8-1f4f-4825-bcb1-8e57b382b88a}" />
	<object class="MixerBusFader" id="{d5346997-95e3-48b9-be04-80884b5a96f9}" />
</objects>
