<?xml version="1.0" encoding="UTF-8"?>
<objects serializationModel="Studio.02.01.00">
	<object class="Event" id="{101f14be-bcf2-4663-8766-cc187d31c0c4}">
		<property name="name">
			<value>Tutorial_8-AssignCouncilorstoMissionsComplete</value>
		</property>
		<property name="outputFormat">
			<value>0</value>
		</property>
		<relationship name="folder">
			<destination>{158ad337-8269-4a32-865c-d3c458683eff}</destination>
		</relationship>
		<relationship name="mixer">
			<destination>{997769f4-1ad6-49bf-a3fd-efb500aa414e}</destination>
		</relationship>
		<relationship name="masterTrack">
			<destination>{a6ec9b46-4a78-498c-a16b-969d5a1c3c37}</destination>
		</relationship>
		<relationship name="mixerInput">
			<destination>{c5738bf0-7c0c-4065-93b0-75e7cdb80970}</destination>
		</relationship>
		<relationship name="automatableProperties">
			<destination>{09e38a9c-2f3f-4bd7-b500-4b00052200ef}</destination>
		</relationship>
		<relationship name="markerTracks">
			<destination>{ef062e68-e7b8-4860-9ecb-032e6e235293}</destination>
		</relationship>
		<relationship name="groupTracks">
			<destination>{268ec82b-fd48-43f7-a5e4-e8998b18b532}</destination>
		</relationship>
		<relationship name="timeline">
			<destination>{46971d95-2326-44c5-9a49-e31c9ef81145}</destination>
		</relationship>
		<relationship name="banks">
			<destination>{8c3f9de4-14c8-4279-a712-2040780fff61}</destination>
		</relationship>
	</object>
	<object class="EventMixer" id="{997769f4-1ad6-49bf-a3fd-efb500aa414e}">
		<relationship name="masterBus">
			<destination>{02b0e38c-6bfc-4cdd-bb2d-547c2db5ef59}</destination>
		</relationship>
	</object>
	<object class="MasterTrack" id="{a6ec9b46-4a78-498c-a16b-969d5a1c3c37}">
		<relationship name="mixerGroup">
			<destination>{02b0e38c-6bfc-4cdd-bb2d-547c2db5ef59}</destination>
		</relationship>
	</object>
	<object class="MixerInput" id="{c5738bf0-7c0c-4065-93b0-75e7cdb80970}">
		<relationship name="effectChain">
			<destination>{b1ec162d-af7b-4214-b4b7-9231458a31b3}</destination>
		</relationship>
		<relationship name="panner">
			<destination>{81899412-bcf4-4251-a142-9d81a0d2aedc}</destination>
		</relationship>
		<relationship name="output">
			<destination>{a74bdffc-cbb2-488b-ae3c-038020e1273d}</destination>
		</relationship>
	</object>
	<object class="EventAutomatableProperties" id="{09e38a9c-2f3f-4bd7-b500-4b00052200ef}" />
	<object class="MarkerTrack" id="{ef062e68-e7b8-4860-9ecb-032e6e235293}" />
	<object class="GroupTrack" id="{268ec82b-fd48-43f7-a5e4-e8998b18b532}">
		<relationship name="modules">
			<destination>{901b117b-05ad-4f6d-907a-f645804f2130}</destination>
		</relationship>
		<relationship name="mixerGroup">
			<destination>{898ed736-d4e1-4810-bf24-3562c1b7fce5}</destination>
		</relationship>
	</object>
	<object class="Timeline" id="{46971d95-2326-44c5-9a49-e31c9ef81145}">
		<relationship name="modules">
			<destination>{901b117b-05ad-4f6d-907a-f645804f2130}</destination>
		</relationship>
	</object>
	<object class="EventMixerMaster" id="{02b0e38c-6bfc-4cdd-bb2d-547c2db5ef59}">
		<relationship name="effectChain">
			<destination>{12a02bdb-7a8f-473b-9f1c-d1c6bf6fcd91}</destination>
		</relationship>
		<relationship name="panner">
			<destination>{f56de66b-33af-4664-8bee-1202214eef90}</destination>
		</relationship>
		<relationship name="mixer">
			<destination>{997769f4-1ad6-49bf-a3fd-efb500aa414e}</destination>
		</relationship>
	</object>
	<object class="MixerBusEffectChain" id="{b1ec162d-af7b-4214-b4b7-9231458a31b3}">
		<relationship name="effects">
			<destination>{e73fff18-b472-4dff-af90-593c32cd6e36}</destination>
		</relationship>
	</object>
	<object class="MixerBusPanner" id="{81899412-bcf4-4251-a142-9d81a0d2aedc}" />
	<object class="SingleSound" id="{901b117b-05ad-4f6d-907a-f645804f2130}">
		<property name="length">
			<value>7.2734375</value>
		</property>
		<relationship name="audioFile">
			<destination>{2a0a1c56-db31-4783-93b4-ac541b9517ae}</destination>
		</relationship>
	</object>
	<object class="EventMixerGroup" id="{898ed736-d4e1-4810-bf24-3562c1b7fce5}">
		<property name="name">
			<value>Audio 1</value>
		</property>
		<relationship name="effectChain">
			<destination>{842fee76-b613-4a27-9db0-14eb2f376602}</destination>
		</relationship>
		<relationship name="panner">
			<destination>{942a94a3-eafd-4356-93c9-9a03e250a9da}</destination>
		</relationship>
		<relationship name="output">
			<destination>{02b0e38c-6bfc-4cdd-bb2d-547c2db5ef59}</destination>
		</relationship>
	</object>
	<object class="MixerBusEffectChain" id="{12a02bdb-7a8f-473b-9f1c-d1c6bf6fcd91}">
		<relationship name="effects">
			<destination>{42395260-07d8-4f09-9212-239a8894abd6}</destination>
		</relationship>
	</object>
	<object class="MixerBusPanner" id="{f56de66b-33af-4664-8bee-1202214eef90}" />
	<object class="MixerBusFader" id="{e73fff18-b472-4dff-af90-593c32cd6e36}" />
	<object class="MixerBusEffectChain" id="{842fee76-b613-4a27-9db0-14eb2f376602}">
		<relationship name="effects">
			<destination>{a439998a-8a99-4a17-8267-5b34a4ce9104}</destination>
		</relationship>
	</object>
	<object class="MixerBusPanner" id="{942a94a3-eafd-4356-93c9-9a03e250a9da}" />
	<object class="MixerBusFader" id="{42395260-07d8-4f09-9212-239a8894abd6}" />
	<object class="MixerBusFader" id="{a439998a-8a99-4a17-8267-5b34a4ce9104}" />
</objects>
