<?xml version="1.0" encoding="UTF-8"?>
<objects serializationModel="Studio.02.01.00">
	<object class="Event" id="{1048b084-b801-4282-9d99-439787f46319}">
		<property name="name">
			<value>Success</value>
		</property>
		<property name="outputFormat">
			<value>0</value>
		</property>
		<relationship name="folder">
			<destination>{bb7d9a1c-ed4d-4109-87f6-5ed0d9e6754e}</destination>
		</relationship>
		<relationship name="mixer">
			<destination>{c6adb476-c41d-48f2-9773-92ca965369b4}</destination>
		</relationship>
		<relationship name="masterTrack">
			<destination>{314750a8-1ecd-4c8b-946a-61d0cffd9721}</destination>
		</relationship>
		<relationship name="mixerInput">
			<destination>{2772fcb2-23bb-4185-a7b8-28ad2801f0af}</destination>
		</relationship>
		<relationship name="automatableProperties">
			<destination>{e5331b9e-a3b4-4579-8ae3-03c00bf62ef5}</destination>
		</relationship>
		<relationship name="markerTracks">
			<destination>{a2ac25f6-5edd-4b66-8433-effdea0f1b17}</destination>
		</relationship>
		<relationship name="groupTracks">
			<destination>{d0727b25-cf75-4592-8ce8-b602e1b6828c}</destination>
		</relationship>
		<relationship name="timeline">
			<destination>{83970b7d-429b-4d15-920b-3b06c4f7d78c}</destination>
		</relationship>
		<relationship name="banks">
			<destination>{8c3f9de4-14c8-4279-a712-2040780fff61}</destination>
		</relationship>
	</object>
	<object class="EventMixer" id="{c6adb476-c41d-48f2-9773-92ca965369b4}">
		<relationship name="masterBus">
			<destination>{619c8b4f-6475-480e-8482-8c2391cd6677}</destination>
		</relationship>
	</object>
	<object class="MasterTrack" id="{314750a8-1ecd-4c8b-946a-61d0cffd9721}">
		<relationship name="mixerGroup">
			<destination>{619c8b4f-6475-480e-8482-8c2391cd6677}</destination>
		</relationship>
	</object>
	<object class="MixerInput" id="{2772fcb2-23bb-4185-a7b8-28ad2801f0af}">
		<relationship name="effectChain">
			<destination>{100c1ca1-581a-484b-81b9-23f9e076d84e}</destination>
		</relationship>
		<relationship name="panner">
			<destination>{dd4cb743-2e44-41fd-b300-576c9f8cfb73}</destination>
		</relationship>
		<relationship name="output">
			<destination>{a74bdffc-cbb2-488b-ae3c-038020e1273d}</destination>
		</relationship>
	</object>
	<object class="EventAutomatableProperties" id="{e5331b9e-a3b4-4579-8ae3-03c00bf62ef5}" />
	<object class="MarkerTrack" id="{a2ac25f6-5edd-4b66-8433-effdea0f1b17}" />
	<object class="GroupTrack" id="{d0727b25-cf75-4592-8ce8-b602e1b6828c}">
		<relationship name="modules">
			<destination>{66f5b898-599b-41a0-be1c-17af8402480e}</destination>
		</relationship>
		<relationship name="mixerGroup">
			<destination>{f1f1d880-0db7-4c77-acd7-f798c558ad4b}</destination>
		</relationship>
	</object>
	<object class="Timeline" id="{83970b7d-429b-4d15-920b-3b06c4f7d78c}">
		<relationship name="modules">
			<destination>{66f5b898-599b-41a0-be1c-17af8402480e}</destination>
		</relationship>
	</object>
	<object class="EventMixerMaster" id="{619c8b4f-6475-480e-8482-8c2391cd6677}">
		<relationship name="effectChain">
			<destination>{d72e7e16-f80b-4b58-8b29-b60258aafa32}</destination>
		</relationship>
		<relationship name="panner">
			<destination>{287ff55e-243e-4251-9108-64bd5a719a58}</destination>
		</relationship>
		<relationship name="mixer">
			<destination>{c6adb476-c41d-48f2-9773-92ca965369b4}</destination>
		</relationship>
	</object>
	<object class="MixerBusEffectChain" id="{100c1ca1-581a-484b-81b9-23f9e076d84e}">
		<relationship name="effects">
			<destination>{96c1fe14-c412-4bc3-8702-be1e38d63a06}</destination>
		</relationship>
	</object>
	<object class="MixerBusPanner" id="{dd4cb743-2e44-41fd-b300-576c9f8cfb73}" />
	<object class="MultiSound" id="{66f5b898-599b-41a0-be1c-17af8402480e}">
		<property name="length">
			<value>1.5804374999999999</value>
		</property>
		<relationship name="sounds">
			<destination>{3d79c375-2da2-44d2-8ed0-7a2944b6d463}</destination>
			<destination>{bbfdeb2e-5ddd-497a-bc96-753b888ada5c}</destination>
			<destination>{959d5955-8d7e-4f88-b846-c359dd009db6}</destination>
		</relationship>
	</object>
	<object class="EventMixerGroup" id="{f1f1d880-0db7-4c77-acd7-f798c558ad4b}">
		<property name="name">
			<value>Audio 1</value>
		</property>
		<relationship name="effectChain">
			<destination>{6b402d45-a95c-4cb7-ae2e-5e6295169276}</destination>
		</relationship>
		<relationship name="panner">
			<destination>{a8fac658-cd98-4f55-a00a-e8fe9cd62a43}</destination>
		</relationship>
		<relationship name="output">
			<destination>{619c8b4f-6475-480e-8482-8c2391cd6677}</destination>
		</relationship>
	</object>
	<object class="MixerBusEffectChain" id="{d72e7e16-f80b-4b58-8b29-b60258aafa32}">
		<relationship name="effects">
			<destination>{8d01d363-b3eb-4580-8028-0f0d65f15dea}</destination>
		</relationship>
	</object>
	<object class="MixerBusPanner" id="{287ff55e-243e-4251-9108-64bd5a719a58}" />
	<object class="MixerBusFader" id="{96c1fe14-c412-4bc3-8702-be1e38d63a06}" />
	<object class="SingleSound" id="{3d79c375-2da2-44d2-8ed0-7a2944b6d463}">
		<relationship name="audioFile">
			<destination>{e9329fe7-2da3-4621-afa3-de8a7e9993b2}</destination>
		</relationship>
	</object>
	<object class="SingleSound" id="{bbfdeb2e-5ddd-497a-bc96-753b888ada5c}">
		<relationship name="audioFile">
			<destination>{6434fe36-d685-4fc8-a4e4-6d360810aa64}</destination>
		</relationship>
	</object>
	<object class="SingleSound" id="{959d5955-8d7e-4f88-b846-c359dd009db6}">
		<relationship name="audioFile">
			<destination>{f6e0bba8-6359-463d-b0a9-4a8750a5f70a}</destination>
		</relationship>
	</object>
	<object class="MixerBusEffectChain" id="{6b402d45-a95c-4cb7-ae2e-5e6295169276}">
		<relationship name="effects">
			<destination>{f561e41e-243b-43f8-b03c-694917c8cbd8}</destination>
		</relationship>
	</object>
	<object class="MixerBusPanner" id="{a8fac658-cd98-4f55-a00a-e8fe9cd62a43}" />
	<object class="MixerBusFader" id="{8d01d363-b3eb-4580-8028-0f0d65f15dea}" />
	<object class="MixerBusFader" id="{f561e41e-243b-43f8-b03c-694917c8cbd8}" />
</objects>
