<?xml version="1.0" encoding="UTF-8"?>
<objects serializationModel="Studio.02.01.00">
	<object class="Event" id="{104b5a28-90b9-4b1c-8b66-7afda6bac447}">
		<property name="name">
			<value>Failure</value>
		</property>
		<property name="outputFormat">
			<value>0</value>
		</property>
		<relationship name="folder">
			<destination>{491f4ba2-f214-45a8-ae58-6cc318ec39be}</destination>
		</relationship>
		<relationship name="mixer">
			<destination>{74175c71-d8b1-4b97-b4fb-980c9fedfce1}</destination>
		</relationship>
		<relationship name="masterTrack">
			<destination>{119db5af-124b-4b82-b836-dada62fb9b2b}</destination>
		</relationship>
		<relationship name="mixerInput">
			<destination>{e8cbe274-82cb-4b99-affe-f78bcb58255d}</destination>
		</relationship>
		<relationship name="automatableProperties">
			<destination>{3c0a2b53-59da-4b8e-9950-a24c0e2ddb3b}</destination>
		</relationship>
		<relationship name="markerTracks">
			<destination>{cd87bf6e-e59c-4cc1-aa10-930b491e8439}</destination>
		</relationship>
		<relationship name="groupTracks">
			<destination>{be47ae93-fade-4edc-b848-d39a5dff4014}</destination>
		</relationship>
		<relationship name="timeline">
			<destination>{ed173737-4063-4757-ba6d-d7c2f7329f16}</destination>
		</relationship>
		<relationship name="banks">
			<destination>{8c3f9de4-14c8-4279-a712-2040780fff61}</destination>
		</relationship>
	</object>
	<object class="EventMixer" id="{74175c71-d8b1-4b97-b4fb-980c9fedfce1}">
		<relationship name="masterBus">
			<destination>{d44e6193-106d-49a8-824d-d3984f4bc8ff}</destination>
		</relationship>
	</object>
	<object class="MasterTrack" id="{119db5af-124b-4b82-b836-dada62fb9b2b}">
		<relationship name="mixerGroup">
			<destination>{d44e6193-106d-49a8-824d-d3984f4bc8ff}</destination>
		</relationship>
	</object>
	<object class="MixerInput" id="{e8cbe274-82cb-4b99-affe-f78bcb58255d}">
		<relationship name="effectChain">
			<destination>{aa517a76-6bb7-4e02-a1dc-eccfebafe0fe}</destination>
		</relationship>
		<relationship name="panner">
			<destination>{f882cfef-b24b-45d9-957f-dcc08bc35e2d}</destination>
		</relationship>
		<relationship name="output">
			<destination>{a74bdffc-cbb2-488b-ae3c-038020e1273d}</destination>
		</relationship>
	</object>
	<object class="EventAutomatableProperties" id="{3c0a2b53-59da-4b8e-9950-a24c0e2ddb3b}" />
	<object class="MarkerTrack" id="{cd87bf6e-e59c-4cc1-aa10-930b491e8439}" />
	<object class="GroupTrack" id="{be47ae93-fade-4edc-b848-d39a5dff4014}">
		<relationship name="modules">
			<destination>{951301a9-ae1c-42e7-b76f-6649842d3ea9}</destination>
		</relationship>
		<relationship name="mixerGroup">
			<destination>{a19d5dc4-4e85-47c4-911f-0d7dcbd39368}</destination>
		</relationship>
	</object>
	<object class="Timeline" id="{ed173737-4063-4757-ba6d-d7c2f7329f16}">
		<relationship name="modules">
			<destination>{951301a9-ae1c-42e7-b76f-6649842d3ea9}</destination>
		</relationship>
	</object>
	<object class="EventMixerMaster" id="{d44e6193-106d-49a8-824d-d3984f4bc8ff}">
		<relationship name="effectChain">
			<destination>{af3ef5af-0bd1-4a76-abd3-9cb3ef580cda}</destination>
		</relationship>
		<relationship name="panner">
			<destination>{927deab2-660d-4612-aaf1-fb3627f8a962}</destination>
		</relationship>
		<relationship name="mixer">
			<destination>{74175c71-d8b1-4b97-b4fb-980c9fedfce1}</destination>
		</relationship>
	</object>
	<object class="MixerBusEffectChain" id="{aa517a76-6bb7-4e02-a1dc-eccfebafe0fe}">
		<relationship name="effects">
			<destination>{d04e8095-7306-4f27-9963-39f8eafaba1b}</destination>
		</relationship>
	</object>
	<object class="MixerBusPanner" id="{f882cfef-b24b-45d9-957f-dcc08bc35e2d}" />
	<object class="MultiSound" id="{951301a9-ae1c-42e7-b76f-6649842d3ea9}">
		<property name="length">
			<value>2.5975208333333333</value>
		</property>
		<relationship name="sounds">
			<destination>{2835ed26-4d18-423c-8a24-5b58ef03dd20}</destination>
			<destination>{bf011df4-63dd-49e1-9b4f-972909e63919}</destination>
			<destination>{7e540b21-6c9d-4499-99fb-77042bd9d4de}</destination>
			<destination>{67bcd985-89b7-4a1f-8104-728adc4e8e00}</destination>
			<destination>{d36708b4-db0e-4e82-bf8b-3da4d3a6e373}</destination>
		</relationship>
	</object>
	<object class="EventMixerGroup" id="{a19d5dc4-4e85-47c4-911f-0d7dcbd39368}">
		<property name="name">
			<value>Audio 1</value>
		</property>
		<relationship name="effectChain">
			<destination>{9e32eba9-95a3-433c-92cc-84a581a7ea74}</destination>
		</relationship>
		<relationship name="panner">
			<destination>{eb33f229-56b9-492c-b943-fb8d5ee0f3d3}</destination>
		</relationship>
		<relationship name="output">
			<destination>{d44e6193-106d-49a8-824d-d3984f4bc8ff}</destination>
		</relationship>
	</object>
	<object class="MixerBusEffectChain" id="{af3ef5af-0bd1-4a76-abd3-9cb3ef580cda}">
		<relationship name="effects">
			<destination>{568d8c5c-6338-4346-9607-419d4cf4ad05}</destination>
		</relationship>
	</object>
	<object class="MixerBusPanner" id="{927deab2-660d-4612-aaf1-fb3627f8a962}" />
	<object class="MixerBusFader" id="{d04e8095-7306-4f27-9963-39f8eafaba1b}" />
	<object class="SingleSound" id="{2835ed26-4d18-423c-8a24-5b58ef03dd20}">
		<relationship name="audioFile">
			<destination>{c6e97452-1d09-4de5-8952-d07287dec4c2}</destination>
		</relationship>
	</object>
	<object class="SingleSound" id="{bf011df4-63dd-49e1-9b4f-972909e63919}">
		<relationship name="audioFile">
			<destination>{2eaa6d21-3e02-4b20-87f5-4df9d3549937}</destination>
		</relationship>
	</object>
	<object class="SingleSound" id="{7e540b21-6c9d-4499-99fb-77042bd9d4de}">
		<relationship name="audioFile">
			<destination>{8a3156ed-cc7e-4648-9cea-192c715aeae5}</destination>
		</relationship>
	</object>
	<object class="SingleSound" id="{67bcd985-89b7-4a1f-8104-728adc4e8e00}">
		<relationship name="audioFile">
			<destination>{3b4b3188-e2c8-46d4-8c24-c6ed8c519f59}</destination>
		</relationship>
	</object>
	<object class="SingleSound" id="{d36708b4-db0e-4e82-bf8b-3da4d3a6e373}">
		<relationship name="audioFile">
			<destination>{440abb8c-835a-42d5-b4e0-4992339d9279}</destination>
		</relationship>
	</object>
	<object class="MixerBusEffectChain" id="{9e32eba9-95a3-433c-92cc-84a581a7ea74}">
		<relationship name="effects">
			<destination>{c6d9c9e6-9d96-4257-aa15-8d231299905d}</destination>
		</relationship>
	</object>
	<object class="MixerBusPanner" id="{eb33f229-56b9-492c-b943-fb8d5ee0f3d3}" />
	<object class="MixerBusFader" id="{568d8c5c-6338-4346-9607-419d4cf4ad05}" />
	<object class="MixerBusFader" id="{c6d9c9e6-9d96-4257-aa15-8d231299905d}" />
</objects>
