<?xml version="1.0" encoding="UTF-8"?>
<objects serializationModel="Studio.02.01.00">
	<object class="Event" id="{1056eb5a-a246-4bc9-97a9-16159b7eaa14}">
		<property name="name">
			<value>TechQuote_EscapeSpaceScience</value>
		</property>
		<property name="outputFormat">
			<value>0</value>
		</property>
		<relationship name="folder">
			<destination>{158ad337-8269-4a32-865c-d3c458683eff}</destination>
		</relationship>
		<relationship name="mixer">
			<destination>{e5a27f2d-24bc-4a3e-adac-130f5e856f51}</destination>
		</relationship>
		<relationship name="masterTrack">
			<destination>{d8d39b4d-e109-4f37-8596-0ad0827faf8a}</destination>
		</relationship>
		<relationship name="mixerInput">
			<destination>{75ab2f3a-97d2-46d3-8a62-32a9e66e642b}</destination>
		</relationship>
		<relationship name="automatableProperties">
			<destination>{950a540c-269b-4be9-8406-31e6cb989f43}</destination>
		</relationship>
		<relationship name="markerTracks">
			<destination>{737b3762-ae4f-4ffa-9a86-d4db66a0cfdb}</destination>
		</relationship>
		<relationship name="groupTracks">
			<destination>{0f925074-4ed1-4c09-a817-0bd56b45d81c}</destination>
		</relationship>
		<relationship name="timeline">
			<destination>{510985b1-24a7-4a83-b1ed-372aa774ce04}</destination>
		</relationship>
		<relationship name="banks">
			<destination>{8c3f9de4-14c8-4279-a712-2040780fff61}</destination>
		</relationship>
	</object>
	<object class="EventMixer" id="{e5a27f2d-24bc-4a3e-adac-130f5e856f51}">
		<relationship name="masterBus">
			<destination>{52e47753-48b5-46d3-afc5-cb0832d6dd4d}</destination>
		</relationship>
	</object>
	<object class="MasterTrack" id="{d8d39b4d-e109-4f37-8596-0ad0827faf8a}">
		<relationship name="mixerGroup">
			<destination>{52e47753-48b5-46d3-afc5-cb0832d6dd4d}</destination>
		</relationship>
	</object>
	<object class="MixerInput" id="{75ab2f3a-97d2-46d3-8a62-32a9e66e642b}">
		<relationship name="effectChain">
			<destination>{78cbe0ec-846a-4705-a0cd-756dd25a6312}</destination>
		</relationship>
		<relationship name="panner">
			<destination>{6d7f712e-1d5f-40be-8215-0ef5afa6ff20}</destination>
		</relationship>
		<relationship name="output">
			<destination>{a74bdffc-cbb2-488b-ae3c-038020e1273d}</destination>
		</relationship>
	</object>
	<object class="EventAutomatableProperties" id="{950a540c-269b-4be9-8406-31e6cb989f43}" />
	<object class="MarkerTrack" id="{737b3762-ae4f-4ffa-9a86-d4db66a0cfdb}" />
	<object class="GroupTrack" id="{0f925074-4ed1-4c09-a817-0bd56b45d81c}">
		<relationship name="modules">
			<destination>{9b86713d-c258-425c-9ee2-deee3b311365}</destination>
		</relationship>
		<relationship name="mixerGroup">
			<destination>{bc442c82-8e62-475c-96b4-8a6feee195e7}</destination>
		</relationship>
	</object>
	<object class="Timeline" id="{510985b1-24a7-4a83-b1ed-372aa774ce04}">
		<relationship name="modules">
			<destination>{9b86713d-c258-425c-9ee2-deee3b311365}</destination>
		</relationship>
	</object>
	<object class="EventMixerMaster" id="{52e47753-48b5-46d3-afc5-cb0832d6dd4d}">
		<relationship name="effectChain">
			<destination>{689f06f0-d82d-4d06-98a6-712156b84e40}</destination>
		</relationship>
		<relationship name="panner">
			<destination>{64e88fd0-076a-4c36-9653-87d24d15efe3}</destination>
		</relationship>
		<relationship name="mixer">
			<destination>{e5a27f2d-24bc-4a3e-adac-130f5e856f51}</destination>
		</relationship>
	</object>
	<object class="MixerBusEffectChain" id="{78cbe0ec-846a-4705-a0cd-756dd25a6312}">
		<relationship name="effects">
			<destination>{490fbcc8-2ea3-4b43-b1dc-6be372f98174}</destination>
		</relationship>
	</object>
	<object class="MixerBusPanner" id="{6d7f712e-1d5f-40be-8215-0ef5afa6ff20}" />
	<object class="SingleSound" id="{9b86713d-c258-425c-9ee2-deee3b311365}">
		<property name="length">
			<value>20.161562499999999</value>
		</property>
		<relationship name="audioFile">
			<destination>{01b44b1e-4b88-4c04-b44a-0448d9bc5f77}</destination>
		</relationship>
	</object>
	<object class="EventMixerGroup" id="{bc442c82-8e62-475c-96b4-8a6feee195e7}">
		<property name="name">
			<value>Audio 1</value>
		</property>
		<relationship name="effectChain">
			<destination>{674513e7-8feb-489c-8b7d-8fc29a4aabba}</destination>
		</relationship>
		<relationship name="panner">
			<destination>{86831c78-9986-4db6-be9b-aa6ffa08e3ed}</destination>
		</relationship>
		<relationship name="output">
			<destination>{52e47753-48b5-46d3-afc5-cb0832d6dd4d}</destination>
		</relationship>
	</object>
	<object class="MixerBusEffectChain" id="{689f06f0-d82d-4d06-98a6-712156b84e40}">
		<relationship name="effects">
			<destination>{e295f475-a4ac-49c5-9505-b71811a29c82}</destination>
		</relationship>
	</object>
	<object class="MixerBusPanner" id="{64e88fd0-076a-4c36-9653-87d24d15efe3}" />
	<object class="MixerBusFader" id="{490fbcc8-2ea3-4b43-b1dc-6be372f98174}" />
	<object class="MixerBusEffectChain" id="{674513e7-8feb-489c-8b7d-8fc29a4aabba}">
		<relationship name="effects">
			<destination>{39bd2f23-9944-4ea7-8ae8-56dcb140d160}</destination>
		</relationship>
	</object>
	<object class="MixerBusPanner" id="{86831c78-9986-4db6-be9b-aa6ffa08e3ed}" />
	<object class="MixerBusFader" id="{e295f475-a4ac-49c5-9505-b71811a29c82}" />
	<object class="MixerBusFader" id="{39bd2f23-9944-4ea7-8ae8-56dcb140d160}" />
</objects>
