<?xml version="1.0" encoding="UTF-8"?>
<objects serializationModel="Studio.02.01.00">
	<object class="Event" id="{10798fe3-32ab-4f17-ba01-103ac9c427d8}">
		<property name="name">
			<value>Failure</value>
		</property>
		<property name="outputFormat">
			<value>0</value>
		</property>
		<relationship name="folder">
			<destination>{611b870b-5b29-44d9-948c-a3eb4996ff87}</destination>
		</relationship>
		<relationship name="mixer">
			<destination>{9e47d0b6-955a-4bac-895e-1e8553bce59f}</destination>
		</relationship>
		<relationship name="masterTrack">
			<destination>{732c73d0-0844-4c0d-9601-6d94145afb6a}</destination>
		</relationship>
		<relationship name="mixerInput">
			<destination>{1ef71719-5e29-449b-bb85-d466bd58e794}</destination>
		</relationship>
		<relationship name="automatableProperties">
			<destination>{1ffda8f0-4c24-4510-95c7-c9b02378891c}</destination>
		</relationship>
		<relationship name="markerTracks">
			<destination>{7f25e60e-199b-4211-b047-5334ceb7290b}</destination>
		</relationship>
		<relationship name="groupTracks">
			<destination>{4d610ccd-f5a6-4b15-8cb4-4cb7309121f0}</destination>
		</relationship>
		<relationship name="timeline">
			<destination>{a1c608be-df0c-4a55-b43c-a440b5ff5111}</destination>
		</relationship>
		<relationship name="banks">
			<destination>{8c3f9de4-14c8-4279-a712-2040780fff61}</destination>
		</relationship>
	</object>
	<object class="EventMixer" id="{9e47d0b6-955a-4bac-895e-1e8553bce59f}">
		<relationship name="masterBus">
			<destination>{7a798b51-fcef-4c20-99e0-4ef57869aa4b}</destination>
		</relationship>
	</object>
	<object class="MasterTrack" id="{732c73d0-0844-4c0d-9601-6d94145afb6a}">
		<relationship name="mixerGroup">
			<destination>{7a798b51-fcef-4c20-99e0-4ef57869aa4b}</destination>
		</relationship>
	</object>
	<object class="MixerInput" id="{1ef71719-5e29-449b-bb85-d466bd58e794}">
		<relationship name="effectChain">
			<destination>{ddd883a9-3440-41d9-abe8-7b470d024218}</destination>
		</relationship>
		<relationship name="panner">
			<destination>{93c1a8d3-934f-4b7c-bd18-281a9bbdac56}</destination>
		</relationship>
		<relationship name="output">
			<destination>{a74bdffc-cbb2-488b-ae3c-038020e1273d}</destination>
		</relationship>
	</object>
	<object class="EventAutomatableProperties" id="{1ffda8f0-4c24-4510-95c7-c9b02378891c}" />
	<object class="MarkerTrack" id="{7f25e60e-199b-4211-b047-5334ceb7290b}" />
	<object class="GroupTrack" id="{4d610ccd-f5a6-4b15-8cb4-4cb7309121f0}">
		<relationship name="modules">
			<destination>{9d6c0140-7e9f-4dda-9fb8-029fb383a512}</destination>
		</relationship>
		<relationship name="mixerGroup">
			<destination>{5725b05e-65f7-47e5-b6a7-e4d2bacebc37}</destination>
		</relationship>
	</object>
	<object class="Timeline" id="{a1c608be-df0c-4a55-b43c-a440b5ff5111}">
		<relationship name="modules">
			<destination>{9d6c0140-7e9f-4dda-9fb8-029fb383a512}</destination>
		</relationship>
	</object>
	<object class="EventMixerMaster" id="{7a798b51-fcef-4c20-99e0-4ef57869aa4b}">
		<relationship name="effectChain">
			<destination>{21936221-7427-45fc-841c-33c6fb5aca17}</destination>
		</relationship>
		<relationship name="panner">
			<destination>{8f65f109-95b3-42cc-9e5c-9a5be1328427}</destination>
		</relationship>
		<relationship name="mixer">
			<destination>{9e47d0b6-955a-4bac-895e-1e8553bce59f}</destination>
		</relationship>
	</object>
	<object class="MixerBusEffectChain" id="{ddd883a9-3440-41d9-abe8-7b470d024218}">
		<relationship name="effects">
			<destination>{632ad1ff-28f3-476a-8ca6-071cf0a6b752}</destination>
		</relationship>
	</object>
	<object class="MixerBusPanner" id="{93c1a8d3-934f-4b7c-bd18-281a9bbdac56}" />
	<object class="MultiSound" id="{9d6c0140-7e9f-4dda-9fb8-029fb383a512}">
		<property name="length">
			<value>3.3967499999999999</value>
		</property>
		<relationship name="sounds">
			<destination>{b276671b-9003-40c9-9123-3c6191bcb446}</destination>
			<destination>{bcca8342-290e-41c7-9e7b-f7107512fef5}</destination>
			<destination>{19ab9b48-c7aa-479c-be00-4b5eaec12a24}</destination>
		</relationship>
	</object>
	<object class="EventMixerGroup" id="{5725b05e-65f7-47e5-b6a7-e4d2bacebc37}">
		<property name="name">
			<value>Audio 1</value>
		</property>
		<relationship name="effectChain">
			<destination>{de42de20-d29f-4392-bf50-9b4bc63871bb}</destination>
		</relationship>
		<relationship name="panner">
			<destination>{c5272be0-4d7a-417e-9d12-993730cd9996}</destination>
		</relationship>
		<relationship name="output">
			<destination>{7a798b51-fcef-4c20-99e0-4ef57869aa4b}</destination>
		</relationship>
	</object>
	<object class="MixerBusEffectChain" id="{21936221-7427-45fc-841c-33c6fb5aca17}">
		<relationship name="effects">
			<destination>{ec2acd87-4e2b-4d16-a8c9-d004d6c1dce9}</destination>
		</relationship>
	</object>
	<object class="MixerBusPanner" id="{8f65f109-95b3-42cc-9e5c-9a5be1328427}" />
	<object class="MixerBusFader" id="{632ad1ff-28f3-476a-8ca6-071cf0a6b752}" />
	<object class="SingleSound" id="{b276671b-9003-40c9-9123-3c6191bcb446}">
		<relationship name="audioFile">
			<destination>{ca180a8f-1a5f-4da4-a5d5-a85d7cbdf409}</destination>
		</relationship>
	</object>
	<object class="SingleSound" id="{bcca8342-290e-41c7-9e7b-f7107512fef5}">
		<relationship name="audioFile">
			<destination>{43ea0c43-cd5f-4765-bef5-6bc867016a4d}</destination>
		</relationship>
	</object>
	<object class="SingleSound" id="{19ab9b48-c7aa-479c-be00-4b5eaec12a24}">
		<relationship name="audioFile">
			<destination>{63d88bde-7dc5-488e-83fc-c72772e104be}</destination>
		</relationship>
	</object>
	<object class="MixerBusEffectChain" id="{de42de20-d29f-4392-bf50-9b4bc63871bb}">
		<relationship name="effects">
			<destination>{d6cf7654-738f-4418-8478-30e883c810f3}</destination>
		</relationship>
	</object>
	<object class="MixerBusPanner" id="{c5272be0-4d7a-417e-9d12-993730cd9996}" />
	<object class="MixerBusFader" id="{ec2acd87-4e2b-4d16-a8c9-d004d6c1dce9}" />
	<object class="MixerBusFader" id="{d6cf7654-738f-4418-8478-30e883c810f3}" />
</objects>
