<?xml version="1.0" encoding="UTF-8"?>
<objects serializationModel="Studio.02.01.00">
	<object class="Event" id="{10768d7a-5deb-442b-8648-6fa996ac49bf}">
		<property name="name">
			<value>TechQuote_AdvancedMissileWarfareDoctrine</value>
		</property>
		<property name="outputFormat">
			<value>0</value>
		</property>
		<relationship name="folder">
			<destination>{158ad337-8269-4a32-865c-d3c458683eff}</destination>
		</relationship>
		<relationship name="mixer">
			<destination>{2618094c-304f-4b92-94be-05a3ac1404bd}</destination>
		</relationship>
		<relationship name="masterTrack">
			<destination>{285741dd-0a31-4e01-90e5-4b188d981b20}</destination>
		</relationship>
		<relationship name="mixerInput">
			<destination>{e6cef9fc-903d-46f7-9891-0fdc0e0b41fc}</destination>
		</relationship>
		<relationship name="automatableProperties">
			<destination>{b0a84eb1-c584-4b34-8a09-e6877b42f1bc}</destination>
		</relationship>
		<relationship name="markerTracks">
			<destination>{278efb89-1988-42c8-b1d8-c99460f0f58c}</destination>
		</relationship>
		<relationship name="groupTracks">
			<destination>{7aacab07-ec54-47f8-9b37-f5c926d31032}</destination>
		</relationship>
		<relationship name="timeline">
			<destination>{255e066d-cca2-461e-9367-37c3b0cd646a}</destination>
		</relationship>
		<relationship name="banks">
			<destination>{8c3f9de4-14c8-4279-a712-2040780fff61}</destination>
		</relationship>
	</object>
	<object class="EventMixer" id="{2618094c-304f-4b92-94be-05a3ac1404bd}">
		<relationship name="masterBus">
			<destination>{e8dc3ea5-a651-42ed-bb26-cd0a55700ba3}</destination>
		</relationship>
	</object>
	<object class="MasterTrack" id="{285741dd-0a31-4e01-90e5-4b188d981b20}">
		<relationship name="mixerGroup">
			<destination>{e8dc3ea5-a651-42ed-bb26-cd0a55700ba3}</destination>
		</relationship>
	</object>
	<object class="MixerInput" id="{e6cef9fc-903d-46f7-9891-0fdc0e0b41fc}">
		<relationship name="effectChain">
			<destination>{051c0dea-7c4a-480b-bd1c-14b112fe9a30}</destination>
		</relationship>
		<relationship name="panner">
			<destination>{ff49356b-9776-41b4-8145-0f0a29087970}</destination>
		</relationship>
		<relationship name="output">
			<destination>{a74bdffc-cbb2-488b-ae3c-038020e1273d}</destination>
		</relationship>
	</object>
	<object class="EventAutomatableProperties" id="{b0a84eb1-c584-4b34-8a09-e6877b42f1bc}" />
	<object class="MarkerTrack" id="{278efb89-1988-42c8-b1d8-c99460f0f58c}" />
	<object class="GroupTrack" id="{7aacab07-ec54-47f8-9b37-f5c926d31032}">
		<relationship name="modules">
			<destination>{256cbdbc-fc22-46d1-8b96-7ad30291dd10}</destination>
		</relationship>
		<relationship name="mixerGroup">
			<destination>{b863c5a7-c877-4b36-bb21-45ad2816c745}</destination>
		</relationship>
	</object>
	<object class="Timeline" id="{255e066d-cca2-461e-9367-37c3b0cd646a}">
		<relationship name="modules">
			<destination>{256cbdbc-fc22-46d1-8b96-7ad30291dd10}</destination>
		</relationship>
	</object>
	<object class="EventMixerMaster" id="{e8dc3ea5-a651-42ed-bb26-cd0a55700ba3}">
		<relationship name="effectChain">
			<destination>{5a57c209-daf7-4cf1-9d04-eb23f3f14a8d}</destination>
		</relationship>
		<relationship name="panner">
			<destination>{2d2d5a7e-b4c6-4def-ba23-fa1a65d18dc9}</destination>
		</relationship>
		<relationship name="mixer">
			<destination>{2618094c-304f-4b92-94be-05a3ac1404bd}</destination>
		</relationship>
	</object>
	<object class="MixerBusEffectChain" id="{051c0dea-7c4a-480b-bd1c-14b112fe9a30}">
		<relationship name="effects">
			<destination>{8b1570fb-0d62-490c-b8a5-f1ccd8897092}</destination>
		</relationship>
	</object>
	<object class="MixerBusPanner" id="{ff49356b-9776-41b4-8145-0f0a29087970}" />
	<object class="SingleSound" id="{256cbdbc-fc22-46d1-8b96-7ad30291dd10}">
		<property name="length">
			<value>16.528791666666667</value>
		</property>
		<relationship name="audioFile">
			<destination>{fb644d0d-b9a7-41a5-9a65-efb81044703d}</destination>
		</relationship>
	</object>
	<object class="EventMixerGroup" id="{b863c5a7-c877-4b36-bb21-45ad2816c745}">
		<property name="name">
			<value>Audio 1</value>
		</property>
		<relationship name="effectChain">
			<destination>{4932bd6e-8391-406e-94b4-91d59d294e02}</destination>
		</relationship>
		<relationship name="panner">
			<destination>{36da8cc9-8aae-4e8b-babc-0fdc3fffd384}</destination>
		</relationship>
		<relationship name="output">
			<destination>{e8dc3ea5-a651-42ed-bb26-cd0a55700ba3}</destination>
		</relationship>
	</object>
	<object class="MixerBusEffectChain" id="{5a57c209-daf7-4cf1-9d04-eb23f3f14a8d}">
		<relationship name="effects">
			<destination>{739a6bc9-b221-46f9-b517-6c46d49777e3}</destination>
		</relationship>
	</object>
	<object class="MixerBusPanner" id="{2d2d5a7e-b4c6-4def-ba23-fa1a65d18dc9}" />
	<object class="MixerBusFader" id="{8b1570fb-0d62-490c-b8a5-f1ccd8897092}" />
	<object class="MixerBusEffectChain" id="{4932bd6e-8391-406e-94b4-91d59d294e02}">
		<relationship name="effects">
			<destination>{4d70ad38-cec5-49ff-ab67-3c1bdc1a0f3f}</destination>
		</relationship>
	</object>
	<object class="MixerBusPanner" id="{36da8cc9-8aae-4e8b-babc-0fdc3fffd384}" />
	<object class="MixerBusFader" id="{739a6bc9-b221-46f9-b517-6c46d49777e3}" />
	<object class="MixerBusFader" id="{4d70ad38-cec5-49ff-ab67-3c1bdc1a0f3f}" />
</objects>
