<?xml version="1.0" encoding="UTF-8"?>
<objects serializationModel="Studio.02.01.00">
	<object class="Event" id="{109a32d4-6445-44ed-9e5a-6b2271b13963}">
		<property name="name">
			<value>MissionAbort</value>
		</property>
		<property name="outputFormat">
			<value>0</value>
		</property>
		<relationship name="folder">
			<destination>{24bbf787-2a34-4b19-8076-b435c63f7c01}</destination>
		</relationship>
		<relationship name="mixer">
			<destination>{4ee1f137-1461-4cf4-b35f-1bcbeb529145}</destination>
		</relationship>
		<relationship name="masterTrack">
			<destination>{8dcc2d16-0f19-44e9-8ba5-3dfcfb241f01}</destination>
		</relationship>
		<relationship name="mixerInput">
			<destination>{354526af-4970-4151-8aee-4cf7a46a5c01}</destination>
		</relationship>
		<relationship name="automatableProperties">
			<destination>{047c7982-9724-43fa-9e2d-2321027cf283}</destination>
		</relationship>
		<relationship name="markerTracks">
			<destination>{5e6441b2-2f8f-482e-98f6-7c8372d6d621}</destination>
		</relationship>
		<relationship name="groupTracks">
			<destination>{56f510cf-20eb-4905-bafb-c0a0b7e8d0b8}</destination>
		</relationship>
		<relationship name="timeline">
			<destination>{d5e4cb57-b899-4774-b00e-a86bd1de3a0b}</destination>
		</relationship>
		<relationship name="banks">
			<destination>{8c3f9de4-14c8-4279-a712-2040780fff61}</destination>
		</relationship>
	</object>
	<object class="EventMixer" id="{4ee1f137-1461-4cf4-b35f-1bcbeb529145}">
		<relationship name="masterBus">
			<destination>{b4517f6e-0ee5-4a4b-af11-61f138a23c35}</destination>
		</relationship>
	</object>
	<object class="MasterTrack" id="{8dcc2d16-0f19-44e9-8ba5-3dfcfb241f01}">
		<relationship name="mixerGroup">
			<destination>{b4517f6e-0ee5-4a4b-af11-61f138a23c35}</destination>
		</relationship>
	</object>
	<object class="MixerInput" id="{354526af-4970-4151-8aee-4cf7a46a5c01}">
		<relationship name="effectChain">
			<destination>{454dda90-5a4e-46a5-9a6e-41def11214f2}</destination>
		</relationship>
		<relationship name="panner">
			<destination>{583c70ec-b1a1-49b5-868a-0e9739c700b7}</destination>
		</relationship>
		<relationship name="output">
			<destination>{a74bdffc-cbb2-488b-ae3c-038020e1273d}</destination>
		</relationship>
	</object>
	<object class="EventAutomatableProperties" id="{047c7982-9724-43fa-9e2d-2321027cf283}" />
	<object class="MarkerTrack" id="{5e6441b2-2f8f-482e-98f6-7c8372d6d621}" />
	<object class="GroupTrack" id="{56f510cf-20eb-4905-bafb-c0a0b7e8d0b8}">
		<relationship name="modules">
			<destination>{29abee87-fd85-4c80-be45-d318e9dd0ecf}</destination>
		</relationship>
		<relationship name="mixerGroup">
			<destination>{2f2c91af-cc0a-4b84-9470-45720457a4f2}</destination>
		</relationship>
	</object>
	<object class="Timeline" id="{d5e4cb57-b899-4774-b00e-a86bd1de3a0b}">
		<relationship name="modules">
			<destination>{29abee87-fd85-4c80-be45-d318e9dd0ecf}</destination>
		</relationship>
	</object>
	<object class="EventMixerMaster" id="{b4517f6e-0ee5-4a4b-af11-61f138a23c35}">
		<relationship name="effectChain">
			<destination>{898aa9e9-087a-445f-a04d-9a924d48fede}</destination>
		</relationship>
		<relationship name="panner">
			<destination>{bc77e2bb-268e-4001-b4a0-9f6934ec5853}</destination>
		</relationship>
		<relationship name="mixer">
			<destination>{4ee1f137-1461-4cf4-b35f-1bcbeb529145}</destination>
		</relationship>
	</object>
	<object class="MixerBusEffectChain" id="{454dda90-5a4e-46a5-9a6e-41def11214f2}">
		<relationship name="effects">
			<destination>{c4b66b98-8fda-4466-8152-7f15918bed29}</destination>
		</relationship>
	</object>
	<object class="MixerBusPanner" id="{583c70ec-b1a1-49b5-868a-0e9739c700b7}" />
	<object class="MultiSound" id="{29abee87-fd85-4c80-be45-d318e9dd0ecf}">
		<property name="length">
			<value>2.2314375000000002</value>
		</property>
		<relationship name="sounds">
			<destination>{6a869f1b-9050-416d-b6cc-4a1afb1e804a}</destination>
			<destination>{9b87acf1-2903-49d5-8957-7f48c2c510fe}</destination>
			<destination>{d1dcbd6d-13f2-4624-b63e-f7b31e5bca9b}</destination>
			<destination>{2d128e73-2cd8-4c95-83d6-f10ba1c4fd6d}</destination>
		</relationship>
	</object>
	<object class="EventMixerGroup" id="{2f2c91af-cc0a-4b84-9470-45720457a4f2}">
		<property name="name">
			<value>Audio 1</value>
		</property>
		<relationship name="effectChain">
			<destination>{e2001c11-d16e-4e9d-8b0c-89bc742f5772}</destination>
		</relationship>
		<relationship name="panner">
			<destination>{33636733-b241-4c84-b309-23f8b99af299}</destination>
		</relationship>
		<relationship name="output">
			<destination>{b4517f6e-0ee5-4a4b-af11-61f138a23c35}</destination>
		</relationship>
	</object>
	<object class="MixerBusEffectChain" id="{898aa9e9-087a-445f-a04d-9a924d48fede}">
		<relationship name="effects">
			<destination>{2a165511-3a53-4c61-847d-be3c3b33bac5}</destination>
		</relationship>
	</object>
	<object class="MixerBusPanner" id="{bc77e2bb-268e-4001-b4a0-9f6934ec5853}" />
	<object class="MixerBusFader" id="{c4b66b98-8fda-4466-8152-7f15918bed29}" />
	<object class="SingleSound" id="{6a869f1b-9050-416d-b6cc-4a1afb1e804a}">
		<relationship name="audioFile">
			<destination>{c6a6c38f-6842-4477-ba2f-6fafb5335b45}</destination>
		</relationship>
	</object>
	<object class="SingleSound" id="{9b87acf1-2903-49d5-8957-7f48c2c510fe}">
		<relationship name="audioFile">
			<destination>{9760c80c-03c9-4257-ae85-f5c87cb486b4}</destination>
		</relationship>
	</object>
	<object class="SingleSound" id="{d1dcbd6d-13f2-4624-b63e-f7b31e5bca9b}">
		<relationship name="audioFile">
			<destination>{c60de02f-4fc4-44a9-a11b-aa85284cfc29}</destination>
		</relationship>
	</object>
	<object class="SingleSound" id="{2d128e73-2cd8-4c95-83d6-f10ba1c4fd6d}">
		<relationship name="audioFile">
			<destination>{ff34a878-3a25-40c0-953f-ec55c51f75c5}</destination>
		</relationship>
	</object>
	<object class="MixerBusEffectChain" id="{e2001c11-d16e-4e9d-8b0c-89bc742f5772}">
		<relationship name="effects">
			<destination>{0e29ec63-5b42-4d6a-9ff4-c5a81379f06e}</destination>
		</relationship>
	</object>
	<object class="MixerBusPanner" id="{33636733-b241-4c84-b309-23f8b99af299}" />
	<object class="MixerBusFader" id="{2a165511-3a53-4c61-847d-be3c3b33bac5}" />
	<object class="MixerBusFader" id="{0e29ec63-5b42-4d6a-9ff4-c5a81379f06e}" />
</objects>
