<?xml version="1.0" encoding="UTF-8"?>
<objects serializationModel="Studio.02.01.00">
	<object class="Event" id="{10b160da-bb79-439d-b845-4feff587760f}">
		<property name="name">
			<value>Assigned</value>
		</property>
		<property name="outputFormat">
			<value>0</value>
		</property>
		<relationship name="folder">
			<destination>{daaf0ad8-1fec-4322-b918-8c1b3d0fac08}</destination>
		</relationship>
		<relationship name="mixer">
			<destination>{5f66d4bf-2e16-4618-ab1a-639caab920f2}</destination>
		</relationship>
		<relationship name="masterTrack">
			<destination>{9403c8cc-a36f-4e65-9997-3207a782f164}</destination>
		</relationship>
		<relationship name="mixerInput">
			<destination>{98c2d908-5281-4940-9606-9d811485b9c6}</destination>
		</relationship>
		<relationship name="automatableProperties">
			<destination>{a5652593-ad98-4174-8922-4cd018b74a3a}</destination>
		</relationship>
		<relationship name="markerTracks">
			<destination>{34937394-c49a-419d-8ad1-a716dac108ee}</destination>
		</relationship>
		<relationship name="groupTracks">
			<destination>{41bd85df-0d7b-49da-997e-9a6fc6dc607f}</destination>
		</relationship>
		<relationship name="timeline">
			<destination>{e344b677-aca8-4bd9-bcda-530fbfd16784}</destination>
		</relationship>
		<relationship name="banks">
			<destination>{8c3f9de4-14c8-4279-a712-2040780fff61}</destination>
		</relationship>
	</object>
	<object class="EventMixer" id="{5f66d4bf-2e16-4618-ab1a-639caab920f2}">
		<relationship name="masterBus">
			<destination>{d9330173-4d8d-48c6-bdad-ea423dd6841f}</destination>
		</relationship>
	</object>
	<object class="MasterTrack" id="{9403c8cc-a36f-4e65-9997-3207a782f164}">
		<relationship name="mixerGroup">
			<destination>{d9330173-4d8d-48c6-bdad-ea423dd6841f}</destination>
		</relationship>
	</object>
	<object class="MixerInput" id="{98c2d908-5281-4940-9606-9d811485b9c6}">
		<relationship name="effectChain">
			<destination>{8d2d324e-585a-47da-9c7f-010a16b17572}</destination>
		</relationship>
		<relationship name="panner">
			<destination>{3feba1dc-fb1a-4748-b2b4-74a3e85f1aaa}</destination>
		</relationship>
		<relationship name="output">
			<destination>{a74bdffc-cbb2-488b-ae3c-038020e1273d}</destination>
		</relationship>
	</object>
	<object class="EventAutomatableProperties" id="{a5652593-ad98-4174-8922-4cd018b74a3a}" />
	<object class="MarkerTrack" id="{34937394-c49a-419d-8ad1-a716dac108ee}" />
	<object class="GroupTrack" id="{41bd85df-0d7b-49da-997e-9a6fc6dc607f}">
		<relationship name="modules">
			<destination>{70ddcbbb-7d20-41ed-96e8-c7a63de95f23}</destination>
		</relationship>
		<relationship name="mixerGroup">
			<destination>{4dabdc1d-f464-40f8-a5e3-937e358af6e6}</destination>
		</relationship>
	</object>
	<object class="Timeline" id="{e344b677-aca8-4bd9-bcda-530fbfd16784}">
		<relationship name="modules">
			<destination>{70ddcbbb-7d20-41ed-96e8-c7a63de95f23}</destination>
		</relationship>
	</object>
	<object class="EventMixerMaster" id="{d9330173-4d8d-48c6-bdad-ea423dd6841f}">
		<relationship name="effectChain">
			<destination>{323cba33-7c2a-4f43-9bdd-94a289c432b0}</destination>
		</relationship>
		<relationship name="panner">
			<destination>{5ba553b7-2266-458c-8af8-c36353a5158b}</destination>
		</relationship>
		<relationship name="mixer">
			<destination>{5f66d4bf-2e16-4618-ab1a-639caab920f2}</destination>
		</relationship>
	</object>
	<object class="MixerBusEffectChain" id="{8d2d324e-585a-47da-9c7f-010a16b17572}">
		<relationship name="effects">
			<destination>{dead5353-8d5a-40d3-9e89-51b07d3c1ad1}</destination>
		</relationship>
	</object>
	<object class="MixerBusPanner" id="{3feba1dc-fb1a-4748-b2b4-74a3e85f1aaa}" />
	<object class="MultiSound" id="{70ddcbbb-7d20-41ed-96e8-c7a63de95f23}">
		<property name="length">
			<value>1.7492916666666667</value>
		</property>
		<relationship name="sounds">
			<destination>{0d87051e-0c9a-430f-a153-b9dc11457908}</destination>
			<destination>{e47841f6-ad62-4ad0-8412-7911eb799350}</destination>
			<destination>{a5ab67d6-b211-431c-b77e-835aea24a625}</destination>
			<destination>{0234664a-951e-43a3-8f7b-7a36d62d5f48}</destination>
			<destination>{059774f8-7b32-4763-8f2c-9c27425abe24}</destination>
			<destination>{0dc88f54-dc42-431a-8ceb-5c57580d99e6}</destination>
		</relationship>
	</object>
	<object class="EventMixerGroup" id="{4dabdc1d-f464-40f8-a5e3-937e358af6e6}">
		<property name="name">
			<value>Audio 1</value>
		</property>
		<relationship name="effectChain">
			<destination>{244f2294-0fb1-4a2b-bda8-886f27d0f19b}</destination>
		</relationship>
		<relationship name="panner">
			<destination>{909b5d37-4110-4e6a-bf4a-923df3d05bb1}</destination>
		</relationship>
		<relationship name="output">
			<destination>{d9330173-4d8d-48c6-bdad-ea423dd6841f}</destination>
		</relationship>
	</object>
	<object class="MixerBusEffectChain" id="{323cba33-7c2a-4f43-9bdd-94a289c432b0}">
		<relationship name="effects">
			<destination>{189000da-117c-4616-9f7d-3da5fc724069}</destination>
		</relationship>
	</object>
	<object class="MixerBusPanner" id="{5ba553b7-2266-458c-8af8-c36353a5158b}" />
	<object class="MixerBusFader" id="{dead5353-8d5a-40d3-9e89-51b07d3c1ad1}" />
	<object class="SingleSound" id="{0d87051e-0c9a-430f-a153-b9dc11457908}">
		<relationship name="audioFile">
			<destination>{3276ea98-6fc7-4364-a7b3-5400836a285b}</destination>
		</relationship>
	</object>
	<object class="SingleSound" id="{e47841f6-ad62-4ad0-8412-7911eb799350}">
		<relationship name="audioFile">
			<destination>{252fde2e-cedf-485f-a68e-834259822515}</destination>
		</relationship>
	</object>
	<object class="SingleSound" id="{a5ab67d6-b211-431c-b77e-835aea24a625}">
		<relationship name="audioFile">
			<destination>{9d53cf9d-5946-4226-b5ef-c13063bfccd1}</destination>
		</relationship>
	</object>
	<object class="SingleSound" id="{0234664a-951e-43a3-8f7b-7a36d62d5f48}">
		<relationship name="audioFile">
			<destination>{108daf94-d4da-4e89-bbdc-022c2dcaa66a}</destination>
		</relationship>
	</object>
	<object class="SingleSound" id="{059774f8-7b32-4763-8f2c-9c27425abe24}">
		<relationship name="audioFile">
			<destination>{ab97e05c-8984-4a18-81b7-9feb20069a46}</destination>
		</relationship>
	</object>
	<object class="SingleSound" id="{0dc88f54-dc42-431a-8ceb-5c57580d99e6}">
		<relationship name="audioFile">
			<destination>{1676bb40-e71f-4892-b0df-e70ee2110fb1}</destination>
		</relationship>
	</object>
	<object class="MixerBusEffectChain" id="{244f2294-0fb1-4a2b-bda8-886f27d0f19b}">
		<relationship name="effects">
			<destination>{3d6a8a9a-b824-4d6c-97aa-c7d828ce00e6}</destination>
		</relationship>
	</object>
	<object class="MixerBusPanner" id="{909b5d37-4110-4e6a-bf4a-923df3d05bb1}" />
	<object class="MixerBusFader" id="{189000da-117c-4616-9f7d-3da5fc724069}" />
	<object class="MixerBusFader" id="{3d6a8a9a-b824-4d6c-97aa-c7d828ce00e6}" />
</objects>
