<?xml version="1.0" encoding="UTF-8"?>
<objects serializationModel="Studio.02.01.00">
	<object class="Event" id="{10ce6b44-ac0d-42b8-84f8-63efad0e931d}">
		<property name="name">
			<value>Assigned</value>
		</property>
		<property name="outputFormat">
			<value>0</value>
		</property>
		<relationship name="folder">
			<destination>{ff1122dc-547e-4eb8-8b45-abe7f638d54e}</destination>
		</relationship>
		<relationship name="mixer">
			<destination>{646765d6-81d0-42d1-8f65-3e434abdf1d2}</destination>
		</relationship>
		<relationship name="masterTrack">
			<destination>{0ae258f3-19b9-449b-96b4-4b355c178583}</destination>
		</relationship>
		<relationship name="mixerInput">
			<destination>{b4279abe-14ae-4e56-9e9a-960a3706f98c}</destination>
		</relationship>
		<relationship name="automatableProperties">
			<destination>{5bfb68d4-7125-4833-88ef-423a3e95b0ea}</destination>
		</relationship>
		<relationship name="markerTracks">
			<destination>{376640fa-857e-49d6-80cd-284023a9bb52}</destination>
		</relationship>
		<relationship name="groupTracks">
			<destination>{d4ff38cc-d2f6-4121-b7c9-541d1004ffe5}</destination>
		</relationship>
		<relationship name="timeline">
			<destination>{02fb4836-9677-47a2-8451-620bb797c28e}</destination>
		</relationship>
		<relationship name="banks">
			<destination>{8c3f9de4-14c8-4279-a712-2040780fff61}</destination>
		</relationship>
	</object>
	<object class="EventMixer" id="{646765d6-81d0-42d1-8f65-3e434abdf1d2}">
		<relationship name="masterBus">
			<destination>{fe95bccb-c5af-4a96-a150-0bc122f41a83}</destination>
		</relationship>
	</object>
	<object class="MasterTrack" id="{0ae258f3-19b9-449b-96b4-4b355c178583}">
		<relationship name="mixerGroup">
			<destination>{fe95bccb-c5af-4a96-a150-0bc122f41a83}</destination>
		</relationship>
	</object>
	<object class="MixerInput" id="{b4279abe-14ae-4e56-9e9a-960a3706f98c}">
		<relationship name="effectChain">
			<destination>{7b9f9c14-70b1-48e6-805f-086efc6968fc}</destination>
		</relationship>
		<relationship name="panner">
			<destination>{98d840be-9a41-404b-b874-f4db35400325}</destination>
		</relationship>
		<relationship name="output">
			<destination>{a74bdffc-cbb2-488b-ae3c-038020e1273d}</destination>
		</relationship>
	</object>
	<object class="EventAutomatableProperties" id="{5bfb68d4-7125-4833-88ef-423a3e95b0ea}" />
	<object class="MarkerTrack" id="{376640fa-857e-49d6-80cd-284023a9bb52}" />
	<object class="GroupTrack" id="{d4ff38cc-d2f6-4121-b7c9-541d1004ffe5}">
		<relationship name="modules">
			<destination>{5864d269-e808-4d0e-8d37-7fe1cbb77343}</destination>
		</relationship>
		<relationship name="mixerGroup">
			<destination>{28085df6-9599-436c-99d3-71bcb5e55424}</destination>
		</relationship>
	</object>
	<object class="Timeline" id="{02fb4836-9677-47a2-8451-620bb797c28e}">
		<relationship name="modules">
			<destination>{5864d269-e808-4d0e-8d37-7fe1cbb77343}</destination>
		</relationship>
	</object>
	<object class="EventMixerMaster" id="{fe95bccb-c5af-4a96-a150-0bc122f41a83}">
		<relationship name="effectChain">
			<destination>{5cc4da9d-31a6-4250-a1e5-94ed658adece}</destination>
		</relationship>
		<relationship name="panner">
			<destination>{65e9915f-5b92-4044-9a08-400ce428528b}</destination>
		</relationship>
		<relationship name="mixer">
			<destination>{646765d6-81d0-42d1-8f65-3e434abdf1d2}</destination>
		</relationship>
	</object>
	<object class="MixerBusEffectChain" id="{7b9f9c14-70b1-48e6-805f-086efc6968fc}">
		<relationship name="effects">
			<destination>{a965a105-6a9e-48ac-94ff-ca713fc11af3}</destination>
		</relationship>
	</object>
	<object class="MixerBusPanner" id="{98d840be-9a41-404b-b874-f4db35400325}" />
	<object class="MultiSound" id="{5864d269-e808-4d0e-8d37-7fe1cbb77343}">
		<property name="length">
			<value>2.1562083333333333</value>
		</property>
		<relationship name="sounds">
			<destination>{4e386d03-be61-4835-86ec-8b247b60505e}</destination>
			<destination>{39fcfcbf-7541-4b2c-9343-5b35cccdf144}</destination>
			<destination>{7392c6d5-2338-404c-8255-984a87730928}</destination>
			<destination>{acb023de-55b7-421d-b3cd-b593a4e7e386}</destination>
			<destination>{790ac9f0-81a2-4fe8-be27-bb394b805db2}</destination>
		</relationship>
	</object>
	<object class="EventMixerGroup" id="{28085df6-9599-436c-99d3-71bcb5e55424}">
		<property name="name">
			<value>Audio 1</value>
		</property>
		<relationship name="effectChain">
			<destination>{e8a5c8c0-c95b-4420-99c3-412c687b6df9}</destination>
		</relationship>
		<relationship name="panner">
			<destination>{8ceebf83-fdaf-444d-b4e0-8fddf5b6956c}</destination>
		</relationship>
		<relationship name="output">
			<destination>{fe95bccb-c5af-4a96-a150-0bc122f41a83}</destination>
		</relationship>
	</object>
	<object class="MixerBusEffectChain" id="{5cc4da9d-31a6-4250-a1e5-94ed658adece}">
		<relationship name="effects">
			<destination>{0274dd1b-222b-4d5c-9134-8f35036fb945}</destination>
		</relationship>
	</object>
	<object class="MixerBusPanner" id="{65e9915f-5b92-4044-9a08-400ce428528b}" />
	<object class="MixerBusFader" id="{a965a105-6a9e-48ac-94ff-ca713fc11af3}" />
	<object class="SingleSound" id="{4e386d03-be61-4835-86ec-8b247b60505e}">
		<relationship name="audioFile">
			<destination>{9b360f83-b67a-4b5f-ac72-ca821661e30d}</destination>
		</relationship>
	</object>
	<object class="SingleSound" id="{39fcfcbf-7541-4b2c-9343-5b35cccdf144}">
		<relationship name="audioFile">
			<destination>{0832af65-3c54-4a73-80cd-3d97bb4f5251}</destination>
		</relationship>
	</object>
	<object class="SingleSound" id="{7392c6d5-2338-404c-8255-984a87730928}">
		<relationship name="audioFile">
			<destination>{b95bf158-9ed9-44b9-8cd8-d71b05f9622d}</destination>
		</relationship>
	</object>
	<object class="SingleSound" id="{acb023de-55b7-421d-b3cd-b593a4e7e386}">
		<relationship name="audioFile">
			<destination>{7d4eec8f-51a7-4eac-9e6d-8b35c5afff6b}</destination>
		</relationship>
	</object>
	<object class="SingleSound" id="{790ac9f0-81a2-4fe8-be27-bb394b805db2}">
		<relationship name="audioFile">
			<destination>{0f77cf45-2d24-4927-94d1-598132b4860f}</destination>
		</relationship>
	</object>
	<object class="MixerBusEffectChain" id="{e8a5c8c0-c95b-4420-99c3-412c687b6df9}">
		<relationship name="effects">
			<destination>{2d221f55-6d7c-452f-a091-eceeef2c5466}</destination>
		</relationship>
	</object>
	<object class="MixerBusPanner" id="{8ceebf83-fdaf-444d-b4e0-8fddf5b6956c}" />
	<object class="MixerBusFader" id="{0274dd1b-222b-4d5c-9134-8f35036fb945}" />
	<object class="MixerBusFader" id="{2d221f55-6d7c-452f-a091-eceeef2c5466}" />
</objects>
