<?xml version="1.0" encoding="UTF-8"?>
<objects serializationModel="Studio.02.01.00">
	<object class="Event" id="{10ce17c2-ddff-49de-9bd4-d1d923de54e7}">
		<property name="name">
			<value>Assigned</value>
		</property>
		<property name="outputFormat">
			<value>0</value>
		</property>
		<relationship name="folder">
			<destination>{024b4d46-3be4-4acf-923b-50e82fe3ec60}</destination>
		</relationship>
		<relationship name="mixer">
			<destination>{33a57e30-9864-44b7-bb39-b577908e4f74}</destination>
		</relationship>
		<relationship name="masterTrack">
			<destination>{52cb152a-50b1-42a8-8c08-d6c7e0444e52}</destination>
		</relationship>
		<relationship name="mixerInput">
			<destination>{3f662960-13ea-4531-a9d3-dd7349b6b3f9}</destination>
		</relationship>
		<relationship name="automatableProperties">
			<destination>{aab48f34-04b3-4957-809e-b6d7c81a538f}</destination>
		</relationship>
		<relationship name="markerTracks">
			<destination>{d25e834b-dac9-4547-a5c9-807cd51d940e}</destination>
		</relationship>
		<relationship name="groupTracks">
			<destination>{72391f93-957f-4587-af0a-007e7bd9b41c}</destination>
		</relationship>
		<relationship name="timeline">
			<destination>{7084801c-b3a1-4fff-b436-8720bd095b83}</destination>
		</relationship>
		<relationship name="banks">
			<destination>{8c3f9de4-14c8-4279-a712-2040780fff61}</destination>
		</relationship>
	</object>
	<object class="EventMixer" id="{33a57e30-9864-44b7-bb39-b577908e4f74}">
		<relationship name="masterBus">
			<destination>{9ebdd679-bfc3-49ad-a1f0-05b54fa6893b}</destination>
		</relationship>
	</object>
	<object class="MasterTrack" id="{52cb152a-50b1-42a8-8c08-d6c7e0444e52}">
		<relationship name="mixerGroup">
			<destination>{9ebdd679-bfc3-49ad-a1f0-05b54fa6893b}</destination>
		</relationship>
	</object>
	<object class="MixerInput" id="{3f662960-13ea-4531-a9d3-dd7349b6b3f9}">
		<relationship name="effectChain">
			<destination>{dfd456e9-3988-469a-8fda-03f47abcbb69}</destination>
		</relationship>
		<relationship name="panner">
			<destination>{7cd9f8f3-63a5-439b-bbdf-46f9f2bf5f16}</destination>
		</relationship>
		<relationship name="output">
			<destination>{a74bdffc-cbb2-488b-ae3c-038020e1273d}</destination>
		</relationship>
	</object>
	<object class="EventAutomatableProperties" id="{aab48f34-04b3-4957-809e-b6d7c81a538f}" />
	<object class="MarkerTrack" id="{d25e834b-dac9-4547-a5c9-807cd51d940e}" />
	<object class="GroupTrack" id="{72391f93-957f-4587-af0a-007e7bd9b41c}">
		<relationship name="modules">
			<destination>{2ad3efa8-47ac-4f1b-a398-4c5d927a4220}</destination>
		</relationship>
		<relationship name="mixerGroup">
			<destination>{498aa8f0-fa3c-47d1-8503-15218b48f2c0}</destination>
		</relationship>
	</object>
	<object class="Timeline" id="{7084801c-b3a1-4fff-b436-8720bd095b83}">
		<relationship name="modules">
			<destination>{2ad3efa8-47ac-4f1b-a398-4c5d927a4220}</destination>
		</relationship>
	</object>
	<object class="EventMixerMaster" id="{9ebdd679-bfc3-49ad-a1f0-05b54fa6893b}">
		<relationship name="effectChain">
			<destination>{74c6f0e1-108c-4951-a8d8-b76cf9938073}</destination>
		</relationship>
		<relationship name="panner">
			<destination>{444a3eb3-aaba-4eda-a16d-712186d8c626}</destination>
		</relationship>
		<relationship name="mixer">
			<destination>{33a57e30-9864-44b7-bb39-b577908e4f74}</destination>
		</relationship>
	</object>
	<object class="MixerBusEffectChain" id="{dfd456e9-3988-469a-8fda-03f47abcbb69}">
		<relationship name="effects">
			<destination>{e2347043-2fcf-4169-b444-404d6e6a31ea}</destination>
		</relationship>
	</object>
	<object class="MixerBusPanner" id="{7cd9f8f3-63a5-439b-bbdf-46f9f2bf5f16}" />
	<object class="MultiSound" id="{2ad3efa8-47ac-4f1b-a398-4c5d927a4220}">
		<property name="length">
			<value>2.5475625000000002</value>
		</property>
		<relationship name="sounds">
			<destination>{dbaa0cad-0eaa-4962-892c-3f6efb6f70f9}</destination>
			<destination>{073d5672-d520-4a7a-aecd-6afbee234213}</destination>
			<destination>{8bb710c0-223a-48ab-8e71-00b429a799ed}</destination>
			<destination>{7a326cef-9a8f-4f84-b07f-71a0ac682e82}</destination>
		</relationship>
	</object>
	<object class="EventMixerGroup" id="{498aa8f0-fa3c-47d1-8503-15218b48f2c0}">
		<property name="name">
			<value>Audio 1</value>
		</property>
		<relationship name="effectChain">
			<destination>{9443b998-20a8-4dd0-adef-f7e92c44a246}</destination>
		</relationship>
		<relationship name="panner">
			<destination>{4bb16e12-68e2-4e05-a8d4-fc9eaac450fa}</destination>
		</relationship>
		<relationship name="output">
			<destination>{9ebdd679-bfc3-49ad-a1f0-05b54fa6893b}</destination>
		</relationship>
	</object>
	<object class="MixerBusEffectChain" id="{74c6f0e1-108c-4951-a8d8-b76cf9938073}">
		<relationship name="effects">
			<destination>{ec2729e2-4f29-467f-b146-39d5c346337f}</destination>
		</relationship>
	</object>
	<object class="MixerBusPanner" id="{444a3eb3-aaba-4eda-a16d-712186d8c626}" />
	<object class="MixerBusFader" id="{e2347043-2fcf-4169-b444-404d6e6a31ea}" />
	<object class="SingleSound" id="{dbaa0cad-0eaa-4962-892c-3f6efb6f70f9}">
		<relationship name="audioFile">
			<destination>{1c1768a4-f51a-465f-a8f1-54d35b459e76}</destination>
		</relationship>
	</object>
	<object class="SingleSound" id="{073d5672-d520-4a7a-aecd-6afbee234213}">
		<relationship name="audioFile">
			<destination>{2a377931-f0a0-49f0-906a-6d4dd5af511f}</destination>
		</relationship>
	</object>
	<object class="SingleSound" id="{8bb710c0-223a-48ab-8e71-00b429a799ed}">
		<relationship name="audioFile">
			<destination>{879a815e-709a-437f-b6b4-7a1b4d1b3e4b}</destination>
		</relationship>
	</object>
	<object class="SingleSound" id="{7a326cef-9a8f-4f84-b07f-71a0ac682e82}">
		<relationship name="audioFile">
			<destination>{a6aba919-e6bc-43f7-ae28-4a53a5c1c501}</destination>
		</relationship>
	</object>
	<object class="MixerBusEffectChain" id="{9443b998-20a8-4dd0-adef-f7e92c44a246}">
		<relationship name="effects">
			<destination>{ab19001b-ecf3-4f81-8e94-0244cda33dcd}</destination>
		</relationship>
	</object>
	<object class="MixerBusPanner" id="{4bb16e12-68e2-4e05-a8d4-fc9eaac450fa}" />
	<object class="MixerBusFader" id="{ec2729e2-4f29-467f-b146-39d5c346337f}" />
	<object class="MixerBusFader" id="{ab19001b-ecf3-4f81-8e94-0244cda33dcd}" />
</objects>
