<?xml version="1.0" encoding="UTF-8"?>
<objects serializationModel="Studio.02.01.00">
	<object class="Event" id="{10d5f5e7-f762-42a0-94b8-215e8dbc012d}">
		<property name="name">
			<value>Assigned</value>
		</property>
		<property name="outputFormat">
			<value>0</value>
		</property>
		<relationship name="folder">
			<destination>{ceb6f95f-02af-4e72-a5a1-54e2e58b1455}</destination>
		</relationship>
		<relationship name="mixer">
			<destination>{a23ae5f3-03c3-4c64-b339-1b7d5d115c4a}</destination>
		</relationship>
		<relationship name="masterTrack">
			<destination>{814b7927-f48a-4111-b1d5-67845a5c8b36}</destination>
		</relationship>
		<relationship name="mixerInput">
			<destination>{16386fcc-bd8c-4dc3-9db5-bd73c3f2096d}</destination>
		</relationship>
		<relationship name="automatableProperties">
			<destination>{cf14e992-d456-43a0-9999-6db0f9b8d12c}</destination>
		</relationship>
		<relationship name="markerTracks">
			<destination>{e69ce6a8-d7cf-485e-a243-697b6bf08283}</destination>
		</relationship>
		<relationship name="groupTracks">
			<destination>{4c468b18-a957-4321-8bb1-06a25974b661}</destination>
		</relationship>
		<relationship name="timeline">
			<destination>{43b86267-9698-42a7-87e1-f41719ce60b9}</destination>
		</relationship>
		<relationship name="banks">
			<destination>{8c3f9de4-14c8-4279-a712-2040780fff61}</destination>
		</relationship>
	</object>
	<object class="EventMixer" id="{a23ae5f3-03c3-4c64-b339-1b7d5d115c4a}">
		<relationship name="masterBus">
			<destination>{54baaad6-f5b0-4a61-9ada-5f8e8e69b91e}</destination>
		</relationship>
	</object>
	<object class="MasterTrack" id="{814b7927-f48a-4111-b1d5-67845a5c8b36}">
		<relationship name="mixerGroup">
			<destination>{54baaad6-f5b0-4a61-9ada-5f8e8e69b91e}</destination>
		</relationship>
	</object>
	<object class="MixerInput" id="{16386fcc-bd8c-4dc3-9db5-bd73c3f2096d}">
		<relationship name="effectChain">
			<destination>{c244ca17-49dd-4c4c-92aa-66d161d69a35}</destination>
		</relationship>
		<relationship name="panner">
			<destination>{1d79d0d6-50dc-48e3-b5d7-3664c14f5f0f}</destination>
		</relationship>
		<relationship name="output">
			<destination>{a74bdffc-cbb2-488b-ae3c-038020e1273d}</destination>
		</relationship>
	</object>
	<object class="EventAutomatableProperties" id="{cf14e992-d456-43a0-9999-6db0f9b8d12c}" />
	<object class="MarkerTrack" id="{e69ce6a8-d7cf-485e-a243-697b6bf08283}" />
	<object class="GroupTrack" id="{4c468b18-a957-4321-8bb1-06a25974b661}">
		<relationship name="modules">
			<destination>{db97a567-3edd-40e4-aabf-f4bebcb213e9}</destination>
		</relationship>
		<relationship name="mixerGroup">
			<destination>{e3ae82f8-3bd8-4cf9-acd5-c513300276a5}</destination>
		</relationship>
	</object>
	<object class="Timeline" id="{43b86267-9698-42a7-87e1-f41719ce60b9}">
		<relationship name="modules">
			<destination>{db97a567-3edd-40e4-aabf-f4bebcb213e9}</destination>
		</relationship>
	</object>
	<object class="EventMixerMaster" id="{54baaad6-f5b0-4a61-9ada-5f8e8e69b91e}">
		<relationship name="effectChain">
			<destination>{af8ee2d1-44a5-42db-a4ce-f2f08be85f1c}</destination>
		</relationship>
		<relationship name="panner">
			<destination>{9e05ae57-decf-46f8-bfe0-b0f39d3353a3}</destination>
		</relationship>
		<relationship name="mixer">
			<destination>{a23ae5f3-03c3-4c64-b339-1b7d5d115c4a}</destination>
		</relationship>
	</object>
	<object class="MixerBusEffectChain" id="{c244ca17-49dd-4c4c-92aa-66d161d69a35}">
		<relationship name="effects">
			<destination>{29c7f7c8-7db5-4e02-bb8e-5ffb5cc176b8}</destination>
		</relationship>
	</object>
	<object class="MixerBusPanner" id="{1d79d0d6-50dc-48e3-b5d7-3664c14f5f0f}" />
	<object class="MultiSound" id="{db97a567-3edd-40e4-aabf-f4bebcb213e9}">
		<property name="length">
			<value>2.6154375000000001</value>
		</property>
		<relationship name="sounds">
			<destination>{f09243e3-4cad-47d6-80c0-20effd9ec732}</destination>
			<destination>{1e175d85-17d9-4da3-aa5b-fa0a6214e6ba}</destination>
			<destination>{c9a0e435-0865-4485-9e2b-7a67a08cb6d3}</destination>
			<destination>{9b9fa033-42a2-4927-983c-702e387c599d}</destination>
		</relationship>
	</object>
	<object class="EventMixerGroup" id="{e3ae82f8-3bd8-4cf9-acd5-c513300276a5}">
		<property name="name">
			<value>Audio 1</value>
		</property>
		<relationship name="effectChain">
			<destination>{82a9b0ef-eaad-4119-8af2-3c4011d6fd0f}</destination>
		</relationship>
		<relationship name="panner">
			<destination>{1cd75371-8083-41f6-822f-d1d34a3d4ae8}</destination>
		</relationship>
		<relationship name="output">
			<destination>{54baaad6-f5b0-4a61-9ada-5f8e8e69b91e}</destination>
		</relationship>
	</object>
	<object class="MixerBusEffectChain" id="{af8ee2d1-44a5-42db-a4ce-f2f08be85f1c}">
		<relationship name="effects">
			<destination>{c615101b-95cf-409a-87ee-d4ad50c619b6}</destination>
		</relationship>
	</object>
	<object class="MixerBusPanner" id="{9e05ae57-decf-46f8-bfe0-b0f39d3353a3}" />
	<object class="MixerBusFader" id="{29c7f7c8-7db5-4e02-bb8e-5ffb5cc176b8}" />
	<object class="SingleSound" id="{f09243e3-4cad-47d6-80c0-20effd9ec732}">
		<relationship name="audioFile">
			<destination>{eaab8ad2-3916-4f63-b3aa-c1cd23e6adb4}</destination>
		</relationship>
	</object>
	<object class="SingleSound" id="{1e175d85-17d9-4da3-aa5b-fa0a6214e6ba}">
		<relationship name="audioFile">
			<destination>{f18c9f9d-2e17-46f2-9f0e-0cb443903cdb}</destination>
		</relationship>
	</object>
	<object class="SingleSound" id="{c9a0e435-0865-4485-9e2b-7a67a08cb6d3}">
		<relationship name="audioFile">
			<destination>{306ed917-a658-4ded-b1ed-c237d9623947}</destination>
		</relationship>
	</object>
	<object class="SingleSound" id="{9b9fa033-42a2-4927-983c-702e387c599d}">
		<relationship name="audioFile">
			<destination>{5e43029e-c8bd-42b6-8a98-8bd7a044b1d9}</destination>
		</relationship>
	</object>
	<object class="MixerBusEffectChain" id="{82a9b0ef-eaad-4119-8af2-3c4011d6fd0f}">
		<relationship name="effects">
			<destination>{68b6645e-0768-4292-88b9-58b849e7fe91}</destination>
		</relationship>
	</object>
	<object class="MixerBusPanner" id="{1cd75371-8083-41f6-822f-d1d34a3d4ae8}" />
	<object class="MixerBusFader" id="{c615101b-95cf-409a-87ee-d4ad50c619b6}" />
	<object class="MixerBusFader" id="{68b6645e-0768-4292-88b9-58b849e7fe91}" />
</objects>
