<?xml version="1.0" encoding="UTF-8"?>
<objects serializationModel="Studio.02.01.00">
	<object class="Event" id="{10e066bd-e824-4397-a338-ca735c6808b1}">
		<property name="name">
			<value>Faction_ObjectiveQuote_Exploit_23</value>
		</property>
		<property name="outputFormat">
			<value>0</value>
		</property>
		<relationship name="folder">
			<destination>{158ad337-8269-4a32-865c-d3c458683eff}</destination>
		</relationship>
		<relationship name="mixer">
			<destination>{5a704b21-6fdb-4b7b-876e-5421cf0b8ef7}</destination>
		</relationship>
		<relationship name="masterTrack">
			<destination>{500d5166-1cf4-40b4-b88c-ee409b7700bf}</destination>
		</relationship>
		<relationship name="mixerInput">
			<destination>{ed4dc396-dd2b-496a-96bf-cdad565621fe}</destination>
		</relationship>
		<relationship name="automatableProperties">
			<destination>{1f6f140d-9f21-448a-be22-a3d022fd8dc3}</destination>
		</relationship>
		<relationship name="markerTracks">
			<destination>{d68dc2f9-0641-4be7-b0d8-34a5bef0c878}</destination>
		</relationship>
		<relationship name="groupTracks">
			<destination>{1ab2352d-b765-406b-a611-8ef7d5d09a79}</destination>
		</relationship>
		<relationship name="timeline">
			<destination>{623eaa3b-9c70-4569-8d0c-98830ebeaed8}</destination>
		</relationship>
		<relationship name="banks">
			<destination>{8c3f9de4-14c8-4279-a712-2040780fff61}</destination>
		</relationship>
	</object>
	<object class="EventMixer" id="{5a704b21-6fdb-4b7b-876e-5421cf0b8ef7}">
		<relationship name="masterBus">
			<destination>{c6125fcb-6420-4af9-a449-dcd3a84df387}</destination>
		</relationship>
	</object>
	<object class="MasterTrack" id="{500d5166-1cf4-40b4-b88c-ee409b7700bf}">
		<relationship name="mixerGroup">
			<destination>{c6125fcb-6420-4af9-a449-dcd3a84df387}</destination>
		</relationship>
	</object>
	<object class="MixerInput" id="{ed4dc396-dd2b-496a-96bf-cdad565621fe}">
		<relationship name="effectChain">
			<destination>{86570cb6-1249-45ad-bcff-e876e89ce938}</destination>
		</relationship>
		<relationship name="panner">
			<destination>{574a2228-e625-48a7-8c08-91fdacff36dd}</destination>
		</relationship>
		<relationship name="output">
			<destination>{a74bdffc-cbb2-488b-ae3c-038020e1273d}</destination>
		</relationship>
	</object>
	<object class="EventAutomatableProperties" id="{1f6f140d-9f21-448a-be22-a3d022fd8dc3}" />
	<object class="MarkerTrack" id="{d68dc2f9-0641-4be7-b0d8-34a5bef0c878}" />
	<object class="GroupTrack" id="{1ab2352d-b765-406b-a611-8ef7d5d09a79}">
		<relationship name="modules">
			<destination>{1d012c85-2ab5-4147-adcf-b21589e40886}</destination>
		</relationship>
		<relationship name="mixerGroup">
			<destination>{5b8acb5f-f122-46a0-b61a-d6e9ba03105e}</destination>
		</relationship>
	</object>
	<object class="Timeline" id="{623eaa3b-9c70-4569-8d0c-98830ebeaed8}">
		<relationship name="modules">
			<destination>{1d012c85-2ab5-4147-adcf-b21589e40886}</destination>
		</relationship>
	</object>
	<object class="EventMixerMaster" id="{c6125fcb-6420-4af9-a449-dcd3a84df387}">
		<relationship name="effectChain">
			<destination>{3d3db75b-fc9c-4742-97bf-b93a6f4c92cb}</destination>
		</relationship>
		<relationship name="panner">
			<destination>{ed2ba795-ab28-4f60-885f-012b8d5188fd}</destination>
		</relationship>
		<relationship name="mixer">
			<destination>{5a704b21-6fdb-4b7b-876e-5421cf0b8ef7}</destination>
		</relationship>
	</object>
	<object class="MixerBusEffectChain" id="{86570cb6-1249-45ad-bcff-e876e89ce938}">
		<relationship name="effects">
			<destination>{0346f977-9aa0-4571-bbef-161f84b8f976}</destination>
		</relationship>
	</object>
	<object class="MixerBusPanner" id="{574a2228-e625-48a7-8c08-91fdacff36dd}" />
	<object class="SingleSound" id="{1d012c85-2ab5-4147-adcf-b21589e40886}">
		<property name="length">
			<value>5.8981250000000003</value>
		</property>
		<relationship name="audioFile">
			<destination>{98c0dac7-fe0c-4a66-977e-a3af198b4882}</destination>
		</relationship>
	</object>
	<object class="EventMixerGroup" id="{5b8acb5f-f122-46a0-b61a-d6e9ba03105e}">
		<property name="name">
			<value>Audio 1</value>
		</property>
		<relationship name="effectChain">
			<destination>{a492bfbe-5309-43d9-878e-cb4fe2d96415}</destination>
		</relationship>
		<relationship name="panner">
			<destination>{413acc5b-854a-40bc-8b41-fb06af895137}</destination>
		</relationship>
		<relationship name="output">
			<destination>{c6125fcb-6420-4af9-a449-dcd3a84df387}</destination>
		</relationship>
	</object>
	<object class="MixerBusEffectChain" id="{3d3db75b-fc9c-4742-97bf-b93a6f4c92cb}">
		<relationship name="effects">
			<destination>{5885286f-648a-4d12-a381-997528c5f693}</destination>
		</relationship>
	</object>
	<object class="MixerBusPanner" id="{ed2ba795-ab28-4f60-885f-012b8d5188fd}" />
	<object class="MixerBusFader" id="{0346f977-9aa0-4571-bbef-161f84b8f976}" />
	<object class="MixerBusEffectChain" id="{a492bfbe-5309-43d9-878e-cb4fe2d96415}">
		<relationship name="effects">
			<destination>{8466bc44-c1b3-4ede-9b6d-82366db4899f}</destination>
		</relationship>
	</object>
	<object class="MixerBusPanner" id="{413acc5b-854a-40bc-8b41-fb06af895137}" />
	<object class="MixerBusFader" id="{5885286f-648a-4d12-a381-997528c5f693}" />
	<object class="MixerBusFader" id="{8466bc44-c1b3-4ede-9b6d-82366db4899f}" />
</objects>
