<?xml version="1.0" encoding="UTF-8"?>
<objects serializationModel="Studio.02.01.00">
	<object class="Event" id="{10ebfd35-715f-4c98-8cd9-f3788dfa8807}">
		<property name="name">
			<value>MissionFailure</value>
		</property>
		<property name="outputFormat">
			<value>0</value>
		</property>
		<relationship name="folder">
			<destination>{b2a41966-37cb-4441-814f-6af4c514564a}</destination>
		</relationship>
		<relationship name="mixer">
			<destination>{4aadc649-3659-46c7-badd-400b94487d3e}</destination>
		</relationship>
		<relationship name="masterTrack">
			<destination>{85734f64-938f-4d54-9388-81b6e9073eaf}</destination>
		</relationship>
		<relationship name="mixerInput">
			<destination>{1794f3e8-2482-444a-b3f7-aeb3abe1c46e}</destination>
		</relationship>
		<relationship name="automatableProperties">
			<destination>{92d29770-faff-4bba-b3d9-08a599605b29}</destination>
		</relationship>
		<relationship name="markerTracks">
			<destination>{24664b15-658f-46a6-9a64-39b395a3f27a}</destination>
		</relationship>
		<relationship name="groupTracks">
			<destination>{1467a4d5-34e7-464a-9273-c25e449e9a38}</destination>
		</relationship>
		<relationship name="timeline">
			<destination>{bef96112-41b5-490e-8ed4-7f7b6b168bcc}</destination>
		</relationship>
		<relationship name="banks">
			<destination>{8c3f9de4-14c8-4279-a712-2040780fff61}</destination>
		</relationship>
	</object>
	<object class="EventMixer" id="{4aadc649-3659-46c7-badd-400b94487d3e}">
		<relationship name="masterBus">
			<destination>{6f748771-de37-4a7f-9b49-913e1c6a7cd6}</destination>
		</relationship>
	</object>
	<object class="MasterTrack" id="{85734f64-938f-4d54-9388-81b6e9073eaf}">
		<relationship name="mixerGroup">
			<destination>{6f748771-de37-4a7f-9b49-913e1c6a7cd6}</destination>
		</relationship>
	</object>
	<object class="MixerInput" id="{1794f3e8-2482-444a-b3f7-aeb3abe1c46e}">
		<relationship name="effectChain">
			<destination>{739d6360-463c-4a66-ba42-7e5799f19971}</destination>
		</relationship>
		<relationship name="panner">
			<destination>{2f9c2351-cb04-4cd0-b134-44cd6ba25599}</destination>
		</relationship>
		<relationship name="output">
			<destination>{a74bdffc-cbb2-488b-ae3c-038020e1273d}</destination>
		</relationship>
	</object>
	<object class="EventAutomatableProperties" id="{92d29770-faff-4bba-b3d9-08a599605b29}" />
	<object class="MarkerTrack" id="{24664b15-658f-46a6-9a64-39b395a3f27a}" />
	<object class="GroupTrack" id="{1467a4d5-34e7-464a-9273-c25e449e9a38}">
		<relationship name="modules">
			<destination>{85041f99-9ae8-4696-abf9-6f36637aeed0}</destination>
		</relationship>
		<relationship name="mixerGroup">
			<destination>{bd7ce009-e949-40f3-ab8d-dc85d96d77d7}</destination>
		</relationship>
	</object>
	<object class="Timeline" id="{bef96112-41b5-490e-8ed4-7f7b6b168bcc}">
		<relationship name="modules">
			<destination>{85041f99-9ae8-4696-abf9-6f36637aeed0}</destination>
		</relationship>
	</object>
	<object class="EventMixerMaster" id="{6f748771-de37-4a7f-9b49-913e1c6a7cd6}">
		<relationship name="effectChain">
			<destination>{c17cd922-614a-4648-bf4c-fa260e7e3927}</destination>
		</relationship>
		<relationship name="panner">
			<destination>{9188bf91-baf6-44aa-b869-7df1a6f9a5d1}</destination>
		</relationship>
		<relationship name="mixer">
			<destination>{4aadc649-3659-46c7-badd-400b94487d3e}</destination>
		</relationship>
	</object>
	<object class="MixerBusEffectChain" id="{739d6360-463c-4a66-ba42-7e5799f19971}">
		<relationship name="effects">
			<destination>{5c58ecde-0030-4ae5-ba3b-d92793178c05}</destination>
		</relationship>
	</object>
	<object class="MixerBusPanner" id="{2f9c2351-cb04-4cd0-b134-44cd6ba25599}" />
	<object class="MultiSound" id="{85041f99-9ae8-4696-abf9-6f36637aeed0}">
		<property name="length">
			<value>1.9980833333333334</value>
		</property>
		<relationship name="sounds">
			<destination>{9a480960-2449-4db2-9c52-6954541a5e61}</destination>
			<destination>{05d3929b-90c2-486b-afba-a194c73e5ff1}</destination>
			<destination>{2151770b-b532-4d4f-83ea-6c6b2ceb22e1}</destination>
			<destination>{4018d4a0-4037-418c-99fd-ea4717a75074}</destination>
			<destination>{8fefde13-e307-45de-b3b8-7f0ec8faa66f}</destination>
			<destination>{0c979a70-73d5-4493-9eeb-aa5766de7d4f}</destination>
		</relationship>
	</object>
	<object class="EventMixerGroup" id="{bd7ce009-e949-40f3-ab8d-dc85d96d77d7}">
		<property name="name">
			<value>Audio 1</value>
		</property>
		<relationship name="effectChain">
			<destination>{20420b0d-b9b0-4577-bdeb-7aa2d1d20d18}</destination>
		</relationship>
		<relationship name="panner">
			<destination>{93320a40-37de-4375-bdf9-9d8b3183e786}</destination>
		</relationship>
		<relationship name="output">
			<destination>{6f748771-de37-4a7f-9b49-913e1c6a7cd6}</destination>
		</relationship>
	</object>
	<object class="MixerBusEffectChain" id="{c17cd922-614a-4648-bf4c-fa260e7e3927}">
		<relationship name="effects">
			<destination>{f911daf6-3f19-4afa-8932-dd6d9e9fb3f0}</destination>
		</relationship>
	</object>
	<object class="MixerBusPanner" id="{9188bf91-baf6-44aa-b869-7df1a6f9a5d1}" />
	<object class="MixerBusFader" id="{5c58ecde-0030-4ae5-ba3b-d92793178c05}" />
	<object class="SingleSound" id="{9a480960-2449-4db2-9c52-6954541a5e61}">
		<relationship name="audioFile">
			<destination>{111cc541-943e-4436-8632-00ef43826371}</destination>
		</relationship>
	</object>
	<object class="SingleSound" id="{05d3929b-90c2-486b-afba-a194c73e5ff1}">
		<relationship name="audioFile">
			<destination>{c037a7f2-554d-48b6-af5f-01c2587b9c14}</destination>
		</relationship>
	</object>
	<object class="SingleSound" id="{2151770b-b532-4d4f-83ea-6c6b2ceb22e1}">
		<relationship name="audioFile">
			<destination>{c04c6728-7061-42a9-a690-19a0d407cffb}</destination>
		</relationship>
	</object>
	<object class="SingleSound" id="{4018d4a0-4037-418c-99fd-ea4717a75074}">
		<relationship name="audioFile">
			<destination>{93508004-aa56-4593-b8af-37b29b0f59a5}</destination>
		</relationship>
	</object>
	<object class="SingleSound" id="{8fefde13-e307-45de-b3b8-7f0ec8faa66f}">
		<relationship name="audioFile">
			<destination>{3ab5529c-b07a-4888-9211-815901de4c03}</destination>
		</relationship>
	</object>
	<object class="SingleSound" id="{0c979a70-73d5-4493-9eeb-aa5766de7d4f}">
		<relationship name="audioFile">
			<destination>{acea5e69-7086-48a1-8bc4-8209fe8a5508}</destination>
		</relationship>
	</object>
	<object class="MixerBusEffectChain" id="{20420b0d-b9b0-4577-bdeb-7aa2d1d20d18}">
		<relationship name="effects">
			<destination>{1f574668-5773-44a8-b869-b3b3a0c7cfed}</destination>
		</relationship>
	</object>
	<object class="MixerBusPanner" id="{93320a40-37de-4375-bdf9-9d8b3183e786}" />
	<object class="MixerBusFader" id="{f911daf6-3f19-4afa-8932-dd6d9e9fb3f0}" />
	<object class="MixerBusFader" id="{1f574668-5773-44a8-b869-b3b3a0c7cfed}" />
</objects>
