<?xml version="1.0" encoding="UTF-8"?>
<objects serializationModel="Studio.02.01.00">
	<object class="Event" id="{10f00024-a841-42ee-b1c3-eef72eaf9ecf}">
		<property name="name">
			<value>Takeover</value>
		</property>
		<property name="outputFormat">
			<value>0</value>
		</property>
		<relationship name="folder">
			<destination>{81688d83-c9ab-4809-931e-98413b131e9d}</destination>
		</relationship>
		<relationship name="mixer">
			<destination>{8ebc84c1-b15e-4d8d-a69c-95c87ed9bb09}</destination>
		</relationship>
		<relationship name="masterTrack">
			<destination>{cdbebf85-a08a-4c3b-8eda-e007db63adac}</destination>
		</relationship>
		<relationship name="mixerInput">
			<destination>{f913d192-25be-4c1e-b2f7-2d0e0197a969}</destination>
		</relationship>
		<relationship name="automatableProperties">
			<destination>{4b8a06e5-7db1-484c-9a67-5cbb989c5eee}</destination>
		</relationship>
		<relationship name="markerTracks">
			<destination>{c207ea08-e2e8-4613-a422-758f200ed4b8}</destination>
		</relationship>
		<relationship name="groupTracks">
			<destination>{eab431ab-03fd-47e0-bc17-6e726614fb9e}</destination>
		</relationship>
		<relationship name="timeline">
			<destination>{188d07f5-5c84-4f2d-9136-813e7249ee72}</destination>
		</relationship>
		<relationship name="banks">
			<destination>{8c3f9de4-14c8-4279-a712-2040780fff61}</destination>
		</relationship>
	</object>
	<object class="EventMixer" id="{8ebc84c1-b15e-4d8d-a69c-95c87ed9bb09}">
		<relationship name="masterBus">
			<destination>{e776dee9-2d05-47d1-9457-0c2b3b6cd5ea}</destination>
		</relationship>
	</object>
	<object class="MasterTrack" id="{cdbebf85-a08a-4c3b-8eda-e007db63adac}">
		<relationship name="mixerGroup">
			<destination>{e776dee9-2d05-47d1-9457-0c2b3b6cd5ea}</destination>
		</relationship>
	</object>
	<object class="MixerInput" id="{f913d192-25be-4c1e-b2f7-2d0e0197a969}">
		<relationship name="effectChain">
			<destination>{f1c3aa3a-aed1-47f1-81fe-33a1481c8e71}</destination>
		</relationship>
		<relationship name="panner">
			<destination>{3939b2a3-7e70-442a-8724-5e8b2fe32177}</destination>
		</relationship>
		<relationship name="output">
			<destination>{a74bdffc-cbb2-488b-ae3c-038020e1273d}</destination>
		</relationship>
	</object>
	<object class="EventAutomatableProperties" id="{4b8a06e5-7db1-484c-9a67-5cbb989c5eee}" />
	<object class="MarkerTrack" id="{c207ea08-e2e8-4613-a422-758f200ed4b8}" />
	<object class="GroupTrack" id="{eab431ab-03fd-47e0-bc17-6e726614fb9e}">
		<relationship name="modules">
			<destination>{70068812-5cf1-457c-83cc-a1847728f605}</destination>
		</relationship>
		<relationship name="mixerGroup">
			<destination>{71fef81a-a573-4f58-a3ff-ae4053b9987e}</destination>
		</relationship>
	</object>
	<object class="Timeline" id="{188d07f5-5c84-4f2d-9136-813e7249ee72}">
		<relationship name="modules">
			<destination>{70068812-5cf1-457c-83cc-a1847728f605}</destination>
		</relationship>
	</object>
	<object class="EventMixerMaster" id="{e776dee9-2d05-47d1-9457-0c2b3b6cd5ea}">
		<relationship name="effectChain">
			<destination>{77d56e50-faa6-49a9-98c3-295b28825b3d}</destination>
		</relationship>
		<relationship name="panner">
			<destination>{42a99a95-5989-44a1-804f-c6583b16ed6f}</destination>
		</relationship>
		<relationship name="mixer">
			<destination>{8ebc84c1-b15e-4d8d-a69c-95c87ed9bb09}</destination>
		</relationship>
	</object>
	<object class="MixerBusEffectChain" id="{f1c3aa3a-aed1-47f1-81fe-33a1481c8e71}">
		<relationship name="effects">
			<destination>{c2d75aad-41b5-4028-bfd4-dfddcc351383}</destination>
		</relationship>
	</object>
	<object class="MixerBusPanner" id="{3939b2a3-7e70-442a-8724-5e8b2fe32177}" />
	<object class="MultiSound" id="{70068812-5cf1-457c-83cc-a1847728f605}">
		<property name="length">
			<value>2.9452500000000001</value>
		</property>
		<relationship name="sounds">
			<destination>{9f9e56cd-9f2f-4efc-800e-36f787598264}</destination>
			<destination>{828e8788-ba95-493f-9a07-3c5da481bc1b}</destination>
			<destination>{6bb18f00-9d9a-4235-8b96-3a12ddb7d146}</destination>
			<destination>{5792d895-e6c8-4632-936b-492b036e8a9a}</destination>
		</relationship>
	</object>
	<object class="EventMixerGroup" id="{71fef81a-a573-4f58-a3ff-ae4053b9987e}">
		<property name="name">
			<value>Audio 1</value>
		</property>
		<relationship name="effectChain">
			<destination>{9929fe80-1cb4-4510-a255-4d0802d81ff1}</destination>
		</relationship>
		<relationship name="panner">
			<destination>{42a55ab5-a594-407f-9dde-5e41e3ef4af7}</destination>
		</relationship>
		<relationship name="output">
			<destination>{e776dee9-2d05-47d1-9457-0c2b3b6cd5ea}</destination>
		</relationship>
	</object>
	<object class="MixerBusEffectChain" id="{77d56e50-faa6-49a9-98c3-295b28825b3d}">
		<relationship name="effects">
			<destination>{ac48b2c4-d70e-4f7e-817f-d83c4180da43}</destination>
		</relationship>
	</object>
	<object class="MixerBusPanner" id="{42a99a95-5989-44a1-804f-c6583b16ed6f}" />
	<object class="MixerBusFader" id="{c2d75aad-41b5-4028-bfd4-dfddcc351383}" />
	<object class="SingleSound" id="{9f9e56cd-9f2f-4efc-800e-36f787598264}">
		<relationship name="audioFile">
			<destination>{56d22294-b627-4208-96bb-943ff480de23}</destination>
		</relationship>
	</object>
	<object class="SingleSound" id="{828e8788-ba95-493f-9a07-3c5da481bc1b}">
		<relationship name="audioFile">
			<destination>{fb1a5113-6a32-412c-8d4e-1df0b74cf158}</destination>
		</relationship>
	</object>
	<object class="SingleSound" id="{6bb18f00-9d9a-4235-8b96-3a12ddb7d146}">
		<relationship name="audioFile">
			<destination>{83f0e91b-ec7f-4f75-b327-831055fb04c4}</destination>
		</relationship>
	</object>
	<object class="SingleSound" id="{5792d895-e6c8-4632-936b-492b036e8a9a}">
		<relationship name="audioFile">
			<destination>{6e01b850-6971-4070-8ec6-d4a5d5b8045c}</destination>
		</relationship>
	</object>
	<object class="MixerBusEffectChain" id="{9929fe80-1cb4-4510-a255-4d0802d81ff1}">
		<relationship name="effects">
			<destination>{9f40cbf2-484a-4213-9a87-2452d20203d5}</destination>
		</relationship>
	</object>
	<object class="MixerBusPanner" id="{42a55ab5-a594-407f-9dde-5e41e3ef4af7}" />
	<object class="MixerBusFader" id="{ac48b2c4-d70e-4f7e-817f-d83c4180da43}" />
	<object class="MixerBusFader" id="{9f40cbf2-484a-4213-9a87-2452d20203d5}" />
</objects>
