<?xml version="1.0" encoding="UTF-8"?>
<objects serializationModel="Studio.02.01.00">
	<object class="Event" id="{114a2c66-7aa0-460f-92c9-1fc7b78c5803}">
		<property name="name">
			<value>Failure</value>
		</property>
		<property name="outputFormat">
			<value>0</value>
		</property>
		<relationship name="folder">
			<destination>{c0e106e8-c272-456a-966d-274fb577c324}</destination>
		</relationship>
		<relationship name="mixer">
			<destination>{81e2e7c5-a75d-49c4-80e5-9e74f5633688}</destination>
		</relationship>
		<relationship name="masterTrack">
			<destination>{3278261c-b0bd-4a82-83f5-a3bd3c8b2c3d}</destination>
		</relationship>
		<relationship name="mixerInput">
			<destination>{0ace2907-9390-434f-bf6a-03643201c4ae}</destination>
		</relationship>
		<relationship name="automatableProperties">
			<destination>{6b5d0ac3-cee0-4b32-8451-44db8cf526d8}</destination>
		</relationship>
		<relationship name="markerTracks">
			<destination>{3ce6cd43-47be-4576-8554-700d1bfd688d}</destination>
		</relationship>
		<relationship name="groupTracks">
			<destination>{79acb2e4-746e-420d-9782-204cc8918733}</destination>
		</relationship>
		<relationship name="timeline">
			<destination>{c71db495-449b-4d4b-ba4c-9381c860ba4a}</destination>
		</relationship>
		<relationship name="banks">
			<destination>{8c3f9de4-14c8-4279-a712-2040780fff61}</destination>
		</relationship>
	</object>
	<object class="EventMixer" id="{81e2e7c5-a75d-49c4-80e5-9e74f5633688}">
		<relationship name="masterBus">
			<destination>{f4054cb7-6832-4212-a7ba-f485f3910248}</destination>
		</relationship>
	</object>
	<object class="MasterTrack" id="{3278261c-b0bd-4a82-83f5-a3bd3c8b2c3d}">
		<relationship name="mixerGroup">
			<destination>{f4054cb7-6832-4212-a7ba-f485f3910248}</destination>
		</relationship>
	</object>
	<object class="MixerInput" id="{0ace2907-9390-434f-bf6a-03643201c4ae}">
		<relationship name="effectChain">
			<destination>{c2bcc6b2-5f7a-4ce1-ae71-f1fb74bff426}</destination>
		</relationship>
		<relationship name="panner">
			<destination>{d416dc17-e49a-4d91-9134-949ecb977463}</destination>
		</relationship>
		<relationship name="output">
			<destination>{a74bdffc-cbb2-488b-ae3c-038020e1273d}</destination>
		</relationship>
	</object>
	<object class="EventAutomatableProperties" id="{6b5d0ac3-cee0-4b32-8451-44db8cf526d8}" />
	<object class="MarkerTrack" id="{3ce6cd43-47be-4576-8554-700d1bfd688d}" />
	<object class="GroupTrack" id="{79acb2e4-746e-420d-9782-204cc8918733}">
		<relationship name="modules">
			<destination>{8ac830ec-0ab4-4bf3-ac07-4071dd5f4c0e}</destination>
		</relationship>
		<relationship name="mixerGroup">
			<destination>{0a0d4c51-c86f-46db-aeba-d893794b5377}</destination>
		</relationship>
	</object>
	<object class="Timeline" id="{c71db495-449b-4d4b-ba4c-9381c860ba4a}">
		<relationship name="modules">
			<destination>{8ac830ec-0ab4-4bf3-ac07-4071dd5f4c0e}</destination>
		</relationship>
	</object>
	<object class="EventMixerMaster" id="{f4054cb7-6832-4212-a7ba-f485f3910248}">
		<relationship name="effectChain">
			<destination>{eb7ca21e-753e-4f90-891b-f3926414fbbb}</destination>
		</relationship>
		<relationship name="panner">
			<destination>{91343e47-cce3-4f72-8d94-f89ed201c541}</destination>
		</relationship>
		<relationship name="mixer">
			<destination>{81e2e7c5-a75d-49c4-80e5-9e74f5633688}</destination>
		</relationship>
	</object>
	<object class="MixerBusEffectChain" id="{c2bcc6b2-5f7a-4ce1-ae71-f1fb74bff426}">
		<relationship name="effects">
			<destination>{637f4012-fb74-4638-a405-68ae33928a1b}</destination>
		</relationship>
	</object>
	<object class="MixerBusPanner" id="{d416dc17-e49a-4d91-9134-949ecb977463}" />
	<object class="MultiSound" id="{8ac830ec-0ab4-4bf3-ac07-4071dd5f4c0e}">
		<property name="length">
			<value>3.0507083333333331</value>
		</property>
		<relationship name="sounds">
			<destination>{9a84ea65-e6a2-4220-94fc-b193562f632f}</destination>
			<destination>{ee918433-4f71-45ea-b9be-d77f4935f50c}</destination>
			<destination>{0f314285-2511-451b-ab15-6ade93cf9e01}</destination>
		</relationship>
	</object>
	<object class="EventMixerGroup" id="{0a0d4c51-c86f-46db-aeba-d893794b5377}">
		<property name="name">
			<value>Audio 1</value>
		</property>
		<relationship name="effectChain">
			<destination>{5196be92-e358-4a36-90ef-4ff26a5d147b}</destination>
		</relationship>
		<relationship name="panner">
			<destination>{427fbf9b-c0bc-4c0b-a6fa-7057b892bba5}</destination>
		</relationship>
		<relationship name="output">
			<destination>{f4054cb7-6832-4212-a7ba-f485f3910248}</destination>
		</relationship>
	</object>
	<object class="MixerBusEffectChain" id="{eb7ca21e-753e-4f90-891b-f3926414fbbb}">
		<relationship name="effects">
			<destination>{38e5ad70-68a7-4e23-ae6e-fad5784d49c7}</destination>
		</relationship>
	</object>
	<object class="MixerBusPanner" id="{91343e47-cce3-4f72-8d94-f89ed201c541}" />
	<object class="MixerBusFader" id="{637f4012-fb74-4638-a405-68ae33928a1b}" />
	<object class="SingleSound" id="{9a84ea65-e6a2-4220-94fc-b193562f632f}">
		<relationship name="audioFile">
			<destination>{7c41b5b7-ee54-495d-ac65-1e8d5243e0e1}</destination>
		</relationship>
	</object>
	<object class="SingleSound" id="{ee918433-4f71-45ea-b9be-d77f4935f50c}">
		<relationship name="audioFile">
			<destination>{9fedeb4b-8169-4863-ada2-5387712ff040}</destination>
		</relationship>
	</object>
	<object class="SingleSound" id="{0f314285-2511-451b-ab15-6ade93cf9e01}">
		<relationship name="audioFile">
			<destination>{8af7631c-d4b1-4c7f-90a9-7599f3e6ae48}</destination>
		</relationship>
	</object>
	<object class="MixerBusEffectChain" id="{5196be92-e358-4a36-90ef-4ff26a5d147b}">
		<relationship name="effects">
			<destination>{97113fde-0343-4c71-b9e3-350df99e0385}</destination>
		</relationship>
	</object>
	<object class="MixerBusPanner" id="{427fbf9b-c0bc-4c0b-a6fa-7057b892bba5}" />
	<object class="MixerBusFader" id="{38e5ad70-68a7-4e23-ae6e-fad5784d49c7}" />
	<object class="MixerBusFader" id="{97113fde-0343-4c71-b9e3-350df99e0385}" />
</objects>
