<?xml version="1.0" encoding="UTF-8"?>
<objects serializationModel="Studio.02.01.00">
	<object class="Event" id="{114a2926-3c37-452e-a364-d415db468b0d}">
		<property name="name">
			<value>Assigned</value>
		</property>
		<property name="outputFormat">
			<value>0</value>
		</property>
		<relationship name="folder">
			<destination>{60a68339-23de-42b5-bcb0-aa4a34e139af}</destination>
		</relationship>
		<relationship name="mixer">
			<destination>{0dbdab45-f67d-4516-9ac7-f78cc94fb2b7}</destination>
		</relationship>
		<relationship name="masterTrack">
			<destination>{dfc6281a-a479-48fb-b184-668aa97d5ba3}</destination>
		</relationship>
		<relationship name="mixerInput">
			<destination>{465fadb6-8bde-4d55-9008-2080775e2391}</destination>
		</relationship>
		<relationship name="automatableProperties">
			<destination>{bf0e6291-81a0-49b1-8afe-249153760e46}</destination>
		</relationship>
		<relationship name="markerTracks">
			<destination>{791ac636-a09c-427c-b5b1-c269b128e657}</destination>
		</relationship>
		<relationship name="groupTracks">
			<destination>{12c1754c-e7e5-4b82-abd5-926b0a19840c}</destination>
		</relationship>
		<relationship name="timeline">
			<destination>{d1846d97-72a7-4d65-b3e9-a5d8e3730c42}</destination>
		</relationship>
		<relationship name="banks">
			<destination>{8c3f9de4-14c8-4279-a712-2040780fff61}</destination>
		</relationship>
	</object>
	<object class="EventMixer" id="{0dbdab45-f67d-4516-9ac7-f78cc94fb2b7}">
		<relationship name="masterBus">
			<destination>{f6eb7bdd-523a-41ae-a099-801b35674e52}</destination>
		</relationship>
	</object>
	<object class="MasterTrack" id="{dfc6281a-a479-48fb-b184-668aa97d5ba3}">
		<relationship name="mixerGroup">
			<destination>{f6eb7bdd-523a-41ae-a099-801b35674e52}</destination>
		</relationship>
	</object>
	<object class="MixerInput" id="{465fadb6-8bde-4d55-9008-2080775e2391}">
		<relationship name="effectChain">
			<destination>{56aac55d-8576-4529-b74d-b64ec7600678}</destination>
		</relationship>
		<relationship name="panner">
			<destination>{a34bd18f-e7b2-463f-8519-011dad5dfaf6}</destination>
		</relationship>
		<relationship name="output">
			<destination>{a74bdffc-cbb2-488b-ae3c-038020e1273d}</destination>
		</relationship>
	</object>
	<object class="EventAutomatableProperties" id="{bf0e6291-81a0-49b1-8afe-249153760e46}" />
	<object class="MarkerTrack" id="{791ac636-a09c-427c-b5b1-c269b128e657}" />
	<object class="GroupTrack" id="{12c1754c-e7e5-4b82-abd5-926b0a19840c}">
		<relationship name="modules">
			<destination>{ed55ab5d-9a12-4268-ad0c-8d2c310034e5}</destination>
		</relationship>
		<relationship name="mixerGroup">
			<destination>{65a9b3f3-b7bc-45d1-bd10-2c0a09420c0f}</destination>
		</relationship>
	</object>
	<object class="Timeline" id="{d1846d97-72a7-4d65-b3e9-a5d8e3730c42}">
		<relationship name="modules">
			<destination>{ed55ab5d-9a12-4268-ad0c-8d2c310034e5}</destination>
		</relationship>
	</object>
	<object class="EventMixerMaster" id="{f6eb7bdd-523a-41ae-a099-801b35674e52}">
		<relationship name="effectChain">
			<destination>{385d0dc7-2d4e-4251-8b29-359979c75f69}</destination>
		</relationship>
		<relationship name="panner">
			<destination>{e92c2a3f-ba8c-481a-b835-3a322f0c14de}</destination>
		</relationship>
		<relationship name="mixer">
			<destination>{0dbdab45-f67d-4516-9ac7-f78cc94fb2b7}</destination>
		</relationship>
	</object>
	<object class="MixerBusEffectChain" id="{56aac55d-8576-4529-b74d-b64ec7600678}">
		<relationship name="effects">
			<destination>{da412204-e5c1-42fb-8a68-eab928a571ec}</destination>
		</relationship>
	</object>
	<object class="MixerBusPanner" id="{a34bd18f-e7b2-463f-8519-011dad5dfaf6}" />
	<object class="MultiSound" id="{ed55ab5d-9a12-4268-ad0c-8d2c310034e5}">
		<property name="length">
			<value>1.7136041666666666</value>
		</property>
		<relationship name="sounds">
			<destination>{84c09806-f07d-4073-b751-28b5bf549a9c}</destination>
			<destination>{12fa61db-7848-40da-b0e8-c1f6981c1979}</destination>
			<destination>{bedc0fc1-08bc-444c-a504-ba1b380e8eb9}</destination>
			<destination>{e1772c16-89cb-42b5-b62f-037190bd3369}</destination>
			<destination>{9aa25151-b736-4522-aa5c-9cb22078b688}</destination>
			<destination>{3007da2b-2a49-4b10-a824-92c16b31a746}</destination>
		</relationship>
	</object>
	<object class="EventMixerGroup" id="{65a9b3f3-b7bc-45d1-bd10-2c0a09420c0f}">
		<property name="name">
			<value>Audio 1</value>
		</property>
		<relationship name="effectChain">
			<destination>{85c9ae8e-2b82-4632-9fea-3e6590cc1dfa}</destination>
		</relationship>
		<relationship name="panner">
			<destination>{9b5bae8a-f249-4765-9f85-01c2f79acbb4}</destination>
		</relationship>
		<relationship name="output">
			<destination>{f6eb7bdd-523a-41ae-a099-801b35674e52}</destination>
		</relationship>
	</object>
	<object class="MixerBusEffectChain" id="{385d0dc7-2d4e-4251-8b29-359979c75f69}">
		<relationship name="effects">
			<destination>{21de6eaa-0458-42f8-a944-075f383cb377}</destination>
		</relationship>
	</object>
	<object class="MixerBusPanner" id="{e92c2a3f-ba8c-481a-b835-3a322f0c14de}" />
	<object class="MixerBusFader" id="{da412204-e5c1-42fb-8a68-eab928a571ec}" />
	<object class="SingleSound" id="{84c09806-f07d-4073-b751-28b5bf549a9c}">
		<relationship name="audioFile">
			<destination>{bc65d1dc-9628-43d7-9e7f-179fb8028da2}</destination>
		</relationship>
	</object>
	<object class="SingleSound" id="{12fa61db-7848-40da-b0e8-c1f6981c1979}">
		<relationship name="audioFile">
			<destination>{d525b1dd-458c-4758-a439-c47a1650c534}</destination>
		</relationship>
	</object>
	<object class="SingleSound" id="{bedc0fc1-08bc-444c-a504-ba1b380e8eb9}">
		<relationship name="audioFile">
			<destination>{a312c4a1-8c71-4042-bf53-ec46518ac5a0}</destination>
		</relationship>
	</object>
	<object class="SingleSound" id="{e1772c16-89cb-42b5-b62f-037190bd3369}">
		<relationship name="audioFile">
			<destination>{71f8d8ad-b7d0-4ab0-b5d1-cdc38c41bc20}</destination>
		</relationship>
	</object>
	<object class="SingleSound" id="{9aa25151-b736-4522-aa5c-9cb22078b688}">
		<relationship name="audioFile">
			<destination>{aded95d8-50ce-4050-8bef-bfbe5678f30a}</destination>
		</relationship>
	</object>
	<object class="SingleSound" id="{3007da2b-2a49-4b10-a824-92c16b31a746}">
		<relationship name="audioFile">
			<destination>{81ad92c6-16d1-4836-8d61-699868c40d5f}</destination>
		</relationship>
	</object>
	<object class="MixerBusEffectChain" id="{85c9ae8e-2b82-4632-9fea-3e6590cc1dfa}">
		<relationship name="effects">
			<destination>{039ef1b3-4a2f-41a0-9755-dd24c8c6077c}</destination>
		</relationship>
	</object>
	<object class="MixerBusPanner" id="{9b5bae8a-f249-4765-9f85-01c2f79acbb4}" />
	<object class="MixerBusFader" id="{21de6eaa-0458-42f8-a944-075f383cb377}" />
	<object class="MixerBusFader" id="{039ef1b3-4a2f-41a0-9755-dd24c8c6077c}" />
</objects>
