<?xml version="1.0" encoding="UTF-8"?>
<objects serializationModel="Studio.02.01.00">
	<object class="Event" id="{115b2897-dcde-4db4-b7f0-9ba533ae45f4}">
		<property name="name">
			<value>Failure</value>
		</property>
		<property name="outputFormat">
			<value>0</value>
		</property>
		<relationship name="folder">
			<destination>{c60dc454-1983-427f-9d57-cb8c0b57e0d9}</destination>
		</relationship>
		<relationship name="mixer">
			<destination>{667b88d8-9aa3-42c2-b1f9-79210ccbf8a4}</destination>
		</relationship>
		<relationship name="masterTrack">
			<destination>{da0ad9b0-291e-44e1-85ca-772b0e7c9609}</destination>
		</relationship>
		<relationship name="mixerInput">
			<destination>{062f23bf-f796-4ef3-a9f9-a074b48e6128}</destination>
		</relationship>
		<relationship name="automatableProperties">
			<destination>{407e9737-810a-4044-a6e0-7c069a2825ca}</destination>
		</relationship>
		<relationship name="markerTracks">
			<destination>{58386190-4ff2-43fd-8c71-a6386f123db3}</destination>
		</relationship>
		<relationship name="groupTracks">
			<destination>{58a265e1-4a09-4447-9b2a-e4234c1004e5}</destination>
		</relationship>
		<relationship name="timeline">
			<destination>{f27e77d9-b01c-43ae-89e4-beea830b0929}</destination>
		</relationship>
		<relationship name="banks">
			<destination>{8c3f9de4-14c8-4279-a712-2040780fff61}</destination>
		</relationship>
	</object>
	<object class="EventMixer" id="{667b88d8-9aa3-42c2-b1f9-79210ccbf8a4}">
		<relationship name="masterBus">
			<destination>{0267cfd1-0751-4537-9727-d9b070ec216f}</destination>
		</relationship>
	</object>
	<object class="MasterTrack" id="{da0ad9b0-291e-44e1-85ca-772b0e7c9609}">
		<relationship name="mixerGroup">
			<destination>{0267cfd1-0751-4537-9727-d9b070ec216f}</destination>
		</relationship>
	</object>
	<object class="MixerInput" id="{062f23bf-f796-4ef3-a9f9-a074b48e6128}">
		<relationship name="effectChain">
			<destination>{703b5d85-8dbc-43e3-8b95-a0dd85af0ced}</destination>
		</relationship>
		<relationship name="panner">
			<destination>{cd9f1c81-0086-4288-9155-cc434b61eaf7}</destination>
		</relationship>
		<relationship name="output">
			<destination>{a74bdffc-cbb2-488b-ae3c-038020e1273d}</destination>
		</relationship>
	</object>
	<object class="EventAutomatableProperties" id="{407e9737-810a-4044-a6e0-7c069a2825ca}" />
	<object class="MarkerTrack" id="{58386190-4ff2-43fd-8c71-a6386f123db3}" />
	<object class="GroupTrack" id="{58a265e1-4a09-4447-9b2a-e4234c1004e5}">
		<relationship name="modules">
			<destination>{9ef2c863-75aa-40ce-ba12-de17fc372aa6}</destination>
		</relationship>
		<relationship name="mixerGroup">
			<destination>{0f0f5b8c-9a62-43e5-904c-76e39c56ab1a}</destination>
		</relationship>
	</object>
	<object class="Timeline" id="{f27e77d9-b01c-43ae-89e4-beea830b0929}">
		<relationship name="modules">
			<destination>{9ef2c863-75aa-40ce-ba12-de17fc372aa6}</destination>
		</relationship>
	</object>
	<object class="EventMixerMaster" id="{0267cfd1-0751-4537-9727-d9b070ec216f}">
		<relationship name="effectChain">
			<destination>{ec14d6a2-cac3-4751-8a9c-319009f97343}</destination>
		</relationship>
		<relationship name="panner">
			<destination>{72525ff5-7f1f-47f9-a87f-aacdd87ed618}</destination>
		</relationship>
		<relationship name="mixer">
			<destination>{667b88d8-9aa3-42c2-b1f9-79210ccbf8a4}</destination>
		</relationship>
	</object>
	<object class="MixerBusEffectChain" id="{703b5d85-8dbc-43e3-8b95-a0dd85af0ced}">
		<relationship name="effects">
			<destination>{9772fcc4-fc2b-497a-869f-d4a85d34434d}</destination>
		</relationship>
	</object>
	<object class="MixerBusPanner" id="{cd9f1c81-0086-4288-9155-cc434b61eaf7}" />
	<object class="MultiSound" id="{9ef2c863-75aa-40ce-ba12-de17fc372aa6}">
		<property name="length">
			<value>3.4264583333333332</value>
		</property>
		<relationship name="sounds">
			<destination>{2b7d1293-dd7f-499b-948c-9dce441895e6}</destination>
			<destination>{36ddf530-7ba1-4f9d-ace6-532e4e8d5de4}</destination>
			<destination>{7191fb66-9799-4743-adf2-236272c40591}</destination>
			<destination>{1933ab17-f607-4075-8643-c7f6d78171eb}</destination>
		</relationship>
	</object>
	<object class="EventMixerGroup" id="{0f0f5b8c-9a62-43e5-904c-76e39c56ab1a}">
		<property name="name">
			<value>Audio 1</value>
		</property>
		<relationship name="effectChain">
			<destination>{69a52883-83a1-4889-a879-5d235b5a0b1e}</destination>
		</relationship>
		<relationship name="panner">
			<destination>{ddfaff08-8580-4518-993d-8033e265cf98}</destination>
		</relationship>
		<relationship name="output">
			<destination>{0267cfd1-0751-4537-9727-d9b070ec216f}</destination>
		</relationship>
	</object>
	<object class="MixerBusEffectChain" id="{ec14d6a2-cac3-4751-8a9c-319009f97343}">
		<relationship name="effects">
			<destination>{da882e10-9301-49d2-a3c3-1225e220b3d9}</destination>
		</relationship>
	</object>
	<object class="MixerBusPanner" id="{72525ff5-7f1f-47f9-a87f-aacdd87ed618}" />
	<object class="MixerBusFader" id="{9772fcc4-fc2b-497a-869f-d4a85d34434d}" />
	<object class="SingleSound" id="{2b7d1293-dd7f-499b-948c-9dce441895e6}">
		<relationship name="audioFile">
			<destination>{b31c40f6-2f43-40f7-9823-498e2d69d5a4}</destination>
		</relationship>
	</object>
	<object class="SingleSound" id="{36ddf530-7ba1-4f9d-ace6-532e4e8d5de4}">
		<relationship name="audioFile">
			<destination>{d1cca135-c017-43aa-91fe-f7909f31caf2}</destination>
		</relationship>
	</object>
	<object class="SingleSound" id="{7191fb66-9799-4743-adf2-236272c40591}">
		<relationship name="audioFile">
			<destination>{851679a6-7839-41f7-b474-10e13705ef2f}</destination>
		</relationship>
	</object>
	<object class="SingleSound" id="{1933ab17-f607-4075-8643-c7f6d78171eb}" />
	<object class="MixerBusEffectChain" id="{69a52883-83a1-4889-a879-5d235b5a0b1e}">
		<relationship name="effects">
			<destination>{93a0f61f-f295-4dfb-9486-230e0eee5cf1}</destination>
		</relationship>
	</object>
	<object class="MixerBusPanner" id="{ddfaff08-8580-4518-993d-8033e265cf98}" />
	<object class="MixerBusFader" id="{da882e10-9301-49d2-a3c3-1225e220b3d9}" />
	<object class="MixerBusFader" id="{93a0f61f-f295-4dfb-9486-230e0eee5cf1}" />
</objects>
