<?xml version="1.0" encoding="UTF-8"?>
<objects serializationModel="Studio.02.01.00">
	<object class="Event" id="{11616063-af82-411e-93b1-788b081f4eaa}">
		<property name="name">
			<value>Assigned</value>
		</property>
		<property name="outputFormat">
			<value>0</value>
		</property>
		<relationship name="folder">
			<destination>{9a5fb924-cffd-4b4c-a839-bb6389fc324d}</destination>
		</relationship>
		<relationship name="mixer">
			<destination>{75454500-bec2-421b-9695-c4349251074d}</destination>
		</relationship>
		<relationship name="masterTrack">
			<destination>{22d00713-7202-45a9-bd48-74bc546fe964}</destination>
		</relationship>
		<relationship name="mixerInput">
			<destination>{c6184bd8-b7a5-4cf1-9967-ce487090e65c}</destination>
		</relationship>
		<relationship name="automatableProperties">
			<destination>{b7220aa1-99db-42ab-a755-f7a2b4706d90}</destination>
		</relationship>
		<relationship name="markerTracks">
			<destination>{2735644d-0b82-4a83-8824-fce694b5ee11}</destination>
		</relationship>
		<relationship name="groupTracks">
			<destination>{e4919113-ce5f-4424-95cb-3c7f87626f0f}</destination>
		</relationship>
		<relationship name="timeline">
			<destination>{1669a756-77cb-48e1-b718-6cfe24948e60}</destination>
		</relationship>
		<relationship name="banks">
			<destination>{8c3f9de4-14c8-4279-a712-2040780fff61}</destination>
		</relationship>
	</object>
	<object class="EventMixer" id="{75454500-bec2-421b-9695-c4349251074d}">
		<relationship name="masterBus">
			<destination>{d0683e26-c952-4427-a721-42cca8f7ab33}</destination>
		</relationship>
	</object>
	<object class="MasterTrack" id="{22d00713-7202-45a9-bd48-74bc546fe964}">
		<relationship name="mixerGroup">
			<destination>{d0683e26-c952-4427-a721-42cca8f7ab33}</destination>
		</relationship>
	</object>
	<object class="MixerInput" id="{c6184bd8-b7a5-4cf1-9967-ce487090e65c}">
		<relationship name="effectChain">
			<destination>{74d2b43c-d9cf-42f9-8c53-82df0141bcf5}</destination>
		</relationship>
		<relationship name="panner">
			<destination>{55c55996-60cf-4500-a470-8ec7e37e48a4}</destination>
		</relationship>
		<relationship name="output">
			<destination>{a74bdffc-cbb2-488b-ae3c-038020e1273d}</destination>
		</relationship>
	</object>
	<object class="EventAutomatableProperties" id="{b7220aa1-99db-42ab-a755-f7a2b4706d90}" />
	<object class="MarkerTrack" id="{2735644d-0b82-4a83-8824-fce694b5ee11}" />
	<object class="GroupTrack" id="{e4919113-ce5f-4424-95cb-3c7f87626f0f}">
		<relationship name="modules">
			<destination>{5a7d49a0-a182-4593-a13c-bdf54610a7ae}</destination>
		</relationship>
		<relationship name="mixerGroup">
			<destination>{02afd1c8-2d17-4034-ab20-a79234eb6898}</destination>
		</relationship>
	</object>
	<object class="Timeline" id="{1669a756-77cb-48e1-b718-6cfe24948e60}">
		<relationship name="modules">
			<destination>{5a7d49a0-a182-4593-a13c-bdf54610a7ae}</destination>
		</relationship>
	</object>
	<object class="EventMixerMaster" id="{d0683e26-c952-4427-a721-42cca8f7ab33}">
		<relationship name="effectChain">
			<destination>{12806a2e-9e53-4ea7-bcba-e71fc7dca251}</destination>
		</relationship>
		<relationship name="panner">
			<destination>{4b01cc71-9dc7-4459-8546-b115bdfd5acf}</destination>
		</relationship>
		<relationship name="mixer">
			<destination>{75454500-bec2-421b-9695-c4349251074d}</destination>
		</relationship>
	</object>
	<object class="MixerBusEffectChain" id="{74d2b43c-d9cf-42f9-8c53-82df0141bcf5}">
		<relationship name="effects">
			<destination>{334f5a6b-0ce2-4e06-847e-b72ea6dc75ca}</destination>
		</relationship>
	</object>
	<object class="MixerBusPanner" id="{55c55996-60cf-4500-a470-8ec7e37e48a4}" />
	<object class="MultiSound" id="{5a7d49a0-a182-4593-a13c-bdf54610a7ae}">
		<property name="length">
			<value>2.4665416666666666</value>
		</property>
		<relationship name="sounds">
			<destination>{fafe25bb-3ff5-485d-aa14-7ea153c308c9}</destination>
			<destination>{05e09f7f-7cf0-4198-aa1e-5030fc97e5f6}</destination>
			<destination>{779cd307-5d89-488b-8b92-646cd618d320}</destination>
			<destination>{a055831f-0395-41c7-b9f0-740cb89b225c}</destination>
		</relationship>
	</object>
	<object class="EventMixerGroup" id="{02afd1c8-2d17-4034-ab20-a79234eb6898}">
		<property name="name">
			<value>Audio 1</value>
		</property>
		<relationship name="effectChain">
			<destination>{d2554824-6b9e-44ae-ad30-76945e220f82}</destination>
		</relationship>
		<relationship name="panner">
			<destination>{4ff05e66-1ae2-4b1f-b61d-8d866512ee6a}</destination>
		</relationship>
		<relationship name="output">
			<destination>{d0683e26-c952-4427-a721-42cca8f7ab33}</destination>
		</relationship>
	</object>
	<object class="MixerBusEffectChain" id="{12806a2e-9e53-4ea7-bcba-e71fc7dca251}">
		<relationship name="effects">
			<destination>{cc82addb-153c-486a-95f8-4e1ee7d0661e}</destination>
		</relationship>
	</object>
	<object class="MixerBusPanner" id="{4b01cc71-9dc7-4459-8546-b115bdfd5acf}" />
	<object class="MixerBusFader" id="{334f5a6b-0ce2-4e06-847e-b72ea6dc75ca}" />
	<object class="SingleSound" id="{fafe25bb-3ff5-485d-aa14-7ea153c308c9}">
		<relationship name="audioFile">
			<destination>{dda0e599-23cc-46a8-9a01-c42a0d866a38}</destination>
		</relationship>
	</object>
	<object class="SingleSound" id="{05e09f7f-7cf0-4198-aa1e-5030fc97e5f6}">
		<relationship name="audioFile">
			<destination>{caa413f1-758d-470c-8364-9d3b03428594}</destination>
		</relationship>
	</object>
	<object class="SingleSound" id="{779cd307-5d89-488b-8b92-646cd618d320}">
		<relationship name="audioFile">
			<destination>{66d1a0ea-bc19-457b-b4e4-300832fefbcb}</destination>
		</relationship>
	</object>
	<object class="SingleSound" id="{a055831f-0395-41c7-b9f0-740cb89b225c}">
		<relationship name="audioFile">
			<destination>{55952d2e-07a4-49a2-9d09-f8893eb73031}</destination>
		</relationship>
	</object>
	<object class="MixerBusEffectChain" id="{d2554824-6b9e-44ae-ad30-76945e220f82}">
		<relationship name="effects">
			<destination>{0a06d5d2-2580-4ef7-a31a-1c81095b3b72}</destination>
		</relationship>
	</object>
	<object class="MixerBusPanner" id="{4ff05e66-1ae2-4b1f-b61d-8d866512ee6a}" />
	<object class="MixerBusFader" id="{cc82addb-153c-486a-95f8-4e1ee7d0661e}" />
	<object class="MixerBusFader" id="{0a06d5d2-2580-4ef7-a31a-1c81095b3b72}" />
</objects>
