<?xml version="1.0" encoding="UTF-8"?>
<objects serializationModel="Studio.02.01.00">
	<object class="Event" id="{116acfce-97db-40d4-bd73-0b7a27e75f95}">
		<property name="name">
			<value>Assigned</value>
		</property>
		<property name="outputFormat">
			<value>0</value>
		</property>
		<relationship name="folder">
			<destination>{b0b0991c-335c-4205-bc51-52498cb94c65}</destination>
		</relationship>
		<relationship name="mixer">
			<destination>{96fe3ffb-7091-4e09-bf4a-2ece05d309eb}</destination>
		</relationship>
		<relationship name="masterTrack">
			<destination>{0ce2c885-bc7f-4eb6-9a27-28c11d565c34}</destination>
		</relationship>
		<relationship name="mixerInput">
			<destination>{1ecee536-65c3-4471-9fd8-c35546bcfe90}</destination>
		</relationship>
		<relationship name="automatableProperties">
			<destination>{515d0dc3-a42a-4072-a9a8-7e6fe3f5340b}</destination>
		</relationship>
		<relationship name="markerTracks">
			<destination>{11abd78e-5972-4034-90e1-45db67f780dc}</destination>
		</relationship>
		<relationship name="groupTracks">
			<destination>{41ffc404-5888-4adf-abd6-c37a4edc8fa3}</destination>
		</relationship>
		<relationship name="timeline">
			<destination>{c0d79e08-3fb3-4ea5-adb7-cf36d3df09a1}</destination>
		</relationship>
		<relationship name="banks">
			<destination>{8c3f9de4-14c8-4279-a712-2040780fff61}</destination>
		</relationship>
	</object>
	<object class="EventMixer" id="{96fe3ffb-7091-4e09-bf4a-2ece05d309eb}">
		<relationship name="masterBus">
			<destination>{a8f59172-c2ab-4b52-963d-ccca3155e210}</destination>
		</relationship>
	</object>
	<object class="MasterTrack" id="{0ce2c885-bc7f-4eb6-9a27-28c11d565c34}">
		<relationship name="mixerGroup">
			<destination>{a8f59172-c2ab-4b52-963d-ccca3155e210}</destination>
		</relationship>
	</object>
	<object class="MixerInput" id="{1ecee536-65c3-4471-9fd8-c35546bcfe90}">
		<relationship name="effectChain">
			<destination>{4394dfc5-573c-4e98-8f4f-1b9fcf725f97}</destination>
		</relationship>
		<relationship name="panner">
			<destination>{79fa9259-0c5a-4e9e-91b2-bf230daff6a0}</destination>
		</relationship>
		<relationship name="output">
			<destination>{a74bdffc-cbb2-488b-ae3c-038020e1273d}</destination>
		</relationship>
	</object>
	<object class="EventAutomatableProperties" id="{515d0dc3-a42a-4072-a9a8-7e6fe3f5340b}" />
	<object class="MarkerTrack" id="{11abd78e-5972-4034-90e1-45db67f780dc}" />
	<object class="GroupTrack" id="{41ffc404-5888-4adf-abd6-c37a4edc8fa3}">
		<relationship name="modules">
			<destination>{333d592a-f94b-4525-ab7b-d6f8a51abf77}</destination>
		</relationship>
		<relationship name="mixerGroup">
			<destination>{dc403abd-e44b-4eeb-9cbe-976a26880ba0}</destination>
		</relationship>
	</object>
	<object class="Timeline" id="{c0d79e08-3fb3-4ea5-adb7-cf36d3df09a1}">
		<relationship name="modules">
			<destination>{333d592a-f94b-4525-ab7b-d6f8a51abf77}</destination>
		</relationship>
	</object>
	<object class="EventMixerMaster" id="{a8f59172-c2ab-4b52-963d-ccca3155e210}">
		<relationship name="effectChain">
			<destination>{bb69e251-923c-46b2-a0c1-f3804e1dd892}</destination>
		</relationship>
		<relationship name="panner">
			<destination>{0a141545-182d-46a7-80be-23cce445adb0}</destination>
		</relationship>
		<relationship name="mixer">
			<destination>{96fe3ffb-7091-4e09-bf4a-2ece05d309eb}</destination>
		</relationship>
	</object>
	<object class="MixerBusEffectChain" id="{4394dfc5-573c-4e98-8f4f-1b9fcf725f97}">
		<relationship name="effects">
			<destination>{84fe6737-62f9-4c36-8455-d5ce29b6bd9f}</destination>
		</relationship>
	</object>
	<object class="MixerBusPanner" id="{79fa9259-0c5a-4e9e-91b2-bf230daff6a0}" />
	<object class="MultiSound" id="{333d592a-f94b-4525-ab7b-d6f8a51abf77}">
		<property name="length">
			<value>2.5975000000000001</value>
		</property>
		<relationship name="sounds">
			<destination>{cc2906fa-39a0-4b1a-82f0-3085f2ca245f}</destination>
			<destination>{37bf066d-b42d-4374-9b5d-dfe488504a0a}</destination>
			<destination>{398eb027-fdfb-49cd-ac3d-da2c0cad2fdc}</destination>
			<destination>{0337baf9-6955-4e86-a4da-d60b5252b080}</destination>
			<destination>{e313de9b-8e82-4b2a-8512-37642471ea46}</destination>
		</relationship>
	</object>
	<object class="EventMixerGroup" id="{dc403abd-e44b-4eeb-9cbe-976a26880ba0}">
		<property name="name">
			<value>Audio 1</value>
		</property>
		<relationship name="effectChain">
			<destination>{212ea3d3-0b2d-4fea-8302-c37643aa4cc2}</destination>
		</relationship>
		<relationship name="panner">
			<destination>{dd1ecb5e-4ac7-4052-be09-82b82a8b21df}</destination>
		</relationship>
		<relationship name="output">
			<destination>{a8f59172-c2ab-4b52-963d-ccca3155e210}</destination>
		</relationship>
	</object>
	<object class="MixerBusEffectChain" id="{bb69e251-923c-46b2-a0c1-f3804e1dd892}">
		<relationship name="effects">
			<destination>{3aee79fb-474f-46e4-bf36-2bfa0d29f69b}</destination>
		</relationship>
	</object>
	<object class="MixerBusPanner" id="{0a141545-182d-46a7-80be-23cce445adb0}" />
	<object class="MixerBusFader" id="{84fe6737-62f9-4c36-8455-d5ce29b6bd9f}" />
	<object class="SingleSound" id="{cc2906fa-39a0-4b1a-82f0-3085f2ca245f}">
		<relationship name="audioFile">
			<destination>{9097ae75-2a09-4029-872e-be470463511a}</destination>
		</relationship>
	</object>
	<object class="SingleSound" id="{37bf066d-b42d-4374-9b5d-dfe488504a0a}">
		<relationship name="audioFile">
			<destination>{4fb0c043-bea4-493d-965e-d061f68a9664}</destination>
		</relationship>
	</object>
	<object class="SingleSound" id="{398eb027-fdfb-49cd-ac3d-da2c0cad2fdc}">
		<relationship name="audioFile">
			<destination>{0f678326-d4ea-4652-ad69-086ee5b88276}</destination>
		</relationship>
	</object>
	<object class="SingleSound" id="{0337baf9-6955-4e86-a4da-d60b5252b080}">
		<relationship name="audioFile">
			<destination>{e23339c0-5af4-4ec9-8544-d8b11a17b726}</destination>
		</relationship>
	</object>
	<object class="SingleSound" id="{e313de9b-8e82-4b2a-8512-37642471ea46}">
		<relationship name="audioFile">
			<destination>{12cda953-4d87-4250-a278-08b1efbdbdc3}</destination>
		</relationship>
	</object>
	<object class="MixerBusEffectChain" id="{212ea3d3-0b2d-4fea-8302-c37643aa4cc2}">
		<relationship name="effects">
			<destination>{8f69ec0e-0414-4029-9b6d-2d5f5a36de7c}</destination>
		</relationship>
	</object>
	<object class="MixerBusPanner" id="{dd1ecb5e-4ac7-4052-be09-82b82a8b21df}" />
	<object class="MixerBusFader" id="{3aee79fb-474f-46e4-bf36-2bfa0d29f69b}" />
	<object class="MixerBusFader" id="{8f69ec0e-0414-4029-9b6d-2d5f5a36de7c}" />
</objects>
