<?xml version="1.0" encoding="UTF-8"?>
<objects serializationModel="Studio.02.01.00">
	<object class="Event" id="{116279f3-e742-4c7e-b04e-88d1eb92ddf4}">
		<property name="name">
			<value>Success</value>
		</property>
		<property name="outputFormat">
			<value>0</value>
		</property>
		<relationship name="folder">
			<destination>{e01b3755-113a-4e9a-aa2a-922703e998e4}</destination>
		</relationship>
		<relationship name="mixer">
			<destination>{c47671fd-9648-4743-ac3b-81fa22101494}</destination>
		</relationship>
		<relationship name="masterTrack">
			<destination>{95a15af3-a271-48a9-95c6-7963c06447c2}</destination>
		</relationship>
		<relationship name="mixerInput">
			<destination>{9e7de8de-0c46-4fab-8c7c-ccc903df9a52}</destination>
		</relationship>
		<relationship name="automatableProperties">
			<destination>{f3e42e96-9570-431a-a658-94bc30f4fb27}</destination>
		</relationship>
		<relationship name="markerTracks">
			<destination>{f2b61c85-18a2-414a-9e29-e8d9836275b3}</destination>
		</relationship>
		<relationship name="groupTracks">
			<destination>{1fa56627-b982-4d00-ab72-d7259340616f}</destination>
		</relationship>
		<relationship name="timeline">
			<destination>{410da642-959f-4b3d-988d-a13ae1815ccd}</destination>
		</relationship>
		<relationship name="banks">
			<destination>{8c3f9de4-14c8-4279-a712-2040780fff61}</destination>
		</relationship>
	</object>
	<object class="EventMixer" id="{c47671fd-9648-4743-ac3b-81fa22101494}">
		<relationship name="masterBus">
			<destination>{75125313-61bd-4da4-9ebe-314e91d4b734}</destination>
		</relationship>
	</object>
	<object class="MasterTrack" id="{95a15af3-a271-48a9-95c6-7963c06447c2}">
		<relationship name="mixerGroup">
			<destination>{75125313-61bd-4da4-9ebe-314e91d4b734}</destination>
		</relationship>
	</object>
	<object class="MixerInput" id="{9e7de8de-0c46-4fab-8c7c-ccc903df9a52}">
		<relationship name="effectChain">
			<destination>{a79b9033-0438-40ef-a212-5cc887e09bd4}</destination>
		</relationship>
		<relationship name="panner">
			<destination>{16e4603b-ae54-46fb-8a04-0f0daadedbb6}</destination>
		</relationship>
		<relationship name="output">
			<destination>{a74bdffc-cbb2-488b-ae3c-038020e1273d}</destination>
		</relationship>
	</object>
	<object class="EventAutomatableProperties" id="{f3e42e96-9570-431a-a658-94bc30f4fb27}" />
	<object class="MarkerTrack" id="{f2b61c85-18a2-414a-9e29-e8d9836275b3}" />
	<object class="GroupTrack" id="{1fa56627-b982-4d00-ab72-d7259340616f}">
		<relationship name="modules">
			<destination>{256a1851-e20d-4746-a3e4-62ed2fb13c83}</destination>
		</relationship>
		<relationship name="mixerGroup">
			<destination>{8eafe26b-ee3a-4322-ab31-819bdf7bf01a}</destination>
		</relationship>
	</object>
	<object class="Timeline" id="{410da642-959f-4b3d-988d-a13ae1815ccd}">
		<relationship name="modules">
			<destination>{256a1851-e20d-4746-a3e4-62ed2fb13c83}</destination>
		</relationship>
	</object>
	<object class="EventMixerMaster" id="{75125313-61bd-4da4-9ebe-314e91d4b734}">
		<relationship name="effectChain">
			<destination>{83c59576-8962-47c9-b402-aae3c7792cd5}</destination>
		</relationship>
		<relationship name="panner">
			<destination>{7ef446cf-abb4-48d5-8070-9cc5a7b7e3b0}</destination>
		</relationship>
		<relationship name="mixer">
			<destination>{c47671fd-9648-4743-ac3b-81fa22101494}</destination>
		</relationship>
	</object>
	<object class="MixerBusEffectChain" id="{a79b9033-0438-40ef-a212-5cc887e09bd4}">
		<relationship name="effects">
			<destination>{54d3c841-6fb9-42c7-ac1a-812fdcf0cff0}</destination>
		</relationship>
	</object>
	<object class="MixerBusPanner" id="{16e4603b-ae54-46fb-8a04-0f0daadedbb6}" />
	<object class="MultiSound" id="{256a1851-e20d-4746-a3e4-62ed2fb13c83}">
		<property name="length">
			<value>1.8563958333333332</value>
		</property>
		<relationship name="sounds">
			<destination>{a77133a0-6d5b-4f35-ac94-8315cf2523bb}</destination>
			<destination>{8e446074-f474-4ecf-b8d2-34a1419d07a5}</destination>
			<destination>{1894e040-3221-4715-9c41-8fe934a60d71}</destination>
		</relationship>
	</object>
	<object class="EventMixerGroup" id="{8eafe26b-ee3a-4322-ab31-819bdf7bf01a}">
		<property name="name">
			<value>Audio 1</value>
		</property>
		<relationship name="effectChain">
			<destination>{620d258c-93cb-444c-ba56-f48c812dc3b5}</destination>
		</relationship>
		<relationship name="panner">
			<destination>{c942fe15-2e15-466e-9b6c-719d2d3d6a3c}</destination>
		</relationship>
		<relationship name="output">
			<destination>{75125313-61bd-4da4-9ebe-314e91d4b734}</destination>
		</relationship>
	</object>
	<object class="MixerBusEffectChain" id="{83c59576-8962-47c9-b402-aae3c7792cd5}">
		<relationship name="effects">
			<destination>{dfbd8b85-d88e-48d2-97cc-dec4685c68a8}</destination>
		</relationship>
	</object>
	<object class="MixerBusPanner" id="{7ef446cf-abb4-48d5-8070-9cc5a7b7e3b0}" />
	<object class="MixerBusFader" id="{54d3c841-6fb9-42c7-ac1a-812fdcf0cff0}" />
	<object class="SingleSound" id="{a77133a0-6d5b-4f35-ac94-8315cf2523bb}">
		<relationship name="audioFile">
			<destination>{f372fa14-d46c-4ba2-be11-53c24f618240}</destination>
		</relationship>
	</object>
	<object class="SingleSound" id="{8e446074-f474-4ecf-b8d2-34a1419d07a5}">
		<relationship name="audioFile">
			<destination>{8db30313-672a-4c1f-97bc-bde0336266b6}</destination>
		</relationship>
	</object>
	<object class="SingleSound" id="{1894e040-3221-4715-9c41-8fe934a60d71}">
		<relationship name="audioFile">
			<destination>{865a49c9-e7c0-4731-bc46-42923ee1a52d}</destination>
		</relationship>
	</object>
	<object class="MixerBusEffectChain" id="{620d258c-93cb-444c-ba56-f48c812dc3b5}">
		<relationship name="effects">
			<destination>{0c8f034c-623a-4356-bf27-10aec5e51f5b}</destination>
		</relationship>
	</object>
	<object class="MixerBusPanner" id="{c942fe15-2e15-466e-9b6c-719d2d3d6a3c}" />
	<object class="MixerBusFader" id="{dfbd8b85-d88e-48d2-97cc-dec4685c68a8}" />
	<object class="MixerBusFader" id="{0c8f034c-623a-4356-bf27-10aec5e51f5b}" />
</objects>
