<?xml version="1.0" encoding="UTF-8"?>
<objects serializationModel="Studio.02.01.00">
	<object class="Event" id="{117a2414-5ee1-49cc-87db-d1d50250c067}">
		<property name="name">
			<value>Faction_ObjectiveQuote_Destroy_3</value>
		</property>
		<property name="outputFormat">
			<value>0</value>
		</property>
		<relationship name="folder">
			<destination>{158ad337-8269-4a32-865c-d3c458683eff}</destination>
		</relationship>
		<relationship name="mixer">
			<destination>{a403bd29-2150-4e6e-86a9-fc4b0e64fc8c}</destination>
		</relationship>
		<relationship name="masterTrack">
			<destination>{f77ca45b-69d8-4399-93de-06ff9bf03622}</destination>
		</relationship>
		<relationship name="mixerInput">
			<destination>{5b807b2b-6cf2-46f2-89eb-780fc59fb0b7}</destination>
		</relationship>
		<relationship name="automatableProperties">
			<destination>{b27d1806-4efd-4f85-b78b-6890c7c6206d}</destination>
		</relationship>
		<relationship name="markerTracks">
			<destination>{560fb2dc-a707-4a07-bb61-a6be62e1ad99}</destination>
		</relationship>
		<relationship name="groupTracks">
			<destination>{ddb4d742-9458-4268-8069-cc37a01b1b55}</destination>
		</relationship>
		<relationship name="timeline">
			<destination>{363e6490-0220-4652-8858-d8b7d9c6d073}</destination>
		</relationship>
		<relationship name="banks">
			<destination>{8c3f9de4-14c8-4279-a712-2040780fff61}</destination>
		</relationship>
	</object>
	<object class="EventMixer" id="{a403bd29-2150-4e6e-86a9-fc4b0e64fc8c}">
		<relationship name="masterBus">
			<destination>{86c4a217-a7c6-40da-8c4a-f979b96358a3}</destination>
		</relationship>
	</object>
	<object class="MasterTrack" id="{f77ca45b-69d8-4399-93de-06ff9bf03622}">
		<relationship name="mixerGroup">
			<destination>{86c4a217-a7c6-40da-8c4a-f979b96358a3}</destination>
		</relationship>
	</object>
	<object class="MixerInput" id="{5b807b2b-6cf2-46f2-89eb-780fc59fb0b7}">
		<relationship name="effectChain">
			<destination>{94ffdf2c-8baa-4156-8871-0d3a13913c09}</destination>
		</relationship>
		<relationship name="panner">
			<destination>{f381009b-fd73-4d3a-8f48-cc34f850fd44}</destination>
		</relationship>
		<relationship name="output">
			<destination>{a74bdffc-cbb2-488b-ae3c-038020e1273d}</destination>
		</relationship>
	</object>
	<object class="EventAutomatableProperties" id="{b27d1806-4efd-4f85-b78b-6890c7c6206d}" />
	<object class="MarkerTrack" id="{560fb2dc-a707-4a07-bb61-a6be62e1ad99}" />
	<object class="GroupTrack" id="{ddb4d742-9458-4268-8069-cc37a01b1b55}">
		<relationship name="modules">
			<destination>{c58742ac-c072-4805-8d7e-7e67102d900b}</destination>
		</relationship>
		<relationship name="mixerGroup">
			<destination>{9bbcca26-749d-4ffb-9e3b-851bfbb5e0a7}</destination>
		</relationship>
	</object>
	<object class="Timeline" id="{363e6490-0220-4652-8858-d8b7d9c6d073}">
		<relationship name="modules">
			<destination>{c58742ac-c072-4805-8d7e-7e67102d900b}</destination>
		</relationship>
	</object>
	<object class="EventMixerMaster" id="{86c4a217-a7c6-40da-8c4a-f979b96358a3}">
		<relationship name="effectChain">
			<destination>{7ea0c031-507f-4f9f-88af-48ec8e528022}</destination>
		</relationship>
		<relationship name="panner">
			<destination>{a3241c2a-4d1f-4693-8b1e-6bcd47f1c44b}</destination>
		</relationship>
		<relationship name="mixer">
			<destination>{a403bd29-2150-4e6e-86a9-fc4b0e64fc8c}</destination>
		</relationship>
	</object>
	<object class="MixerBusEffectChain" id="{94ffdf2c-8baa-4156-8871-0d3a13913c09}">
		<relationship name="effects">
			<destination>{10426df6-9ff4-489f-9a4c-25fde3fcd8cb}</destination>
		</relationship>
	</object>
	<object class="MixerBusPanner" id="{f381009b-fd73-4d3a-8f48-cc34f850fd44}" />
	<object class="SingleSound" id="{c58742ac-c072-4805-8d7e-7e67102d900b}">
		<property name="length">
			<value>1.9106875000000001</value>
		</property>
		<relationship name="audioFile">
			<destination>{fefaad35-bd17-49f8-aa37-1bab7d68fe98}</destination>
		</relationship>
	</object>
	<object class="EventMixerGroup" id="{9bbcca26-749d-4ffb-9e3b-851bfbb5e0a7}">
		<property name="name">
			<value>Audio 1</value>
		</property>
		<relationship name="effectChain">
			<destination>{c8ec9067-ff80-4d02-b837-ede6b8977e79}</destination>
		</relationship>
		<relationship name="panner">
			<destination>{19403d57-9f09-4c77-9e4d-e628256cfa66}</destination>
		</relationship>
		<relationship name="output">
			<destination>{86c4a217-a7c6-40da-8c4a-f979b96358a3}</destination>
		</relationship>
	</object>
	<object class="MixerBusEffectChain" id="{7ea0c031-507f-4f9f-88af-48ec8e528022}">
		<relationship name="effects">
			<destination>{d6c01fb9-2f92-4783-a993-4f621b503295}</destination>
		</relationship>
	</object>
	<object class="MixerBusPanner" id="{a3241c2a-4d1f-4693-8b1e-6bcd47f1c44b}" />
	<object class="MixerBusFader" id="{10426df6-9ff4-489f-9a4c-25fde3fcd8cb}" />
	<object class="MixerBusEffectChain" id="{c8ec9067-ff80-4d02-b837-ede6b8977e79}">
		<relationship name="effects">
			<destination>{70714103-0abe-4913-a5fa-e65bf6f627b5}</destination>
		</relationship>
	</object>
	<object class="MixerBusPanner" id="{19403d57-9f09-4c77-9e4d-e628256cfa66}" />
	<object class="MixerBusFader" id="{d6c01fb9-2f92-4783-a993-4f621b503295}" />
	<object class="MixerBusFader" id="{70714103-0abe-4913-a5fa-e65bf6f627b5}" />
</objects>
