<?xml version="1.0" encoding="UTF-8"?>
<objects serializationModel="Studio.02.01.00">
	<object class="Event" id="{1183b445-f72f-45ab-b125-eebe5b0ca425}">
		<property name="name">
			<value>Assigned</value>
		</property>
		<property name="outputFormat">
			<value>0</value>
		</property>
		<relationship name="folder">
			<destination>{675867c7-9479-49f1-8157-036621364ee9}</destination>
		</relationship>
		<relationship name="mixer">
			<destination>{1f9999ff-6f62-426c-a176-6f788c3a9e32}</destination>
		</relationship>
		<relationship name="masterTrack">
			<destination>{3a46aeb4-885d-4023-a608-af0d247f180b}</destination>
		</relationship>
		<relationship name="mixerInput">
			<destination>{0304c691-2173-4e32-b523-b37b85f14c02}</destination>
		</relationship>
		<relationship name="automatableProperties">
			<destination>{01c39542-17c6-49a9-874c-05260f788257}</destination>
		</relationship>
		<relationship name="markerTracks">
			<destination>{34382198-23ef-40a2-9950-fc16726899e1}</destination>
		</relationship>
		<relationship name="groupTracks">
			<destination>{83993cda-5080-462d-826d-fa106d9728ce}</destination>
		</relationship>
		<relationship name="timeline">
			<destination>{92cce1f8-9e5c-48c6-98e7-406059dd973e}</destination>
		</relationship>
		<relationship name="banks">
			<destination>{8c3f9de4-14c8-4279-a712-2040780fff61}</destination>
		</relationship>
	</object>
	<object class="EventMixer" id="{1f9999ff-6f62-426c-a176-6f788c3a9e32}">
		<relationship name="masterBus">
			<destination>{4884b7f1-7cdc-4f43-985d-e688eee439fc}</destination>
		</relationship>
	</object>
	<object class="MasterTrack" id="{3a46aeb4-885d-4023-a608-af0d247f180b}">
		<relationship name="mixerGroup">
			<destination>{4884b7f1-7cdc-4f43-985d-e688eee439fc}</destination>
		</relationship>
	</object>
	<object class="MixerInput" id="{0304c691-2173-4e32-b523-b37b85f14c02}">
		<relationship name="effectChain">
			<destination>{f2b875ad-e207-422e-87ad-dd0689910df6}</destination>
		</relationship>
		<relationship name="panner">
			<destination>{1921828e-f56d-4860-8b18-f19cd693b20e}</destination>
		</relationship>
		<relationship name="output">
			<destination>{a74bdffc-cbb2-488b-ae3c-038020e1273d}</destination>
		</relationship>
	</object>
	<object class="EventAutomatableProperties" id="{01c39542-17c6-49a9-874c-05260f788257}" />
	<object class="MarkerTrack" id="{34382198-23ef-40a2-9950-fc16726899e1}" />
	<object class="GroupTrack" id="{83993cda-5080-462d-826d-fa106d9728ce}">
		<relationship name="modules">
			<destination>{1ae9d785-e979-49f4-8d13-a65e04130355}</destination>
		</relationship>
		<relationship name="mixerGroup">
			<destination>{c5e051ee-7d5b-4ce8-b8fa-460cae9737f4}</destination>
		</relationship>
	</object>
	<object class="Timeline" id="{92cce1f8-9e5c-48c6-98e7-406059dd973e}">
		<relationship name="modules">
			<destination>{1ae9d785-e979-49f4-8d13-a65e04130355}</destination>
		</relationship>
	</object>
	<object class="EventMixerMaster" id="{4884b7f1-7cdc-4f43-985d-e688eee439fc}">
		<relationship name="effectChain">
			<destination>{f7c0ad99-a8ff-4c47-88b8-85c79de62a28}</destination>
		</relationship>
		<relationship name="panner">
			<destination>{ecb3fffc-a526-481f-b440-077d367f3f94}</destination>
		</relationship>
		<relationship name="mixer">
			<destination>{1f9999ff-6f62-426c-a176-6f788c3a9e32}</destination>
		</relationship>
	</object>
	<object class="MixerBusEffectChain" id="{f2b875ad-e207-422e-87ad-dd0689910df6}">
		<relationship name="effects">
			<destination>{155ca4f2-35fd-4125-8c7e-b0e834f8f0ce}</destination>
		</relationship>
	</object>
	<object class="MixerBusPanner" id="{1921828e-f56d-4860-8b18-f19cd693b20e}" />
	<object class="MultiSound" id="{1ae9d785-e979-49f4-8d13-a65e04130355}">
		<property name="length">
			<value>2.3943958333333333</value>
		</property>
		<relationship name="sounds">
			<destination>{355f9e5a-f62a-4b52-886d-e2d5d57bea51}</destination>
			<destination>{3533e341-e95e-460e-9054-51c7c4e8d349}</destination>
			<destination>{7e10b236-aa88-4fc8-842a-8e9b6608ec0b}</destination>
			<destination>{44422ee9-c16e-4090-b7f1-ed98589ec080}</destination>
			<destination>{688b69c8-5474-4e61-a785-330b8f576a6c}</destination>
		</relationship>
	</object>
	<object class="EventMixerGroup" id="{c5e051ee-7d5b-4ce8-b8fa-460cae9737f4}">
		<property name="name">
			<value>Audio 1</value>
		</property>
		<relationship name="effectChain">
			<destination>{f52014db-02bc-4783-99ef-21102486d990}</destination>
		</relationship>
		<relationship name="panner">
			<destination>{f96707ad-1901-493a-b137-9b156ac407e6}</destination>
		</relationship>
		<relationship name="output">
			<destination>{4884b7f1-7cdc-4f43-985d-e688eee439fc}</destination>
		</relationship>
	</object>
	<object class="MixerBusEffectChain" id="{f7c0ad99-a8ff-4c47-88b8-85c79de62a28}">
		<relationship name="effects">
			<destination>{00b525a1-63b8-4cb5-89a0-82fbba1bd621}</destination>
		</relationship>
	</object>
	<object class="MixerBusPanner" id="{ecb3fffc-a526-481f-b440-077d367f3f94}" />
	<object class="MixerBusFader" id="{155ca4f2-35fd-4125-8c7e-b0e834f8f0ce}" />
	<object class="SingleSound" id="{355f9e5a-f62a-4b52-886d-e2d5d57bea51}">
		<relationship name="audioFile">
			<destination>{df5ea9f8-5728-4d1b-81d2-07969a5ba099}</destination>
		</relationship>
	</object>
	<object class="SingleSound" id="{3533e341-e95e-460e-9054-51c7c4e8d349}">
		<relationship name="audioFile">
			<destination>{a7aa578e-d2bb-4b86-bcf3-6601769bbbbb}</destination>
		</relationship>
	</object>
	<object class="SingleSound" id="{7e10b236-aa88-4fc8-842a-8e9b6608ec0b}">
		<relationship name="audioFile">
			<destination>{6f7eadcc-4b88-41d9-99d3-0cc8ebaaff62}</destination>
		</relationship>
	</object>
	<object class="SingleSound" id="{44422ee9-c16e-4090-b7f1-ed98589ec080}">
		<relationship name="audioFile">
			<destination>{a4e44c38-b875-42ca-83ad-f209d8fc3946}</destination>
		</relationship>
	</object>
	<object class="SingleSound" id="{688b69c8-5474-4e61-a785-330b8f576a6c}">
		<relationship name="audioFile">
			<destination>{9bb9b9dc-abcd-441b-8dc5-89fd14c1d947}</destination>
		</relationship>
	</object>
	<object class="MixerBusEffectChain" id="{f52014db-02bc-4783-99ef-21102486d990}">
		<relationship name="effects">
			<destination>{2bc2e140-ae51-4364-8759-1e9fe04e5f0f}</destination>
		</relationship>
	</object>
	<object class="MixerBusPanner" id="{f96707ad-1901-493a-b137-9b156ac407e6}" />
	<object class="MixerBusFader" id="{00b525a1-63b8-4cb5-89a0-82fbba1bd621}" />
	<object class="MixerBusFader" id="{2bc2e140-ae51-4364-8759-1e9fe04e5f0f}" />
</objects>
