<?xml version="1.0" encoding="UTF-8"?>
<objects serializationModel="Studio.02.01.00">
	<object class="Event" id="{1188e04c-610d-47c1-8ebe-853d475e3c8e}">
		<property name="name">
			<value>MissionGeneric</value>
		</property>
		<property name="outputFormat">
			<value>0</value>
		</property>
		<relationship name="folder">
			<destination>{8513a885-7aa4-461d-a0c5-371fdcffc776}</destination>
		</relationship>
		<relationship name="mixer">
			<destination>{4292ba61-62e2-4cf3-a924-9306204cd13d}</destination>
		</relationship>
		<relationship name="masterTrack">
			<destination>{a577e4d3-e579-42a8-984f-d69c2491e23a}</destination>
		</relationship>
		<relationship name="mixerInput">
			<destination>{020de968-17ac-4a90-91ad-666c5d793087}</destination>
		</relationship>
		<relationship name="automatableProperties">
			<destination>{eda38d84-3e6c-4284-bf19-403ba49ccfd8}</destination>
		</relationship>
		<relationship name="markerTracks">
			<destination>{d376e45d-f090-45cd-9e2c-6f47274d977f}</destination>
		</relationship>
		<relationship name="groupTracks">
			<destination>{5729b187-af51-4f6f-babe-52aadf94a4fa}</destination>
		</relationship>
		<relationship name="timeline">
			<destination>{52b4345d-dcca-4743-8a22-af089ebfa9fa}</destination>
		</relationship>
		<relationship name="banks">
			<destination>{8c3f9de4-14c8-4279-a712-2040780fff61}</destination>
		</relationship>
	</object>
	<object class="EventMixer" id="{4292ba61-62e2-4cf3-a924-9306204cd13d}">
		<relationship name="masterBus">
			<destination>{82add754-57e1-4186-8086-ac71c35f0988}</destination>
		</relationship>
	</object>
	<object class="MasterTrack" id="{a577e4d3-e579-42a8-984f-d69c2491e23a}">
		<relationship name="mixerGroup">
			<destination>{82add754-57e1-4186-8086-ac71c35f0988}</destination>
		</relationship>
	</object>
	<object class="MixerInput" id="{020de968-17ac-4a90-91ad-666c5d793087}">
		<relationship name="effectChain">
			<destination>{c1a2ed01-2eb0-49e1-8c0d-2c372bcec85a}</destination>
		</relationship>
		<relationship name="panner">
			<destination>{77eb760e-7037-4177-8ba4-f10bb94f25e6}</destination>
		</relationship>
		<relationship name="output">
			<destination>{a74bdffc-cbb2-488b-ae3c-038020e1273d}</destination>
		</relationship>
	</object>
	<object class="EventAutomatableProperties" id="{eda38d84-3e6c-4284-bf19-403ba49ccfd8}" />
	<object class="MarkerTrack" id="{d376e45d-f090-45cd-9e2c-6f47274d977f}" />
	<object class="GroupTrack" id="{5729b187-af51-4f6f-babe-52aadf94a4fa}">
		<relationship name="modules">
			<destination>{f0cfe208-91a2-4da7-8431-37515615ba77}</destination>
		</relationship>
		<relationship name="mixerGroup">
			<destination>{28c910a1-7948-42bb-ba29-09fb853e931d}</destination>
		</relationship>
	</object>
	<object class="Timeline" id="{52b4345d-dcca-4743-8a22-af089ebfa9fa}">
		<relationship name="modules">
			<destination>{f0cfe208-91a2-4da7-8431-37515615ba77}</destination>
		</relationship>
	</object>
	<object class="EventMixerMaster" id="{82add754-57e1-4186-8086-ac71c35f0988}">
		<relationship name="effectChain">
			<destination>{06d35730-0652-4a72-9b10-f5d6a15c3975}</destination>
		</relationship>
		<relationship name="panner">
			<destination>{0a1287e9-bfa3-404b-8c77-10717e20ed87}</destination>
		</relationship>
		<relationship name="mixer">
			<destination>{4292ba61-62e2-4cf3-a924-9306204cd13d}</destination>
		</relationship>
	</object>
	<object class="MixerBusEffectChain" id="{c1a2ed01-2eb0-49e1-8c0d-2c372bcec85a}">
		<relationship name="effects">
			<destination>{8cd79025-f5d4-4c01-bd52-b1d51d57a432}</destination>
		</relationship>
	</object>
	<object class="MixerBusPanner" id="{77eb760e-7037-4177-8ba4-f10bb94f25e6}" />
	<object class="MultiSound" id="{f0cfe208-91a2-4da7-8431-37515615ba77}">
		<property name="length">
			<value>1.7492916666666667</value>
		</property>
		<relationship name="sounds">
			<destination>{0da7745d-40d5-412a-aac8-d8b45a626c22}</destination>
			<destination>{afc74721-f160-4cc4-88bb-9f75271a7ede}</destination>
			<destination>{a3c9e535-5d30-4066-8fb6-41fe32c45a92}</destination>
			<destination>{43ee6c01-3d41-4f31-8165-7249d5c402fe}</destination>
			<destination>{a3e05ac9-a1df-4330-96c9-c7bfaaee7027}</destination>
		</relationship>
	</object>
	<object class="EventMixerGroup" id="{28c910a1-7948-42bb-ba29-09fb853e931d}">
		<property name="name">
			<value>Audio 1</value>
		</property>
		<relationship name="effectChain">
			<destination>{4be5be42-306f-4828-abc6-44695e0e7837}</destination>
		</relationship>
		<relationship name="panner">
			<destination>{65561b2c-0ee9-47fe-b44f-43ba0ceae753}</destination>
		</relationship>
		<relationship name="output">
			<destination>{82add754-57e1-4186-8086-ac71c35f0988}</destination>
		</relationship>
	</object>
	<object class="MixerBusEffectChain" id="{06d35730-0652-4a72-9b10-f5d6a15c3975}">
		<relationship name="effects">
			<destination>{36ec7d04-d61f-4801-8418-fd5ad711d3d5}</destination>
		</relationship>
	</object>
	<object class="MixerBusPanner" id="{0a1287e9-bfa3-404b-8c77-10717e20ed87}" />
	<object class="MixerBusFader" id="{8cd79025-f5d4-4c01-bd52-b1d51d57a432}" />
	<object class="SingleSound" id="{0da7745d-40d5-412a-aac8-d8b45a626c22}">
		<relationship name="audioFile">
			<destination>{2c54239f-a333-4461-b9cb-de8305248a16}</destination>
		</relationship>
	</object>
	<object class="SingleSound" id="{afc74721-f160-4cc4-88bb-9f75271a7ede}">
		<relationship name="audioFile">
			<destination>{09ffba54-eadd-4b97-b18d-ce6ea19ff595}</destination>
		</relationship>
	</object>
	<object class="SingleSound" id="{a3c9e535-5d30-4066-8fb6-41fe32c45a92}">
		<relationship name="audioFile">
			<destination>{ea9df892-33b9-4a8b-928c-a643f46562b7}</destination>
		</relationship>
	</object>
	<object class="SingleSound" id="{43ee6c01-3d41-4f31-8165-7249d5c402fe}">
		<relationship name="audioFile">
			<destination>{d94beda8-2a4d-4bae-99f9-6708e3259dfb}</destination>
		</relationship>
	</object>
	<object class="SingleSound" id="{a3e05ac9-a1df-4330-96c9-c7bfaaee7027}">
		<relationship name="audioFile">
			<destination>{79641fb5-36b1-474a-9149-3d01272e4313}</destination>
		</relationship>
	</object>
	<object class="MixerBusEffectChain" id="{4be5be42-306f-4828-abc6-44695e0e7837}">
		<relationship name="effects">
			<destination>{f98749c8-ddfc-48d7-aaa1-5613d9a7b453}</destination>
		</relationship>
	</object>
	<object class="MixerBusPanner" id="{65561b2c-0ee9-47fe-b44f-43ba0ceae753}" />
	<object class="MixerBusFader" id="{36ec7d04-d61f-4801-8418-fd5ad711d3d5}" />
	<object class="MixerBusFader" id="{f98749c8-ddfc-48d7-aaa1-5613d9a7b453}" />
</objects>
