<?xml version="1.0" encoding="UTF-8"?>
<objects serializationModel="Studio.02.01.00">
	<object class="Event" id="{11906477-716b-4326-b158-d04f7ed36a6e}">
		<property name="name">
			<value>Success</value>
		</property>
		<property name="outputFormat">
			<value>0</value>
		</property>
		<relationship name="folder">
			<destination>{453830e9-7b25-475a-9fa5-a6132a92cdf0}</destination>
		</relationship>
		<relationship name="mixer">
			<destination>{779408ad-f1f9-49f4-8faf-39c02d033f6d}</destination>
		</relationship>
		<relationship name="masterTrack">
			<destination>{0574a328-a8a4-4984-ae7b-7b11a80e29b5}</destination>
		</relationship>
		<relationship name="mixerInput">
			<destination>{bdce701e-f82f-49cd-9a3c-b24578793088}</destination>
		</relationship>
		<relationship name="automatableProperties">
			<destination>{ccfba55b-bb2a-403c-80c4-49802c2eff61}</destination>
		</relationship>
		<relationship name="markerTracks">
			<destination>{6b804515-7a08-4895-9431-d70457c0f22e}</destination>
		</relationship>
		<relationship name="groupTracks">
			<destination>{6e6680d8-0e11-4e48-b5c1-caa0fd9d141c}</destination>
		</relationship>
		<relationship name="timeline">
			<destination>{c02334d0-7aaa-4d54-96f1-e8d280145ec5}</destination>
		</relationship>
		<relationship name="banks">
			<destination>{8c3f9de4-14c8-4279-a712-2040780fff61}</destination>
		</relationship>
	</object>
	<object class="EventMixer" id="{779408ad-f1f9-49f4-8faf-39c02d033f6d}">
		<relationship name="masterBus">
			<destination>{a9727c5b-cc14-4ad0-b665-0aec7f7a650b}</destination>
		</relationship>
	</object>
	<object class="MasterTrack" id="{0574a328-a8a4-4984-ae7b-7b11a80e29b5}">
		<relationship name="mixerGroup">
			<destination>{a9727c5b-cc14-4ad0-b665-0aec7f7a650b}</destination>
		</relationship>
	</object>
	<object class="MixerInput" id="{bdce701e-f82f-49cd-9a3c-b24578793088}">
		<relationship name="effectChain">
			<destination>{a261b8d1-6b25-4c60-b3d5-a5f8d0fc1359}</destination>
		</relationship>
		<relationship name="panner">
			<destination>{927f13fe-40ea-4e66-95f7-e2fde3e6fd07}</destination>
		</relationship>
		<relationship name="output">
			<destination>{a74bdffc-cbb2-488b-ae3c-038020e1273d}</destination>
		</relationship>
	</object>
	<object class="EventAutomatableProperties" id="{ccfba55b-bb2a-403c-80c4-49802c2eff61}" />
	<object class="MarkerTrack" id="{6b804515-7a08-4895-9431-d70457c0f22e}" />
	<object class="GroupTrack" id="{6e6680d8-0e11-4e48-b5c1-caa0fd9d141c}">
		<relationship name="modules">
			<destination>{2dd6149d-5e7e-4b72-bf79-ad857f23e4d5}</destination>
		</relationship>
		<relationship name="mixerGroup">
			<destination>{cc10e43a-7da6-478f-9eef-aac562aa9e7a}</destination>
		</relationship>
	</object>
	<object class="Timeline" id="{c02334d0-7aaa-4d54-96f1-e8d280145ec5}">
		<relationship name="modules">
			<destination>{2dd6149d-5e7e-4b72-bf79-ad857f23e4d5}</destination>
		</relationship>
	</object>
	<object class="EventMixerMaster" id="{a9727c5b-cc14-4ad0-b665-0aec7f7a650b}">
		<relationship name="effectChain">
			<destination>{1516851a-79a3-4d55-a16e-f2a714ff13a7}</destination>
		</relationship>
		<relationship name="panner">
			<destination>{104a9933-627a-4230-87f4-e95a0cc8be12}</destination>
		</relationship>
		<relationship name="mixer">
			<destination>{779408ad-f1f9-49f4-8faf-39c02d033f6d}</destination>
		</relationship>
	</object>
	<object class="MixerBusEffectChain" id="{a261b8d1-6b25-4c60-b3d5-a5f8d0fc1359}">
		<relationship name="effects">
			<destination>{5453df23-65d5-4be6-96b3-5236833ba8f6}</destination>
		</relationship>
	</object>
	<object class="MixerBusPanner" id="{927f13fe-40ea-4e66-95f7-e2fde3e6fd07}" />
	<object class="MultiSound" id="{2dd6149d-5e7e-4b72-bf79-ad857f23e4d5}">
		<property name="length">
			<value>2.2024583333333334</value>
		</property>
		<relationship name="sounds">
			<destination>{29fab09c-ebf9-4df7-8371-c090ea26a302}</destination>
			<destination>{9e92c607-2890-47c4-9340-0a4fe4964b1a}</destination>
			<destination>{593d927a-09f4-4af8-ab33-fb9f0fa1c07c}</destination>
			<destination>{b3c64fa9-4fea-4b85-9151-b86d6c9783a0}</destination>
		</relationship>
	</object>
	<object class="EventMixerGroup" id="{cc10e43a-7da6-478f-9eef-aac562aa9e7a}">
		<property name="name">
			<value>Audio 1</value>
		</property>
		<relationship name="effectChain">
			<destination>{6f18765c-5051-4562-beef-282b157289fc}</destination>
		</relationship>
		<relationship name="panner">
			<destination>{2ca19a1c-6e8f-4960-adfc-07ff1de2366d}</destination>
		</relationship>
		<relationship name="output">
			<destination>{a9727c5b-cc14-4ad0-b665-0aec7f7a650b}</destination>
		</relationship>
	</object>
	<object class="MixerBusEffectChain" id="{1516851a-79a3-4d55-a16e-f2a714ff13a7}">
		<relationship name="effects">
			<destination>{bca6e765-f360-4243-aa02-a28db8880bdc}</destination>
		</relationship>
	</object>
	<object class="MixerBusPanner" id="{104a9933-627a-4230-87f4-e95a0cc8be12}" />
	<object class="MixerBusFader" id="{5453df23-65d5-4be6-96b3-5236833ba8f6}" />
	<object class="SingleSound" id="{29fab09c-ebf9-4df7-8371-c090ea26a302}">
		<relationship name="audioFile">
			<destination>{33ea3a97-6b97-4608-819b-68df52165697}</destination>
		</relationship>
	</object>
	<object class="SingleSound" id="{9e92c607-2890-47c4-9340-0a4fe4964b1a}">
		<relationship name="audioFile">
			<destination>{4661c23a-376c-43e7-ae72-bd83b9068d1f}</destination>
		</relationship>
	</object>
	<object class="SingleSound" id="{593d927a-09f4-4af8-ab33-fb9f0fa1c07c}">
		<relationship name="audioFile">
			<destination>{93ae4f47-17f9-459b-b63a-67575abd7d25}</destination>
		</relationship>
	</object>
	<object class="SingleSound" id="{b3c64fa9-4fea-4b85-9151-b86d6c9783a0}">
		<relationship name="audioFile">
			<destination>{112ef241-717e-4d22-976e-b7144e1da86d}</destination>
		</relationship>
	</object>
	<object class="MixerBusEffectChain" id="{6f18765c-5051-4562-beef-282b157289fc}">
		<relationship name="effects">
			<destination>{3bf76da3-67dd-41f7-b1f0-e6991737f480}</destination>
		</relationship>
	</object>
	<object class="MixerBusPanner" id="{2ca19a1c-6e8f-4960-adfc-07ff1de2366d}" />
	<object class="MixerBusFader" id="{bca6e765-f360-4243-aa02-a28db8880bdc}" />
	<object class="MixerBusFader" id="{3bf76da3-67dd-41f7-b1f0-e6991737f480}" />
</objects>
