<?xml version="1.0" encoding="UTF-8"?>
<objects serializationModel="Studio.02.01.00">
	<object class="Event" id="{11a6aca0-dc6a-4772-bc87-05eacc328da3}">
		<property name="name">
			<value>Assigned</value>
		</property>
		<property name="outputFormat">
			<value>0</value>
		</property>
		<relationship name="folder">
			<destination>{bab2524b-15a1-49ac-8687-8b166fdb3f45}</destination>
		</relationship>
		<relationship name="mixer">
			<destination>{106238a7-8940-4ae7-9c95-8a7b1a0047f6}</destination>
		</relationship>
		<relationship name="masterTrack">
			<destination>{3ec30919-dd3c-4220-b88a-25943082a1c3}</destination>
		</relationship>
		<relationship name="mixerInput">
			<destination>{4a0ea749-39ac-4a78-afe3-e28bca9ad12f}</destination>
		</relationship>
		<relationship name="automatableProperties">
			<destination>{adab1a6c-4e3c-4633-b948-19a9858c57f5}</destination>
		</relationship>
		<relationship name="markerTracks">
			<destination>{17f369dc-dada-4192-9ca4-9096c8ab49dc}</destination>
		</relationship>
		<relationship name="groupTracks">
			<destination>{323a90a6-55db-4c5f-bd76-bc0c962b8860}</destination>
		</relationship>
		<relationship name="timeline">
			<destination>{0ee00e34-ff78-4d84-ae64-dceb99b61ae7}</destination>
		</relationship>
		<relationship name="banks">
			<destination>{8c3f9de4-14c8-4279-a712-2040780fff61}</destination>
		</relationship>
	</object>
	<object class="EventMixer" id="{106238a7-8940-4ae7-9c95-8a7b1a0047f6}">
		<relationship name="masterBus">
			<destination>{d607e15d-b67a-44eb-84e8-e8d616687977}</destination>
		</relationship>
	</object>
	<object class="MasterTrack" id="{3ec30919-dd3c-4220-b88a-25943082a1c3}">
		<relationship name="mixerGroup">
			<destination>{d607e15d-b67a-44eb-84e8-e8d616687977}</destination>
		</relationship>
	</object>
	<object class="MixerInput" id="{4a0ea749-39ac-4a78-afe3-e28bca9ad12f}">
		<relationship name="effectChain">
			<destination>{a819d1b4-f5a5-4003-91bf-fd83a36d6970}</destination>
		</relationship>
		<relationship name="panner">
			<destination>{b8a91919-c7da-43f6-8423-43f34c4bf178}</destination>
		</relationship>
		<relationship name="output">
			<destination>{a74bdffc-cbb2-488b-ae3c-038020e1273d}</destination>
		</relationship>
	</object>
	<object class="EventAutomatableProperties" id="{adab1a6c-4e3c-4633-b948-19a9858c57f5}" />
	<object class="MarkerTrack" id="{17f369dc-dada-4192-9ca4-9096c8ab49dc}" />
	<object class="GroupTrack" id="{323a90a6-55db-4c5f-bd76-bc0c962b8860}">
		<relationship name="modules">
			<destination>{6574624c-143d-4bed-9146-99dd5c5baa55}</destination>
		</relationship>
		<relationship name="mixerGroup">
			<destination>{7e64726e-2a51-4c46-b94b-0a21828a9d0d}</destination>
		</relationship>
	</object>
	<object class="Timeline" id="{0ee00e34-ff78-4d84-ae64-dceb99b61ae7}">
		<relationship name="modules">
			<destination>{6574624c-143d-4bed-9146-99dd5c5baa55}</destination>
		</relationship>
	</object>
	<object class="EventMixerMaster" id="{d607e15d-b67a-44eb-84e8-e8d616687977}">
		<relationship name="effectChain">
			<destination>{eefb7ac0-8a3d-42a5-823b-e76e4a0df58b}</destination>
		</relationship>
		<relationship name="panner">
			<destination>{1648a40c-7881-4183-b176-00ed8cbd82fe}</destination>
		</relationship>
		<relationship name="mixer">
			<destination>{106238a7-8940-4ae7-9c95-8a7b1a0047f6}</destination>
		</relationship>
	</object>
	<object class="MixerBusEffectChain" id="{a819d1b4-f5a5-4003-91bf-fd83a36d6970}">
		<relationship name="effects">
			<destination>{cb57a5d6-0ae9-405f-a02e-9b33f2be8e94}</destination>
		</relationship>
	</object>
	<object class="MixerBusPanner" id="{b8a91919-c7da-43f6-8423-43f34c4bf178}" />
	<object class="MultiSound" id="{6574624c-143d-4bed-9146-99dd5c5baa55}">
		<property name="length">
			<value>2.2942499999999999</value>
		</property>
		<relationship name="sounds">
			<destination>{1d97d7c7-42f4-4652-8a5d-25812e02cc6b}</destination>
			<destination>{a646b484-302d-4441-b2a3-5c8435872c1d}</destination>
			<destination>{e7fee660-5d21-45f9-8e34-097d0148e29f}</destination>
			<destination>{47b7c3be-8945-4caf-af83-ae1cbff31aa0}</destination>
		</relationship>
	</object>
	<object class="EventMixerGroup" id="{7e64726e-2a51-4c46-b94b-0a21828a9d0d}">
		<property name="name">
			<value>Audio 1</value>
		</property>
		<relationship name="effectChain">
			<destination>{561bfe47-8032-40d9-8aa7-7d7859881b73}</destination>
		</relationship>
		<relationship name="panner">
			<destination>{c854bda1-3a3e-4ba7-a61a-e392cabd4762}</destination>
		</relationship>
		<relationship name="output">
			<destination>{d607e15d-b67a-44eb-84e8-e8d616687977}</destination>
		</relationship>
	</object>
	<object class="MixerBusEffectChain" id="{eefb7ac0-8a3d-42a5-823b-e76e4a0df58b}">
		<relationship name="effects">
			<destination>{752a9b02-5e8d-499c-84a2-caecb24bdaf3}</destination>
		</relationship>
	</object>
	<object class="MixerBusPanner" id="{1648a40c-7881-4183-b176-00ed8cbd82fe}" />
	<object class="MixerBusFader" id="{cb57a5d6-0ae9-405f-a02e-9b33f2be8e94}" />
	<object class="SingleSound" id="{1d97d7c7-42f4-4652-8a5d-25812e02cc6b}">
		<relationship name="audioFile">
			<destination>{455acda3-62b7-4c46-88b2-2ed827a276d5}</destination>
		</relationship>
	</object>
	<object class="SingleSound" id="{a646b484-302d-4441-b2a3-5c8435872c1d}">
		<relationship name="audioFile">
			<destination>{62956dd4-51dd-4244-9b41-a86057192c3e}</destination>
		</relationship>
	</object>
	<object class="SingleSound" id="{e7fee660-5d21-45f9-8e34-097d0148e29f}">
		<relationship name="audioFile">
			<destination>{3e4eeac9-be70-4af8-a2d4-3cbef526bf46}</destination>
		</relationship>
	</object>
	<object class="SingleSound" id="{47b7c3be-8945-4caf-af83-ae1cbff31aa0}">
		<relationship name="audioFile">
			<destination>{52e79031-3f05-4dc3-9303-a1e1bdd5b5b1}</destination>
		</relationship>
	</object>
	<object class="MixerBusEffectChain" id="{561bfe47-8032-40d9-8aa7-7d7859881b73}">
		<relationship name="effects">
			<destination>{b285ac87-e058-4566-872b-8e1f46b33b76}</destination>
		</relationship>
	</object>
	<object class="MixerBusPanner" id="{c854bda1-3a3e-4ba7-a61a-e392cabd4762}" />
	<object class="MixerBusFader" id="{752a9b02-5e8d-499c-84a2-caecb24bdaf3}" />
	<object class="MixerBusFader" id="{b285ac87-e058-4566-872b-8e1f46b33b76}" />
</objects>
