<?xml version="1.0" encoding="UTF-8"?>
<objects serializationModel="Studio.02.01.00">
	<object class="Event" id="{11a16ed7-4ee8-4634-a7ec-b8d56ffef8bb}">
		<property name="name">
			<value>Assassinated</value>
		</property>
		<property name="outputFormat">
			<value>0</value>
		</property>
		<relationship name="folder">
			<destination>{b3df3184-1123-4b29-b0cb-e73f606a4b69}</destination>
		</relationship>
		<relationship name="mixer">
			<destination>{b6bb1bc5-c0e5-4a07-be99-108b70df0b0e}</destination>
		</relationship>
		<relationship name="masterTrack">
			<destination>{f58614f4-4f5b-401d-8f7c-af60b84a96c5}</destination>
		</relationship>
		<relationship name="mixerInput">
			<destination>{5957fc0f-1d7a-4ca1-9f44-5793a45c1364}</destination>
		</relationship>
		<relationship name="automatableProperties">
			<destination>{a4114ea3-e27f-462f-9955-3cd50b9600ad}</destination>
		</relationship>
		<relationship name="markerTracks">
			<destination>{0f538335-33db-4c28-8f9d-e5ab4f86c7dc}</destination>
		</relationship>
		<relationship name="groupTracks">
			<destination>{4c6af21c-5b6c-49c4-93a3-ec28b8746274}</destination>
		</relationship>
		<relationship name="timeline">
			<destination>{b30b7671-4ae4-44d9-8cff-99f2a40ee455}</destination>
		</relationship>
		<relationship name="banks">
			<destination>{8c3f9de4-14c8-4279-a712-2040780fff61}</destination>
		</relationship>
	</object>
	<object class="EventMixer" id="{b6bb1bc5-c0e5-4a07-be99-108b70df0b0e}">
		<relationship name="masterBus">
			<destination>{a0149f3c-747f-4eae-9eff-09266c0661c8}</destination>
		</relationship>
	</object>
	<object class="MasterTrack" id="{f58614f4-4f5b-401d-8f7c-af60b84a96c5}">
		<relationship name="mixerGroup">
			<destination>{a0149f3c-747f-4eae-9eff-09266c0661c8}</destination>
		</relationship>
	</object>
	<object class="MixerInput" id="{5957fc0f-1d7a-4ca1-9f44-5793a45c1364}">
		<relationship name="effectChain">
			<destination>{c37e3153-432f-4c04-ac7b-001972ebc26d}</destination>
		</relationship>
		<relationship name="panner">
			<destination>{872c22e7-9ef1-4806-9aa5-24a09d1e8eb9}</destination>
		</relationship>
		<relationship name="output">
			<destination>{a74bdffc-cbb2-488b-ae3c-038020e1273d}</destination>
		</relationship>
	</object>
	<object class="EventAutomatableProperties" id="{a4114ea3-e27f-462f-9955-3cd50b9600ad}" />
	<object class="MarkerTrack" id="{0f538335-33db-4c28-8f9d-e5ab4f86c7dc}" />
	<object class="GroupTrack" id="{4c6af21c-5b6c-49c4-93a3-ec28b8746274}">
		<relationship name="modules">
			<destination>{4d55842d-0076-456d-baca-82cc1face4f3}</destination>
		</relationship>
		<relationship name="mixerGroup">
			<destination>{92bf5ee1-2870-441e-806a-f56bbf207957}</destination>
		</relationship>
	</object>
	<object class="Timeline" id="{b30b7671-4ae4-44d9-8cff-99f2a40ee455}">
		<relationship name="modules">
			<destination>{4d55842d-0076-456d-baca-82cc1face4f3}</destination>
		</relationship>
	</object>
	<object class="EventMixerMaster" id="{a0149f3c-747f-4eae-9eff-09266c0661c8}">
		<relationship name="effectChain">
			<destination>{c0b0836f-0b4b-45c4-8e3c-e905bc8fe52f}</destination>
		</relationship>
		<relationship name="panner">
			<destination>{348e8185-7a4f-4b5e-9f26-c4ad45937d9f}</destination>
		</relationship>
		<relationship name="mixer">
			<destination>{b6bb1bc5-c0e5-4a07-be99-108b70df0b0e}</destination>
		</relationship>
	</object>
	<object class="MixerBusEffectChain" id="{c37e3153-432f-4c04-ac7b-001972ebc26d}">
		<relationship name="effects">
			<destination>{a56f904a-e95c-4ed7-a81a-e7d211f266e9}</destination>
		</relationship>
	</object>
	<object class="MixerBusPanner" id="{872c22e7-9ef1-4806-9aa5-24a09d1e8eb9}" />
	<object class="MultiSound" id="{4d55842d-0076-456d-baca-82cc1face4f3}">
		<property name="length">
			<value>3.0599583333333333</value>
		</property>
		<relationship name="sounds">
			<destination>{1014f50e-66f3-4ede-acc2-82e7d37d3154}</destination>
			<destination>{0bde042f-f802-40de-9188-82ea2ad4d39a}</destination>
			<destination>{a9bc3d00-3626-4156-9760-7bb744b9e33d}</destination>
			<destination>{af4f9d55-592b-4f0f-94b5-1f84d39805e7}</destination>
			<destination>{8b1904b5-1174-43a8-933c-0c5e2d71216f}</destination>
		</relationship>
	</object>
	<object class="EventMixerGroup" id="{92bf5ee1-2870-441e-806a-f56bbf207957}">
		<property name="name">
			<value>Audio 1</value>
		</property>
		<relationship name="effectChain">
			<destination>{863f0107-6fc0-42ea-afb6-b59a06e3801c}</destination>
		</relationship>
		<relationship name="panner">
			<destination>{f29536d1-db80-4799-a4ad-1d9b3182d572}</destination>
		</relationship>
		<relationship name="output">
			<destination>{a0149f3c-747f-4eae-9eff-09266c0661c8}</destination>
		</relationship>
	</object>
	<object class="MixerBusEffectChain" id="{c0b0836f-0b4b-45c4-8e3c-e905bc8fe52f}">
		<relationship name="effects">
			<destination>{9b13dc1a-ca3d-4082-b75e-9b7175423a1a}</destination>
		</relationship>
	</object>
	<object class="MixerBusPanner" id="{348e8185-7a4f-4b5e-9f26-c4ad45937d9f}" />
	<object class="MixerBusFader" id="{a56f904a-e95c-4ed7-a81a-e7d211f266e9}" />
	<object class="SingleSound" id="{1014f50e-66f3-4ede-acc2-82e7d37d3154}">
		<relationship name="audioFile">
			<destination>{2086a439-2129-4ab3-8c08-0a60fc5a000f}</destination>
		</relationship>
	</object>
	<object class="SingleSound" id="{0bde042f-f802-40de-9188-82ea2ad4d39a}">
		<relationship name="audioFile">
			<destination>{6834d376-ae1f-4f13-8cc2-20a5585bca5f}</destination>
		</relationship>
	</object>
	<object class="SingleSound" id="{a9bc3d00-3626-4156-9760-7bb744b9e33d}">
		<relationship name="audioFile">
			<destination>{f1cf70cb-083a-4ff9-9651-ea2504517a30}</destination>
		</relationship>
	</object>
	<object class="SingleSound" id="{af4f9d55-592b-4f0f-94b5-1f84d39805e7}">
		<relationship name="audioFile">
			<destination>{453306f4-fff6-4af9-af4e-4660596dea95}</destination>
		</relationship>
	</object>
	<object class="SingleSound" id="{8b1904b5-1174-43a8-933c-0c5e2d71216f}">
		<relationship name="audioFile">
			<destination>{0712e8fe-c806-468a-af8e-725728c5a736}</destination>
		</relationship>
	</object>
	<object class="MixerBusEffectChain" id="{863f0107-6fc0-42ea-afb6-b59a06e3801c}">
		<relationship name="effects">
			<destination>{21d7a4ff-4fcf-4dcb-a8bd-882a0cedec11}</destination>
		</relationship>
	</object>
	<object class="MixerBusPanner" id="{f29536d1-db80-4799-a4ad-1d9b3182d572}" />
	<object class="MixerBusFader" id="{9b13dc1a-ca3d-4082-b75e-9b7175423a1a}" />
	<object class="MixerBusFader" id="{21d7a4ff-4fcf-4dcb-a8bd-882a0cedec11}" />
</objects>
