<?xml version="1.0" encoding="UTF-8"?>
<objects serializationModel="Studio.02.01.00">
	<object class="Event" id="{11edd9b8-03e5-4e02-ba50-f1fe4250cb36}">
		<property name="name">
			<value>trig_SFX_Fragmentation_Missile_Detonates_Ship</value>
		</property>
		<property name="outputFormat">
			<value>2</value>
		</property>
		<relationship name="folder">
			<destination>{1b346d1a-5c98-4ab8-adc3-fba32a1d946b}</destination>
		</relationship>
		<relationship name="mixer">
			<destination>{baf57151-bdf9-493a-bee7-b3c02a4f82ea}</destination>
		</relationship>
		<relationship name="masterTrack">
			<destination>{a21517f0-912b-42ab-ac0e-dd0033629ed7}</destination>
		</relationship>
		<relationship name="mixerInput">
			<destination>{476ff097-ac0f-4c71-933b-e39a2211584e}</destination>
		</relationship>
		<relationship name="automatableProperties">
			<destination>{788786b6-ad5b-4d79-a5ee-f942a7c524e1}</destination>
		</relationship>
		<relationship name="markerTracks">
			<destination>{e0027695-3bf7-4645-a5b7-c2df16a47c78}</destination>
		</relationship>
		<relationship name="groupTracks">
			<destination>{c73c1b0b-3fdd-4570-91ba-eec0ec79dacb}</destination>
		</relationship>
		<relationship name="timeline">
			<destination>{5506f7ec-6dae-41ad-b6bf-fca210982ff8}</destination>
		</relationship>
		<relationship name="banks">
			<destination>{09901795-b9b9-4010-a4a3-3011ed4caaa2}</destination>
		</relationship>
	</object>
	<object class="EventMixer" id="{baf57151-bdf9-493a-bee7-b3c02a4f82ea}">
		<relationship name="masterBus">
			<destination>{c80a707c-4390-4d2f-b31a-9eb2cdac880e}</destination>
		</relationship>
	</object>
	<object class="MasterTrack" id="{a21517f0-912b-42ab-ac0e-dd0033629ed7}">
		<relationship name="mixerGroup">
			<destination>{c80a707c-4390-4d2f-b31a-9eb2cdac880e}</destination>
		</relationship>
	</object>
	<object class="MixerInput" id="{476ff097-ac0f-4c71-933b-e39a2211584e}">
		<relationship name="effectChain">
			<destination>{833696e7-f8e1-4839-a0b9-f4b7af1ef94e}</destination>
		</relationship>
		<relationship name="panner">
			<destination>{c0f16a59-4b12-4ee0-9085-000307e81528}</destination>
		</relationship>
		<relationship name="output">
			<destination>{07daa3ae-3495-463d-8c3e-6a9ee1871371}</destination>
		</relationship>
	</object>
	<object class="EventAutomatableProperties" id="{788786b6-ad5b-4d79-a5ee-f942a7c524e1}">
		<property name="triggerCooldown">
			<value>5</value>
		</property>
	</object>
	<object class="MarkerTrack" id="{e0027695-3bf7-4645-a5b7-c2df16a47c78}" />
	<object class="GroupTrack" id="{c73c1b0b-3fdd-4570-91ba-eec0ec79dacb}">
		<relationship name="modules">
			<destination>{86e177f7-4660-40d1-8eb5-c71c3e002fbe}</destination>
		</relationship>
		<relationship name="mixerGroup">
			<destination>{6515130d-fa4d-4547-95cf-4d37100edbfc}</destination>
		</relationship>
	</object>
	<object class="Timeline" id="{5506f7ec-6dae-41ad-b6bf-fca210982ff8}">
		<relationship name="modules">
			<destination>{86e177f7-4660-40d1-8eb5-c71c3e002fbe}</destination>
		</relationship>
	</object>
	<object class="EventMixerMaster" id="{c80a707c-4390-4d2f-b31a-9eb2cdac880e}">
		<property name="volume">
			<value>-1.5</value>
		</property>
		<relationship name="effectChain">
			<destination>{b9bd6dbd-d36d-4edc-adc6-4aa6031c69af}</destination>
		</relationship>
		<relationship name="panner">
			<destination>{cdcb43c7-7e47-471c-bc9d-86a1627fac28}</destination>
		</relationship>
		<relationship name="mixer">
			<destination>{baf57151-bdf9-493a-bee7-b3c02a4f82ea}</destination>
		</relationship>
	</object>
	<object class="MixerBusEffectChain" id="{833696e7-f8e1-4839-a0b9-f4b7af1ef94e}">
		<relationship name="effects">
			<destination>{4d055adc-0ac8-4ae6-bf46-5b2396d6708b}</destination>
		</relationship>
	</object>
	<object class="MixerBusPanner" id="{c0f16a59-4b12-4ee0-9085-000307e81528}" />
	<object class="MultiSound" id="{86e177f7-4660-40d1-8eb5-c71c3e002fbe}">
		<property name="length">
			<value>7.746645833333333</value>
		</property>
		<relationship name="sounds">
			<destination>{c99e4d20-2d85-4f64-9969-b683ad947ff1}</destination>
			<destination>{29f56580-7056-4ebd-85a8-4d846840a056}</destination>
			<destination>{5954fcd6-28de-4540-800b-9e6ec10ea164}</destination>
			<destination>{0d382213-ddb5-4552-84fa-a936e872f94d}</destination>
		</relationship>
	</object>
	<object class="EventMixerGroup" id="{6515130d-fa4d-4547-95cf-4d37100edbfc}">
		<property name="volume">
			<value>-6</value>
		</property>
		<property name="name">
			<value>Audio 1</value>
		</property>
		<relationship name="effectChain">
			<destination>{ac26b1e5-af82-4a55-a80a-0c6b5f7116e9}</destination>
		</relationship>
		<relationship name="panner">
			<destination>{5e81abdb-db2e-4c71-9116-a8aa4ce9a734}</destination>
		</relationship>
		<relationship name="output">
			<destination>{c80a707c-4390-4d2f-b31a-9eb2cdac880e}</destination>
		</relationship>
	</object>
	<object class="MixerBusEffectChain" id="{b9bd6dbd-d36d-4edc-adc6-4aa6031c69af}">
		<relationship name="effects">
			<destination>{6fe8b5da-88db-4691-8ee6-e0d4d0028023}</destination>
			<destination>{0f4c194c-6463-4531-affd-216ee6ece631}</destination>
		</relationship>
	</object>
	<object class="MixerBusPanner" id="{cdcb43c7-7e47-471c-bc9d-86a1627fac28}" />
	<object class="MixerBusFader" id="{4d055adc-0ac8-4ae6-bf46-5b2396d6708b}" />
	<object class="SingleSound" id="{c99e4d20-2d85-4f64-9969-b683ad947ff1}">
		<relationship name="audioFile">
			<destination>{dbe406ae-015e-4b34-803e-1fefd6585faf}</destination>
		</relationship>
	</object>
	<object class="SingleSound" id="{29f56580-7056-4ebd-85a8-4d846840a056}">
		<relationship name="audioFile">
			<destination>{6b787a74-63dc-4042-a678-589728956e8e}</destination>
		</relationship>
	</object>
	<object class="SingleSound" id="{5954fcd6-28de-4540-800b-9e6ec10ea164}">
		<relationship name="audioFile">
			<destination>{fd9b737f-5d21-4205-a538-80b466119331}</destination>
		</relationship>
	</object>
	<object class="SingleSound" id="{0d382213-ddb5-4552-84fa-a936e872f94d}">
		<relationship name="audioFile">
			<destination>{b521a8de-e5f2-4f3e-8f12-b555d3d173d5}</destination>
		</relationship>
	</object>
	<object class="MixerBusEffectChain" id="{ac26b1e5-af82-4a55-a80a-0c6b5f7116e9}">
		<relationship name="effects">
			<destination>{bab0c6f4-6f06-42e7-947b-c6f6e985acdf}</destination>
		</relationship>
	</object>
	<object class="MixerBusPanner" id="{5e81abdb-db2e-4c71-9116-a8aa4ce9a734}" />
	<object class="MixerBusFader" id="{6fe8b5da-88db-4691-8ee6-e0d4d0028023}" />
	<object class="SpatialiserEffect" id="{0f4c194c-6463-4531-affd-216ee6ece631}">
		<property name="minimumDistance">
			<value>0.5</value>
		</property>
		<property name="maximumDistance">
			<value>200</value>
		</property>
	</object>
	<object class="MixerBusFader" id="{bab0c6f4-6f06-42e7-947b-c6f6e985acdf}" />
</objects>
