<?xml version="1.0" encoding="UTF-8"?>
<objects serializationModel="Studio.02.01.00">
	<object class="Event" id="{11e357fb-786c-42e0-a198-26a3bee5e8b3}">
		<property name="name">
			<value>Failure</value>
		</property>
		<property name="outputFormat">
			<value>0</value>
		</property>
		<relationship name="folder">
			<destination>{dd824ab3-e744-4db9-a4db-9cb6f5f77fff}</destination>
		</relationship>
		<relationship name="mixer">
			<destination>{0ae39bb3-637c-45e2-9f91-60038ed76032}</destination>
		</relationship>
		<relationship name="masterTrack">
			<destination>{346cbf2a-d763-4b1e-b511-86be4e7ad34f}</destination>
		</relationship>
		<relationship name="mixerInput">
			<destination>{1d2599ba-c9f2-45e6-b77b-70e789a7740a}</destination>
		</relationship>
		<relationship name="automatableProperties">
			<destination>{8ee8f030-2a7f-46d0-b7b0-1c48e617ca48}</destination>
		</relationship>
		<relationship name="markerTracks">
			<destination>{445ae9e3-73e7-4594-8b0a-ebdd2b212bca}</destination>
		</relationship>
		<relationship name="groupTracks">
			<destination>{a6534e8c-94ad-4bba-ba54-24cbfbe26d58}</destination>
		</relationship>
		<relationship name="timeline">
			<destination>{4293067b-b13b-45f3-8dcc-ed381dbdd29b}</destination>
		</relationship>
		<relationship name="banks">
			<destination>{8c3f9de4-14c8-4279-a712-2040780fff61}</destination>
		</relationship>
	</object>
	<object class="EventMixer" id="{0ae39bb3-637c-45e2-9f91-60038ed76032}">
		<relationship name="masterBus">
			<destination>{8ed8e515-4cfb-4a84-ae92-b24616aab90e}</destination>
		</relationship>
	</object>
	<object class="MasterTrack" id="{346cbf2a-d763-4b1e-b511-86be4e7ad34f}">
		<relationship name="mixerGroup">
			<destination>{8ed8e515-4cfb-4a84-ae92-b24616aab90e}</destination>
		</relationship>
	</object>
	<object class="MixerInput" id="{1d2599ba-c9f2-45e6-b77b-70e789a7740a}">
		<relationship name="effectChain">
			<destination>{56ac35c6-ce8e-4e5e-8745-b68191814bb3}</destination>
		</relationship>
		<relationship name="panner">
			<destination>{d1be9489-5ed2-43ce-9845-b606bf392a14}</destination>
		</relationship>
		<relationship name="output">
			<destination>{a74bdffc-cbb2-488b-ae3c-038020e1273d}</destination>
		</relationship>
	</object>
	<object class="EventAutomatableProperties" id="{8ee8f030-2a7f-46d0-b7b0-1c48e617ca48}" />
	<object class="MarkerTrack" id="{445ae9e3-73e7-4594-8b0a-ebdd2b212bca}" />
	<object class="GroupTrack" id="{a6534e8c-94ad-4bba-ba54-24cbfbe26d58}">
		<relationship name="modules">
			<destination>{33dc9dc2-189e-4901-8a49-0da1ae2577ba}</destination>
		</relationship>
		<relationship name="mixerGroup">
			<destination>{78054736-96dc-45cc-8fac-069dd5e42159}</destination>
		</relationship>
	</object>
	<object class="Timeline" id="{4293067b-b13b-45f3-8dcc-ed381dbdd29b}">
		<relationship name="modules">
			<destination>{33dc9dc2-189e-4901-8a49-0da1ae2577ba}</destination>
		</relationship>
	</object>
	<object class="EventMixerMaster" id="{8ed8e515-4cfb-4a84-ae92-b24616aab90e}">
		<relationship name="effectChain">
			<destination>{89ea7e9b-305f-430e-8f33-0d643906073a}</destination>
		</relationship>
		<relationship name="panner">
			<destination>{4d07ea79-be05-42f0-b732-276bb370d692}</destination>
		</relationship>
		<relationship name="mixer">
			<destination>{0ae39bb3-637c-45e2-9f91-60038ed76032}</destination>
		</relationship>
	</object>
	<object class="MixerBusEffectChain" id="{56ac35c6-ce8e-4e5e-8745-b68191814bb3}">
		<relationship name="effects">
			<destination>{417155c3-ffe6-4f94-93c6-8784d2ae680d}</destination>
		</relationship>
	</object>
	<object class="MixerBusPanner" id="{d1be9489-5ed2-43ce-9845-b606bf392a14}" />
	<object class="MultiSound" id="{33dc9dc2-189e-4901-8a49-0da1ae2577ba}">
		<property name="length">
			<value>2.1062916666666665</value>
		</property>
		<relationship name="sounds">
			<destination>{b15a2752-1db2-4367-864c-2f76bbdcaba0}</destination>
			<destination>{2e9d10f4-5e11-4df6-8b1d-3a6640622ea8}</destination>
			<destination>{ee485d67-e9d3-4b7c-a195-9aefe9319ce9}</destination>
			<destination>{b557e19d-b030-435f-bb71-f535e9af9c13}</destination>
			<destination>{744ddd47-ac01-4c7e-8e1b-f7c38a2fa613}</destination>
		</relationship>
	</object>
	<object class="EventMixerGroup" id="{78054736-96dc-45cc-8fac-069dd5e42159}">
		<property name="name">
			<value>Audio 1</value>
		</property>
		<relationship name="effectChain">
			<destination>{0b8f2a42-040b-46cd-8e47-5411f19b37de}</destination>
		</relationship>
		<relationship name="panner">
			<destination>{340db4ab-d663-4381-982c-36a9fda2e6bd}</destination>
		</relationship>
		<relationship name="output">
			<destination>{8ed8e515-4cfb-4a84-ae92-b24616aab90e}</destination>
		</relationship>
	</object>
	<object class="MixerBusEffectChain" id="{89ea7e9b-305f-430e-8f33-0d643906073a}">
		<relationship name="effects">
			<destination>{f7014126-15d7-469a-bcac-d5a63102cab4}</destination>
		</relationship>
	</object>
	<object class="MixerBusPanner" id="{4d07ea79-be05-42f0-b732-276bb370d692}" />
	<object class="MixerBusFader" id="{417155c3-ffe6-4f94-93c6-8784d2ae680d}" />
	<object class="SingleSound" id="{b15a2752-1db2-4367-864c-2f76bbdcaba0}">
		<relationship name="audioFile">
			<destination>{5314ea72-ee03-46f7-807f-67e3906f7aa7}</destination>
		</relationship>
	</object>
	<object class="SingleSound" id="{2e9d10f4-5e11-4df6-8b1d-3a6640622ea8}">
		<relationship name="audioFile">
			<destination>{fa48e8a7-5104-4ab7-82b5-04c366df12a2}</destination>
		</relationship>
	</object>
	<object class="SingleSound" id="{ee485d67-e9d3-4b7c-a195-9aefe9319ce9}">
		<relationship name="audioFile">
			<destination>{109ddc37-27b4-40e3-871c-de19a3f3c560}</destination>
		</relationship>
	</object>
	<object class="SingleSound" id="{b557e19d-b030-435f-bb71-f535e9af9c13}">
		<relationship name="audioFile">
			<destination>{5c62b229-63de-41e0-9a67-4f6fda2c5562}</destination>
		</relationship>
	</object>
	<object class="SingleSound" id="{744ddd47-ac01-4c7e-8e1b-f7c38a2fa613}">
		<relationship name="audioFile">
			<destination>{75a772a4-8c10-4b87-8a0d-8a9d780577fa}</destination>
		</relationship>
	</object>
	<object class="MixerBusEffectChain" id="{0b8f2a42-040b-46cd-8e47-5411f19b37de}">
		<relationship name="effects">
			<destination>{f3e0bf7d-0702-450a-9b74-5b7f0f4fd80a}</destination>
		</relationship>
	</object>
	<object class="MixerBusPanner" id="{340db4ab-d663-4381-982c-36a9fda2e6bd}" />
	<object class="MixerBusFader" id="{f7014126-15d7-469a-bcac-d5a63102cab4}" />
	<object class="MixerBusFader" id="{f3e0bf7d-0702-450a-9b74-5b7f0f4fd80a}" />
</objects>
