<?xml version="1.0" encoding="UTF-8"?>
<objects serializationModel="Studio.02.01.00">
	<object class="Event" id="{11f965dc-bbee-4248-b011-565c894b6d0f}">
		<property name="name">
			<value>Failure</value>
		</property>
		<property name="outputFormat">
			<value>0</value>
		</property>
		<relationship name="folder">
			<destination>{f0f1e660-b00d-4044-94bc-2a7248010ba7}</destination>
		</relationship>
		<relationship name="mixer">
			<destination>{5b0ac718-dffb-443c-964c-091923fccc62}</destination>
		</relationship>
		<relationship name="masterTrack">
			<destination>{639d42d4-fba5-4494-a837-8447f91d503d}</destination>
		</relationship>
		<relationship name="mixerInput">
			<destination>{3e64249b-e0c3-4d6e-8af7-c8e2fd816de5}</destination>
		</relationship>
		<relationship name="automatableProperties">
			<destination>{434d8c98-4905-460a-9241-ad2af41ce128}</destination>
		</relationship>
		<relationship name="markerTracks">
			<destination>{d40d1be7-a121-4cd7-80df-83fb07f10379}</destination>
		</relationship>
		<relationship name="groupTracks">
			<destination>{5814942d-a671-4eef-94ae-20c979198103}</destination>
		</relationship>
		<relationship name="timeline">
			<destination>{f1a48885-9cf3-4afd-b56a-5b99845108c4}</destination>
		</relationship>
		<relationship name="banks">
			<destination>{8c3f9de4-14c8-4279-a712-2040780fff61}</destination>
		</relationship>
	</object>
	<object class="EventMixer" id="{5b0ac718-dffb-443c-964c-091923fccc62}">
		<relationship name="masterBus">
			<destination>{28d4a0ff-e627-4f62-bc1d-14b7e3fc2fe0}</destination>
		</relationship>
	</object>
	<object class="MasterTrack" id="{639d42d4-fba5-4494-a837-8447f91d503d}">
		<relationship name="mixerGroup">
			<destination>{28d4a0ff-e627-4f62-bc1d-14b7e3fc2fe0}</destination>
		</relationship>
	</object>
	<object class="MixerInput" id="{3e64249b-e0c3-4d6e-8af7-c8e2fd816de5}">
		<relationship name="effectChain">
			<destination>{203b4e89-0b34-4f97-9c80-3fb102db842f}</destination>
		</relationship>
		<relationship name="panner">
			<destination>{3deec0c1-6c1c-475c-8631-1bd772038cc7}</destination>
		</relationship>
		<relationship name="output">
			<destination>{a74bdffc-cbb2-488b-ae3c-038020e1273d}</destination>
		</relationship>
	</object>
	<object class="EventAutomatableProperties" id="{434d8c98-4905-460a-9241-ad2af41ce128}" />
	<object class="MarkerTrack" id="{d40d1be7-a121-4cd7-80df-83fb07f10379}" />
	<object class="GroupTrack" id="{5814942d-a671-4eef-94ae-20c979198103}">
		<relationship name="modules">
			<destination>{d84f6ed0-bc3c-4e11-90e9-014c279bfda3}</destination>
		</relationship>
		<relationship name="mixerGroup">
			<destination>{77ca95b8-4834-42fd-88ff-7f92a46bac24}</destination>
		</relationship>
	</object>
	<object class="Timeline" id="{f1a48885-9cf3-4afd-b56a-5b99845108c4}">
		<relationship name="modules">
			<destination>{d84f6ed0-bc3c-4e11-90e9-014c279bfda3}</destination>
		</relationship>
	</object>
	<object class="EventMixerMaster" id="{28d4a0ff-e627-4f62-bc1d-14b7e3fc2fe0}">
		<relationship name="effectChain">
			<destination>{c55ff199-d140-4d9d-93c1-b836f0c73566}</destination>
		</relationship>
		<relationship name="panner">
			<destination>{ed5ec031-bcc5-4dd6-bcd3-6cede52bc5fb}</destination>
		</relationship>
		<relationship name="mixer">
			<destination>{5b0ac718-dffb-443c-964c-091923fccc62}</destination>
		</relationship>
	</object>
	<object class="MixerBusEffectChain" id="{203b4e89-0b34-4f97-9c80-3fb102db842f}">
		<relationship name="effects">
			<destination>{5c799b59-65cc-4792-8ded-01066005bc10}</destination>
		</relationship>
	</object>
	<object class="MixerBusPanner" id="{3deec0c1-6c1c-475c-8631-1bd772038cc7}" />
	<object class="MultiSound" id="{d84f6ed0-bc3c-4e11-90e9-014c279bfda3}">
		<property name="length">
			<value>2.2124999999999999</value>
		</property>
	</object>
	<object class="EventMixerGroup" id="{77ca95b8-4834-42fd-88ff-7f92a46bac24}">
		<property name="name">
			<value>Audio 1</value>
		</property>
		<relationship name="effectChain">
			<destination>{2db1942e-9e51-44d3-9377-375e4618f3f4}</destination>
		</relationship>
		<relationship name="panner">
			<destination>{1dc80290-dee5-4869-9b13-309a236be8f2}</destination>
		</relationship>
		<relationship name="output">
			<destination>{28d4a0ff-e627-4f62-bc1d-14b7e3fc2fe0}</destination>
		</relationship>
	</object>
	<object class="MixerBusEffectChain" id="{c55ff199-d140-4d9d-93c1-b836f0c73566}">
		<relationship name="effects">
			<destination>{7c9b0647-035b-4506-935c-afdcac680248}</destination>
		</relationship>
	</object>
	<object class="MixerBusPanner" id="{ed5ec031-bcc5-4dd6-bcd3-6cede52bc5fb}" />
	<object class="MixerBusFader" id="{5c799b59-65cc-4792-8ded-01066005bc10}" />
	<object class="MixerBusEffectChain" id="{2db1942e-9e51-44d3-9377-375e4618f3f4}">
		<relationship name="effects">
			<destination>{771c1293-14f1-448b-9ad5-244d5a6fa226}</destination>
		</relationship>
	</object>
	<object class="MixerBusPanner" id="{1dc80290-dee5-4869-9b13-309a236be8f2}" />
	<object class="MixerBusFader" id="{7c9b0647-035b-4506-935c-afdcac680248}" />
	<object class="MixerBusFader" id="{771c1293-14f1-448b-9ad5-244d5a6fa226}" />
</objects>
