<?xml version="1.0" encoding="UTF-8"?>
<objects serializationModel="Studio.02.01.00">
	<object class="Event" id="{11fbc52f-b92b-4e01-a84c-97350ef31849}">
		<property name="name">
			<value>MissionGeneric</value>
		</property>
		<property name="outputFormat">
			<value>0</value>
		</property>
		<relationship name="folder">
			<destination>{8093eed1-f250-435b-8147-6957196f9fe9}</destination>
		</relationship>
		<relationship name="mixer">
			<destination>{1da3284a-37c5-4752-8f73-dace3d9ad5a9}</destination>
		</relationship>
		<relationship name="masterTrack">
			<destination>{52d58f8b-24ce-4309-89a0-ff6f3693c3bd}</destination>
		</relationship>
		<relationship name="mixerInput">
			<destination>{bd8cc19e-19fa-41f9-b046-098d6e6aa2cc}</destination>
		</relationship>
		<relationship name="automatableProperties">
			<destination>{412ffb40-f618-4ae4-9c6c-c90a41343106}</destination>
		</relationship>
		<relationship name="markerTracks">
			<destination>{e83adead-ca31-42c6-82c8-d6d3e97c286e}</destination>
		</relationship>
		<relationship name="groupTracks">
			<destination>{4740be3f-f4b9-4dc3-8341-af807e928e52}</destination>
		</relationship>
		<relationship name="timeline">
			<destination>{e1f6137c-aa02-4df0-ab6d-7556759464f1}</destination>
		</relationship>
		<relationship name="banks">
			<destination>{8c3f9de4-14c8-4279-a712-2040780fff61}</destination>
		</relationship>
	</object>
	<object class="EventMixer" id="{1da3284a-37c5-4752-8f73-dace3d9ad5a9}">
		<relationship name="masterBus">
			<destination>{edf289a9-ef2f-4f20-ad02-b94d9dfefb45}</destination>
		</relationship>
	</object>
	<object class="MasterTrack" id="{52d58f8b-24ce-4309-89a0-ff6f3693c3bd}">
		<relationship name="mixerGroup">
			<destination>{edf289a9-ef2f-4f20-ad02-b94d9dfefb45}</destination>
		</relationship>
	</object>
	<object class="MixerInput" id="{bd8cc19e-19fa-41f9-b046-098d6e6aa2cc}">
		<relationship name="effectChain">
			<destination>{627dc084-616b-4fad-8e58-5d1c5be692d4}</destination>
		</relationship>
		<relationship name="panner">
			<destination>{94d57596-b90d-4b14-ad9b-0863d977394e}</destination>
		</relationship>
		<relationship name="output">
			<destination>{a74bdffc-cbb2-488b-ae3c-038020e1273d}</destination>
		</relationship>
	</object>
	<object class="EventAutomatableProperties" id="{412ffb40-f618-4ae4-9c6c-c90a41343106}" />
	<object class="MarkerTrack" id="{e83adead-ca31-42c6-82c8-d6d3e97c286e}" />
	<object class="GroupTrack" id="{4740be3f-f4b9-4dc3-8341-af807e928e52}">
		<relationship name="modules">
			<destination>{4a5fc645-8579-43b4-9155-a0e457824b98}</destination>
		</relationship>
		<relationship name="mixerGroup">
			<destination>{67f30814-d8e7-4d79-a01c-8250ffb7b977}</destination>
		</relationship>
	</object>
	<object class="Timeline" id="{e1f6137c-aa02-4df0-ab6d-7556759464f1}">
		<relationship name="modules">
			<destination>{4a5fc645-8579-43b4-9155-a0e457824b98}</destination>
		</relationship>
	</object>
	<object class="EventMixerMaster" id="{edf289a9-ef2f-4f20-ad02-b94d9dfefb45}">
		<relationship name="effectChain">
			<destination>{de13f0e3-d84d-4646-aaae-8a35e28cb091}</destination>
		</relationship>
		<relationship name="panner">
			<destination>{88dc78a5-ce45-4143-868a-4c5a14a1b5bb}</destination>
		</relationship>
		<relationship name="mixer">
			<destination>{1da3284a-37c5-4752-8f73-dace3d9ad5a9}</destination>
		</relationship>
	</object>
	<object class="MixerBusEffectChain" id="{627dc084-616b-4fad-8e58-5d1c5be692d4}">
		<relationship name="effects">
			<destination>{e6058805-4fc4-49e4-9c69-20da32aab539}</destination>
		</relationship>
	</object>
	<object class="MixerBusPanner" id="{94d57596-b90d-4b14-ad9b-0863d977394e}" />
	<object class="MultiSound" id="{4a5fc645-8579-43b4-9155-a0e457824b98}">
		<property name="length">
			<value>1.8650416666666667</value>
		</property>
		<relationship name="sounds">
			<destination>{9f855125-47a1-4873-aa1c-6abb56cb14c9}</destination>
			<destination>{d7d3f3ff-22cd-4c82-a5c1-1dc30c1b0d24}</destination>
			<destination>{ad3c509d-cba4-421f-8299-f8a067da78ae}</destination>
			<destination>{ca805f8d-39c8-4fb8-9e7f-403058f20f00}</destination>
			<destination>{0d99679f-dad0-44aa-bc1b-c5ff9ad6a7e5}</destination>
		</relationship>
	</object>
	<object class="EventMixerGroup" id="{67f30814-d8e7-4d79-a01c-8250ffb7b977}">
		<property name="name">
			<value>Audio 1</value>
		</property>
		<relationship name="effectChain">
			<destination>{b377967d-b213-4548-aa3f-e558987faf28}</destination>
		</relationship>
		<relationship name="panner">
			<destination>{95116759-25dd-4a11-8378-a9f804e1e435}</destination>
		</relationship>
		<relationship name="output">
			<destination>{edf289a9-ef2f-4f20-ad02-b94d9dfefb45}</destination>
		</relationship>
	</object>
	<object class="MixerBusEffectChain" id="{de13f0e3-d84d-4646-aaae-8a35e28cb091}">
		<relationship name="effects">
			<destination>{07e19215-0c2e-4429-861a-a1955e01ef58}</destination>
		</relationship>
	</object>
	<object class="MixerBusPanner" id="{88dc78a5-ce45-4143-868a-4c5a14a1b5bb}" />
	<object class="MixerBusFader" id="{e6058805-4fc4-49e4-9c69-20da32aab539}" />
	<object class="SingleSound" id="{9f855125-47a1-4873-aa1c-6abb56cb14c9}">
		<relationship name="audioFile">
			<destination>{eba5307f-44c7-49c4-a25c-cfcb26636446}</destination>
		</relationship>
	</object>
	<object class="SingleSound" id="{d7d3f3ff-22cd-4c82-a5c1-1dc30c1b0d24}">
		<relationship name="audioFile">
			<destination>{75015f7e-bb52-4fe6-acaa-c9d36dec7691}</destination>
		</relationship>
	</object>
	<object class="SingleSound" id="{ad3c509d-cba4-421f-8299-f8a067da78ae}">
		<relationship name="audioFile">
			<destination>{9938e15c-ecfd-4777-ae91-8c26e23750a4}</destination>
		</relationship>
	</object>
	<object class="SingleSound" id="{ca805f8d-39c8-4fb8-9e7f-403058f20f00}">
		<relationship name="audioFile">
			<destination>{afc1ca31-5c3a-4ed9-972d-00b8a43820c6}</destination>
		</relationship>
	</object>
	<object class="SingleSound" id="{0d99679f-dad0-44aa-bc1b-c5ff9ad6a7e5}">
		<relationship name="audioFile">
			<destination>{97bb1f7e-2021-48aa-b347-0fc64e697292}</destination>
		</relationship>
	</object>
	<object class="MixerBusEffectChain" id="{b377967d-b213-4548-aa3f-e558987faf28}">
		<relationship name="effects">
			<destination>{c0261d6b-9f5d-493b-9b22-e668e59b5470}</destination>
		</relationship>
	</object>
	<object class="MixerBusPanner" id="{95116759-25dd-4a11-8378-a9f804e1e435}" />
	<object class="MixerBusFader" id="{07e19215-0c2e-4429-861a-a1955e01ef58}" />
	<object class="MixerBusFader" id="{c0261d6b-9f5d-493b-9b22-e668e59b5470}" />
</objects>
