<?xml version="1.0" encoding="UTF-8"?>
<objects serializationModel="Studio.02.01.00">
	<object class="Event" id="{12078e8f-3d2f-4973-a895-1fdc63428cd5}">
		<property name="name">
			<value>Success</value>
		</property>
		<property name="outputFormat">
			<value>0</value>
		</property>
		<relationship name="folder">
			<destination>{616d0a9b-986c-49fb-9290-79fe5692f933}</destination>
		</relationship>
		<relationship name="mixer">
			<destination>{76ef28ef-4558-473c-b623-62e1995068df}</destination>
		</relationship>
		<relationship name="masterTrack">
			<destination>{c8411fd0-2d55-4a24-b7f9-e599ef831dd7}</destination>
		</relationship>
		<relationship name="mixerInput">
			<destination>{0cafaff7-b760-488b-861c-7235368bf7fb}</destination>
		</relationship>
		<relationship name="automatableProperties">
			<destination>{5655d184-c3af-45fc-bba8-932f6182f63d}</destination>
		</relationship>
		<relationship name="markerTracks">
			<destination>{fef53a0a-66db-495a-b55e-f6c622b4ee20}</destination>
		</relationship>
		<relationship name="groupTracks">
			<destination>{6d9e8851-7dea-48c0-8550-889865029c3c}</destination>
		</relationship>
		<relationship name="timeline">
			<destination>{b885bba9-ba5c-452a-bc79-452f2ec635d9}</destination>
		</relationship>
		<relationship name="banks">
			<destination>{8c3f9de4-14c8-4279-a712-2040780fff61}</destination>
		</relationship>
	</object>
	<object class="EventMixer" id="{76ef28ef-4558-473c-b623-62e1995068df}">
		<relationship name="masterBus">
			<destination>{232fdb36-c693-4abe-a113-f624bf76172b}</destination>
		</relationship>
	</object>
	<object class="MasterTrack" id="{c8411fd0-2d55-4a24-b7f9-e599ef831dd7}">
		<relationship name="mixerGroup">
			<destination>{232fdb36-c693-4abe-a113-f624bf76172b}</destination>
		</relationship>
	</object>
	<object class="MixerInput" id="{0cafaff7-b760-488b-861c-7235368bf7fb}">
		<relationship name="effectChain">
			<destination>{c2312362-a48d-4d27-a705-ddc3ceb6fb34}</destination>
		</relationship>
		<relationship name="panner">
			<destination>{0df41520-1db8-4139-b5db-cd8e750fb59e}</destination>
		</relationship>
		<relationship name="output">
			<destination>{a74bdffc-cbb2-488b-ae3c-038020e1273d}</destination>
		</relationship>
	</object>
	<object class="EventAutomatableProperties" id="{5655d184-c3af-45fc-bba8-932f6182f63d}" />
	<object class="MarkerTrack" id="{fef53a0a-66db-495a-b55e-f6c622b4ee20}" />
	<object class="GroupTrack" id="{6d9e8851-7dea-48c0-8550-889865029c3c}">
		<relationship name="modules">
			<destination>{88f7e360-6ae4-494e-9e64-a0f3e9af31b6}</destination>
		</relationship>
		<relationship name="mixerGroup">
			<destination>{62e6b4af-4053-4f54-8a35-9d7f7dd04973}</destination>
		</relationship>
	</object>
	<object class="Timeline" id="{b885bba9-ba5c-452a-bc79-452f2ec635d9}">
		<relationship name="modules">
			<destination>{88f7e360-6ae4-494e-9e64-a0f3e9af31b6}</destination>
		</relationship>
	</object>
	<object class="EventMixerMaster" id="{232fdb36-c693-4abe-a113-f624bf76172b}">
		<relationship name="effectChain">
			<destination>{3c06de92-855e-4bda-9dcf-322b4e4fccbb}</destination>
		</relationship>
		<relationship name="panner">
			<destination>{51350637-9d63-4fde-a60c-e942bbea4d7c}</destination>
		</relationship>
		<relationship name="mixer">
			<destination>{76ef28ef-4558-473c-b623-62e1995068df}</destination>
		</relationship>
	</object>
	<object class="MixerBusEffectChain" id="{c2312362-a48d-4d27-a705-ddc3ceb6fb34}">
		<relationship name="effects">
			<destination>{e1bad2ba-f7d4-459b-a273-537810b2e571}</destination>
		</relationship>
	</object>
	<object class="MixerBusPanner" id="{0df41520-1db8-4139-b5db-cd8e750fb59e}" />
	<object class="MultiSound" id="{88f7e360-6ae4-494e-9e64-a0f3e9af31b6}">
		<property name="length">
			<value>2.1521875000000001</value>
		</property>
		<relationship name="sounds">
			<destination>{ae26df6a-a317-4f5d-a6f4-e8dd4a12db36}</destination>
			<destination>{74f13438-eb91-49eb-b7b3-e801670f77c0}</destination>
			<destination>{a7c66797-2876-4050-9d87-72ddd365d33b}</destination>
		</relationship>
	</object>
	<object class="EventMixerGroup" id="{62e6b4af-4053-4f54-8a35-9d7f7dd04973}">
		<property name="name">
			<value>Audio 1</value>
		</property>
		<relationship name="effectChain">
			<destination>{ebbf3bd3-1c56-4b72-a8ed-aa1412a5d48c}</destination>
		</relationship>
		<relationship name="panner">
			<destination>{daefeddb-d0ff-48b4-99a6-572dd863c3fd}</destination>
		</relationship>
		<relationship name="output">
			<destination>{232fdb36-c693-4abe-a113-f624bf76172b}</destination>
		</relationship>
	</object>
	<object class="MixerBusEffectChain" id="{3c06de92-855e-4bda-9dcf-322b4e4fccbb}">
		<relationship name="effects">
			<destination>{f8782b3d-72e2-48e2-9590-9bccfd472520}</destination>
		</relationship>
	</object>
	<object class="MixerBusPanner" id="{51350637-9d63-4fde-a60c-e942bbea4d7c}" />
	<object class="MixerBusFader" id="{e1bad2ba-f7d4-459b-a273-537810b2e571}" />
	<object class="SingleSound" id="{ae26df6a-a317-4f5d-a6f4-e8dd4a12db36}">
		<relationship name="audioFile">
			<destination>{afe71a90-5b9b-4878-9b59-8c17a63febdc}</destination>
		</relationship>
	</object>
	<object class="SingleSound" id="{74f13438-eb91-49eb-b7b3-e801670f77c0}">
		<relationship name="audioFile">
			<destination>{65d2d0ef-acba-4dd3-92e0-a09552f89754}</destination>
		</relationship>
	</object>
	<object class="SingleSound" id="{a7c66797-2876-4050-9d87-72ddd365d33b}">
		<relationship name="audioFile">
			<destination>{075e58ff-ca27-4582-a079-b0f7b8b06493}</destination>
		</relationship>
	</object>
	<object class="MixerBusEffectChain" id="{ebbf3bd3-1c56-4b72-a8ed-aa1412a5d48c}">
		<relationship name="effects">
			<destination>{92c7a7a2-b463-4e24-8586-881ed0408cbc}</destination>
		</relationship>
	</object>
	<object class="MixerBusPanner" id="{daefeddb-d0ff-48b4-99a6-572dd863c3fd}" />
	<object class="MixerBusFader" id="{f8782b3d-72e2-48e2-9590-9bccfd472520}" />
	<object class="MixerBusFader" id="{92c7a7a2-b463-4e24-8586-881ed0408cbc}" />
</objects>
