<?xml version="1.0" encoding="UTF-8"?>
<objects serializationModel="Studio.02.01.00">
	<object class="Event" id="{12248dfd-b04a-4cbd-9357-174eb55c03b2}">
		<property name="name">
			<value>Success</value>
		</property>
		<property name="outputFormat">
			<value>0</value>
		</property>
		<relationship name="folder">
			<destination>{5f200fbd-7b1c-49e8-8899-be2609d67ed9}</destination>
		</relationship>
		<relationship name="mixer">
			<destination>{69bdfd88-4527-46da-ae31-22e83632e186}</destination>
		</relationship>
		<relationship name="masterTrack">
			<destination>{d4b5b61f-aa3d-415a-94d8-9b4a24be0702}</destination>
		</relationship>
		<relationship name="mixerInput">
			<destination>{45896e45-0935-428f-a912-e875e3c69107}</destination>
		</relationship>
		<relationship name="automatableProperties">
			<destination>{4c801510-aba2-4f5b-85b2-e7dafa28a6ee}</destination>
		</relationship>
		<relationship name="markerTracks">
			<destination>{7e2bc9df-5790-4fb7-a4e3-eff57ffa2b22}</destination>
		</relationship>
		<relationship name="groupTracks">
			<destination>{78c2de09-d0ed-4a64-ba15-5236fba307cd}</destination>
		</relationship>
		<relationship name="timeline">
			<destination>{de57d5bc-896a-4b54-b722-4d6381aa8d59}</destination>
		</relationship>
		<relationship name="banks">
			<destination>{8c3f9de4-14c8-4279-a712-2040780fff61}</destination>
		</relationship>
	</object>
	<object class="EventMixer" id="{69bdfd88-4527-46da-ae31-22e83632e186}">
		<relationship name="masterBus">
			<destination>{68ef0f7d-c830-4e00-b858-91e55e43a010}</destination>
		</relationship>
	</object>
	<object class="MasterTrack" id="{d4b5b61f-aa3d-415a-94d8-9b4a24be0702}">
		<relationship name="mixerGroup">
			<destination>{68ef0f7d-c830-4e00-b858-91e55e43a010}</destination>
		</relationship>
	</object>
	<object class="MixerInput" id="{45896e45-0935-428f-a912-e875e3c69107}">
		<relationship name="effectChain">
			<destination>{7546a017-94fc-4634-bbbe-a5a96ab63dff}</destination>
		</relationship>
		<relationship name="panner">
			<destination>{bf7e6fd8-3762-42dc-be79-8ab51b63202f}</destination>
		</relationship>
		<relationship name="output">
			<destination>{a74bdffc-cbb2-488b-ae3c-038020e1273d}</destination>
		</relationship>
	</object>
	<object class="EventAutomatableProperties" id="{4c801510-aba2-4f5b-85b2-e7dafa28a6ee}" />
	<object class="MarkerTrack" id="{7e2bc9df-5790-4fb7-a4e3-eff57ffa2b22}" />
	<object class="GroupTrack" id="{78c2de09-d0ed-4a64-ba15-5236fba307cd}">
		<relationship name="modules">
			<destination>{b3507031-1157-446f-b7f6-aa0840f67968}</destination>
		</relationship>
		<relationship name="mixerGroup">
			<destination>{0ba726fd-9e28-4853-85c9-0e0924ef6a81}</destination>
		</relationship>
	</object>
	<object class="Timeline" id="{de57d5bc-896a-4b54-b722-4d6381aa8d59}">
		<relationship name="modules">
			<destination>{b3507031-1157-446f-b7f6-aa0840f67968}</destination>
		</relationship>
	</object>
	<object class="EventMixerMaster" id="{68ef0f7d-c830-4e00-b858-91e55e43a010}">
		<relationship name="effectChain">
			<destination>{d96c4cdc-dba6-468f-b2b5-c19bf1a5b656}</destination>
		</relationship>
		<relationship name="panner">
			<destination>{6cc5bdf6-b899-4dbf-8c68-c405e9972a48}</destination>
		</relationship>
		<relationship name="mixer">
			<destination>{69bdfd88-4527-46da-ae31-22e83632e186}</destination>
		</relationship>
	</object>
	<object class="MixerBusEffectChain" id="{7546a017-94fc-4634-bbbe-a5a96ab63dff}">
		<relationship name="effects">
			<destination>{25d398af-4760-48a6-8d1e-358551cd1ccb}</destination>
		</relationship>
	</object>
	<object class="MixerBusPanner" id="{bf7e6fd8-3762-42dc-be79-8ab51b63202f}" />
	<object class="MultiSound" id="{b3507031-1157-446f-b7f6-aa0840f67968}">
		<property name="length">
			<value>1.9991874999999999</value>
		</property>
		<relationship name="sounds">
			<destination>{31994028-0353-473c-9a8b-3ab0c5110b0a}</destination>
			<destination>{98b04d0e-85a2-44d9-8cad-1c318a2ac671}</destination>
			<destination>{21c445eb-e4e0-483a-9876-f7fec53b4109}</destination>
		</relationship>
	</object>
	<object class="EventMixerGroup" id="{0ba726fd-9e28-4853-85c9-0e0924ef6a81}">
		<property name="name">
			<value>Audio 1</value>
		</property>
		<relationship name="effectChain">
			<destination>{c55f45c2-a749-4e6e-86d7-29397a2cf7ed}</destination>
		</relationship>
		<relationship name="panner">
			<destination>{086bb488-f6de-4de9-ae8e-7f8fd68341af}</destination>
		</relationship>
		<relationship name="output">
			<destination>{68ef0f7d-c830-4e00-b858-91e55e43a010}</destination>
		</relationship>
	</object>
	<object class="MixerBusEffectChain" id="{d96c4cdc-dba6-468f-b2b5-c19bf1a5b656}">
		<relationship name="effects">
			<destination>{795452b0-31a3-41af-a451-5d6eedd15d89}</destination>
		</relationship>
	</object>
	<object class="MixerBusPanner" id="{6cc5bdf6-b899-4dbf-8c68-c405e9972a48}" />
	<object class="MixerBusFader" id="{25d398af-4760-48a6-8d1e-358551cd1ccb}" />
	<object class="SingleSound" id="{31994028-0353-473c-9a8b-3ab0c5110b0a}">
		<relationship name="audioFile">
			<destination>{bfad8366-d892-4a03-82fc-65827a131007}</destination>
		</relationship>
	</object>
	<object class="SingleSound" id="{98b04d0e-85a2-44d9-8cad-1c318a2ac671}">
		<relationship name="audioFile">
			<destination>{ec7be15f-5564-4fe6-8333-72635b179cff}</destination>
		</relationship>
	</object>
	<object class="SingleSound" id="{21c445eb-e4e0-483a-9876-f7fec53b4109}">
		<relationship name="audioFile">
			<destination>{97202103-dc85-4463-bc56-68e2f91145e4}</destination>
		</relationship>
	</object>
	<object class="MixerBusEffectChain" id="{c55f45c2-a749-4e6e-86d7-29397a2cf7ed}">
		<relationship name="effects">
			<destination>{f3e78fc4-f3db-4128-9091-67e50e2215fd}</destination>
		</relationship>
	</object>
	<object class="MixerBusPanner" id="{086bb488-f6de-4de9-ae8e-7f8fd68341af}" />
	<object class="MixerBusFader" id="{795452b0-31a3-41af-a451-5d6eedd15d89}" />
	<object class="MixerBusFader" id="{f3e78fc4-f3db-4128-9091-67e50e2215fd}" />
</objects>
