<?xml version="1.0" encoding="UTF-8"?>
<objects serializationModel="Studio.02.01.00">
	<object class="Event" id="{125d0e7b-f5c8-4f4a-b50a-8a537dc36537}">
		<property name="name">
			<value>TechQuote_CleanEnergy</value>
		</property>
		<property name="outputFormat">
			<value>0</value>
		</property>
		<relationship name="folder">
			<destination>{158ad337-8269-4a32-865c-d3c458683eff}</destination>
		</relationship>
		<relationship name="mixer">
			<destination>{22debde8-3ce7-4376-9ce4-8eeee587ee7b}</destination>
		</relationship>
		<relationship name="masterTrack">
			<destination>{d5fe6f2d-9ace-4480-8fb8-c55357aec5e5}</destination>
		</relationship>
		<relationship name="mixerInput">
			<destination>{b2ef29d5-de60-4708-8be7-d49556a2b6c7}</destination>
		</relationship>
		<relationship name="automatableProperties">
			<destination>{62c22713-76a0-4e3a-880e-cd21778c49de}</destination>
		</relationship>
		<relationship name="markerTracks">
			<destination>{76a45a2f-41f0-427f-a15d-1e76351699d1}</destination>
		</relationship>
		<relationship name="groupTracks">
			<destination>{27a23b96-2546-4c93-83f2-ab73432f6d66}</destination>
		</relationship>
		<relationship name="timeline">
			<destination>{e950cbc2-3a9b-4545-8a21-0f937a2787db}</destination>
		</relationship>
		<relationship name="banks">
			<destination>{8c3f9de4-14c8-4279-a712-2040780fff61}</destination>
		</relationship>
	</object>
	<object class="EventMixer" id="{22debde8-3ce7-4376-9ce4-8eeee587ee7b}">
		<relationship name="masterBus">
			<destination>{dce909b7-1c17-41e8-8615-080857ac0bb0}</destination>
		</relationship>
	</object>
	<object class="MasterTrack" id="{d5fe6f2d-9ace-4480-8fb8-c55357aec5e5}">
		<relationship name="mixerGroup">
			<destination>{dce909b7-1c17-41e8-8615-080857ac0bb0}</destination>
		</relationship>
	</object>
	<object class="MixerInput" id="{b2ef29d5-de60-4708-8be7-d49556a2b6c7}">
		<relationship name="effectChain">
			<destination>{66da91de-b6bd-4b59-be47-fc5c815ea28d}</destination>
		</relationship>
		<relationship name="panner">
			<destination>{0862a720-3ade-4024-8e85-1ce57e92f9e5}</destination>
		</relationship>
		<relationship name="output">
			<destination>{a74bdffc-cbb2-488b-ae3c-038020e1273d}</destination>
		</relationship>
	</object>
	<object class="EventAutomatableProperties" id="{62c22713-76a0-4e3a-880e-cd21778c49de}" />
	<object class="MarkerTrack" id="{76a45a2f-41f0-427f-a15d-1e76351699d1}" />
	<object class="GroupTrack" id="{27a23b96-2546-4c93-83f2-ab73432f6d66}">
		<relationship name="modules">
			<destination>{5fd3ee5f-1cb0-45fe-a9ae-d07cc3d38cdb}</destination>
		</relationship>
		<relationship name="mixerGroup">
			<destination>{e307359a-85d3-4eef-a2f6-145be97805ff}</destination>
		</relationship>
	</object>
	<object class="Timeline" id="{e950cbc2-3a9b-4545-8a21-0f937a2787db}">
		<relationship name="modules">
			<destination>{5fd3ee5f-1cb0-45fe-a9ae-d07cc3d38cdb}</destination>
		</relationship>
	</object>
	<object class="EventMixerMaster" id="{dce909b7-1c17-41e8-8615-080857ac0bb0}">
		<relationship name="effectChain">
			<destination>{c04bc397-e294-451d-8ed7-e400e98716df}</destination>
		</relationship>
		<relationship name="panner">
			<destination>{d21219a2-8c9f-416d-ae4d-8b9b9791002b}</destination>
		</relationship>
		<relationship name="mixer">
			<destination>{22debde8-3ce7-4376-9ce4-8eeee587ee7b}</destination>
		</relationship>
	</object>
	<object class="MixerBusEffectChain" id="{66da91de-b6bd-4b59-be47-fc5c815ea28d}">
		<relationship name="effects">
			<destination>{cad7d584-8b6b-4320-9173-2ddbb301fb30}</destination>
		</relationship>
	</object>
	<object class="MixerBusPanner" id="{0862a720-3ade-4024-8e85-1ce57e92f9e5}" />
	<object class="SingleSound" id="{5fd3ee5f-1cb0-45fe-a9ae-d07cc3d38cdb}">
		<property name="length">
			<value>14.026708333333334</value>
		</property>
		<relationship name="audioFile">
			<destination>{b66c5a1b-6529-4ad9-a3a0-cc166292beae}</destination>
		</relationship>
	</object>
	<object class="EventMixerGroup" id="{e307359a-85d3-4eef-a2f6-145be97805ff}">
		<property name="name">
			<value>Audio 1</value>
		</property>
		<relationship name="effectChain">
			<destination>{fbddff8b-886c-4acd-ba1a-d7d98597f040}</destination>
		</relationship>
		<relationship name="panner">
			<destination>{d699d58f-9980-40d1-a355-5058e6467d3d}</destination>
		</relationship>
		<relationship name="output">
			<destination>{dce909b7-1c17-41e8-8615-080857ac0bb0}</destination>
		</relationship>
	</object>
	<object class="MixerBusEffectChain" id="{c04bc397-e294-451d-8ed7-e400e98716df}">
		<relationship name="effects">
			<destination>{df7626f8-6562-46e7-a7c0-f6c2c4dc6f49}</destination>
		</relationship>
	</object>
	<object class="MixerBusPanner" id="{d21219a2-8c9f-416d-ae4d-8b9b9791002b}" />
	<object class="MixerBusFader" id="{cad7d584-8b6b-4320-9173-2ddbb301fb30}" />
	<object class="MixerBusEffectChain" id="{fbddff8b-886c-4acd-ba1a-d7d98597f040}">
		<relationship name="effects">
			<destination>{3330d70f-f7ed-40ce-a9bb-e1ae1c72d46a}</destination>
		</relationship>
	</object>
	<object class="MixerBusPanner" id="{d699d58f-9980-40d1-a355-5058e6467d3d}" />
	<object class="MixerBusFader" id="{df7626f8-6562-46e7-a7c0-f6c2c4dc6f49}" />
	<object class="MixerBusFader" id="{3330d70f-f7ed-40ce-a9bb-e1ae1c72d46a}" />
</objects>
