<?xml version="1.0" encoding="UTF-8"?>
<objects serializationModel="Studio.02.01.00">
	<object class="Event" id="{12607a9d-fb4d-47bd-a66a-bc58934625cf}">
		<property name="name">
			<value>Success</value>
		</property>
		<property name="outputFormat">
			<value>0</value>
		</property>
		<relationship name="folder">
			<destination>{7c66e404-a012-4010-b738-971462fa499b}</destination>
		</relationship>
		<relationship name="mixer">
			<destination>{268d293e-dc23-4276-ba9f-a638f07a7f44}</destination>
		</relationship>
		<relationship name="masterTrack">
			<destination>{af2d2cf1-e101-448f-8cfd-5e1a5aa6642c}</destination>
		</relationship>
		<relationship name="mixerInput">
			<destination>{862447bb-beda-4f17-bdf2-1055308c939f}</destination>
		</relationship>
		<relationship name="automatableProperties">
			<destination>{3dead765-4861-478a-804a-3fed433f08e0}</destination>
		</relationship>
		<relationship name="markerTracks">
			<destination>{c1cdae06-1200-44d2-b155-27522eb40a05}</destination>
		</relationship>
		<relationship name="groupTracks">
			<destination>{424dd0ad-9714-42e8-89b5-223cceec45b1}</destination>
		</relationship>
		<relationship name="timeline">
			<destination>{d7f3e61d-0418-4eb6-9eed-e17f3ef6e698}</destination>
		</relationship>
		<relationship name="banks">
			<destination>{8c3f9de4-14c8-4279-a712-2040780fff61}</destination>
		</relationship>
	</object>
	<object class="EventMixer" id="{268d293e-dc23-4276-ba9f-a638f07a7f44}">
		<relationship name="masterBus">
			<destination>{8bbed875-21f0-48e4-a46c-02dbfcd1a2b7}</destination>
		</relationship>
	</object>
	<object class="MasterTrack" id="{af2d2cf1-e101-448f-8cfd-5e1a5aa6642c}">
		<relationship name="mixerGroup">
			<destination>{8bbed875-21f0-48e4-a46c-02dbfcd1a2b7}</destination>
		</relationship>
	</object>
	<object class="MixerInput" id="{862447bb-beda-4f17-bdf2-1055308c939f}">
		<relationship name="effectChain">
			<destination>{4713f69e-e15f-4bf1-afac-7573d30c6a85}</destination>
		</relationship>
		<relationship name="panner">
			<destination>{62169e15-5145-41a9-a0ae-ddb807c5b505}</destination>
		</relationship>
		<relationship name="output">
			<destination>{a74bdffc-cbb2-488b-ae3c-038020e1273d}</destination>
		</relationship>
	</object>
	<object class="EventAutomatableProperties" id="{3dead765-4861-478a-804a-3fed433f08e0}" />
	<object class="MarkerTrack" id="{c1cdae06-1200-44d2-b155-27522eb40a05}" />
	<object class="GroupTrack" id="{424dd0ad-9714-42e8-89b5-223cceec45b1}">
		<relationship name="modules">
			<destination>{4b713cf0-bdee-467a-a031-ffedb27cdc86}</destination>
		</relationship>
		<relationship name="mixerGroup">
			<destination>{d49da814-ca6c-42f5-9f23-5856f7010bda}</destination>
		</relationship>
	</object>
	<object class="Timeline" id="{d7f3e61d-0418-4eb6-9eed-e17f3ef6e698}">
		<relationship name="modules">
			<destination>{4b713cf0-bdee-467a-a031-ffedb27cdc86}</destination>
		</relationship>
	</object>
	<object class="EventMixerMaster" id="{8bbed875-21f0-48e4-a46c-02dbfcd1a2b7}">
		<relationship name="effectChain">
			<destination>{b7e4868d-b538-46b4-b1e5-c2c59a2bcb8a}</destination>
		</relationship>
		<relationship name="panner">
			<destination>{cc58f4c5-d735-45fe-abf0-31baac710a86}</destination>
		</relationship>
		<relationship name="mixer">
			<destination>{268d293e-dc23-4276-ba9f-a638f07a7f44}</destination>
		</relationship>
	</object>
	<object class="MixerBusEffectChain" id="{4713f69e-e15f-4bf1-afac-7573d30c6a85}">
		<relationship name="effects">
			<destination>{19d85328-d4e1-4312-94e3-1db1bf85828e}</destination>
		</relationship>
	</object>
	<object class="MixerBusPanner" id="{62169e15-5145-41a9-a0ae-ddb807c5b505}" />
	<object class="MultiSound" id="{4b713cf0-bdee-467a-a031-ffedb27cdc86}">
		<property name="length">
			<value>1.6513125</value>
		</property>
		<relationship name="sounds">
			<destination>{3886e274-5a47-4633-8201-9d08762126b5}</destination>
			<destination>{b25fb54d-2cfb-4bff-a8ff-1caeed0c3c9b}</destination>
			<destination>{288a7f6e-3127-497e-8aa1-80fce7bc1093}</destination>
			<destination>{ee3aa708-07bd-4afd-b382-fb5b34411219}</destination>
		</relationship>
	</object>
	<object class="EventMixerGroup" id="{d49da814-ca6c-42f5-9f23-5856f7010bda}">
		<property name="name">
			<value>Audio 1</value>
		</property>
		<relationship name="effectChain">
			<destination>{a9cb6f97-e69b-479c-bfa0-93a12e99d706}</destination>
		</relationship>
		<relationship name="panner">
			<destination>{b584f477-07bf-42ca-a6b6-d4543e18e5d1}</destination>
		</relationship>
		<relationship name="output">
			<destination>{8bbed875-21f0-48e4-a46c-02dbfcd1a2b7}</destination>
		</relationship>
	</object>
	<object class="MixerBusEffectChain" id="{b7e4868d-b538-46b4-b1e5-c2c59a2bcb8a}">
		<relationship name="effects">
			<destination>{7ff3bfd1-559e-466f-8b62-4cf78e0f08d6}</destination>
		</relationship>
	</object>
	<object class="MixerBusPanner" id="{cc58f4c5-d735-45fe-abf0-31baac710a86}" />
	<object class="MixerBusFader" id="{19d85328-d4e1-4312-94e3-1db1bf85828e}" />
	<object class="SingleSound" id="{3886e274-5a47-4633-8201-9d08762126b5}">
		<relationship name="audioFile">
			<destination>{4ecf2c41-bda3-42d9-9812-20f626bc79aa}</destination>
		</relationship>
	</object>
	<object class="SingleSound" id="{b25fb54d-2cfb-4bff-a8ff-1caeed0c3c9b}">
		<relationship name="audioFile">
			<destination>{4da43da8-88dd-4ced-9ff3-fa6edacf5626}</destination>
		</relationship>
	</object>
	<object class="SingleSound" id="{288a7f6e-3127-497e-8aa1-80fce7bc1093}">
		<relationship name="audioFile">
			<destination>{2f5f83c1-ead6-4123-b6f3-2e93a69a38af}</destination>
		</relationship>
	</object>
	<object class="SingleSound" id="{ee3aa708-07bd-4afd-b382-fb5b34411219}">
		<relationship name="audioFile">
			<destination>{bfc3a057-060a-4762-bf0b-d217fb4a4d2a}</destination>
		</relationship>
	</object>
	<object class="MixerBusEffectChain" id="{a9cb6f97-e69b-479c-bfa0-93a12e99d706}">
		<relationship name="effects">
			<destination>{41e16140-4b8a-474a-a6d3-fac46ab707af}</destination>
		</relationship>
	</object>
	<object class="MixerBusPanner" id="{b584f477-07bf-42ca-a6b6-d4543e18e5d1}" />
	<object class="MixerBusFader" id="{7ff3bfd1-559e-466f-8b62-4cf78e0f08d6}" />
	<object class="MixerBusFader" id="{41e16140-4b8a-474a-a6d3-fac46ab707af}" />
</objects>
