<?xml version="1.0" encoding="UTF-8"?>
<objects serializationModel="Studio.02.01.00">
	<object class="Event" id="{12675da5-7786-4b6a-abb8-5b288e4ce17e}">
		<property name="name">
			<value>Assigned</value>
		</property>
		<property name="outputFormat">
			<value>0</value>
		</property>
		<relationship name="folder">
			<destination>{3ace5087-e81d-4d67-97f5-37159a99fd32}</destination>
		</relationship>
		<relationship name="mixer">
			<destination>{a93b6326-4384-4f49-8812-c85833d84874}</destination>
		</relationship>
		<relationship name="masterTrack">
			<destination>{b3d46edc-87aa-4e2a-9452-2f144b7c6b50}</destination>
		</relationship>
		<relationship name="mixerInput">
			<destination>{8b40fa98-e5f5-46d3-b0a1-38acde21c1cf}</destination>
		</relationship>
		<relationship name="automatableProperties">
			<destination>{0e82d7eb-3a76-4e0a-8516-7fff555742e2}</destination>
		</relationship>
		<relationship name="markerTracks">
			<destination>{80491200-0d8d-4ade-a2f7-5b3d68525979}</destination>
		</relationship>
		<relationship name="groupTracks">
			<destination>{7ffd74e3-b7c4-42e7-9ff5-5f3dad6ae165}</destination>
		</relationship>
		<relationship name="timeline">
			<destination>{480b4e38-ed68-46d6-abe0-9b63dc00b6ad}</destination>
		</relationship>
		<relationship name="banks">
			<destination>{8c3f9de4-14c8-4279-a712-2040780fff61}</destination>
		</relationship>
	</object>
	<object class="EventMixer" id="{a93b6326-4384-4f49-8812-c85833d84874}">
		<relationship name="masterBus">
			<destination>{f638f3b3-f12e-4a32-b860-8dabb3d9d5bb}</destination>
		</relationship>
	</object>
	<object class="MasterTrack" id="{b3d46edc-87aa-4e2a-9452-2f144b7c6b50}">
		<relationship name="mixerGroup">
			<destination>{f638f3b3-f12e-4a32-b860-8dabb3d9d5bb}</destination>
		</relationship>
	</object>
	<object class="MixerInput" id="{8b40fa98-e5f5-46d3-b0a1-38acde21c1cf}">
		<relationship name="effectChain">
			<destination>{460abf75-7111-4c3e-9fcb-b6d3fa6faa3b}</destination>
		</relationship>
		<relationship name="panner">
			<destination>{b1f8207c-7fad-45db-9bca-d1fa450a58a0}</destination>
		</relationship>
		<relationship name="output">
			<destination>{a74bdffc-cbb2-488b-ae3c-038020e1273d}</destination>
		</relationship>
	</object>
	<object class="EventAutomatableProperties" id="{0e82d7eb-3a76-4e0a-8516-7fff555742e2}" />
	<object class="MarkerTrack" id="{80491200-0d8d-4ade-a2f7-5b3d68525979}" />
	<object class="GroupTrack" id="{7ffd74e3-b7c4-42e7-9ff5-5f3dad6ae165}">
		<relationship name="modules">
			<destination>{b506e144-c66f-4cfc-ad2c-a4daed3817b0}</destination>
		</relationship>
		<relationship name="mixerGroup">
			<destination>{e1576a24-233f-4f41-b508-caaa2c029e21}</destination>
		</relationship>
	</object>
	<object class="Timeline" id="{480b4e38-ed68-46d6-abe0-9b63dc00b6ad}">
		<relationship name="modules">
			<destination>{b506e144-c66f-4cfc-ad2c-a4daed3817b0}</destination>
		</relationship>
	</object>
	<object class="EventMixerMaster" id="{f638f3b3-f12e-4a32-b860-8dabb3d9d5bb}">
		<relationship name="effectChain">
			<destination>{17faab1e-58ae-41d3-951a-2068b12806b3}</destination>
		</relationship>
		<relationship name="panner">
			<destination>{b2e3f4c3-98d2-4661-b0ae-16976d256797}</destination>
		</relationship>
		<relationship name="mixer">
			<destination>{a93b6326-4384-4f49-8812-c85833d84874}</destination>
		</relationship>
	</object>
	<object class="MixerBusEffectChain" id="{460abf75-7111-4c3e-9fcb-b6d3fa6faa3b}">
		<relationship name="effects">
			<destination>{0ebb3adb-f5a3-48ba-aca0-97732dcf3b26}</destination>
		</relationship>
	</object>
	<object class="MixerBusPanner" id="{b1f8207c-7fad-45db-9bca-d1fa450a58a0}" />
	<object class="MultiSound" id="{b506e144-c66f-4cfc-ad2c-a4daed3817b0}">
		<property name="length">
			<value>1.6735833333333334</value>
		</property>
		<relationship name="sounds">
			<destination>{6a199b5f-bdb6-4680-b784-0fd81e21bd92}</destination>
			<destination>{2a41985e-8a12-4ddd-a808-8d3b667ca2a3}</destination>
			<destination>{812c6723-9b18-42c4-a2af-03ae4c96af64}</destination>
			<destination>{6d45343d-3af8-4ae5-bab5-6adb3614da2d}</destination>
			<destination>{a9cf337e-38d9-4138-8b3e-8a9876bbae07}</destination>
		</relationship>
	</object>
	<object class="EventMixerGroup" id="{e1576a24-233f-4f41-b508-caaa2c029e21}">
		<property name="name">
			<value>Audio 1</value>
		</property>
		<relationship name="effectChain">
			<destination>{fb57b8ec-8846-4d0b-a88a-94734c23efd9}</destination>
		</relationship>
		<relationship name="panner">
			<destination>{dd9d19b4-ce3a-40f5-88d5-eaea0e93dfcc}</destination>
		</relationship>
		<relationship name="output">
			<destination>{f638f3b3-f12e-4a32-b860-8dabb3d9d5bb}</destination>
		</relationship>
	</object>
	<object class="MixerBusEffectChain" id="{17faab1e-58ae-41d3-951a-2068b12806b3}">
		<relationship name="effects">
			<destination>{6725af9c-2aae-41dc-9e81-82d6d27e3e4c}</destination>
		</relationship>
	</object>
	<object class="MixerBusPanner" id="{b2e3f4c3-98d2-4661-b0ae-16976d256797}" />
	<object class="MixerBusFader" id="{0ebb3adb-f5a3-48ba-aca0-97732dcf3b26}" />
	<object class="SingleSound" id="{6a199b5f-bdb6-4680-b784-0fd81e21bd92}">
		<relationship name="audioFile">
			<destination>{f707d65f-4cf8-4431-ae64-3a225ef6f51a}</destination>
		</relationship>
	</object>
	<object class="SingleSound" id="{2a41985e-8a12-4ddd-a808-8d3b667ca2a3}">
		<relationship name="audioFile">
			<destination>{8317aad1-29e4-42d2-a067-fc1fe02e2d94}</destination>
		</relationship>
	</object>
	<object class="SingleSound" id="{812c6723-9b18-42c4-a2af-03ae4c96af64}">
		<relationship name="audioFile">
			<destination>{4cd83779-01a4-49a4-abd6-33f2b3616261}</destination>
		</relationship>
	</object>
	<object class="SingleSound" id="{6d45343d-3af8-4ae5-bab5-6adb3614da2d}">
		<relationship name="audioFile">
			<destination>{512e5a05-149d-4bb3-8618-8eb04ed3186e}</destination>
		</relationship>
	</object>
	<object class="SingleSound" id="{a9cf337e-38d9-4138-8b3e-8a9876bbae07}">
		<relationship name="audioFile">
			<destination>{483c01fe-b556-43b9-b54e-d839458b24e5}</destination>
		</relationship>
	</object>
	<object class="MixerBusEffectChain" id="{fb57b8ec-8846-4d0b-a88a-94734c23efd9}">
		<relationship name="effects">
			<destination>{4e51784f-bbab-43a3-a665-3f2fb76944a2}</destination>
		</relationship>
	</object>
	<object class="MixerBusPanner" id="{dd9d19b4-ce3a-40f5-88d5-eaea0e93dfcc}" />
	<object class="MixerBusFader" id="{6725af9c-2aae-41dc-9e81-82d6d27e3e4c}" />
	<object class="MixerBusFader" id="{4e51784f-bbab-43a3-a665-3f2fb76944a2}" />
</objects>
