<?xml version="1.0" encoding="UTF-8"?>
<objects serializationModel="Studio.02.01.00">
	<object class="Event" id="{12633cab-de53-4b9f-afb1-c360db449b6d}">
		<property name="name">
			<value>Failure</value>
		</property>
		<property name="outputFormat">
			<value>0</value>
		</property>
		<relationship name="folder">
			<destination>{03aecaa3-75dc-4aed-a146-7668e83b9e33}</destination>
		</relationship>
		<relationship name="mixer">
			<destination>{464d9712-69ca-47f2-af15-5d287e27f6b3}</destination>
		</relationship>
		<relationship name="masterTrack">
			<destination>{7a66b33c-d279-494d-acdb-a9b156a3e685}</destination>
		</relationship>
		<relationship name="mixerInput">
			<destination>{da562288-971a-461d-bb00-0392fb8aeb11}</destination>
		</relationship>
		<relationship name="automatableProperties">
			<destination>{3c285c59-eaf8-4097-8af3-2753d2e07445}</destination>
		</relationship>
		<relationship name="markerTracks">
			<destination>{99f400d1-1bd5-4888-9c1d-2dc065e630d5}</destination>
		</relationship>
		<relationship name="groupTracks">
			<destination>{beb6db56-5c6c-4f5f-a5f1-e8f6eff25da6}</destination>
		</relationship>
		<relationship name="timeline">
			<destination>{42f6653b-6695-4b2c-b095-1fbe7e07ebf4}</destination>
		</relationship>
		<relationship name="banks">
			<destination>{8c3f9de4-14c8-4279-a712-2040780fff61}</destination>
		</relationship>
	</object>
	<object class="EventMixer" id="{464d9712-69ca-47f2-af15-5d287e27f6b3}">
		<relationship name="masterBus">
			<destination>{f141ba85-8f22-45ec-b783-9b0b090c300e}</destination>
		</relationship>
	</object>
	<object class="MasterTrack" id="{7a66b33c-d279-494d-acdb-a9b156a3e685}">
		<relationship name="mixerGroup">
			<destination>{f141ba85-8f22-45ec-b783-9b0b090c300e}</destination>
		</relationship>
	</object>
	<object class="MixerInput" id="{da562288-971a-461d-bb00-0392fb8aeb11}">
		<relationship name="effectChain">
			<destination>{ed51d76a-60a9-4e85-aea2-45030221ef03}</destination>
		</relationship>
		<relationship name="panner">
			<destination>{642e33e4-7528-4308-ae43-94a5aebb8d28}</destination>
		</relationship>
		<relationship name="output">
			<destination>{a74bdffc-cbb2-488b-ae3c-038020e1273d}</destination>
		</relationship>
	</object>
	<object class="EventAutomatableProperties" id="{3c285c59-eaf8-4097-8af3-2753d2e07445}" />
	<object class="MarkerTrack" id="{99f400d1-1bd5-4888-9c1d-2dc065e630d5}" />
	<object class="GroupTrack" id="{beb6db56-5c6c-4f5f-a5f1-e8f6eff25da6}">
		<relationship name="modules">
			<destination>{2f39b29b-4068-4ff8-aea0-2dc00432d037}</destination>
		</relationship>
		<relationship name="mixerGroup">
			<destination>{45690a99-5ba5-4758-be33-cea85e801dae}</destination>
		</relationship>
	</object>
	<object class="Timeline" id="{42f6653b-6695-4b2c-b095-1fbe7e07ebf4}">
		<relationship name="modules">
			<destination>{2f39b29b-4068-4ff8-aea0-2dc00432d037}</destination>
		</relationship>
	</object>
	<object class="EventMixerMaster" id="{f141ba85-8f22-45ec-b783-9b0b090c300e}">
		<relationship name="effectChain">
			<destination>{ab9c6026-2b6d-4c1c-bb48-5a66e4b34382}</destination>
		</relationship>
		<relationship name="panner">
			<destination>{57ed75be-1dc5-4aa5-a601-1fb3a8a72ea2}</destination>
		</relationship>
		<relationship name="mixer">
			<destination>{464d9712-69ca-47f2-af15-5d287e27f6b3}</destination>
		</relationship>
	</object>
	<object class="MixerBusEffectChain" id="{ed51d76a-60a9-4e85-aea2-45030221ef03}">
		<relationship name="effects">
			<destination>{893de646-4bcb-4f0c-ba5c-8c4bace69ad0}</destination>
		</relationship>
	</object>
	<object class="MixerBusPanner" id="{642e33e4-7528-4308-ae43-94a5aebb8d28}" />
	<object class="MultiSound" id="{2f39b29b-4068-4ff8-aea0-2dc00432d037}">
		<property name="length">
			<value>1.444625</value>
		</property>
		<relationship name="sounds">
			<destination>{876467f6-3ec1-4506-8936-c34aa4c6bddd}</destination>
			<destination>{c4383d7d-7d8b-4c58-8096-3fabdc391d54}</destination>
			<destination>{c1e94e41-826f-4a3c-9cf7-d57b853e81df}</destination>
		</relationship>
	</object>
	<object class="EventMixerGroup" id="{45690a99-5ba5-4758-be33-cea85e801dae}">
		<property name="name">
			<value>Audio 1</value>
		</property>
		<relationship name="effectChain">
			<destination>{801f656e-7104-431b-b6f4-c804d72a5841}</destination>
		</relationship>
		<relationship name="panner">
			<destination>{483bcb5e-3184-4b21-aa82-1632ba5350ac}</destination>
		</relationship>
		<relationship name="output">
			<destination>{f141ba85-8f22-45ec-b783-9b0b090c300e}</destination>
		</relationship>
	</object>
	<object class="MixerBusEffectChain" id="{ab9c6026-2b6d-4c1c-bb48-5a66e4b34382}">
		<relationship name="effects">
			<destination>{70f4972e-82c3-4e57-9d01-1caa9da6c542}</destination>
		</relationship>
	</object>
	<object class="MixerBusPanner" id="{57ed75be-1dc5-4aa5-a601-1fb3a8a72ea2}" />
	<object class="MixerBusFader" id="{893de646-4bcb-4f0c-ba5c-8c4bace69ad0}" />
	<object class="SingleSound" id="{876467f6-3ec1-4506-8936-c34aa4c6bddd}">
		<relationship name="audioFile">
			<destination>{861fa94f-91fa-47f4-9ed2-ebd543b52f18}</destination>
		</relationship>
	</object>
	<object class="SingleSound" id="{c4383d7d-7d8b-4c58-8096-3fabdc391d54}">
		<relationship name="audioFile">
			<destination>{3e3a37df-75aa-4e9c-97c7-671d4843cbf7}</destination>
		</relationship>
	</object>
	<object class="SingleSound" id="{c1e94e41-826f-4a3c-9cf7-d57b853e81df}">
		<relationship name="audioFile">
			<destination>{0ce66197-109c-49bf-b184-67dc77e7e18f}</destination>
		</relationship>
	</object>
	<object class="MixerBusEffectChain" id="{801f656e-7104-431b-b6f4-c804d72a5841}">
		<relationship name="effects">
			<destination>{9c710ae3-f2a0-4eb8-bdf5-93d0f1cbc81a}</destination>
		</relationship>
	</object>
	<object class="MixerBusPanner" id="{483bcb5e-3184-4b21-aa82-1632ba5350ac}" />
	<object class="MixerBusFader" id="{70f4972e-82c3-4e57-9d01-1caa9da6c542}" />
	<object class="MixerBusFader" id="{9c710ae3-f2a0-4eb8-bdf5-93d0f1cbc81a}" />
</objects>
