<?xml version="1.0" encoding="UTF-8"?>
<objects serializationModel="Studio.02.01.00">
	<object class="Event" id="{128668d5-f7fd-4e8b-b9f6-bb43fd372227}">
		<property name="name">
			<value>Success</value>
		</property>
		<property name="outputFormat">
			<value>0</value>
		</property>
		<relationship name="folder">
			<destination>{53bb9bf7-aee2-4d81-a87a-e936f014026e}</destination>
		</relationship>
		<relationship name="mixer">
			<destination>{02194215-f17f-46f2-b265-ddb24bb38866}</destination>
		</relationship>
		<relationship name="masterTrack">
			<destination>{3b32ad35-0395-4eb8-9d52-0e82f03834d3}</destination>
		</relationship>
		<relationship name="mixerInput">
			<destination>{75f2853f-a2b1-4b28-b52b-ccd1436985ef}</destination>
		</relationship>
		<relationship name="automatableProperties">
			<destination>{2169ae5d-c0e7-4a4a-91df-a9644f355d0e}</destination>
		</relationship>
		<relationship name="markerTracks">
			<destination>{428195c6-9140-419d-8f9d-b9f81a60a546}</destination>
		</relationship>
		<relationship name="groupTracks">
			<destination>{18c73a96-e43f-4473-a247-a38b04297448}</destination>
		</relationship>
		<relationship name="timeline">
			<destination>{22ce0368-71d8-496b-9e9e-f57602d0dd28}</destination>
		</relationship>
		<relationship name="banks">
			<destination>{8c3f9de4-14c8-4279-a712-2040780fff61}</destination>
		</relationship>
	</object>
	<object class="EventMixer" id="{02194215-f17f-46f2-b265-ddb24bb38866}">
		<relationship name="masterBus">
			<destination>{c6fa98a6-7772-4e54-bbee-f5139ed5acbb}</destination>
		</relationship>
	</object>
	<object class="MasterTrack" id="{3b32ad35-0395-4eb8-9d52-0e82f03834d3}">
		<relationship name="mixerGroup">
			<destination>{c6fa98a6-7772-4e54-bbee-f5139ed5acbb}</destination>
		</relationship>
	</object>
	<object class="MixerInput" id="{75f2853f-a2b1-4b28-b52b-ccd1436985ef}">
		<relationship name="effectChain">
			<destination>{696084bc-618c-4583-8069-44281f2e6fc2}</destination>
		</relationship>
		<relationship name="panner">
			<destination>{64d465c4-3fdf-4253-b6b4-1703a98fa8ca}</destination>
		</relationship>
		<relationship name="output">
			<destination>{a74bdffc-cbb2-488b-ae3c-038020e1273d}</destination>
		</relationship>
	</object>
	<object class="EventAutomatableProperties" id="{2169ae5d-c0e7-4a4a-91df-a9644f355d0e}" />
	<object class="MarkerTrack" id="{428195c6-9140-419d-8f9d-b9f81a60a546}" />
	<object class="GroupTrack" id="{18c73a96-e43f-4473-a247-a38b04297448}">
		<relationship name="modules">
			<destination>{d717eb03-83ff-499c-a677-d89471c16ee9}</destination>
		</relationship>
		<relationship name="mixerGroup">
			<destination>{cbbbec1a-6dc9-4359-90bd-baf4f64cde4f}</destination>
		</relationship>
	</object>
	<object class="Timeline" id="{22ce0368-71d8-496b-9e9e-f57602d0dd28}">
		<relationship name="modules">
			<destination>{d717eb03-83ff-499c-a677-d89471c16ee9}</destination>
		</relationship>
	</object>
	<object class="EventMixerMaster" id="{c6fa98a6-7772-4e54-bbee-f5139ed5acbb}">
		<relationship name="effectChain">
			<destination>{0beda49d-98f8-4ae8-b803-c8474a1ab226}</destination>
		</relationship>
		<relationship name="panner">
			<destination>{0c5639d2-6738-4b36-9994-ab9f76ee7d64}</destination>
		</relationship>
		<relationship name="mixer">
			<destination>{02194215-f17f-46f2-b265-ddb24bb38866}</destination>
		</relationship>
	</object>
	<object class="MixerBusEffectChain" id="{696084bc-618c-4583-8069-44281f2e6fc2}">
		<relationship name="effects">
			<destination>{9f5abcb8-83c8-495d-ba70-9f1445f662e1}</destination>
		</relationship>
	</object>
	<object class="MixerBusPanner" id="{64d465c4-3fdf-4253-b6b4-1703a98fa8ca}" />
	<object class="MultiSound" id="{d717eb03-83ff-499c-a677-d89471c16ee9}">
		<property name="length">
			<value>2.2124999999999999</value>
		</property>
		<relationship name="sounds">
			<destination>{59c48660-fc83-4936-8715-4015d2f8b87c}</destination>
			<destination>{cf3884fa-d373-4974-803c-a4f842945f26}</destination>
			<destination>{158a08fa-a7ef-47fb-8d42-e394f80f2baa}</destination>
		</relationship>
	</object>
	<object class="EventMixerGroup" id="{cbbbec1a-6dc9-4359-90bd-baf4f64cde4f}">
		<property name="name">
			<value>Audio 1</value>
		</property>
		<relationship name="effectChain">
			<destination>{8bcdea5c-949e-45aa-9c63-81d737e182cb}</destination>
		</relationship>
		<relationship name="panner">
			<destination>{6547ad6e-a4c3-461d-b369-f4c2ae8c1ddc}</destination>
		</relationship>
		<relationship name="output">
			<destination>{c6fa98a6-7772-4e54-bbee-f5139ed5acbb}</destination>
		</relationship>
	</object>
	<object class="MixerBusEffectChain" id="{0beda49d-98f8-4ae8-b803-c8474a1ab226}">
		<relationship name="effects">
			<destination>{2ffbb307-6884-4057-b2b4-2d6c2024d1dd}</destination>
		</relationship>
	</object>
	<object class="MixerBusPanner" id="{0c5639d2-6738-4b36-9994-ab9f76ee7d64}" />
	<object class="MixerBusFader" id="{9f5abcb8-83c8-495d-ba70-9f1445f662e1}" />
	<object class="SingleSound" id="{59c48660-fc83-4936-8715-4015d2f8b87c}">
		<relationship name="audioFile">
			<destination>{95e1493d-d0ae-4583-b374-93817353d164}</destination>
		</relationship>
	</object>
	<object class="SingleSound" id="{cf3884fa-d373-4974-803c-a4f842945f26}">
		<relationship name="audioFile">
			<destination>{3f9ed2ff-12ab-41c2-9842-63005540d225}</destination>
		</relationship>
	</object>
	<object class="SingleSound" id="{158a08fa-a7ef-47fb-8d42-e394f80f2baa}">
		<relationship name="audioFile">
			<destination>{03b6ba0f-5518-43ad-a14c-5b33c37d078a}</destination>
		</relationship>
	</object>
	<object class="MixerBusEffectChain" id="{8bcdea5c-949e-45aa-9c63-81d737e182cb}">
		<relationship name="effects">
			<destination>{5bd1bff2-842b-4db8-ac4c-46a21321a6b3}</destination>
		</relationship>
	</object>
	<object class="MixerBusPanner" id="{6547ad6e-a4c3-461d-b369-f4c2ae8c1ddc}" />
	<object class="MixerBusFader" id="{2ffbb307-6884-4057-b2b4-2d6c2024d1dd}" />
	<object class="MixerBusFader" id="{5bd1bff2-842b-4db8-ac4c-46a21321a6b3}" />
</objects>
