<?xml version="1.0" encoding="UTF-8"?>
<objects serializationModel="Studio.02.01.00">
	<object class="Event" id="{128c15b9-5259-43cc-9097-0d81906e98cd}">
		<property name="name">
			<value>trig_SFX_BlasterLongLoudMid003MonoRR</value>
		</property>
		<property name="outputFormat">
			<value>2</value>
		</property>
		<relationship name="folder">
			<destination>{7f41e00c-f766-4529-8391-881712592ace}</destination>
		</relationship>
		<relationship name="mixer">
			<destination>{c90e0836-6bc8-4d1a-a843-afcfea84f7db}</destination>
		</relationship>
		<relationship name="masterTrack">
			<destination>{85bfe88d-efa9-4b35-b066-a3fed0497026}</destination>
		</relationship>
		<relationship name="mixerInput">
			<destination>{275c78f8-1fa1-4ed4-9d4c-9668fe0d8262}</destination>
		</relationship>
		<relationship name="automatableProperties">
			<destination>{3da19200-4533-4e0a-a93e-e948474c12d1}</destination>
		</relationship>
		<relationship name="markerTracks">
			<destination>{8d758cad-bc9f-43f1-8dfe-369bffd312b4}</destination>
		</relationship>
		<relationship name="groupTracks">
			<destination>{e14862a6-b017-4274-8b3d-c84eee99c452}</destination>
		</relationship>
		<relationship name="timeline">
			<destination>{f476adb5-9cd7-404e-95af-ac350e86bdcf}</destination>
		</relationship>
		<relationship name="banks">
			<destination>{09901795-b9b9-4010-a4a3-3011ed4caaa2}</destination>
		</relationship>
	</object>
	<object class="EventMixer" id="{c90e0836-6bc8-4d1a-a843-afcfea84f7db}">
		<relationship name="masterBus">
			<destination>{f69c821d-d032-44f5-9e93-2b4ceee56c9e}</destination>
		</relationship>
	</object>
	<object class="MasterTrack" id="{85bfe88d-efa9-4b35-b066-a3fed0497026}">
		<relationship name="mixerGroup">
			<destination>{f69c821d-d032-44f5-9e93-2b4ceee56c9e}</destination>
		</relationship>
	</object>
	<object class="MixerInput" id="{275c78f8-1fa1-4ed4-9d4c-9668fe0d8262}">
		<relationship name="effectChain">
			<destination>{b67f62e7-1216-4603-b7c5-7873eb44300a}</destination>
		</relationship>
		<relationship name="panner">
			<destination>{e15b4ca9-d923-4c73-8a22-bde47a7624a5}</destination>
		</relationship>
		<relationship name="output">
			<destination>{07daa3ae-3495-463d-8c3e-6a9ee1871371}</destination>
		</relationship>
	</object>
	<object class="EventAutomatableProperties" id="{3da19200-4533-4e0a-a93e-e948474c12d1}" />
	<object class="MarkerTrack" id="{8d758cad-bc9f-43f1-8dfe-369bffd312b4}" />
	<object class="GroupTrack" id="{e14862a6-b017-4274-8b3d-c84eee99c452}">
		<relationship name="modules">
			<destination>{5f8fe3cf-eacb-4cf1-8ec4-27281b120ff3}</destination>
		</relationship>
		<relationship name="mixerGroup">
			<destination>{d7ff63c7-0092-409c-bc4c-9ee4f4e00534}</destination>
		</relationship>
	</object>
	<object class="Timeline" id="{f476adb5-9cd7-404e-95af-ac350e86bdcf}">
		<relationship name="modules">
			<destination>{5f8fe3cf-eacb-4cf1-8ec4-27281b120ff3}</destination>
		</relationship>
	</object>
	<object class="EventMixerMaster" id="{f69c821d-d032-44f5-9e93-2b4ceee56c9e}">
		<relationship name="effectChain">
			<destination>{7d2d438b-66d5-47bf-acb7-0b0ef0fa1d09}</destination>
		</relationship>
		<relationship name="panner">
			<destination>{ac49a590-5b91-45cd-a10a-462df5518e75}</destination>
		</relationship>
		<relationship name="mixer">
			<destination>{c90e0836-6bc8-4d1a-a843-afcfea84f7db}</destination>
		</relationship>
	</object>
	<object class="MixerBusEffectChain" id="{b67f62e7-1216-4603-b7c5-7873eb44300a}">
		<relationship name="effects">
			<destination>{0f7849d3-50ca-4143-a7ae-cc3ec7407338}</destination>
		</relationship>
	</object>
	<object class="MixerBusPanner" id="{e15b4ca9-d923-4c73-8a22-bde47a7624a5}" />
	<object class="MultiSound" id="{5f8fe3cf-eacb-4cf1-8ec4-27281b120ff3}">
		<property name="length">
			<value>1.5339229024943311</value>
		</property>
		<relationship name="sounds">
			<destination>{14d2db39-7aca-4298-8c53-d0e3cdb8635f}</destination>
			<destination>{022caf2b-8cc4-4550-9b3d-2ca738203662}</destination>
			<destination>{2ac7e33e-abf8-4180-8fcb-4b85ca3bd9a0}</destination>
			<destination>{1bdccc38-d7ad-4abf-89d1-5f2e50c05fc0}</destination>
		</relationship>
	</object>
	<object class="EventMixerGroup" id="{d7ff63c7-0092-409c-bc4c-9ee4f4e00534}">
		<property name="name">
			<value>Audio 1</value>
		</property>
		<relationship name="effectChain">
			<destination>{8021cf03-fe85-45a0-ad29-27eac17e6bc4}</destination>
		</relationship>
		<relationship name="panner">
			<destination>{fbb56cbb-10db-4bf3-9626-d478f7861999}</destination>
		</relationship>
		<relationship name="output">
			<destination>{f69c821d-d032-44f5-9e93-2b4ceee56c9e}</destination>
		</relationship>
	</object>
	<object class="MixerBusEffectChain" id="{7d2d438b-66d5-47bf-acb7-0b0ef0fa1d09}">
		<relationship name="effects">
			<destination>{2fec7d45-faf9-4e3c-9d68-3e3f4a3acfea}</destination>
			<destination>{62fc7307-62ff-4b60-b7d4-9efc92c0ad6c}</destination>
		</relationship>
	</object>
	<object class="MixerBusPanner" id="{ac49a590-5b91-45cd-a10a-462df5518e75}" />
	<object class="MixerBusFader" id="{0f7849d3-50ca-4143-a7ae-cc3ec7407338}" />
	<object class="SingleSound" id="{14d2db39-7aca-4298-8c53-d0e3cdb8635f}">
		<relationship name="audioFile">
			<destination>{0c22bd50-668d-407d-8cf2-29993f7af785}</destination>
		</relationship>
	</object>
	<object class="SingleSound" id="{022caf2b-8cc4-4550-9b3d-2ca738203662}">
		<relationship name="audioFile">
			<destination>{0d61a171-188a-4717-a5ac-3b0e3b5a7a5c}</destination>
		</relationship>
	</object>
	<object class="SingleSound" id="{2ac7e33e-abf8-4180-8fcb-4b85ca3bd9a0}">
		<relationship name="audioFile">
			<destination>{20053a35-da4d-4107-8058-68012229768a}</destination>
		</relationship>
	</object>
	<object class="SingleSound" id="{1bdccc38-d7ad-4abf-89d1-5f2e50c05fc0}">
		<relationship name="audioFile">
			<destination>{f6e41497-580b-4bda-83b8-ace4eaa4abf7}</destination>
		</relationship>
	</object>
	<object class="MixerBusEffectChain" id="{8021cf03-fe85-45a0-ad29-27eac17e6bc4}">
		<relationship name="effects">
			<destination>{09d6f313-6af9-4b99-93b0-17f2aa232265}</destination>
		</relationship>
	</object>
	<object class="MixerBusPanner" id="{fbb56cbb-10db-4bf3-9626-d478f7861999}" />
	<object class="MixerBusFader" id="{2fec7d45-faf9-4e3c-9d68-3e3f4a3acfea}" />
	<object class="SpatialiserEffect" id="{62fc7307-62ff-4b60-b7d4-9efc92c0ad6c}">
		<property name="minimumDistance">
			<value>0.5</value>
		</property>
		<property name="maximumDistance">
			<value>200</value>
		</property>
	</object>
	<object class="MixerBusFader" id="{09d6f313-6af9-4b99-93b0-17f2aa232265}" />
</objects>
