<?xml version="1.0" encoding="UTF-8"?>
<objects serializationModel="Studio.02.01.00">
	<object class="Event" id="{128f145e-fe5e-461c-9a34-46cef76887e3}">
		<property name="name">
			<value>Success</value>
		</property>
		<property name="outputFormat">
			<value>0</value>
		</property>
		<relationship name="folder">
			<destination>{b4759248-8c24-49a8-b0a2-0da943ddf0a8}</destination>
		</relationship>
		<relationship name="mixer">
			<destination>{9ce344be-24fe-4775-b355-51b55b8fbfbe}</destination>
		</relationship>
		<relationship name="masterTrack">
			<destination>{2030f3ef-9565-4c45-8c37-979882617a3c}</destination>
		</relationship>
		<relationship name="mixerInput">
			<destination>{b1bf3351-da9b-4120-8e14-20109833ef69}</destination>
		</relationship>
		<relationship name="automatableProperties">
			<destination>{c1c63ddb-1425-4150-8233-b80ce4e2b790}</destination>
		</relationship>
		<relationship name="markerTracks">
			<destination>{b11bb0dd-52d9-47e0-a79a-6aa67372a3dc}</destination>
		</relationship>
		<relationship name="groupTracks">
			<destination>{2aa6a725-dc1f-4570-ba32-42a7d234d79f}</destination>
		</relationship>
		<relationship name="timeline">
			<destination>{250af380-0726-4c69-b8d3-19352f08f3a4}</destination>
		</relationship>
		<relationship name="banks">
			<destination>{8c3f9de4-14c8-4279-a712-2040780fff61}</destination>
		</relationship>
	</object>
	<object class="EventMixer" id="{9ce344be-24fe-4775-b355-51b55b8fbfbe}">
		<relationship name="masterBus">
			<destination>{2edf1994-7b35-4fe3-9a13-428cf1cba586}</destination>
		</relationship>
	</object>
	<object class="MasterTrack" id="{2030f3ef-9565-4c45-8c37-979882617a3c}">
		<relationship name="mixerGroup">
			<destination>{2edf1994-7b35-4fe3-9a13-428cf1cba586}</destination>
		</relationship>
	</object>
	<object class="MixerInput" id="{b1bf3351-da9b-4120-8e14-20109833ef69}">
		<relationship name="effectChain">
			<destination>{4d621de8-ce9c-4576-b666-499433848237}</destination>
		</relationship>
		<relationship name="panner">
			<destination>{573ead15-87a6-457b-8c8d-b26bd583ebeb}</destination>
		</relationship>
		<relationship name="output">
			<destination>{a74bdffc-cbb2-488b-ae3c-038020e1273d}</destination>
		</relationship>
	</object>
	<object class="EventAutomatableProperties" id="{c1c63ddb-1425-4150-8233-b80ce4e2b790}" />
	<object class="MarkerTrack" id="{b11bb0dd-52d9-47e0-a79a-6aa67372a3dc}" />
	<object class="GroupTrack" id="{2aa6a725-dc1f-4570-ba32-42a7d234d79f}">
		<relationship name="modules">
			<destination>{132442f5-60df-40dd-94ed-55617d38f4e0}</destination>
		</relationship>
		<relationship name="mixerGroup">
			<destination>{8e295dfe-3b32-49e0-acc4-e5403e652632}</destination>
		</relationship>
	</object>
	<object class="Timeline" id="{250af380-0726-4c69-b8d3-19352f08f3a4}">
		<relationship name="modules">
			<destination>{132442f5-60df-40dd-94ed-55617d38f4e0}</destination>
		</relationship>
	</object>
	<object class="EventMixerMaster" id="{2edf1994-7b35-4fe3-9a13-428cf1cba586}">
		<relationship name="effectChain">
			<destination>{11822ec2-3c3f-4e99-96ec-dbd4ee0436f3}</destination>
		</relationship>
		<relationship name="panner">
			<destination>{9f3a2efc-958a-424c-9dc1-a361e5804ca4}</destination>
		</relationship>
		<relationship name="mixer">
			<destination>{9ce344be-24fe-4775-b355-51b55b8fbfbe}</destination>
		</relationship>
	</object>
	<object class="MixerBusEffectChain" id="{4d621de8-ce9c-4576-b666-499433848237}">
		<relationship name="effects">
			<destination>{4219a41b-9065-4fb8-b5c8-07943928c350}</destination>
		</relationship>
	</object>
	<object class="MixerBusPanner" id="{573ead15-87a6-457b-8c8d-b26bd583ebeb}" />
	<object class="MultiSound" id="{132442f5-60df-40dd-94ed-55617d38f4e0}">
		<property name="length">
			<value>2.2133958333333332</value>
		</property>
		<relationship name="sounds">
			<destination>{38f2652b-3ba8-43b2-9ee8-4f126236acb9}</destination>
			<destination>{0c2d2fb9-15b7-4e9a-862c-bf32af51c399}</destination>
			<destination>{d67741a2-61e0-4100-8f9c-d5138bdb9b62}</destination>
			<destination>{61ea7504-7e0c-4c40-b198-19ac1b94f953}</destination>
		</relationship>
	</object>
	<object class="EventMixerGroup" id="{8e295dfe-3b32-49e0-acc4-e5403e652632}">
		<property name="name">
			<value>Audio 1</value>
		</property>
		<relationship name="effectChain">
			<destination>{a44e161f-ca77-41d3-93b8-b0692d5bb1c2}</destination>
		</relationship>
		<relationship name="panner">
			<destination>{5ccd0388-18b5-4a4c-b498-a8e84e115411}</destination>
		</relationship>
		<relationship name="output">
			<destination>{2edf1994-7b35-4fe3-9a13-428cf1cba586}</destination>
		</relationship>
	</object>
	<object class="MixerBusEffectChain" id="{11822ec2-3c3f-4e99-96ec-dbd4ee0436f3}">
		<relationship name="effects">
			<destination>{5c96e181-88e1-4ddb-8361-da1e8a24d5af}</destination>
		</relationship>
	</object>
	<object class="MixerBusPanner" id="{9f3a2efc-958a-424c-9dc1-a361e5804ca4}" />
	<object class="MixerBusFader" id="{4219a41b-9065-4fb8-b5c8-07943928c350}" />
	<object class="SingleSound" id="{38f2652b-3ba8-43b2-9ee8-4f126236acb9}">
		<relationship name="audioFile">
			<destination>{4865104f-a075-4c92-9cd5-12ac816ca805}</destination>
		</relationship>
	</object>
	<object class="SingleSound" id="{0c2d2fb9-15b7-4e9a-862c-bf32af51c399}">
		<relationship name="audioFile">
			<destination>{6f2c1584-c6e1-41e0-b027-fd79488acf15}</destination>
		</relationship>
	</object>
	<object class="SingleSound" id="{d67741a2-61e0-4100-8f9c-d5138bdb9b62}">
		<relationship name="audioFile">
			<destination>{b50f7714-9ee4-4631-8d7e-5dabcd0d3ae3}</destination>
		</relationship>
	</object>
	<object class="SingleSound" id="{61ea7504-7e0c-4c40-b198-19ac1b94f953}">
		<relationship name="audioFile">
			<destination>{86e8bc6c-030f-413d-b7bc-cb346ef9e0ce}</destination>
		</relationship>
	</object>
	<object class="MixerBusEffectChain" id="{a44e161f-ca77-41d3-93b8-b0692d5bb1c2}">
		<relationship name="effects">
			<destination>{ce8e6215-d91b-4940-8ff5-8cb7c33ed758}</destination>
		</relationship>
	</object>
	<object class="MixerBusPanner" id="{5ccd0388-18b5-4a4c-b498-a8e84e115411}" />
	<object class="MixerBusFader" id="{5c96e181-88e1-4ddb-8361-da1e8a24d5af}" />
	<object class="MixerBusFader" id="{ce8e6215-d91b-4940-8ff5-8cb7c33ed758}" />
</objects>
