<?xml version="1.0" encoding="UTF-8"?>
<objects serializationModel="Studio.02.01.00">
	<object class="Event" id="{12b1e4a6-0973-426a-9f65-3da6e184dc84}">
		<property name="name">
			<value>Faction_Diplomacy_Submit_Tolerance_Cooperate</value>
		</property>
		<property name="outputFormat">
			<value>0</value>
		</property>
		<relationship name="folder">
			<destination>{158ad337-8269-4a32-865c-d3c458683eff}</destination>
		</relationship>
		<relationship name="mixer">
			<destination>{f2bf06b9-7576-4cd0-94de-80d0cc2210e1}</destination>
		</relationship>
		<relationship name="masterTrack">
			<destination>{f46a66be-5971-47c3-84f6-3396a65b10dc}</destination>
		</relationship>
		<relationship name="mixerInput">
			<destination>{96d72c1f-823f-45b9-9fec-77e1a2766d36}</destination>
		</relationship>
		<relationship name="automatableProperties">
			<destination>{e72cc14b-a77d-487e-8237-ba575a32d3eb}</destination>
		</relationship>
		<relationship name="markerTracks">
			<destination>{49ecd8bb-2793-4728-933a-bdcf00e8de46}</destination>
		</relationship>
		<relationship name="groupTracks">
			<destination>{377d06bd-a9c5-4455-a5c8-fe5a99902dd3}</destination>
		</relationship>
		<relationship name="timeline">
			<destination>{f0d4bb86-ba55-4715-90f9-31d98913ab1b}</destination>
		</relationship>
		<relationship name="banks">
			<destination>{8c3f9de4-14c8-4279-a712-2040780fff61}</destination>
		</relationship>
	</object>
	<object class="EventMixer" id="{f2bf06b9-7576-4cd0-94de-80d0cc2210e1}">
		<relationship name="masterBus">
			<destination>{abc46b7a-f8dc-4f49-8d11-c6c07cf2181a}</destination>
		</relationship>
	</object>
	<object class="MasterTrack" id="{f46a66be-5971-47c3-84f6-3396a65b10dc}">
		<relationship name="mixerGroup">
			<destination>{abc46b7a-f8dc-4f49-8d11-c6c07cf2181a}</destination>
		</relationship>
	</object>
	<object class="MixerInput" id="{96d72c1f-823f-45b9-9fec-77e1a2766d36}">
		<relationship name="effectChain">
			<destination>{877eff73-6126-49fd-b272-3c8a0862a571}</destination>
		</relationship>
		<relationship name="panner">
			<destination>{41228128-728d-477c-a130-71d2edc30dab}</destination>
		</relationship>
		<relationship name="output">
			<destination>{a74bdffc-cbb2-488b-ae3c-038020e1273d}</destination>
		</relationship>
	</object>
	<object class="EventAutomatableProperties" id="{e72cc14b-a77d-487e-8237-ba575a32d3eb}" />
	<object class="MarkerTrack" id="{49ecd8bb-2793-4728-933a-bdcf00e8de46}" />
	<object class="GroupTrack" id="{377d06bd-a9c5-4455-a5c8-fe5a99902dd3}">
		<relationship name="modules">
			<destination>{07759170-a780-4839-b8c2-5a30580a5e1a}</destination>
		</relationship>
		<relationship name="mixerGroup">
			<destination>{45601754-0cef-4fec-a647-8cdb0084dba5}</destination>
		</relationship>
	</object>
	<object class="Timeline" id="{f0d4bb86-ba55-4715-90f9-31d98913ab1b}">
		<relationship name="modules">
			<destination>{07759170-a780-4839-b8c2-5a30580a5e1a}</destination>
		</relationship>
	</object>
	<object class="EventMixerMaster" id="{abc46b7a-f8dc-4f49-8d11-c6c07cf2181a}">
		<relationship name="effectChain">
			<destination>{46aa7fbb-691f-4032-af12-d4b3ba8db273}</destination>
		</relationship>
		<relationship name="panner">
			<destination>{fc4319a7-e662-4f2d-9769-af2bfc2eaa6b}</destination>
		</relationship>
		<relationship name="mixer">
			<destination>{f2bf06b9-7576-4cd0-94de-80d0cc2210e1}</destination>
		</relationship>
	</object>
	<object class="MixerBusEffectChain" id="{877eff73-6126-49fd-b272-3c8a0862a571}">
		<relationship name="effects">
			<destination>{c231208d-f2a2-427c-85bc-1d8b73dde431}</destination>
		</relationship>
	</object>
	<object class="MixerBusPanner" id="{41228128-728d-477c-a130-71d2edc30dab}" />
	<object class="SingleSound" id="{07759170-a780-4839-b8c2-5a30580a5e1a}">
		<property name="length">
			<value>4.4223958333333337</value>
		</property>
		<relationship name="audioFile">
			<destination>{6df2cd74-510f-4bda-a672-7d7fc29e76bf}</destination>
		</relationship>
	</object>
	<object class="EventMixerGroup" id="{45601754-0cef-4fec-a647-8cdb0084dba5}">
		<property name="name">
			<value>Audio 1</value>
		</property>
		<relationship name="effectChain">
			<destination>{35c31b08-0cef-4e63-afae-88cbbcf038b4}</destination>
		</relationship>
		<relationship name="panner">
			<destination>{e396e01d-0315-4e05-9ee6-3aa65c66dc65}</destination>
		</relationship>
		<relationship name="output">
			<destination>{abc46b7a-f8dc-4f49-8d11-c6c07cf2181a}</destination>
		</relationship>
	</object>
	<object class="MixerBusEffectChain" id="{46aa7fbb-691f-4032-af12-d4b3ba8db273}">
		<relationship name="effects">
			<destination>{84d4dbfe-aa96-4248-b615-3970497df1a1}</destination>
		</relationship>
	</object>
	<object class="MixerBusPanner" id="{fc4319a7-e662-4f2d-9769-af2bfc2eaa6b}" />
	<object class="MixerBusFader" id="{c231208d-f2a2-427c-85bc-1d8b73dde431}" />
	<object class="MixerBusEffectChain" id="{35c31b08-0cef-4e63-afae-88cbbcf038b4}">
		<relationship name="effects">
			<destination>{db4fd330-3f2b-4d48-aa1b-ed96c7e7ce19}</destination>
		</relationship>
	</object>
	<object class="MixerBusPanner" id="{e396e01d-0315-4e05-9ee6-3aa65c66dc65}" />
	<object class="MixerBusFader" id="{84d4dbfe-aa96-4248-b615-3970497df1a1}" />
	<object class="MixerBusFader" id="{db4fd330-3f2b-4d48-aa1b-ed96c7e7ce19}" />
</objects>
