<?xml version="1.0" encoding="UTF-8"?>
<objects serializationModel="Studio.02.01.00">
	<object class="Event" id="{12cd6b9a-ce57-4146-a4bc-4488f9cb3475}">
		<property name="name">
			<value>Assigned</value>
		</property>
		<property name="outputFormat">
			<value>0</value>
		</property>
		<relationship name="folder">
			<destination>{925083e8-e000-4319-98eb-546a81e9a5be}</destination>
		</relationship>
		<relationship name="mixer">
			<destination>{4e65aedc-0e96-4c7a-bdaf-5c516773352c}</destination>
		</relationship>
		<relationship name="masterTrack">
			<destination>{5b06e224-f1b4-4e66-90e4-097cb12b33c6}</destination>
		</relationship>
		<relationship name="mixerInput">
			<destination>{8f9c1a56-4514-4df7-a586-73a5dadb1ac9}</destination>
		</relationship>
		<relationship name="automatableProperties">
			<destination>{5a2b48bb-92f0-4129-a114-d3a25f6ea47b}</destination>
		</relationship>
		<relationship name="markerTracks">
			<destination>{f27eabd5-fd0d-4eb4-a936-52fa848af044}</destination>
		</relationship>
		<relationship name="groupTracks">
			<destination>{4caa64f3-4586-47fd-8e90-23da5d955aae}</destination>
		</relationship>
		<relationship name="timeline">
			<destination>{c9276521-c8c3-4ffd-9843-9198542cfe02}</destination>
		</relationship>
		<relationship name="banks">
			<destination>{8c3f9de4-14c8-4279-a712-2040780fff61}</destination>
		</relationship>
	</object>
	<object class="EventMixer" id="{4e65aedc-0e96-4c7a-bdaf-5c516773352c}">
		<relationship name="masterBus">
			<destination>{958cc55a-50c9-4c23-b0b9-42fde1fddb07}</destination>
		</relationship>
	</object>
	<object class="MasterTrack" id="{5b06e224-f1b4-4e66-90e4-097cb12b33c6}">
		<relationship name="mixerGroup">
			<destination>{958cc55a-50c9-4c23-b0b9-42fde1fddb07}</destination>
		</relationship>
	</object>
	<object class="MixerInput" id="{8f9c1a56-4514-4df7-a586-73a5dadb1ac9}">
		<relationship name="effectChain">
			<destination>{dc099ace-8cbb-4c68-aac5-ae1e650a3fd7}</destination>
		</relationship>
		<relationship name="panner">
			<destination>{61ae94cb-2331-41f0-811d-39ac0819c89b}</destination>
		</relationship>
		<relationship name="output">
			<destination>{a74bdffc-cbb2-488b-ae3c-038020e1273d}</destination>
		</relationship>
	</object>
	<object class="EventAutomatableProperties" id="{5a2b48bb-92f0-4129-a114-d3a25f6ea47b}" />
	<object class="MarkerTrack" id="{f27eabd5-fd0d-4eb4-a936-52fa848af044}" />
	<object class="GroupTrack" id="{4caa64f3-4586-47fd-8e90-23da5d955aae}">
		<relationship name="modules">
			<destination>{32415653-9a26-4cd3-8fcd-8b5f121ff99a}</destination>
		</relationship>
		<relationship name="mixerGroup">
			<destination>{263fc56d-5311-463a-bcf5-7a25cec4224e}</destination>
		</relationship>
	</object>
	<object class="Timeline" id="{c9276521-c8c3-4ffd-9843-9198542cfe02}">
		<relationship name="modules">
			<destination>{32415653-9a26-4cd3-8fcd-8b5f121ff99a}</destination>
		</relationship>
	</object>
	<object class="EventMixerMaster" id="{958cc55a-50c9-4c23-b0b9-42fde1fddb07}">
		<relationship name="effectChain">
			<destination>{71360573-e25c-4cb4-9bf7-5bc6499cf5d3}</destination>
		</relationship>
		<relationship name="panner">
			<destination>{8c2b595a-dfd3-4a55-95bd-e809a6db2de1}</destination>
		</relationship>
		<relationship name="mixer">
			<destination>{4e65aedc-0e96-4c7a-bdaf-5c516773352c}</destination>
		</relationship>
	</object>
	<object class="MixerBusEffectChain" id="{dc099ace-8cbb-4c68-aac5-ae1e650a3fd7}">
		<relationship name="effects">
			<destination>{68bdfa77-f4f0-4a09-a710-9940eb29a359}</destination>
		</relationship>
	</object>
	<object class="MixerBusPanner" id="{61ae94cb-2331-41f0-811d-39ac0819c89b}" />
	<object class="MultiSound" id="{32415653-9a26-4cd3-8fcd-8b5f121ff99a}">
		<property name="length">
			<value>1.8577291666666667</value>
		</property>
		<relationship name="sounds">
			<destination>{bc1767eb-ad89-4d10-bd51-ba2d4ee0675d}</destination>
			<destination>{267e08c4-1c47-449e-9705-bac264f4dcec}</destination>
			<destination>{b2dc8814-47c1-48b2-b06f-7a103b478b43}</destination>
			<destination>{6143d32a-ab40-496b-abf3-14c6713c5c19}</destination>
			<destination>{6b405ee9-4be1-40a0-adbf-0a3390c80551}</destination>
		</relationship>
	</object>
	<object class="EventMixerGroup" id="{263fc56d-5311-463a-bcf5-7a25cec4224e}">
		<property name="name">
			<value>Audio 1</value>
		</property>
		<relationship name="effectChain">
			<destination>{9490f411-34e8-4d9a-9cf2-5128aa3a26ed}</destination>
		</relationship>
		<relationship name="panner">
			<destination>{8742434b-97d1-4468-b50e-4154d35e0abd}</destination>
		</relationship>
		<relationship name="output">
			<destination>{958cc55a-50c9-4c23-b0b9-42fde1fddb07}</destination>
		</relationship>
	</object>
	<object class="MixerBusEffectChain" id="{71360573-e25c-4cb4-9bf7-5bc6499cf5d3}">
		<relationship name="effects">
			<destination>{0ffed7cd-655c-43ec-94be-a577264e91da}</destination>
		</relationship>
	</object>
	<object class="MixerBusPanner" id="{8c2b595a-dfd3-4a55-95bd-e809a6db2de1}" />
	<object class="MixerBusFader" id="{68bdfa77-f4f0-4a09-a710-9940eb29a359}" />
	<object class="SingleSound" id="{bc1767eb-ad89-4d10-bd51-ba2d4ee0675d}">
		<relationship name="audioFile">
			<destination>{cfb82eb6-cc31-4966-8b04-4ed39c0544a9}</destination>
		</relationship>
	</object>
	<object class="SingleSound" id="{267e08c4-1c47-449e-9705-bac264f4dcec}">
		<relationship name="audioFile">
			<destination>{d6e256c5-c04a-442e-9f51-d684a15ebec2}</destination>
		</relationship>
	</object>
	<object class="SingleSound" id="{b2dc8814-47c1-48b2-b06f-7a103b478b43}">
		<relationship name="audioFile">
			<destination>{e9adee8a-5b8f-4a98-954e-20cef626da98}</destination>
		</relationship>
	</object>
	<object class="SingleSound" id="{6143d32a-ab40-496b-abf3-14c6713c5c19}">
		<relationship name="audioFile">
			<destination>{57d30c66-1648-479a-9465-1ce92316fa6d}</destination>
		</relationship>
	</object>
	<object class="SingleSound" id="{6b405ee9-4be1-40a0-adbf-0a3390c80551}">
		<relationship name="audioFile">
			<destination>{b0ebf08d-ac54-4a95-b78c-3f5e64ac3e21}</destination>
		</relationship>
	</object>
	<object class="MixerBusEffectChain" id="{9490f411-34e8-4d9a-9cf2-5128aa3a26ed}">
		<relationship name="effects">
			<destination>{8005752f-3897-471d-9669-c7e40b711275}</destination>
		</relationship>
	</object>
	<object class="MixerBusPanner" id="{8742434b-97d1-4468-b50e-4154d35e0abd}" />
	<object class="MixerBusFader" id="{0ffed7cd-655c-43ec-94be-a577264e91da}" />
	<object class="MixerBusFader" id="{8005752f-3897-471d-9669-c7e40b711275}" />
</objects>
