<?xml version="1.0" encoding="UTF-8"?>
<objects serializationModel="Studio.02.01.00">
	<object class="Event" id="{12d8166f-12a9-4c61-877a-334bdae9e493}">
		<property name="name">
			<value>Success</value>
		</property>
		<property name="outputFormat">
			<value>0</value>
		</property>
		<relationship name="folder">
			<destination>{bb60b857-2e74-4078-8541-b1f124bcc2d6}</destination>
		</relationship>
		<relationship name="mixer">
			<destination>{ad1576a5-0be4-421c-91cc-694887d1c7ef}</destination>
		</relationship>
		<relationship name="masterTrack">
			<destination>{bfa6a84f-4a3c-40b8-bf69-c5bd66eef685}</destination>
		</relationship>
		<relationship name="mixerInput">
			<destination>{a239c9a0-9940-4e58-8251-7c921a0f0379}</destination>
		</relationship>
		<relationship name="automatableProperties">
			<destination>{2054cfd4-8f9b-41c9-a345-524bce6840cd}</destination>
		</relationship>
		<relationship name="markerTracks">
			<destination>{cd3affe5-fddc-41ea-ae81-d545f958d2c9}</destination>
		</relationship>
		<relationship name="groupTracks">
			<destination>{c1200441-63ae-4f1f-84a4-f6140f1980fe}</destination>
		</relationship>
		<relationship name="timeline">
			<destination>{3a8d6c09-bcfe-453d-8075-0a8e5dc61da8}</destination>
		</relationship>
		<relationship name="banks">
			<destination>{8c3f9de4-14c8-4279-a712-2040780fff61}</destination>
		</relationship>
	</object>
	<object class="EventMixer" id="{ad1576a5-0be4-421c-91cc-694887d1c7ef}">
		<relationship name="masterBus">
			<destination>{99f1875f-b4da-4910-b48d-2fdec874b30a}</destination>
		</relationship>
	</object>
	<object class="MasterTrack" id="{bfa6a84f-4a3c-40b8-bf69-c5bd66eef685}">
		<relationship name="mixerGroup">
			<destination>{99f1875f-b4da-4910-b48d-2fdec874b30a}</destination>
		</relationship>
	</object>
	<object class="MixerInput" id="{a239c9a0-9940-4e58-8251-7c921a0f0379}">
		<relationship name="effectChain">
			<destination>{983445ee-e032-491b-b8ed-34498eda5adf}</destination>
		</relationship>
		<relationship name="panner">
			<destination>{412595c8-e537-40ad-aab4-9190d6786ac3}</destination>
		</relationship>
		<relationship name="output">
			<destination>{a74bdffc-cbb2-488b-ae3c-038020e1273d}</destination>
		</relationship>
	</object>
	<object class="EventAutomatableProperties" id="{2054cfd4-8f9b-41c9-a345-524bce6840cd}" />
	<object class="MarkerTrack" id="{cd3affe5-fddc-41ea-ae81-d545f958d2c9}" />
	<object class="GroupTrack" id="{c1200441-63ae-4f1f-84a4-f6140f1980fe}">
		<relationship name="modules">
			<destination>{381a2881-b675-4045-8d6a-e29aaf679a8e}</destination>
		</relationship>
		<relationship name="mixerGroup">
			<destination>{2cfb9b13-31b9-4b5d-a28e-f26f1082fb43}</destination>
		</relationship>
	</object>
	<object class="Timeline" id="{3a8d6c09-bcfe-453d-8075-0a8e5dc61da8}">
		<relationship name="modules">
			<destination>{381a2881-b675-4045-8d6a-e29aaf679a8e}</destination>
		</relationship>
	</object>
	<object class="EventMixerMaster" id="{99f1875f-b4da-4910-b48d-2fdec874b30a}">
		<relationship name="effectChain">
			<destination>{3152cd5e-a498-47aa-a9b5-d35f93067b20}</destination>
		</relationship>
		<relationship name="panner">
			<destination>{f86dfc5f-0223-4832-89a6-b5471f70cf6c}</destination>
		</relationship>
		<relationship name="mixer">
			<destination>{ad1576a5-0be4-421c-91cc-694887d1c7ef}</destination>
		</relationship>
	</object>
	<object class="MixerBusEffectChain" id="{983445ee-e032-491b-b8ed-34498eda5adf}">
		<relationship name="effects">
			<destination>{88d8bcbb-e6c0-4908-a12e-a0ef034d274f}</destination>
		</relationship>
	</object>
	<object class="MixerBusPanner" id="{412595c8-e537-40ad-aab4-9190d6786ac3}" />
	<object class="MultiSound" id="{381a2881-b675-4045-8d6a-e29aaf679a8e}">
		<property name="start">
			<value>5.5511151231257827e-17</value>
		</property>
		<property name="length">
			<value>2.1419999999999999</value>
		</property>
		<relationship name="sounds">
			<destination>{72014a67-2666-4178-b49e-f62d91aa9660}</destination>
			<destination>{3150f137-5067-4963-8f77-dc01ac5e8f4e}</destination>
		</relationship>
	</object>
	<object class="EventMixerGroup" id="{2cfb9b13-31b9-4b5d-a28e-f26f1082fb43}">
		<property name="name">
			<value>Audio 1</value>
		</property>
		<relationship name="effectChain">
			<destination>{76a4bbc7-6a92-4318-928a-c8c621606361}</destination>
		</relationship>
		<relationship name="panner">
			<destination>{bb1149d0-213f-4de7-b3f0-a229f026bd37}</destination>
		</relationship>
		<relationship name="output">
			<destination>{99f1875f-b4da-4910-b48d-2fdec874b30a}</destination>
		</relationship>
	</object>
	<object class="MixerBusEffectChain" id="{3152cd5e-a498-47aa-a9b5-d35f93067b20}">
		<relationship name="effects">
			<destination>{b1b9325c-d484-4b50-aef4-68c147a16b12}</destination>
		</relationship>
	</object>
	<object class="MixerBusPanner" id="{f86dfc5f-0223-4832-89a6-b5471f70cf6c}" />
	<object class="MixerBusFader" id="{88d8bcbb-e6c0-4908-a12e-a0ef034d274f}" />
	<object class="SingleSound" id="{72014a67-2666-4178-b49e-f62d91aa9660}">
		<relationship name="audioFile">
			<destination>{d0d00f10-0cf4-4b8a-96b7-4d84030203ad}</destination>
		</relationship>
	</object>
	<object class="SingleSound" id="{3150f137-5067-4963-8f77-dc01ac5e8f4e}">
		<relationship name="audioFile">
			<destination>{0223615b-0aac-4bdb-82b6-55fbe0968f6e}</destination>
		</relationship>
	</object>
	<object class="MixerBusEffectChain" id="{76a4bbc7-6a92-4318-928a-c8c621606361}">
		<relationship name="effects">
			<destination>{fdd7112b-0014-49fb-b35b-a013d3b9a83a}</destination>
		</relationship>
	</object>
	<object class="MixerBusPanner" id="{bb1149d0-213f-4de7-b3f0-a229f026bd37}" />
	<object class="MixerBusFader" id="{b1b9325c-d484-4b50-aef4-68c147a16b12}" />
	<object class="MixerBusFader" id="{fdd7112b-0014-49fb-b35b-a013d3b9a83a}" />
</objects>
