<?xml version="1.0" encoding="UTF-8"?>
<objects serializationModel="Studio.02.01.00">
	<object class="Event" id="{12fe8d24-3a4b-484f-8327-65b2b6cac816}">
		<property name="name">
			<value>Success</value>
		</property>
		<property name="outputFormat">
			<value>0</value>
		</property>
		<relationship name="folder">
			<destination>{3da9cb67-06d8-479d-b857-0efd6f062e6c}</destination>
		</relationship>
		<relationship name="mixer">
			<destination>{5d4036f1-61d0-44a3-8c99-f36f777d6161}</destination>
		</relationship>
		<relationship name="masterTrack">
			<destination>{9869ef28-968f-4215-ab00-0d91ccb02b07}</destination>
		</relationship>
		<relationship name="mixerInput">
			<destination>{2b3f2e7a-0b9a-45f6-8d11-ecdeec98ae13}</destination>
		</relationship>
		<relationship name="automatableProperties">
			<destination>{ec541b53-e3f2-437a-9146-a9dd7006f49d}</destination>
		</relationship>
		<relationship name="markerTracks">
			<destination>{cd7517f8-dc43-4b85-a620-8b5e355cbb16}</destination>
		</relationship>
		<relationship name="groupTracks">
			<destination>{7581ae74-90e7-4310-830f-8ed283073849}</destination>
		</relationship>
		<relationship name="timeline">
			<destination>{7eefa00b-3db1-4a0f-b921-8d86b65a430b}</destination>
		</relationship>
		<relationship name="banks">
			<destination>{8c3f9de4-14c8-4279-a712-2040780fff61}</destination>
		</relationship>
	</object>
	<object class="EventMixer" id="{5d4036f1-61d0-44a3-8c99-f36f777d6161}">
		<relationship name="masterBus">
			<destination>{c19443e8-c633-4d30-88fb-a238c0223b33}</destination>
		</relationship>
	</object>
	<object class="MasterTrack" id="{9869ef28-968f-4215-ab00-0d91ccb02b07}">
		<relationship name="mixerGroup">
			<destination>{c19443e8-c633-4d30-88fb-a238c0223b33}</destination>
		</relationship>
	</object>
	<object class="MixerInput" id="{2b3f2e7a-0b9a-45f6-8d11-ecdeec98ae13}">
		<relationship name="effectChain">
			<destination>{23bdd51c-15d4-4065-be6a-9dfa53c5cc52}</destination>
		</relationship>
		<relationship name="panner">
			<destination>{29f5d5c6-4f9b-4855-8de1-fe4dbd22160a}</destination>
		</relationship>
		<relationship name="output">
			<destination>{a74bdffc-cbb2-488b-ae3c-038020e1273d}</destination>
		</relationship>
	</object>
	<object class="EventAutomatableProperties" id="{ec541b53-e3f2-437a-9146-a9dd7006f49d}" />
	<object class="MarkerTrack" id="{cd7517f8-dc43-4b85-a620-8b5e355cbb16}" />
	<object class="GroupTrack" id="{7581ae74-90e7-4310-830f-8ed283073849}">
		<relationship name="modules">
			<destination>{764e904e-3545-4be8-837a-3b95df697d64}</destination>
		</relationship>
		<relationship name="mixerGroup">
			<destination>{3da83408-bf1c-49d1-b8f1-f1940e723168}</destination>
		</relationship>
	</object>
	<object class="Timeline" id="{7eefa00b-3db1-4a0f-b921-8d86b65a430b}">
		<relationship name="modules">
			<destination>{764e904e-3545-4be8-837a-3b95df697d64}</destination>
		</relationship>
	</object>
	<object class="EventMixerMaster" id="{c19443e8-c633-4d30-88fb-a238c0223b33}">
		<relationship name="effectChain">
			<destination>{4fd9d1a6-fc86-42dc-881f-61e34949ed43}</destination>
		</relationship>
		<relationship name="panner">
			<destination>{08888198-0be6-4710-8118-2cd4b42b83c7}</destination>
		</relationship>
		<relationship name="mixer">
			<destination>{5d4036f1-61d0-44a3-8c99-f36f777d6161}</destination>
		</relationship>
	</object>
	<object class="MixerBusEffectChain" id="{23bdd51c-15d4-4065-be6a-9dfa53c5cc52}">
		<relationship name="effects">
			<destination>{e3e4c857-bf34-48a9-a8a1-10ae6756d5be}</destination>
		</relationship>
	</object>
	<object class="MixerBusPanner" id="{29f5d5c6-4f9b-4855-8de1-fe4dbd22160a}" />
	<object class="MultiSound" id="{764e904e-3545-4be8-837a-3b95df697d64}">
		<property name="length">
			<value>2.6669999999999998</value>
		</property>
		<relationship name="sounds">
			<destination>{579fe9e4-0cb1-45d6-a6f8-625bc4ee71d1}</destination>
			<destination>{8758afb3-3039-4cfa-963d-8103f78ba758}</destination>
			<destination>{6aa62a96-043b-4f23-a13d-73abe397ccbe}</destination>
			<destination>{36178199-9dab-44ef-83f0-08df4c6a3fda}</destination>
			<destination>{6ffcbbb7-5a3c-49dc-9f8e-93ab3951e36b}</destination>
		</relationship>
	</object>
	<object class="EventMixerGroup" id="{3da83408-bf1c-49d1-b8f1-f1940e723168}">
		<property name="name">
			<value>Audio 1</value>
		</property>
		<relationship name="effectChain">
			<destination>{66f959c8-a084-4161-ae4f-7015d968c437}</destination>
		</relationship>
		<relationship name="panner">
			<destination>{c1ea2e8f-effb-4a45-968f-ab7b41d4dd8f}</destination>
		</relationship>
		<relationship name="output">
			<destination>{c19443e8-c633-4d30-88fb-a238c0223b33}</destination>
		</relationship>
	</object>
	<object class="MixerBusEffectChain" id="{4fd9d1a6-fc86-42dc-881f-61e34949ed43}">
		<relationship name="effects">
			<destination>{f1cde655-2a81-4ad8-8612-59f45380bf61}</destination>
		</relationship>
	</object>
	<object class="MixerBusPanner" id="{08888198-0be6-4710-8118-2cd4b42b83c7}" />
	<object class="MixerBusFader" id="{e3e4c857-bf34-48a9-a8a1-10ae6756d5be}" />
	<object class="SingleSound" id="{579fe9e4-0cb1-45d6-a6f8-625bc4ee71d1}">
		<relationship name="audioFile">
			<destination>{67f3191d-b142-4c8e-9d3a-08c0139c5183}</destination>
		</relationship>
	</object>
	<object class="SingleSound" id="{8758afb3-3039-4cfa-963d-8103f78ba758}">
		<relationship name="audioFile">
			<destination>{e7c19410-95e2-4381-be41-09fc32b2c396}</destination>
		</relationship>
	</object>
	<object class="SingleSound" id="{6aa62a96-043b-4f23-a13d-73abe397ccbe}">
		<relationship name="audioFile">
			<destination>{6581f4e7-bf86-4f01-ae94-3624c1d40ba1}</destination>
		</relationship>
	</object>
	<object class="SingleSound" id="{36178199-9dab-44ef-83f0-08df4c6a3fda}">
		<relationship name="audioFile">
			<destination>{1b5925e6-ff68-4c7b-8189-a54826f69e16}</destination>
		</relationship>
	</object>
	<object class="SingleSound" id="{6ffcbbb7-5a3c-49dc-9f8e-93ab3951e36b}">
		<relationship name="audioFile">
			<destination>{4af6dccf-decd-4d5a-9b3b-2b767d0f0a25}</destination>
		</relationship>
	</object>
	<object class="MixerBusEffectChain" id="{66f959c8-a084-4161-ae4f-7015d968c437}">
		<relationship name="effects">
			<destination>{1ab9d1d6-0256-4a1c-8ea3-95db83ba88f6}</destination>
		</relationship>
	</object>
	<object class="MixerBusPanner" id="{c1ea2e8f-effb-4a45-968f-ab7b41d4dd8f}" />
	<object class="MixerBusFader" id="{f1cde655-2a81-4ad8-8612-59f45380bf61}" />
	<object class="MixerBusFader" id="{1ab9d1d6-0256-4a1c-8ea3-95db83ba88f6}" />
</objects>
