<?xml version="1.0" encoding="UTF-8"?>
<objects serializationModel="Studio.02.01.00">
	<object class="Event" id="{1309a2a4-c0a6-4152-93ca-571692e9471b}">
		<property name="name">
			<value>Success</value>
		</property>
		<property name="outputFormat">
			<value>0</value>
		</property>
		<relationship name="folder">
			<destination>{2e85d8c3-3282-439d-a8c2-3f2374dfd2f9}</destination>
		</relationship>
		<relationship name="mixer">
			<destination>{7f81d344-c8e6-4552-a238-3d2c0dfbcca4}</destination>
		</relationship>
		<relationship name="masterTrack">
			<destination>{c66870f3-da48-43ca-8e64-0e60206ae804}</destination>
		</relationship>
		<relationship name="mixerInput">
			<destination>{d0f9b107-14c3-4486-8a3b-dc3ff9432f14}</destination>
		</relationship>
		<relationship name="automatableProperties">
			<destination>{e7a30818-709b-4351-8b2e-60c22808b569}</destination>
		</relationship>
		<relationship name="markerTracks">
			<destination>{6ab015c7-b8ca-4e18-bd9e-91c0a69657a4}</destination>
		</relationship>
		<relationship name="groupTracks">
			<destination>{d4e0291c-d516-4d0c-afde-a04ab5b5779f}</destination>
		</relationship>
		<relationship name="timeline">
			<destination>{6f82db8c-d4e6-410d-80cc-45cec3d0428a}</destination>
		</relationship>
		<relationship name="banks">
			<destination>{8c3f9de4-14c8-4279-a712-2040780fff61}</destination>
		</relationship>
	</object>
	<object class="EventMixer" id="{7f81d344-c8e6-4552-a238-3d2c0dfbcca4}">
		<relationship name="masterBus">
			<destination>{45bceef7-6ed8-436c-8a64-61c51f1ec498}</destination>
		</relationship>
	</object>
	<object class="MasterTrack" id="{c66870f3-da48-43ca-8e64-0e60206ae804}">
		<relationship name="mixerGroup">
			<destination>{45bceef7-6ed8-436c-8a64-61c51f1ec498}</destination>
		</relationship>
	</object>
	<object class="MixerInput" id="{d0f9b107-14c3-4486-8a3b-dc3ff9432f14}">
		<relationship name="effectChain">
			<destination>{56f83f2e-f7f6-4e96-bc7b-53aa702b6b03}</destination>
		</relationship>
		<relationship name="panner">
			<destination>{b01bad43-889f-490f-ab1f-aaa66ebd6b7b}</destination>
		</relationship>
		<relationship name="output">
			<destination>{a74bdffc-cbb2-488b-ae3c-038020e1273d}</destination>
		</relationship>
	</object>
	<object class="EventAutomatableProperties" id="{e7a30818-709b-4351-8b2e-60c22808b569}" />
	<object class="MarkerTrack" id="{6ab015c7-b8ca-4e18-bd9e-91c0a69657a4}" />
	<object class="GroupTrack" id="{d4e0291c-d516-4d0c-afde-a04ab5b5779f}">
		<relationship name="modules">
			<destination>{c280d694-4199-4cf3-bf64-0ebeed55c546}</destination>
		</relationship>
		<relationship name="mixerGroup">
			<destination>{b76836a1-ac20-47db-affa-d6b568d69561}</destination>
		</relationship>
	</object>
	<object class="Timeline" id="{6f82db8c-d4e6-410d-80cc-45cec3d0428a}">
		<relationship name="modules">
			<destination>{c280d694-4199-4cf3-bf64-0ebeed55c546}</destination>
		</relationship>
	</object>
	<object class="EventMixerMaster" id="{45bceef7-6ed8-436c-8a64-61c51f1ec498}">
		<relationship name="effectChain">
			<destination>{3d48ed95-23f8-4fb1-aef5-c9b1f6288d05}</destination>
		</relationship>
		<relationship name="panner">
			<destination>{4a1c0cd7-8bc5-4c82-8d9e-15016a250d98}</destination>
		</relationship>
		<relationship name="mixer">
			<destination>{7f81d344-c8e6-4552-a238-3d2c0dfbcca4}</destination>
		</relationship>
	</object>
	<object class="MixerBusEffectChain" id="{56f83f2e-f7f6-4e96-bc7b-53aa702b6b03}">
		<relationship name="effects">
			<destination>{9e803b67-4d5d-4258-bd13-4597eecf7806}</destination>
		</relationship>
	</object>
	<object class="MixerBusPanner" id="{b01bad43-889f-490f-ab1f-aaa66ebd6b7b}" />
	<object class="MultiSound" id="{c280d694-4199-4cf3-bf64-0ebeed55c546}">
		<property name="length">
			<value>2.0228333333333333</value>
		</property>
		<relationship name="sounds">
			<destination>{56e1c952-7ca5-4796-9169-227b2e863629}</destination>
			<destination>{87a05a25-29dc-4353-9938-be37118c6708}</destination>
			<destination>{d7942094-9676-44ae-bd6c-138db233360d}</destination>
			<destination>{a2e815e1-2f6e-45f2-a466-7f8503459865}</destination>
		</relationship>
	</object>
	<object class="EventMixerGroup" id="{b76836a1-ac20-47db-affa-d6b568d69561}">
		<property name="name">
			<value>Audio 1</value>
		</property>
		<relationship name="effectChain">
			<destination>{d39fd6e4-e7bc-441d-a07c-5587d109378b}</destination>
		</relationship>
		<relationship name="panner">
			<destination>{e253f256-3e84-4fe6-b54c-3ef5a4ad9f10}</destination>
		</relationship>
		<relationship name="output">
			<destination>{45bceef7-6ed8-436c-8a64-61c51f1ec498}</destination>
		</relationship>
	</object>
	<object class="MixerBusEffectChain" id="{3d48ed95-23f8-4fb1-aef5-c9b1f6288d05}">
		<relationship name="effects">
			<destination>{e4efe7da-f61c-4375-96fa-a71e492b0392}</destination>
		</relationship>
	</object>
	<object class="MixerBusPanner" id="{4a1c0cd7-8bc5-4c82-8d9e-15016a250d98}" />
	<object class="MixerBusFader" id="{9e803b67-4d5d-4258-bd13-4597eecf7806}" />
	<object class="SingleSound" id="{56e1c952-7ca5-4796-9169-227b2e863629}">
		<relationship name="audioFile">
			<destination>{fb86fbad-26df-42a4-ba80-20f2c39f16ed}</destination>
		</relationship>
	</object>
	<object class="SingleSound" id="{87a05a25-29dc-4353-9938-be37118c6708}">
		<relationship name="audioFile">
			<destination>{7be284aa-2c2d-407d-a95d-99c3b5730fe8}</destination>
		</relationship>
	</object>
	<object class="SingleSound" id="{d7942094-9676-44ae-bd6c-138db233360d}">
		<relationship name="audioFile">
			<destination>{82a004ce-28b2-42ed-8e98-ec76903c0616}</destination>
		</relationship>
	</object>
	<object class="SingleSound" id="{a2e815e1-2f6e-45f2-a466-7f8503459865}">
		<relationship name="audioFile">
			<destination>{fff667de-b072-4560-b023-615fb76cfd21}</destination>
		</relationship>
	</object>
	<object class="MixerBusEffectChain" id="{d39fd6e4-e7bc-441d-a07c-5587d109378b}">
		<relationship name="effects">
			<destination>{fb545341-e5be-46a0-a8ff-687d3d99b286}</destination>
		</relationship>
	</object>
	<object class="MixerBusPanner" id="{e253f256-3e84-4fe6-b54c-3ef5a4ad9f10}" />
	<object class="MixerBusFader" id="{e4efe7da-f61c-4375-96fa-a71e492b0392}" />
	<object class="MixerBusFader" id="{fb545341-e5be-46a0-a8ff-687d3d99b286}" />
</objects>
