<?xml version="1.0" encoding="UTF-8"?>
<objects serializationModel="Studio.02.01.00">
	<object class="Event" id="{131c37cd-4a83-4988-95af-e519e689e6ab}">
		<property name="name">
			<value>Success</value>
		</property>
		<property name="outputFormat">
			<value>0</value>
		</property>
		<relationship name="folder">
			<destination>{d7a1e2cf-2899-4313-9180-a164172399d3}</destination>
		</relationship>
		<relationship name="mixer">
			<destination>{9aecfcd9-4d32-4bef-bb87-9eef6cd9d5ca}</destination>
		</relationship>
		<relationship name="masterTrack">
			<destination>{094d04af-387d-4219-8a9f-6bbd24af47b4}</destination>
		</relationship>
		<relationship name="mixerInput">
			<destination>{e3d65a2d-e43a-49ae-8de5-ba8f08dcce7e}</destination>
		</relationship>
		<relationship name="automatableProperties">
			<destination>{cd6cd4c5-401e-4e3c-bcd4-9a7ea2c87378}</destination>
		</relationship>
		<relationship name="markerTracks">
			<destination>{4c3b939b-896a-457f-89cd-12c425de640c}</destination>
		</relationship>
		<relationship name="groupTracks">
			<destination>{b015716f-d603-4260-a7ee-4f615ecb9eca}</destination>
		</relationship>
		<relationship name="timeline">
			<destination>{e5d3d7f5-e570-43de-a7e5-cb7c78660eb5}</destination>
		</relationship>
		<relationship name="banks">
			<destination>{8c3f9de4-14c8-4279-a712-2040780fff61}</destination>
		</relationship>
	</object>
	<object class="EventMixer" id="{9aecfcd9-4d32-4bef-bb87-9eef6cd9d5ca}">
		<relationship name="masterBus">
			<destination>{4a305c32-1269-494e-9d78-d0a1f7c406c8}</destination>
		</relationship>
	</object>
	<object class="MasterTrack" id="{094d04af-387d-4219-8a9f-6bbd24af47b4}">
		<relationship name="mixerGroup">
			<destination>{4a305c32-1269-494e-9d78-d0a1f7c406c8}</destination>
		</relationship>
	</object>
	<object class="MixerInput" id="{e3d65a2d-e43a-49ae-8de5-ba8f08dcce7e}">
		<relationship name="effectChain">
			<destination>{163df785-443d-4548-b28b-917ebd8b2ff6}</destination>
		</relationship>
		<relationship name="panner">
			<destination>{fa41481b-c40f-4bd4-888d-12e5274f84c5}</destination>
		</relationship>
		<relationship name="output">
			<destination>{a74bdffc-cbb2-488b-ae3c-038020e1273d}</destination>
		</relationship>
	</object>
	<object class="EventAutomatableProperties" id="{cd6cd4c5-401e-4e3c-bcd4-9a7ea2c87378}" />
	<object class="MarkerTrack" id="{4c3b939b-896a-457f-89cd-12c425de640c}" />
	<object class="GroupTrack" id="{b015716f-d603-4260-a7ee-4f615ecb9eca}">
		<relationship name="modules">
			<destination>{1ce5b009-6631-4168-ac81-ca9f1c1706ea}</destination>
		</relationship>
		<relationship name="mixerGroup">
			<destination>{5f4efcac-6a00-429e-97be-cacfab9b6ec0}</destination>
		</relationship>
	</object>
	<object class="Timeline" id="{e5d3d7f5-e570-43de-a7e5-cb7c78660eb5}">
		<relationship name="modules">
			<destination>{1ce5b009-6631-4168-ac81-ca9f1c1706ea}</destination>
		</relationship>
	</object>
	<object class="EventMixerMaster" id="{4a305c32-1269-494e-9d78-d0a1f7c406c8}">
		<relationship name="effectChain">
			<destination>{6bf844be-0891-49e7-94f5-a2e0a142f91e}</destination>
		</relationship>
		<relationship name="panner">
			<destination>{f9652dd6-6568-49b2-9429-1adf8007c660}</destination>
		</relationship>
		<relationship name="mixer">
			<destination>{9aecfcd9-4d32-4bef-bb87-9eef6cd9d5ca}</destination>
		</relationship>
	</object>
	<object class="MixerBusEffectChain" id="{163df785-443d-4548-b28b-917ebd8b2ff6}">
		<relationship name="effects">
			<destination>{8185c853-56a9-4030-b787-7761af2d0b1f}</destination>
		</relationship>
	</object>
	<object class="MixerBusPanner" id="{fa41481b-c40f-4bd4-888d-12e5274f84c5}" />
	<object class="MultiSound" id="{1ce5b009-6631-4168-ac81-ca9f1c1706ea}">
		<property name="length">
			<value>2.1565833333333333</value>
		</property>
		<relationship name="sounds">
			<destination>{908f2e98-bfd2-4566-8393-fbc4e2a4b548}</destination>
			<destination>{61da8d20-ecdb-4c44-8301-99f8864d159b}</destination>
			<destination>{202f5474-405c-4fcc-8b03-43bceb1586d8}</destination>
		</relationship>
	</object>
	<object class="EventMixerGroup" id="{5f4efcac-6a00-429e-97be-cacfab9b6ec0}">
		<property name="name">
			<value>Audio 1</value>
		</property>
		<relationship name="effectChain">
			<destination>{ee4aebf6-2e36-479c-8291-e3acc782a048}</destination>
		</relationship>
		<relationship name="panner">
			<destination>{8022a91b-dc6b-4a4c-9fd6-a780980cc143}</destination>
		</relationship>
		<relationship name="output">
			<destination>{4a305c32-1269-494e-9d78-d0a1f7c406c8}</destination>
		</relationship>
	</object>
	<object class="MixerBusEffectChain" id="{6bf844be-0891-49e7-94f5-a2e0a142f91e}">
		<relationship name="effects">
			<destination>{f235662f-b236-477e-9caa-c85e1775d886}</destination>
		</relationship>
	</object>
	<object class="MixerBusPanner" id="{f9652dd6-6568-49b2-9429-1adf8007c660}" />
	<object class="MixerBusFader" id="{8185c853-56a9-4030-b787-7761af2d0b1f}" />
	<object class="SingleSound" id="{908f2e98-bfd2-4566-8393-fbc4e2a4b548}">
		<relationship name="audioFile">
			<destination>{8a785812-e071-46ae-8e7a-9a6b956d84e3}</destination>
		</relationship>
	</object>
	<object class="SingleSound" id="{61da8d20-ecdb-4c44-8301-99f8864d159b}">
		<relationship name="audioFile">
			<destination>{263e0b42-a3c7-4e11-9772-a1ea4244c7a6}</destination>
		</relationship>
	</object>
	<object class="SingleSound" id="{202f5474-405c-4fcc-8b03-43bceb1586d8}">
		<relationship name="audioFile">
			<destination>{5e1b9204-7f7c-4031-88e7-ac0127dcb20e}</destination>
		</relationship>
	</object>
	<object class="MixerBusEffectChain" id="{ee4aebf6-2e36-479c-8291-e3acc782a048}">
		<relationship name="effects">
			<destination>{fcce5a68-0ce3-42c4-b0f9-ad9850e42a93}</destination>
		</relationship>
	</object>
	<object class="MixerBusPanner" id="{8022a91b-dc6b-4a4c-9fd6-a780980cc143}" />
	<object class="MixerBusFader" id="{f235662f-b236-477e-9caa-c85e1775d886}" />
	<object class="MixerBusFader" id="{fcce5a68-0ce3-42c4-b0f9-ad9850e42a93}" />
</objects>
