<?xml version="1.0" encoding="UTF-8"?>
<objects serializationModel="Studio.02.01.00">
	<object class="Event" id="{132d3704-3910-4cca-baee-db57044411cf}">
		<property name="name">
			<value>Assigned</value>
		</property>
		<property name="outputFormat">
			<value>0</value>
		</property>
		<relationship name="folder">
			<destination>{5ed7497b-f6b5-4f71-8c4a-6d7b85c4a2ac}</destination>
		</relationship>
		<relationship name="mixer">
			<destination>{537e7966-70ad-46c0-b230-bafdca182472}</destination>
		</relationship>
		<relationship name="masterTrack">
			<destination>{a93f4a1f-445f-480e-9a30-8293cb38a101}</destination>
		</relationship>
		<relationship name="mixerInput">
			<destination>{5803b4f9-4317-41d4-8c3e-656158dd2549}</destination>
		</relationship>
		<relationship name="automatableProperties">
			<destination>{05206a10-5b27-4bf3-93af-c2b9a362f5c0}</destination>
		</relationship>
		<relationship name="markerTracks">
			<destination>{c68a7837-deb8-4fc4-b751-3b51347c7fb7}</destination>
		</relationship>
		<relationship name="groupTracks">
			<destination>{8fdabee8-260a-438e-bcf5-1f88d4748659}</destination>
		</relationship>
		<relationship name="timeline">
			<destination>{f15aac67-364e-4528-8ad5-70a5b8a5b6bf}</destination>
		</relationship>
		<relationship name="banks">
			<destination>{8c3f9de4-14c8-4279-a712-2040780fff61}</destination>
		</relationship>
	</object>
	<object class="EventMixer" id="{537e7966-70ad-46c0-b230-bafdca182472}">
		<relationship name="masterBus">
			<destination>{a9cdc605-4a46-4962-b8f4-9cf08cf80997}</destination>
		</relationship>
	</object>
	<object class="MasterTrack" id="{a93f4a1f-445f-480e-9a30-8293cb38a101}">
		<relationship name="mixerGroup">
			<destination>{a9cdc605-4a46-4962-b8f4-9cf08cf80997}</destination>
		</relationship>
	</object>
	<object class="MixerInput" id="{5803b4f9-4317-41d4-8c3e-656158dd2549}">
		<relationship name="effectChain">
			<destination>{a6b96c75-d855-4859-8380-5cbf462f2e9b}</destination>
		</relationship>
		<relationship name="panner">
			<destination>{76193e2a-dc8d-4fd8-ac24-ec7497e07735}</destination>
		</relationship>
		<relationship name="output">
			<destination>{a74bdffc-cbb2-488b-ae3c-038020e1273d}</destination>
		</relationship>
	</object>
	<object class="EventAutomatableProperties" id="{05206a10-5b27-4bf3-93af-c2b9a362f5c0}" />
	<object class="MarkerTrack" id="{c68a7837-deb8-4fc4-b751-3b51347c7fb7}" />
	<object class="GroupTrack" id="{8fdabee8-260a-438e-bcf5-1f88d4748659}">
		<relationship name="modules">
			<destination>{eb4f620b-5610-4d42-a0e8-0862bdbaafa1}</destination>
		</relationship>
		<relationship name="mixerGroup">
			<destination>{a574c8d8-0d2c-4c57-a71d-ffd5e966a8e1}</destination>
		</relationship>
	</object>
	<object class="Timeline" id="{f15aac67-364e-4528-8ad5-70a5b8a5b6bf}">
		<relationship name="modules">
			<destination>{eb4f620b-5610-4d42-a0e8-0862bdbaafa1}</destination>
		</relationship>
	</object>
	<object class="EventMixerMaster" id="{a9cdc605-4a46-4962-b8f4-9cf08cf80997}">
		<relationship name="effectChain">
			<destination>{4a0fdc5e-786a-4b44-810e-feb79c21baa7}</destination>
		</relationship>
		<relationship name="panner">
			<destination>{9bd15c0a-a463-4118-af2b-40fdd788d7a3}</destination>
		</relationship>
		<relationship name="mixer">
			<destination>{537e7966-70ad-46c0-b230-bafdca182472}</destination>
		</relationship>
	</object>
	<object class="MixerBusEffectChain" id="{a6b96c75-d855-4859-8380-5cbf462f2e9b}">
		<relationship name="effects">
			<destination>{cf756dcf-8d2a-4cea-b355-a6c85729f4ec}</destination>
		</relationship>
	</object>
	<object class="MixerBusPanner" id="{76193e2a-dc8d-4fd8-ac24-ec7497e07735}" />
	<object class="MultiSound" id="{eb4f620b-5610-4d42-a0e8-0862bdbaafa1}">
		<property name="length">
			<value>1.4985625</value>
		</property>
		<relationship name="sounds">
			<destination>{754d9199-6a6c-41fe-829d-3602036a14c2}</destination>
			<destination>{6c724da9-95e2-48e1-9eb9-2eaab4fa1cfb}</destination>
			<destination>{4d9d9644-3fdf-4303-a5a7-101609d7e2c6}</destination>
			<destination>{cdc24661-4148-4325-87e0-bbee221db4b2}</destination>
			<destination>{54c4a20f-ab95-45bb-92cb-6f2b6edad304}</destination>
		</relationship>
	</object>
	<object class="EventMixerGroup" id="{a574c8d8-0d2c-4c57-a71d-ffd5e966a8e1}">
		<property name="name">
			<value>Audio 1</value>
		</property>
		<relationship name="effectChain">
			<destination>{05458fd3-0f4f-41b4-b42e-710b96eaccea}</destination>
		</relationship>
		<relationship name="panner">
			<destination>{510f983c-26e2-40cd-a574-43a534fa97f5}</destination>
		</relationship>
		<relationship name="output">
			<destination>{a9cdc605-4a46-4962-b8f4-9cf08cf80997}</destination>
		</relationship>
	</object>
	<object class="MixerBusEffectChain" id="{4a0fdc5e-786a-4b44-810e-feb79c21baa7}">
		<relationship name="effects">
			<destination>{614392aa-ee37-4a8a-bf65-9cc4c97357f2}</destination>
		</relationship>
	</object>
	<object class="MixerBusPanner" id="{9bd15c0a-a463-4118-af2b-40fdd788d7a3}" />
	<object class="MixerBusFader" id="{cf756dcf-8d2a-4cea-b355-a6c85729f4ec}" />
	<object class="SingleSound" id="{754d9199-6a6c-41fe-829d-3602036a14c2}">
		<relationship name="audioFile">
			<destination>{26825eba-4d7b-425c-9aea-9559d5cf36a7}</destination>
		</relationship>
	</object>
	<object class="SingleSound" id="{6c724da9-95e2-48e1-9eb9-2eaab4fa1cfb}">
		<relationship name="audioFile">
			<destination>{ae9e359f-54d1-4a2e-b7aa-91b8a578a2a2}</destination>
		</relationship>
	</object>
	<object class="SingleSound" id="{4d9d9644-3fdf-4303-a5a7-101609d7e2c6}">
		<relationship name="audioFile">
			<destination>{28b262b5-d441-4775-9328-c9c8f101bffd}</destination>
		</relationship>
	</object>
	<object class="SingleSound" id="{cdc24661-4148-4325-87e0-bbee221db4b2}">
		<relationship name="audioFile">
			<destination>{fc53e3c7-3347-473f-acf8-b2e66fdfa211}</destination>
		</relationship>
	</object>
	<object class="SingleSound" id="{54c4a20f-ab95-45bb-92cb-6f2b6edad304}" />
	<object class="MixerBusEffectChain" id="{05458fd3-0f4f-41b4-b42e-710b96eaccea}">
		<relationship name="effects">
			<destination>{cd4c85aa-7e54-4789-9fdf-ec887ee99bc0}</destination>
		</relationship>
	</object>
	<object class="MixerBusPanner" id="{510f983c-26e2-40cd-a574-43a534fa97f5}" />
	<object class="MixerBusFader" id="{614392aa-ee37-4a8a-bf65-9cc4c97357f2}" />
	<object class="MixerBusFader" id="{cd4c85aa-7e54-4789-9fdf-ec887ee99bc0}" />
</objects>
