<?xml version="1.0" encoding="UTF-8"?>
<objects serializationModel="Studio.02.01.00">
	<object class="Event" id="{13298090-bf11-4140-ac30-4872dd6855f6}">
		<property name="name">
			<value>Assigned</value>
		</property>
		<property name="outputFormat">
			<value>0</value>
		</property>
		<relationship name="folder">
			<destination>{a335392a-582d-4cb0-87dc-69c0aa30f9d3}</destination>
		</relationship>
		<relationship name="mixer">
			<destination>{ae77a760-9f8c-4c13-992f-1073d4dfe311}</destination>
		</relationship>
		<relationship name="masterTrack">
			<destination>{04e6e1a2-88c4-4a0a-912a-d3f892d701aa}</destination>
		</relationship>
		<relationship name="mixerInput">
			<destination>{b9a70fec-4dd2-4497-9d5d-fa30ea5f5f19}</destination>
		</relationship>
		<relationship name="automatableProperties">
			<destination>{529f9a54-c6f2-47ba-b928-dec7d5d3a6a6}</destination>
		</relationship>
		<relationship name="markerTracks">
			<destination>{e9bc05fb-0059-477d-a0e4-b20853900aea}</destination>
		</relationship>
		<relationship name="groupTracks">
			<destination>{db9b9dd9-b633-459a-b9dd-7e891c25032b}</destination>
		</relationship>
		<relationship name="timeline">
			<destination>{acd27a6d-aa8b-47a9-9205-d1e2a2dd99e7}</destination>
		</relationship>
		<relationship name="banks">
			<destination>{8c3f9de4-14c8-4279-a712-2040780fff61}</destination>
		</relationship>
	</object>
	<object class="EventMixer" id="{ae77a760-9f8c-4c13-992f-1073d4dfe311}">
		<relationship name="masterBus">
			<destination>{04a5bf51-877c-4348-ad91-600dcb1742fd}</destination>
		</relationship>
	</object>
	<object class="MasterTrack" id="{04e6e1a2-88c4-4a0a-912a-d3f892d701aa}">
		<relationship name="mixerGroup">
			<destination>{04a5bf51-877c-4348-ad91-600dcb1742fd}</destination>
		</relationship>
	</object>
	<object class="MixerInput" id="{b9a70fec-4dd2-4497-9d5d-fa30ea5f5f19}">
		<relationship name="effectChain">
			<destination>{b17b3e4d-bf67-4831-9399-ede631481e47}</destination>
		</relationship>
		<relationship name="panner">
			<destination>{213703c8-273d-4259-a08f-9f0c19b9c683}</destination>
		</relationship>
		<relationship name="output">
			<destination>{a74bdffc-cbb2-488b-ae3c-038020e1273d}</destination>
		</relationship>
	</object>
	<object class="EventAutomatableProperties" id="{529f9a54-c6f2-47ba-b928-dec7d5d3a6a6}" />
	<object class="MarkerTrack" id="{e9bc05fb-0059-477d-a0e4-b20853900aea}" />
	<object class="GroupTrack" id="{db9b9dd9-b633-459a-b9dd-7e891c25032b}">
		<relationship name="modules">
			<destination>{c2c91ae9-b389-4e79-9b80-eb68aaa8be54}</destination>
		</relationship>
		<relationship name="mixerGroup">
			<destination>{b95008f2-dd0a-4095-84ad-0fd6a040417e}</destination>
		</relationship>
	</object>
	<object class="Timeline" id="{acd27a6d-aa8b-47a9-9205-d1e2a2dd99e7}">
		<relationship name="modules">
			<destination>{c2c91ae9-b389-4e79-9b80-eb68aaa8be54}</destination>
		</relationship>
	</object>
	<object class="EventMixerMaster" id="{04a5bf51-877c-4348-ad91-600dcb1742fd}">
		<relationship name="effectChain">
			<destination>{c3c3457f-e3c1-4837-b97e-4c406ec857f3}</destination>
		</relationship>
		<relationship name="panner">
			<destination>{227d417e-59db-4a1a-88cf-10457654358d}</destination>
		</relationship>
		<relationship name="mixer">
			<destination>{ae77a760-9f8c-4c13-992f-1073d4dfe311}</destination>
		</relationship>
	</object>
	<object class="MixerBusEffectChain" id="{b17b3e4d-bf67-4831-9399-ede631481e47}">
		<relationship name="effects">
			<destination>{8d8c268e-a1ab-4da7-b21d-958b59e2c121}</destination>
		</relationship>
	</object>
	<object class="MixerBusPanner" id="{213703c8-273d-4259-a08f-9f0c19b9c683}" />
	<object class="MultiSound" id="{c2c91ae9-b389-4e79-9b80-eb68aaa8be54}">
		<property name="length">
			<value>1.6551666666666667</value>
		</property>
		<relationship name="sounds">
			<destination>{b08afa45-123b-477b-bfec-f6a5a018be6e}</destination>
			<destination>{02fb6314-e38e-423b-8b93-f87f934d1aee}</destination>
		</relationship>
	</object>
	<object class="EventMixerGroup" id="{b95008f2-dd0a-4095-84ad-0fd6a040417e}">
		<property name="name">
			<value>Audio 1</value>
		</property>
		<relationship name="effectChain">
			<destination>{d187fd38-48fe-4a3d-9ddb-31231f20ea15}</destination>
		</relationship>
		<relationship name="panner">
			<destination>{c0127912-fe05-4e7e-9e94-024bd0788025}</destination>
		</relationship>
		<relationship name="output">
			<destination>{04a5bf51-877c-4348-ad91-600dcb1742fd}</destination>
		</relationship>
	</object>
	<object class="MixerBusEffectChain" id="{c3c3457f-e3c1-4837-b97e-4c406ec857f3}">
		<relationship name="effects">
			<destination>{e5c5e07a-9b04-415c-901e-b24992d00331}</destination>
		</relationship>
	</object>
	<object class="MixerBusPanner" id="{227d417e-59db-4a1a-88cf-10457654358d}" />
	<object class="MixerBusFader" id="{8d8c268e-a1ab-4da7-b21d-958b59e2c121}" />
	<object class="SingleSound" id="{b08afa45-123b-477b-bfec-f6a5a018be6e}">
		<relationship name="audioFile">
			<destination>{698f7546-41d6-4975-9c8f-62988c819804}</destination>
		</relationship>
	</object>
	<object class="SingleSound" id="{02fb6314-e38e-423b-8b93-f87f934d1aee}">
		<relationship name="audioFile">
			<destination>{2bfed27f-529e-4a77-a751-c50360801047}</destination>
		</relationship>
	</object>
	<object class="MixerBusEffectChain" id="{d187fd38-48fe-4a3d-9ddb-31231f20ea15}">
		<relationship name="effects">
			<destination>{d4ecda6e-ec5f-4710-bcc0-9f5a253a7970}</destination>
		</relationship>
	</object>
	<object class="MixerBusPanner" id="{c0127912-fe05-4e7e-9e94-024bd0788025}" />
	<object class="MixerBusFader" id="{e5c5e07a-9b04-415c-901e-b24992d00331}" />
	<object class="MixerBusFader" id="{d4ecda6e-ec5f-4710-bcc0-9f5a253a7970}" />
</objects>
