<?xml version="1.0" encoding="UTF-8"?>
<objects serializationModel="Studio.02.01.00">
	<object class="Event" id="{13337c74-2148-4300-8338-24b569c65cab}">
		<property name="name">
			<value>Failure</value>
		</property>
		<property name="outputFormat">
			<value>0</value>
		</property>
		<relationship name="folder">
			<destination>{aceeb0fd-d699-48c8-a1ce-edd043f9673c}</destination>
		</relationship>
		<relationship name="mixer">
			<destination>{5a987561-4d1e-49bd-9635-ec61103e2535}</destination>
		</relationship>
		<relationship name="masterTrack">
			<destination>{25ab4981-9c84-48ee-add9-457ce37ae6c4}</destination>
		</relationship>
		<relationship name="mixerInput">
			<destination>{efd031e8-c12b-41ff-8405-2557c1ea5f22}</destination>
		</relationship>
		<relationship name="automatableProperties">
			<destination>{309d54be-df89-44bb-bb05-a02cb000d715}</destination>
		</relationship>
		<relationship name="markerTracks">
			<destination>{5250e947-4221-4ce6-88aa-300d10cda90f}</destination>
		</relationship>
		<relationship name="groupTracks">
			<destination>{86c71e51-bb01-4635-99fe-5e3b273ea59d}</destination>
		</relationship>
		<relationship name="timeline">
			<destination>{7ca57aa6-a9c4-4bea-a307-193ef764840c}</destination>
		</relationship>
		<relationship name="banks">
			<destination>{8c3f9de4-14c8-4279-a712-2040780fff61}</destination>
		</relationship>
	</object>
	<object class="EventMixer" id="{5a987561-4d1e-49bd-9635-ec61103e2535}">
		<relationship name="masterBus">
			<destination>{a05139b4-be7c-4757-a7ea-b52e48b825b6}</destination>
		</relationship>
	</object>
	<object class="MasterTrack" id="{25ab4981-9c84-48ee-add9-457ce37ae6c4}">
		<relationship name="mixerGroup">
			<destination>{a05139b4-be7c-4757-a7ea-b52e48b825b6}</destination>
		</relationship>
	</object>
	<object class="MixerInput" id="{efd031e8-c12b-41ff-8405-2557c1ea5f22}">
		<relationship name="effectChain">
			<destination>{289ca497-d162-4f9e-8a67-88052e1dc07b}</destination>
		</relationship>
		<relationship name="panner">
			<destination>{3870efb5-00b4-4b51-a8b3-1c2bbfed74f4}</destination>
		</relationship>
		<relationship name="output">
			<destination>{a74bdffc-cbb2-488b-ae3c-038020e1273d}</destination>
		</relationship>
	</object>
	<object class="EventAutomatableProperties" id="{309d54be-df89-44bb-bb05-a02cb000d715}" />
	<object class="MarkerTrack" id="{5250e947-4221-4ce6-88aa-300d10cda90f}" />
	<object class="GroupTrack" id="{86c71e51-bb01-4635-99fe-5e3b273ea59d}">
		<relationship name="modules">
			<destination>{945de4e9-c6f1-44d8-a9ea-e821c3ee230e}</destination>
		</relationship>
		<relationship name="mixerGroup">
			<destination>{3fd3321b-134c-480d-a471-bf4b9206c739}</destination>
		</relationship>
	</object>
	<object class="Timeline" id="{7ca57aa6-a9c4-4bea-a307-193ef764840c}">
		<relationship name="modules">
			<destination>{945de4e9-c6f1-44d8-a9ea-e821c3ee230e}</destination>
		</relationship>
	</object>
	<object class="EventMixerMaster" id="{a05139b4-be7c-4757-a7ea-b52e48b825b6}">
		<relationship name="effectChain">
			<destination>{c791b406-5ca6-4c91-be97-8a5cfcd9b4c9}</destination>
		</relationship>
		<relationship name="panner">
			<destination>{ff910e17-eeb2-405b-8288-a79e2c8f24fc}</destination>
		</relationship>
		<relationship name="mixer">
			<destination>{5a987561-4d1e-49bd-9635-ec61103e2535}</destination>
		</relationship>
	</object>
	<object class="MixerBusEffectChain" id="{289ca497-d162-4f9e-8a67-88052e1dc07b}">
		<relationship name="effects">
			<destination>{283a9495-5027-439b-86d8-1dbf0b874940}</destination>
		</relationship>
	</object>
	<object class="MixerBusPanner" id="{3870efb5-00b4-4b51-a8b3-1c2bbfed74f4}" />
	<object class="MultiSound" id="{945de4e9-c6f1-44d8-a9ea-e821c3ee230e}">
		<property name="length">
			<value>3.3438958333333333</value>
		</property>
		<relationship name="sounds">
			<destination>{4f6b1358-daf7-4445-81e1-9c96ae49cc33}</destination>
			<destination>{c6395ffe-b69e-453a-8b01-3f7896b98351}</destination>
			<destination>{5ce946e4-30bd-4cd6-acfd-84c84c5c2ee9}</destination>
			<destination>{be5ef478-3198-43d5-829d-fe709db810a9}</destination>
			<destination>{ebca9f27-61ad-43c0-8019-593f2dc068ab}</destination>
		</relationship>
	</object>
	<object class="EventMixerGroup" id="{3fd3321b-134c-480d-a471-bf4b9206c739}">
		<property name="name">
			<value>Audio 1</value>
		</property>
		<relationship name="effectChain">
			<destination>{3d954726-8b8f-4bc7-97d1-f4abdaf02d84}</destination>
		</relationship>
		<relationship name="panner">
			<destination>{34869300-54a8-43b8-b21a-67bfc24a8d3b}</destination>
		</relationship>
		<relationship name="output">
			<destination>{a05139b4-be7c-4757-a7ea-b52e48b825b6}</destination>
		</relationship>
	</object>
	<object class="MixerBusEffectChain" id="{c791b406-5ca6-4c91-be97-8a5cfcd9b4c9}">
		<relationship name="effects">
			<destination>{db716b72-1d3c-436f-88aa-90582cb992f2}</destination>
		</relationship>
	</object>
	<object class="MixerBusPanner" id="{ff910e17-eeb2-405b-8288-a79e2c8f24fc}" />
	<object class="MixerBusFader" id="{283a9495-5027-439b-86d8-1dbf0b874940}" />
	<object class="SingleSound" id="{4f6b1358-daf7-4445-81e1-9c96ae49cc33}">
		<relationship name="audioFile">
			<destination>{5df66f2a-10b1-4170-84ec-43f8faa70647}</destination>
		</relationship>
	</object>
	<object class="SingleSound" id="{c6395ffe-b69e-453a-8b01-3f7896b98351}">
		<relationship name="audioFile">
			<destination>{b9238cd6-45b6-44b0-927c-f491a31d6118}</destination>
		</relationship>
	</object>
	<object class="SingleSound" id="{5ce946e4-30bd-4cd6-acfd-84c84c5c2ee9}">
		<relationship name="audioFile">
			<destination>{7c8031d0-de7e-4b0c-8683-5d15d15fbfa0}</destination>
		</relationship>
	</object>
	<object class="SingleSound" id="{be5ef478-3198-43d5-829d-fe709db810a9}">
		<relationship name="audioFile">
			<destination>{0c9db19d-7c78-44c8-bffc-7639622d2b81}</destination>
		</relationship>
	</object>
	<object class="SingleSound" id="{ebca9f27-61ad-43c0-8019-593f2dc068ab}">
		<relationship name="audioFile">
			<destination>{db1a646c-a84a-4117-807f-2d40de53233d}</destination>
		</relationship>
	</object>
	<object class="MixerBusEffectChain" id="{3d954726-8b8f-4bc7-97d1-f4abdaf02d84}">
		<relationship name="effects">
			<destination>{c3970e1b-c0e9-4e05-b926-900d7ad143e9}</destination>
		</relationship>
	</object>
	<object class="MixerBusPanner" id="{34869300-54a8-43b8-b21a-67bfc24a8d3b}" />
	<object class="MixerBusFader" id="{db716b72-1d3c-436f-88aa-90582cb992f2}" />
	<object class="MixerBusFader" id="{c3970e1b-c0e9-4e05-b926-900d7ad143e9}" />
</objects>
