<?xml version="1.0" encoding="UTF-8"?>
<objects serializationModel="Studio.02.01.00">
	<object class="Event" id="{133ed28e-702e-44e7-8063-184851c6e08e}">
		<property name="name">
			<value>Failure</value>
		</property>
		<property name="outputFormat">
			<value>0</value>
		</property>
		<relationship name="folder">
			<destination>{5721c28c-9238-4f0b-aab4-e336e8e85651}</destination>
		</relationship>
		<relationship name="mixer">
			<destination>{38d0508e-a972-4c4b-812e-4a7e946c9628}</destination>
		</relationship>
		<relationship name="masterTrack">
			<destination>{bd7c7f33-ca58-40dc-a8c5-f5c2b0ea7508}</destination>
		</relationship>
		<relationship name="mixerInput">
			<destination>{ebc7fb94-4a72-40de-8f33-57a4c25e8d70}</destination>
		</relationship>
		<relationship name="automatableProperties">
			<destination>{4b1af7a0-29d2-4bdd-95e1-5e9610e30560}</destination>
		</relationship>
		<relationship name="markerTracks">
			<destination>{82262ce6-9acc-459f-928a-5a866489cc26}</destination>
		</relationship>
		<relationship name="groupTracks">
			<destination>{7c73217b-1217-4c2c-9b71-83e25aabb3e3}</destination>
		</relationship>
		<relationship name="timeline">
			<destination>{b36004cc-4d1c-4cf1-a76f-4df28bc7e9b0}</destination>
		</relationship>
		<relationship name="banks">
			<destination>{8c3f9de4-14c8-4279-a712-2040780fff61}</destination>
		</relationship>
	</object>
	<object class="EventMixer" id="{38d0508e-a972-4c4b-812e-4a7e946c9628}">
		<relationship name="masterBus">
			<destination>{b4b181cb-d335-4d20-9308-dac2de9a25e4}</destination>
		</relationship>
	</object>
	<object class="MasterTrack" id="{bd7c7f33-ca58-40dc-a8c5-f5c2b0ea7508}">
		<relationship name="mixerGroup">
			<destination>{b4b181cb-d335-4d20-9308-dac2de9a25e4}</destination>
		</relationship>
	</object>
	<object class="MixerInput" id="{ebc7fb94-4a72-40de-8f33-57a4c25e8d70}">
		<relationship name="effectChain">
			<destination>{0b81fbde-1d53-44b5-a21d-83c94067b06f}</destination>
		</relationship>
		<relationship name="panner">
			<destination>{c2f5d38d-a389-42d2-86b8-35f0480e9ba5}</destination>
		</relationship>
		<relationship name="output">
			<destination>{a74bdffc-cbb2-488b-ae3c-038020e1273d}</destination>
		</relationship>
	</object>
	<object class="EventAutomatableProperties" id="{4b1af7a0-29d2-4bdd-95e1-5e9610e30560}" />
	<object class="MarkerTrack" id="{82262ce6-9acc-459f-928a-5a866489cc26}" />
	<object class="GroupTrack" id="{7c73217b-1217-4c2c-9b71-83e25aabb3e3}">
		<relationship name="modules">
			<destination>{7934a4fb-634d-4969-9c69-e4d3ce26e8e9}</destination>
		</relationship>
		<relationship name="mixerGroup">
			<destination>{75a633cb-5829-417e-929e-5ca684e916b3}</destination>
		</relationship>
	</object>
	<object class="Timeline" id="{b36004cc-4d1c-4cf1-a76f-4df28bc7e9b0}">
		<relationship name="modules">
			<destination>{7934a4fb-634d-4969-9c69-e4d3ce26e8e9}</destination>
		</relationship>
	</object>
	<object class="EventMixerMaster" id="{b4b181cb-d335-4d20-9308-dac2de9a25e4}">
		<relationship name="effectChain">
			<destination>{8eed49d1-bc0f-4e99-878f-5e4f344658d3}</destination>
		</relationship>
		<relationship name="panner">
			<destination>{15bc6a82-e1de-40e4-9f21-b86e206f1a0c}</destination>
		</relationship>
		<relationship name="mixer">
			<destination>{38d0508e-a972-4c4b-812e-4a7e946c9628}</destination>
		</relationship>
	</object>
	<object class="MixerBusEffectChain" id="{0b81fbde-1d53-44b5-a21d-83c94067b06f}">
		<relationship name="effects">
			<destination>{749f550d-c158-462f-b6ea-d054e6191803}</destination>
		</relationship>
	</object>
	<object class="MixerBusPanner" id="{c2f5d38d-a389-42d2-86b8-35f0480e9ba5}" />
	<object class="MultiSound" id="{7934a4fb-634d-4969-9c69-e4d3ce26e8e9}">
		<property name="length">
			<value>1.9402916666666667</value>
		</property>
		<relationship name="sounds">
			<destination>{279da78c-e094-491a-ba79-b2a3f9a502be}</destination>
			<destination>{67979094-e810-4776-bbfe-c43137c9030e}</destination>
			<destination>{8275342c-73d3-42bf-895c-bab2d0bb6f12}</destination>
		</relationship>
	</object>
	<object class="EventMixerGroup" id="{75a633cb-5829-417e-929e-5ca684e916b3}">
		<property name="name">
			<value>Audio 1</value>
		</property>
		<relationship name="effectChain">
			<destination>{364c9216-3650-4bd8-8bc9-9e13bacfa07f}</destination>
		</relationship>
		<relationship name="panner">
			<destination>{e0032ec5-ca81-4b5b-9373-c8f1801c6dc9}</destination>
		</relationship>
		<relationship name="output">
			<destination>{b4b181cb-d335-4d20-9308-dac2de9a25e4}</destination>
		</relationship>
	</object>
	<object class="MixerBusEffectChain" id="{8eed49d1-bc0f-4e99-878f-5e4f344658d3}">
		<relationship name="effects">
			<destination>{6cf03e92-0467-4fe0-aecd-9390c0668f9e}</destination>
		</relationship>
	</object>
	<object class="MixerBusPanner" id="{15bc6a82-e1de-40e4-9f21-b86e206f1a0c}" />
	<object class="MixerBusFader" id="{749f550d-c158-462f-b6ea-d054e6191803}" />
	<object class="SingleSound" id="{279da78c-e094-491a-ba79-b2a3f9a502be}">
		<relationship name="audioFile">
			<destination>{936bd8cf-5405-4cfa-a110-4a653d0116d6}</destination>
		</relationship>
	</object>
	<object class="SingleSound" id="{67979094-e810-4776-bbfe-c43137c9030e}">
		<relationship name="audioFile">
			<destination>{558022d3-aa3a-4abf-93db-494c7c99ac87}</destination>
		</relationship>
	</object>
	<object class="SingleSound" id="{8275342c-73d3-42bf-895c-bab2d0bb6f12}">
		<relationship name="audioFile">
			<destination>{95c889ce-8fbc-4b1d-ab8d-4589ab8f9e9e}</destination>
		</relationship>
	</object>
	<object class="MixerBusEffectChain" id="{364c9216-3650-4bd8-8bc9-9e13bacfa07f}">
		<relationship name="effects">
			<destination>{52ad6f24-81b1-40c7-a325-e9f272afb999}</destination>
		</relationship>
	</object>
	<object class="MixerBusPanner" id="{e0032ec5-ca81-4b5b-9373-c8f1801c6dc9}" />
	<object class="MixerBusFader" id="{6cf03e92-0467-4fe0-aecd-9390c0668f9e}" />
	<object class="MixerBusFader" id="{52ad6f24-81b1-40c7-a325-e9f272afb999}" />
</objects>
