<?xml version="1.0" encoding="UTF-8"?>
<objects serializationModel="Studio.02.01.00">
	<object class="Event" id="{13376160-8373-4553-a1f8-d3ed96549b0d}">
		<property name="name">
			<value>TechQuote_SpaceResearch</value>
		</property>
		<property name="outputFormat">
			<value>0</value>
		</property>
		<relationship name="folder">
			<destination>{158ad337-8269-4a32-865c-d3c458683eff}</destination>
		</relationship>
		<relationship name="mixer">
			<destination>{e2e7aef7-10f1-4e06-8eee-86c3c7e0078d}</destination>
		</relationship>
		<relationship name="masterTrack">
			<destination>{9efe17c7-2580-4701-a98d-346e7367b1cc}</destination>
		</relationship>
		<relationship name="mixerInput">
			<destination>{84eee42b-1a2d-4df9-894f-c97deae027a9}</destination>
		</relationship>
		<relationship name="automatableProperties">
			<destination>{6ea66dbc-0b25-4914-becd-f18f8d7a70b8}</destination>
		</relationship>
		<relationship name="markerTracks">
			<destination>{1c29dc4c-1f3b-4507-b48e-e6e8f02681b3}</destination>
		</relationship>
		<relationship name="groupTracks">
			<destination>{1b634336-c8aa-4bb3-a530-0224eef24647}</destination>
		</relationship>
		<relationship name="timeline">
			<destination>{55e1c4d1-c818-4a0e-a65f-a5521c170477}</destination>
		</relationship>
		<relationship name="banks">
			<destination>{8c3f9de4-14c8-4279-a712-2040780fff61}</destination>
		</relationship>
	</object>
	<object class="EventMixer" id="{e2e7aef7-10f1-4e06-8eee-86c3c7e0078d}">
		<relationship name="masterBus">
			<destination>{d0c6f236-f1a2-464c-b3da-101179b813f9}</destination>
		</relationship>
	</object>
	<object class="MasterTrack" id="{9efe17c7-2580-4701-a98d-346e7367b1cc}">
		<relationship name="mixerGroup">
			<destination>{d0c6f236-f1a2-464c-b3da-101179b813f9}</destination>
		</relationship>
	</object>
	<object class="MixerInput" id="{84eee42b-1a2d-4df9-894f-c97deae027a9}">
		<relationship name="effectChain">
			<destination>{55d9d7ff-92e1-4dfb-8696-edde7a8d38a4}</destination>
		</relationship>
		<relationship name="panner">
			<destination>{eff5c599-5ddf-40e5-adc8-3eba283eeca0}</destination>
		</relationship>
		<relationship name="output">
			<destination>{a74bdffc-cbb2-488b-ae3c-038020e1273d}</destination>
		</relationship>
	</object>
	<object class="EventAutomatableProperties" id="{6ea66dbc-0b25-4914-becd-f18f8d7a70b8}" />
	<object class="MarkerTrack" id="{1c29dc4c-1f3b-4507-b48e-e6e8f02681b3}" />
	<object class="GroupTrack" id="{1b634336-c8aa-4bb3-a530-0224eef24647}">
		<relationship name="modules">
			<destination>{02b40f76-6b2f-48fa-900d-fbfb5906dad7}</destination>
		</relationship>
		<relationship name="mixerGroup">
			<destination>{58ed61ca-e095-4a50-95d8-693007312d83}</destination>
		</relationship>
	</object>
	<object class="Timeline" id="{55e1c4d1-c818-4a0e-a65f-a5521c170477}">
		<relationship name="modules">
			<destination>{02b40f76-6b2f-48fa-900d-fbfb5906dad7}</destination>
		</relationship>
	</object>
	<object class="EventMixerMaster" id="{d0c6f236-f1a2-464c-b3da-101179b813f9}">
		<relationship name="effectChain">
			<destination>{77a1a4e8-fdf1-4ad9-929e-4f995f67f616}</destination>
		</relationship>
		<relationship name="panner">
			<destination>{1f04bc01-f71c-4092-9639-d994bd9361e6}</destination>
		</relationship>
		<relationship name="mixer">
			<destination>{e2e7aef7-10f1-4e06-8eee-86c3c7e0078d}</destination>
		</relationship>
	</object>
	<object class="MixerBusEffectChain" id="{55d9d7ff-92e1-4dfb-8696-edde7a8d38a4}">
		<relationship name="effects">
			<destination>{fc3574d4-a3b1-4de9-b6df-2aabc0cfc210}</destination>
		</relationship>
	</object>
	<object class="MixerBusPanner" id="{eff5c599-5ddf-40e5-adc8-3eba283eeca0}" />
	<object class="SingleSound" id="{02b40f76-6b2f-48fa-900d-fbfb5906dad7}">
		<property name="length">
			<value>24.753250000000001</value>
		</property>
		<relationship name="audioFile">
			<destination>{02e174f4-e0e0-49a7-9bd9-c97c3eced903}</destination>
		</relationship>
	</object>
	<object class="EventMixerGroup" id="{58ed61ca-e095-4a50-95d8-693007312d83}">
		<property name="name">
			<value>Audio 1</value>
		</property>
		<relationship name="effectChain">
			<destination>{6e2747ef-0bef-4978-b757-80af5f4b4ef3}</destination>
		</relationship>
		<relationship name="panner">
			<destination>{06dbbaef-a8f4-4e08-9319-9fc370f23717}</destination>
		</relationship>
		<relationship name="output">
			<destination>{d0c6f236-f1a2-464c-b3da-101179b813f9}</destination>
		</relationship>
	</object>
	<object class="MixerBusEffectChain" id="{77a1a4e8-fdf1-4ad9-929e-4f995f67f616}">
		<relationship name="effects">
			<destination>{b4510ba4-d7d3-4e2d-a6a0-6dd48981b84c}</destination>
		</relationship>
	</object>
	<object class="MixerBusPanner" id="{1f04bc01-f71c-4092-9639-d994bd9361e6}" />
	<object class="MixerBusFader" id="{fc3574d4-a3b1-4de9-b6df-2aabc0cfc210}" />
	<object class="MixerBusEffectChain" id="{6e2747ef-0bef-4978-b757-80af5f4b4ef3}">
		<relationship name="effects">
			<destination>{f8c49c48-4f14-426e-adc7-942d0ad259d0}</destination>
		</relationship>
	</object>
	<object class="MixerBusPanner" id="{06dbbaef-a8f4-4e08-9319-9fc370f23717}" />
	<object class="MixerBusFader" id="{b4510ba4-d7d3-4e2d-a6a0-6dd48981b84c}" />
	<object class="MixerBusFader" id="{f8c49c48-4f14-426e-adc7-942d0ad259d0}" />
</objects>
