<?xml version="1.0" encoding="UTF-8"?>
<objects serializationModel="Studio.02.01.00">
	<object class="Event" id="{134d01b3-6d92-44e5-8c4c-c2940c54d09a}">
		<property name="name">
			<value>Failure</value>
		</property>
		<property name="outputFormat">
			<value>0</value>
		</property>
		<relationship name="folder">
			<destination>{ac7c247d-5404-4cf9-b845-e701b9f7dbcc}</destination>
		</relationship>
		<relationship name="mixer">
			<destination>{91d54367-cba3-4c7d-83d8-2aea56c68dd2}</destination>
		</relationship>
		<relationship name="masterTrack">
			<destination>{76579755-e525-4824-838d-1f0431aec59d}</destination>
		</relationship>
		<relationship name="mixerInput">
			<destination>{ad248cd6-c3a3-4b78-bda3-e5f45e449d6b}</destination>
		</relationship>
		<relationship name="automatableProperties">
			<destination>{83bfcf6a-bc43-4ba1-ab59-47fd59cb4cf3}</destination>
		</relationship>
		<relationship name="markerTracks">
			<destination>{3651fb99-51f1-4410-9dca-ed23bbcbccfd}</destination>
		</relationship>
		<relationship name="groupTracks">
			<destination>{86080b57-be15-42b7-8971-b6d5c9d8ad27}</destination>
		</relationship>
		<relationship name="timeline">
			<destination>{e6a9b542-b974-42a6-b936-671becc8fed0}</destination>
		</relationship>
		<relationship name="banks">
			<destination>{8c3f9de4-14c8-4279-a712-2040780fff61}</destination>
		</relationship>
	</object>
	<object class="EventMixer" id="{91d54367-cba3-4c7d-83d8-2aea56c68dd2}">
		<relationship name="masterBus">
			<destination>{e81de119-beb4-4c9a-8e5b-7f5666b2c919}</destination>
		</relationship>
	</object>
	<object class="MasterTrack" id="{76579755-e525-4824-838d-1f0431aec59d}">
		<relationship name="mixerGroup">
			<destination>{e81de119-beb4-4c9a-8e5b-7f5666b2c919}</destination>
		</relationship>
	</object>
	<object class="MixerInput" id="{ad248cd6-c3a3-4b78-bda3-e5f45e449d6b}">
		<relationship name="effectChain">
			<destination>{e30de6ce-2ee1-4fd1-b13b-d9e595334fba}</destination>
		</relationship>
		<relationship name="panner">
			<destination>{d1167746-aef1-48bf-a600-b17fccad4140}</destination>
		</relationship>
		<relationship name="output">
			<destination>{a74bdffc-cbb2-488b-ae3c-038020e1273d}</destination>
		</relationship>
	</object>
	<object class="EventAutomatableProperties" id="{83bfcf6a-bc43-4ba1-ab59-47fd59cb4cf3}" />
	<object class="MarkerTrack" id="{3651fb99-51f1-4410-9dca-ed23bbcbccfd}" />
	<object class="GroupTrack" id="{86080b57-be15-42b7-8971-b6d5c9d8ad27}">
		<relationship name="modules">
			<destination>{94de491f-c04f-40e0-b3ee-d14d66305f38}</destination>
		</relationship>
		<relationship name="mixerGroup">
			<destination>{d6d28b47-54f2-42a6-adfe-4b9f0345c99e}</destination>
		</relationship>
	</object>
	<object class="Timeline" id="{e6a9b542-b974-42a6-b936-671becc8fed0}">
		<relationship name="modules">
			<destination>{94de491f-c04f-40e0-b3ee-d14d66305f38}</destination>
		</relationship>
	</object>
	<object class="EventMixerMaster" id="{e81de119-beb4-4c9a-8e5b-7f5666b2c919}">
		<relationship name="effectChain">
			<destination>{80996c6b-d89f-4275-9d0c-ef02de0895de}</destination>
		</relationship>
		<relationship name="panner">
			<destination>{982165ef-5f5c-4a5e-8834-0e20e1e46852}</destination>
		</relationship>
		<relationship name="mixer">
			<destination>{91d54367-cba3-4c7d-83d8-2aea56c68dd2}</destination>
		</relationship>
	</object>
	<object class="MixerBusEffectChain" id="{e30de6ce-2ee1-4fd1-b13b-d9e595334fba}">
		<relationship name="effects">
			<destination>{cba0acd6-e59d-4af2-8bf0-b732d8a0f4b5}</destination>
		</relationship>
	</object>
	<object class="MixerBusPanner" id="{d1167746-aef1-48bf-a600-b17fccad4140}" />
	<object class="MultiSound" id="{94de491f-c04f-40e0-b3ee-d14d66305f38}">
		<property name="length">
			<value>2.1978958333333334</value>
		</property>
		<relationship name="sounds">
			<destination>{5d4c1318-90d0-40e2-8a22-1c413880ef01}</destination>
			<destination>{683b3c17-1c90-48f6-b973-a20f4d1c3624}</destination>
			<destination>{d2726fa8-bc88-4069-b0ce-06cabf90e6eb}</destination>
		</relationship>
	</object>
	<object class="EventMixerGroup" id="{d6d28b47-54f2-42a6-adfe-4b9f0345c99e}">
		<property name="name">
			<value>Audio 1</value>
		</property>
		<relationship name="effectChain">
			<destination>{e3cde06b-4bee-4df6-b835-20d1f30890dc}</destination>
		</relationship>
		<relationship name="panner">
			<destination>{8db33e6c-cbf2-48ea-95fe-4c6c1c50965f}</destination>
		</relationship>
		<relationship name="output">
			<destination>{e81de119-beb4-4c9a-8e5b-7f5666b2c919}</destination>
		</relationship>
	</object>
	<object class="MixerBusEffectChain" id="{80996c6b-d89f-4275-9d0c-ef02de0895de}">
		<relationship name="effects">
			<destination>{4d7af6ef-30aa-45c4-b3d4-644a61858137}</destination>
		</relationship>
	</object>
	<object class="MixerBusPanner" id="{982165ef-5f5c-4a5e-8834-0e20e1e46852}" />
	<object class="MixerBusFader" id="{cba0acd6-e59d-4af2-8bf0-b732d8a0f4b5}" />
	<object class="SingleSound" id="{5d4c1318-90d0-40e2-8a22-1c413880ef01}">
		<relationship name="audioFile">
			<destination>{277a3ef8-86ad-4aa4-87c0-65ea244eeeee}</destination>
		</relationship>
	</object>
	<object class="SingleSound" id="{683b3c17-1c90-48f6-b973-a20f4d1c3624}">
		<relationship name="audioFile">
			<destination>{78d8cc56-0112-4634-9630-c1649a14e6eb}</destination>
		</relationship>
	</object>
	<object class="SingleSound" id="{d2726fa8-bc88-4069-b0ce-06cabf90e6eb}">
		<relationship name="audioFile">
			<destination>{7d218a8e-7c61-48fa-9864-2bf4da776641}</destination>
		</relationship>
	</object>
	<object class="MixerBusEffectChain" id="{e3cde06b-4bee-4df6-b835-20d1f30890dc}">
		<relationship name="effects">
			<destination>{ab4ddf39-1484-466e-aa1f-de7d3ab02a25}</destination>
		</relationship>
	</object>
	<object class="MixerBusPanner" id="{8db33e6c-cbf2-48ea-95fe-4c6c1c50965f}" />
	<object class="MixerBusFader" id="{4d7af6ef-30aa-45c4-b3d4-644a61858137}" />
	<object class="MixerBusFader" id="{ab4ddf39-1484-466e-aa1f-de7d3ab02a25}" />
</objects>
