<?xml version="1.0" encoding="UTF-8"?>
<objects serializationModel="Studio.02.01.00">
	<object class="Event" id="{134134d1-e406-4b79-9b42-95b3b0eb55ea}">
		<property name="name">
			<value>MissionCompleted</value>
		</property>
		<property name="outputFormat">
			<value>0</value>
		</property>
		<relationship name="folder">
			<destination>{4e80c304-14e4-4f4a-8f7e-ba863d9f45bf}</destination>
		</relationship>
		<relationship name="mixer">
			<destination>{980d2f95-5b48-4d46-99bf-7a838cb7a70e}</destination>
		</relationship>
		<relationship name="masterTrack">
			<destination>{62a4907a-b292-4861-a199-a57879fb0a6e}</destination>
		</relationship>
		<relationship name="mixerInput">
			<destination>{64a2ed88-64ba-4010-a7d0-06e484b628fe}</destination>
		</relationship>
		<relationship name="automatableProperties">
			<destination>{01f0a43b-d3f5-4a66-a45f-f49d15f2d262}</destination>
		</relationship>
		<relationship name="markerTracks">
			<destination>{c38e9492-4dd8-4e20-bc46-5bd7158f7b01}</destination>
		</relationship>
		<relationship name="groupTracks">
			<destination>{32487072-7d2a-4372-a71b-0e031e3801d0}</destination>
		</relationship>
		<relationship name="timeline">
			<destination>{528072fc-814c-4955-a161-815cbe52a3ab}</destination>
		</relationship>
		<relationship name="banks">
			<destination>{8c3f9de4-14c8-4279-a712-2040780fff61}</destination>
		</relationship>
	</object>
	<object class="EventMixer" id="{980d2f95-5b48-4d46-99bf-7a838cb7a70e}">
		<relationship name="masterBus">
			<destination>{3fc1b1dc-74d2-40e7-a8c4-25495692ce57}</destination>
		</relationship>
	</object>
	<object class="MasterTrack" id="{62a4907a-b292-4861-a199-a57879fb0a6e}">
		<relationship name="mixerGroup">
			<destination>{3fc1b1dc-74d2-40e7-a8c4-25495692ce57}</destination>
		</relationship>
	</object>
	<object class="MixerInput" id="{64a2ed88-64ba-4010-a7d0-06e484b628fe}">
		<relationship name="effectChain">
			<destination>{d4b1d6cc-141a-4802-92b4-be29a9cd2320}</destination>
		</relationship>
		<relationship name="panner">
			<destination>{891f8344-ce00-4e9f-af95-dede61b3d27d}</destination>
		</relationship>
		<relationship name="output">
			<destination>{a74bdffc-cbb2-488b-ae3c-038020e1273d}</destination>
		</relationship>
	</object>
	<object class="EventAutomatableProperties" id="{01f0a43b-d3f5-4a66-a45f-f49d15f2d262}" />
	<object class="MarkerTrack" id="{c38e9492-4dd8-4e20-bc46-5bd7158f7b01}" />
	<object class="GroupTrack" id="{32487072-7d2a-4372-a71b-0e031e3801d0}">
		<relationship name="modules">
			<destination>{48d15427-f600-4ca1-ab8c-9507a83b0546}</destination>
		</relationship>
		<relationship name="mixerGroup">
			<destination>{a6289f4b-1847-47d1-8192-48050ba65755}</destination>
		</relationship>
	</object>
	<object class="Timeline" id="{528072fc-814c-4955-a161-815cbe52a3ab}">
		<relationship name="modules">
			<destination>{48d15427-f600-4ca1-ab8c-9507a83b0546}</destination>
		</relationship>
	</object>
	<object class="EventMixerMaster" id="{3fc1b1dc-74d2-40e7-a8c4-25495692ce57}">
		<relationship name="effectChain">
			<destination>{c92d81c1-0984-4a14-aab3-ea130cd65b2c}</destination>
		</relationship>
		<relationship name="panner">
			<destination>{c57bbf56-a4e0-40be-bfd3-d26dbebfa85c}</destination>
		</relationship>
		<relationship name="mixer">
			<destination>{980d2f95-5b48-4d46-99bf-7a838cb7a70e}</destination>
		</relationship>
	</object>
	<object class="MixerBusEffectChain" id="{d4b1d6cc-141a-4802-92b4-be29a9cd2320}">
		<relationship name="effects">
			<destination>{dff7a391-bcf9-49a9-ac2d-8fe8f0cd5bd7}</destination>
		</relationship>
	</object>
	<object class="MixerBusPanner" id="{891f8344-ce00-4e9f-af95-dede61b3d27d}" />
	<object class="MultiSound" id="{48d15427-f600-4ca1-ab8c-9507a83b0546}">
		<property name="length">
			<value>2.1062916666666665</value>
		</property>
		<relationship name="sounds">
			<destination>{b65e0917-a41e-48d3-9959-8e526e05c94b}</destination>
			<destination>{7e2a670c-be17-4a08-a1d4-7c9790b2e993}</destination>
			<destination>{d639282e-045b-40c9-9aa0-97ccbdf7cd81}</destination>
			<destination>{f760c5fd-3e2c-4749-8bcb-8aa707519c33}</destination>
		</relationship>
	</object>
	<object class="EventMixerGroup" id="{a6289f4b-1847-47d1-8192-48050ba65755}">
		<property name="name">
			<value>Audio 1</value>
		</property>
		<relationship name="effectChain">
			<destination>{46ec7384-b29f-4bd7-8e12-46e9481ade21}</destination>
		</relationship>
		<relationship name="panner">
			<destination>{505ac942-fe01-4673-bacf-252385ba4e42}</destination>
		</relationship>
		<relationship name="output">
			<destination>{3fc1b1dc-74d2-40e7-a8c4-25495692ce57}</destination>
		</relationship>
	</object>
	<object class="MixerBusEffectChain" id="{c92d81c1-0984-4a14-aab3-ea130cd65b2c}">
		<relationship name="effects">
			<destination>{6d527f6a-868b-442b-a315-e4cd97bf6137}</destination>
		</relationship>
	</object>
	<object class="MixerBusPanner" id="{c57bbf56-a4e0-40be-bfd3-d26dbebfa85c}" />
	<object class="MixerBusFader" id="{dff7a391-bcf9-49a9-ac2d-8fe8f0cd5bd7}" />
	<object class="SingleSound" id="{b65e0917-a41e-48d3-9959-8e526e05c94b}">
		<relationship name="audioFile">
			<destination>{96baca30-9198-4f53-9285-78b0b857d33c}</destination>
		</relationship>
	</object>
	<object class="SingleSound" id="{7e2a670c-be17-4a08-a1d4-7c9790b2e993}">
		<relationship name="audioFile">
			<destination>{d350c738-480a-49a1-a076-4905538ef895}</destination>
		</relationship>
	</object>
	<object class="SingleSound" id="{d639282e-045b-40c9-9aa0-97ccbdf7cd81}">
		<relationship name="audioFile">
			<destination>{4be180e6-8670-4dad-8fe8-ffdf2ff61205}</destination>
		</relationship>
	</object>
	<object class="SingleSound" id="{f760c5fd-3e2c-4749-8bcb-8aa707519c33}">
		<relationship name="audioFile">
			<destination>{c3d78101-5450-41e8-a932-9faf80ccdf98}</destination>
		</relationship>
	</object>
	<object class="MixerBusEffectChain" id="{46ec7384-b29f-4bd7-8e12-46e9481ade21}">
		<relationship name="effects">
			<destination>{6e8654bc-eccb-439a-836a-7e44723bdc1f}</destination>
		</relationship>
	</object>
	<object class="MixerBusPanner" id="{505ac942-fe01-4673-bacf-252385ba4e42}" />
	<object class="MixerBusFader" id="{6d527f6a-868b-442b-a315-e4cd97bf6137}" />
	<object class="MixerBusFader" id="{6e8654bc-eccb-439a-836a-7e44723bdc1f}" />
</objects>
