<?xml version="1.0" encoding="UTF-8"?>
<objects serializationModel="Studio.02.01.00">
	<object class="Event" id="{1344f327-4b74-432f-b040-c5e9469b196d}">
		<property name="name">
			<value>trig_SFX_AmbientHumanIncidentals</value>
		</property>
		<property name="outputFormat">
			<value>1</value>
		</property>
		<relationship name="folder">
			<destination>{61aad043-b443-4bac-90c1-0c35429bb71d}</destination>
		</relationship>
		<relationship name="mixer">
			<destination>{b88f6fbc-897a-495d-9cae-eabb39ebb70a}</destination>
		</relationship>
		<relationship name="masterTrack">
			<destination>{ccd0ed41-b211-479d-9e3f-ad7e32319065}</destination>
		</relationship>
		<relationship name="mixerInput">
			<destination>{179997b2-6b26-490c-8e93-b1439fe068eb}</destination>
		</relationship>
		<relationship name="automatableProperties">
			<destination>{e9c3451e-7134-432c-96f4-84d1f21a0113}</destination>
		</relationship>
		<relationship name="markerTracks">
			<destination>{6c693200-b32a-48a3-8117-de823f0bfc96}</destination>
		</relationship>
		<relationship name="groupTracks">
			<destination>{99428ee8-a942-44d7-9c4a-c69245c2a828}</destination>
			<destination>{b6d7f2eb-a65e-43a9-8277-359a9e652665}</destination>
			<destination>{e5798765-3bd6-4094-a5a8-e40ba740dfdd}</destination>
		</relationship>
		<relationship name="returnTracks">
			<destination>{7d3a60f6-e056-46bf-a610-7ca5a4c1793b}</destination>
		</relationship>
		<relationship name="timeline">
			<destination>{2c845685-485a-4dcd-a02f-4deac1f7d896}</destination>
		</relationship>
		<relationship name="banks">
			<destination>{09901795-b9b9-4010-a4a3-3011ed4caaa2}</destination>
		</relationship>
	</object>
	<object class="EventMixer" id="{b88f6fbc-897a-495d-9cae-eabb39ebb70a}">
		<relationship name="masterBus">
			<destination>{dc5207b0-bc44-4053-91db-b6f83cad7e25}</destination>
		</relationship>
	</object>
	<object class="MasterTrack" id="{ccd0ed41-b211-479d-9e3f-ad7e32319065}">
		<relationship name="mixerGroup">
			<destination>{dc5207b0-bc44-4053-91db-b6f83cad7e25}</destination>
		</relationship>
	</object>
	<object class="MixerInput" id="{179997b2-6b26-490c-8e93-b1439fe068eb}">
		<relationship name="effectChain">
			<destination>{9b3bb2bf-a3e9-4109-a71e-0ff988595fbc}</destination>
		</relationship>
		<relationship name="panner">
			<destination>{b1f0458b-3907-4a18-8c8d-bfdc9e58cf9c}</destination>
		</relationship>
		<relationship name="output">
			<destination>{5d209edc-e969-4505-b4b1-676ab30b3980}</destination>
		</relationship>
	</object>
	<object class="EventAutomatableProperties" id="{e9c3451e-7134-432c-96f4-84d1f21a0113}" />
	<object class="MarkerTrack" id="{6c693200-b32a-48a3-8117-de823f0bfc96}" />
	<object class="GroupTrack" id="{99428ee8-a942-44d7-9c4a-c69245c2a828}">
		<relationship name="modules">
			<destination>{1b6185ce-a369-4fb3-9f1a-f34aaf8e4ccf}</destination>
		</relationship>
		<relationship name="mixerGroup">
			<destination>{fe81232d-d8eb-4e10-9906-6b7d824b6d7c}</destination>
		</relationship>
	</object>
	<object class="GroupTrack" id="{b6d7f2eb-a65e-43a9-8277-359a9e652665}">
		<relationship name="modules">
			<destination>{a6f7d7c0-c3c3-4124-989e-dd3154b25356}</destination>
		</relationship>
		<relationship name="mixerGroup">
			<destination>{d736594b-0a5e-41ee-92f0-ad79182330d9}</destination>
		</relationship>
	</object>
	<object class="GroupTrack" id="{e5798765-3bd6-4094-a5a8-e40ba740dfdd}">
		<relationship name="modules">
			<destination>{db0edfc4-c87a-4e50-b96b-38ba3684f051}</destination>
		</relationship>
		<relationship name="mixerGroup">
			<destination>{72066008-27eb-4516-bc81-9f6c0f38755c}</destination>
		</relationship>
	</object>
	<object class="ReturnTrack" id="{7d3a60f6-e056-46bf-a610-7ca5a4c1793b}">
		<relationship name="mixerReturn">
			<destination>{42424e38-c7cf-4555-bd60-2e74080fd7cd}</destination>
		</relationship>
	</object>
	<object class="Timeline" id="{2c845685-485a-4dcd-a02f-4deac1f7d896}">
		<relationship name="modules">
			<destination>{1b6185ce-a369-4fb3-9f1a-f34aaf8e4ccf}</destination>
			<destination>{a6f7d7c0-c3c3-4124-989e-dd3154b25356}</destination>
			<destination>{db0edfc4-c87a-4e50-b96b-38ba3684f051}</destination>
		</relationship>
		<relationship name="markers">
			<destination>{85f307ee-d10e-4081-a24b-c42c5c06c2ec}</destination>
		</relationship>
	</object>
	<object class="EventMixerMaster" id="{dc5207b0-bc44-4053-91db-b6f83cad7e25}">
		<relationship name="effectChain">
			<destination>{9bd3010b-bbed-4cf5-88e0-f8a2fa659999}</destination>
		</relationship>
		<relationship name="panner">
			<destination>{dc051f83-a1d6-4db8-a209-b220cdf99442}</destination>
		</relationship>
		<relationship name="mixer">
			<destination>{b88f6fbc-897a-495d-9cae-eabb39ebb70a}</destination>
		</relationship>
	</object>
	<object class="MixerBusEffectChain" id="{9b3bb2bf-a3e9-4109-a71e-0ff988595fbc}">
		<relationship name="effects">
			<destination>{8d1417c5-0558-4710-b39b-d07e089ca661}</destination>
		</relationship>
	</object>
	<object class="MixerBusPanner" id="{b1f0458b-3907-4a18-8c8d-bfdc9e58cf9c}" />
	<object class="MultiSound" id="{1b6185ce-a369-4fb3-9f1a-f34aaf8e4ccf}">
		<property name="length">
			<value>3.7226666666666666</value>
		</property>
		<relationship name="sounds">
			<destination>{2088b7fc-5be1-4c63-a8e2-855d900c78dd}</destination>
			<destination>{65308159-e209-47f9-a3c6-b5a35a4e2b4f}</destination>
			<destination>{2a7f79e0-ae9d-48a9-a441-2e61f62326b1}</destination>
			<destination>{d7a17c52-70f7-426c-8e3c-333f3284bf99}</destination>
			<destination>{0800c832-6152-46b2-a15a-7cfbcecc9c08}</destination>
			<destination>{7ef5b3cb-05f3-4313-b483-b3fc44ac1892}</destination>
			<destination>{f46d91c2-05dc-469d-8b29-c087caaa3a0a}</destination>
			<destination>{32af4ae0-80fc-4b0b-887f-2200ac9e2bb6}</destination>
			<destination>{cc4146f9-f27f-453c-aa10-473f0c7e15f0}</destination>
			<destination>{ea43c71e-974a-4248-b9ab-a6a7d33408ea}</destination>
			<destination>{42435227-a81f-4fba-b718-5b46ef9ec2fa}</destination>
			<destination>{3051e798-ebc6-4a2f-bad8-20b7a00ae0a6}</destination>
			<destination>{74df7a21-783e-4225-adff-992c419b55d1}</destination>
			<destination>{f3c8fe3e-eba5-4d79-a872-4b8ee13b3fdb}</destination>
		</relationship>
	</object>
	<object class="EventMixerGroup" id="{fe81232d-d8eb-4e10-9906-6b7d824b6d7c}">
		<property name="volume">
			<value>-6</value>
		</property>
		<property name="name">
			<value>Audio 1</value>
		</property>
		<relationship name="effectChain">
			<destination>{2211f3b6-4fc6-4025-9370-5f76ffc4ec1d}</destination>
		</relationship>
		<relationship name="panner">
			<destination>{a74d9a39-eb27-4314-a9c6-6a423383c22b}</destination>
		</relationship>
		<relationship name="output">
			<destination>{dc5207b0-bc44-4053-91db-b6f83cad7e25}</destination>
		</relationship>
	</object>
	<object class="MultiSound" id="{a6f7d7c0-c3c3-4124-989e-dd3154b25356}">
		<property name="start">
			<value>15</value>
		</property>
		<property name="length">
			<value>2.8504791666666667</value>
		</property>
		<relationship name="sounds">
			<destination>{9c203e5a-b077-464e-b4b8-2b8e826b5a33}</destination>
			<destination>{e8b03b29-17ba-4f25-b502-c421fe263447}</destination>
			<destination>{8d713dcb-9477-4898-9586-5e96228589d1}</destination>
			<destination>{f05c1939-b7a3-4087-9cac-3d746fadbe32}</destination>
			<destination>{c223e2c1-386e-43b6-a7d1-8517626ba5d8}</destination>
			<destination>{3392f63b-cf8a-4246-9d44-e6bf8371fff2}</destination>
			<destination>{ff2199d5-6070-4d00-96ee-7d344bce2329}</destination>
			<destination>{4249885e-98ee-4de5-b1c1-a2ca91ff66c0}</destination>
			<destination>{93722db5-b916-4cee-974c-7f82f21d9e00}</destination>
			<destination>{35db6c73-e844-498b-a85a-3857a4b7b5aa}</destination>
			<destination>{5c096191-9e02-40d4-ad70-c2cabbc85ea0}</destination>
			<destination>{fdbf4197-5727-47da-8c12-65c016470ab7}</destination>
			<destination>{04fb068e-4ed2-47f8-b2bb-251239fbde5b}</destination>
			<destination>{675d059f-77ad-40a3-86be-69f6c8b9b6df}</destination>
			<destination>{e87d1405-e0f5-415f-b971-993f86f43d25}</destination>
		</relationship>
	</object>
	<object class="EventMixerGroup" id="{d736594b-0a5e-41ee-92f0-ad79182330d9}">
		<property name="volume">
			<value>-6</value>
		</property>
		<property name="name">
			<value>Audio 2</value>
		</property>
		<relationship name="effectChain">
			<destination>{6c06274f-b93e-4c06-a16e-0d9af2810edc}</destination>
		</relationship>
		<relationship name="panner">
			<destination>{adefd24b-12fb-4a25-b85b-94a993753a3a}</destination>
		</relationship>
		<relationship name="output">
			<destination>{dc5207b0-bc44-4053-91db-b6f83cad7e25}</destination>
		</relationship>
	</object>
	<object class="MultiSound" id="{db0edfc4-c87a-4e50-b96b-38ba3684f051}">
		<property name="start">
			<value>8</value>
		</property>
		<property name="length">
			<value>5.010958333333333</value>
		</property>
		<relationship name="sounds">
			<destination>{eda4e8a3-214f-4665-8410-aa99cd5c56a8}</destination>
			<destination>{6cab39ee-c771-4d2b-bb6e-8b3cd5292769}</destination>
			<destination>{4c12777d-06fb-45fb-8291-53eb074e5089}</destination>
			<destination>{ce3a5467-9e59-4192-973c-eaebd28b0576}</destination>
			<destination>{a0a03288-7883-4488-b66c-139db1857ba9}</destination>
			<destination>{52a7833c-0671-449b-874c-74a7db9c84ff}</destination>
		</relationship>
	</object>
	<object class="EventMixerGroup" id="{72066008-27eb-4516-bc81-9f6c0f38755c}">
		<property name="name">
			<value>Audio 3</value>
		</property>
		<relationship name="effectChain">
			<destination>{2f966a5d-2ecc-4b90-b0ec-e1b37be827b7}</destination>
		</relationship>
		<relationship name="panner">
			<destination>{10a80043-0653-480e-9c8f-f2febd819ed0}</destination>
		</relationship>
		<relationship name="output">
			<destination>{dc5207b0-bc44-4053-91db-b6f83cad7e25}</destination>
		</relationship>
	</object>
	<object class="EventMixerReturn" id="{42424e38-c7cf-4555-bd60-2e74080fd7cd}">
		<property name="name">
			<value>A</value>
		</property>
		<relationship name="effectChain">
			<destination>{0bf1fa66-f761-4250-8811-82b887e6aaa2}</destination>
		</relationship>
		<relationship name="panner">
			<destination>{22a1a04b-4dbf-45d0-bb52-d7082a51561f}</destination>
		</relationship>
		<relationship name="output">
			<destination>{dc5207b0-bc44-4053-91db-b6f83cad7e25}</destination>
		</relationship>
	</object>
	<object class="LoopRegion" id="{85f307ee-d10e-4081-a24b-c42c5c06c2ec}">
		<property name="position">
			<value>0</value>
		</property>
		<property name="length">
			<value>21</value>
		</property>
		<relationship name="timeline">
			<destination>{2c845685-485a-4dcd-a02f-4deac1f7d896}</destination>
		</relationship>
		<relationship name="markerTrack">
			<destination>{6c693200-b32a-48a3-8117-de823f0bfc96}</destination>
		</relationship>
	</object>
	<object class="MixerBusEffectChain" id="{9bd3010b-bbed-4cf5-88e0-f8a2fa659999}">
		<relationship name="effects">
			<destination>{63139737-a7f6-4c2c-8006-2cc96b303f7e}</destination>
		</relationship>
	</object>
	<object class="MixerBusPanner" id="{dc051f83-a1d6-4db8-a209-b220cdf99442}" />
	<object class="MixerBusFader" id="{8d1417c5-0558-4710-b39b-d07e089ca661}" />
	<object class="SingleSound" id="{2088b7fc-5be1-4c63-a8e2-855d900c78dd}">
		<relationship name="audioFile">
			<destination>{ec82e16b-9d52-4325-9ca8-9c55431a594d}</destination>
		</relationship>
	</object>
	<object class="SingleSound" id="{65308159-e209-47f9-a3c6-b5a35a4e2b4f}">
		<relationship name="audioFile">
			<destination>{250e8873-8309-42b2-a919-f5cca3ed6834}</destination>
		</relationship>
	</object>
	<object class="SingleSound" id="{2a7f79e0-ae9d-48a9-a441-2e61f62326b1}">
		<relationship name="audioFile">
			<destination>{692c46de-5f03-4638-b544-043f309ed79b}</destination>
		</relationship>
	</object>
	<object class="SingleSound" id="{d7a17c52-70f7-426c-8e3c-333f3284bf99}">
		<relationship name="audioFile">
			<destination>{e5d2389e-edd8-4906-8629-32883efa9f65}</destination>
		</relationship>
	</object>
	<object class="SingleSound" id="{0800c832-6152-46b2-a15a-7cfbcecc9c08}">
		<relationship name="audioFile">
			<destination>{c45f571e-6da6-4f21-a508-590a8ce6945b}</destination>
		</relationship>
	</object>
	<object class="SingleSound" id="{7ef5b3cb-05f3-4313-b483-b3fc44ac1892}">
		<relationship name="audioFile">
			<destination>{f04e6368-aea7-4809-b2ce-8db9c5bdd36c}</destination>
		</relationship>
	</object>
	<object class="SingleSound" id="{f46d91c2-05dc-469d-8b29-c087caaa3a0a}">
		<relationship name="audioFile">
			<destination>{2f1029f8-beea-487a-98cd-422b5ac12e3e}</destination>
		</relationship>
	</object>
	<object class="SingleSound" id="{32af4ae0-80fc-4b0b-887f-2200ac9e2bb6}">
		<relationship name="audioFile">
			<destination>{f0610211-ed67-48d5-92e6-7b698e743ea3}</destination>
		</relationship>
	</object>
	<object class="SingleSound" id="{cc4146f9-f27f-453c-aa10-473f0c7e15f0}">
		<relationship name="audioFile">
			<destination>{54ebd8e4-369d-466a-985d-d6fd29eb15c7}</destination>
		</relationship>
	</object>
	<object class="SingleSound" id="{ea43c71e-974a-4248-b9ab-a6a7d33408ea}">
		<relationship name="audioFile">
			<destination>{22e8ea19-3564-4d68-9baa-1ecd12cb3339}</destination>
		</relationship>
	</object>
	<object class="SingleSound" id="{42435227-a81f-4fba-b718-5b46ef9ec2fa}">
		<relationship name="audioFile">
			<destination>{1b46c239-700d-48da-8e98-6283dbd9a467}</destination>
		</relationship>
	</object>
	<object class="SingleSound" id="{3051e798-ebc6-4a2f-bad8-20b7a00ae0a6}">
		<relationship name="audioFile">
			<destination>{000ab432-cf72-4062-badd-ceba739be969}</destination>
		</relationship>
	</object>
	<object class="SingleSound" id="{74df7a21-783e-4225-adff-992c419b55d1}">
		<relationship name="audioFile">
			<destination>{b7659229-0af4-4780-9a2c-614ce29b10ce}</destination>
		</relationship>
	</object>
	<object class="SingleSound" id="{f3c8fe3e-eba5-4d79-a872-4b8ee13b3fdb}">
		<relationship name="audioFile">
			<destination>{720bce7d-57d4-4247-92c4-ffeb0d165d2a}</destination>
		</relationship>
	</object>
	<object class="MixerBusEffectChain" id="{2211f3b6-4fc6-4025-9370-5f76ffc4ec1d}">
		<relationship name="effects">
			<destination>{50834189-4d12-4ed3-8f48-bf0e9f661f8b}</destination>
			<destination>{4df32120-0a31-4c4d-b395-553ba66003ea}</destination>
			<destination>{50f43b3e-98ad-4f01-8275-753712fa5410}</destination>
		</relationship>
	</object>
	<object class="MixerBusPanner" id="{a74d9a39-eb27-4314-a9c6-6a423383c22b}">
		<property name="stereoPan">
			<value>-56</value>
		</property>
	</object>
	<object class="SingleSound" id="{9c203e5a-b077-464e-b4b8-2b8e826b5a33}">
		<relationship name="audioFile">
			<destination>{e8c531e8-c66b-4a14-afcc-848bf2e9433a}</destination>
		</relationship>
	</object>
	<object class="SingleSound" id="{e8b03b29-17ba-4f25-b502-c421fe263447}">
		<relationship name="audioFile">
			<destination>{d3ebe6a6-385e-4066-a684-f3cd48963b85}</destination>
		</relationship>
	</object>
	<object class="SingleSound" id="{8d713dcb-9477-4898-9586-5e96228589d1}">
		<relationship name="audioFile">
			<destination>{7fa9a99a-1597-4ab2-9b6b-d7fc3f3670ad}</destination>
		</relationship>
	</object>
	<object class="SingleSound" id="{f05c1939-b7a3-4087-9cac-3d746fadbe32}">
		<relationship name="audioFile">
			<destination>{7a2429bb-72ea-48c3-9d81-8249994a9213}</destination>
		</relationship>
	</object>
	<object class="SingleSound" id="{c223e2c1-386e-43b6-a7d1-8517626ba5d8}">
		<relationship name="audioFile">
			<destination>{80a60969-a0ae-469b-b8c9-18597ee80619}</destination>
		</relationship>
	</object>
	<object class="SingleSound" id="{3392f63b-cf8a-4246-9d44-e6bf8371fff2}">
		<relationship name="audioFile">
			<destination>{9a14bf15-3822-48a0-bfee-513b5f1b7f87}</destination>
		</relationship>
	</object>
	<object class="SingleSound" id="{ff2199d5-6070-4d00-96ee-7d344bce2329}">
		<relationship name="audioFile">
			<destination>{725d812b-4c7c-4413-acd5-9b9e267e2191}</destination>
		</relationship>
	</object>
	<object class="SingleSound" id="{4249885e-98ee-4de5-b1c1-a2ca91ff66c0}">
		<relationship name="audioFile">
			<destination>{cd331df0-627c-4074-a71b-0857c993e235}</destination>
		</relationship>
	</object>
	<object class="SingleSound" id="{93722db5-b916-4cee-974c-7f82f21d9e00}">
		<relationship name="audioFile">
			<destination>{454926a9-5081-4406-a982-518c694f0b16}</destination>
		</relationship>
	</object>
	<object class="SingleSound" id="{35db6c73-e844-498b-a85a-3857a4b7b5aa}">
		<relationship name="audioFile">
			<destination>{98545e33-89e7-401d-8570-3db45ea22e11}</destination>
		</relationship>
	</object>
	<object class="SingleSound" id="{5c096191-9e02-40d4-ad70-c2cabbc85ea0}">
		<relationship name="audioFile">
			<destination>{ec2b8092-b6e3-4b73-bbcd-2cbc80cd794c}</destination>
		</relationship>
	</object>
	<object class="SingleSound" id="{fdbf4197-5727-47da-8c12-65c016470ab7}">
		<relationship name="audioFile">
			<destination>{6764c422-21c2-4d50-9295-11df87adb1b9}</destination>
		</relationship>
	</object>
	<object class="SingleSound" id="{04fb068e-4ed2-47f8-b2bb-251239fbde5b}">
		<relationship name="audioFile">
			<destination>{9164ed9a-802d-4885-8153-25c769b60cba}</destination>
		</relationship>
	</object>
	<object class="SingleSound" id="{675d059f-77ad-40a3-86be-69f6c8b9b6df}">
		<relationship name="audioFile">
			<destination>{6e6f6003-ffaf-498e-ba6e-90c7f2ea726a}</destination>
		</relationship>
	</object>
	<object class="SingleSound" id="{e87d1405-e0f5-415f-b971-993f86f43d25}">
		<relationship name="audioFile">
			<destination>{9747650e-74c5-484b-a295-e233c6513c96}</destination>
		</relationship>
	</object>
	<object class="MixerBusEffectChain" id="{6c06274f-b93e-4c06-a16e-0d9af2810edc}">
		<relationship name="effects">
			<destination>{611ef27d-df2b-42fe-a642-f0c39ab491c7}</destination>
			<destination>{f1c8ea5a-2a3b-47ad-954d-d4e56e3f7f98}</destination>
			<destination>{9963c8aa-2115-47f0-9621-c886bdcb1709}</destination>
		</relationship>
	</object>
	<object class="MixerBusPanner" id="{adefd24b-12fb-4a25-b85b-94a993753a3a}">
		<property name="stereoPan">
			<value>68</value>
		</property>
	</object>
	<object class="SingleSound" id="{eda4e8a3-214f-4665-8410-aa99cd5c56a8}">
		<relationship name="audioFile">
			<destination>{13770d54-2b27-49ea-b6a9-3ad10caac049}</destination>
		</relationship>
	</object>
	<object class="SingleSound" id="{6cab39ee-c771-4d2b-bb6e-8b3cd5292769}">
		<relationship name="audioFile">
			<destination>{98041d5f-2cfd-4b63-89a0-623bad40cfc2}</destination>
		</relationship>
	</object>
	<object class="SingleSound" id="{4c12777d-06fb-45fb-8291-53eb074e5089}">
		<relationship name="audioFile">
			<destination>{9a2a2e34-6d81-4cc7-9fe9-62e84dcdc0d9}</destination>
		</relationship>
	</object>
	<object class="SingleSound" id="{ce3a5467-9e59-4192-973c-eaebd28b0576}">
		<relationship name="audioFile">
			<destination>{1a40ae91-7e15-49b3-8561-f4a4df736c19}</destination>
		</relationship>
	</object>
	<object class="SingleSound" id="{a0a03288-7883-4488-b66c-139db1857ba9}">
		<relationship name="audioFile">
			<destination>{22e38305-4ca2-4c8a-ac9f-c956700a639e}</destination>
		</relationship>
	</object>
	<object class="SingleSound" id="{52a7833c-0671-449b-874c-74a7db9c84ff}">
		<relationship name="audioFile">
			<destination>{bb964cd2-efaa-496e-a41c-c3ce48bb343a}</destination>
		</relationship>
	</object>
	<object class="MixerBusEffectChain" id="{2f966a5d-2ecc-4b90-b0ec-e1b37be827b7}">
		<relationship name="effects">
			<destination>{2a9243c7-f808-4347-96fd-897a3e627684}</destination>
		</relationship>
	</object>
	<object class="MixerBusPanner" id="{10a80043-0653-480e-9c8f-f2febd819ed0}" />
	<object class="MixerBusEffectChain" id="{0bf1fa66-f761-4250-8811-82b887e6aaa2}">
		<relationship name="effects">
			<destination>{44008524-8c10-4b73-801e-82fc4e9a0d29}</destination>
			<destination>{1e5e263b-fdfd-48dc-9a0f-9fe597951ace}</destination>
		</relationship>
	</object>
	<object class="MixerBusPanner" id="{22a1a04b-4dbf-45d0-bb52-d7082a51561f}" />
	<object class="MixerBusFader" id="{63139737-a7f6-4c2c-8006-2cc96b303f7e}" />
	<object class="ThreeEQEffect" id="{50834189-4d12-4ed3-8f48-bf0e9f661f8b}">
		<property name="lowGain">
			<value>-9</value>
		</property>
		<property name="highGain">
			<value>-11.5</value>
		</property>
	</object>
	<object class="MixerBusFader" id="{4df32120-0a31-4c4d-b395-553ba66003ea}" />
	<object class="MixerSend" id="{50f43b3e-98ad-4f01-8275-753712fa5410}">
		<property name="level">
			<value>-8.5</value>
		</property>
		<property name="inputFormat">
			<value>1</value>
		</property>
		<relationship name="mixerReturn">
			<destination>{42424e38-c7cf-4555-bd60-2e74080fd7cd}</destination>
		</relationship>
	</object>
	<object class="ThreeEQEffect" id="{611ef27d-df2b-42fe-a642-f0c39ab491c7}">
		<property name="lowGain">
			<value>-9</value>
		</property>
		<property name="highGain">
			<value>-13.5</value>
		</property>
	</object>
	<object class="MixerBusFader" id="{f1c8ea5a-2a3b-47ad-954d-d4e56e3f7f98}" />
	<object class="MixerSend" id="{9963c8aa-2115-47f0-9621-c886bdcb1709}">
		<property name="level">
			<value>-8</value>
		</property>
		<property name="inputFormat">
			<value>1</value>
		</property>
		<relationship name="mixerReturn">
			<destination>{42424e38-c7cf-4555-bd60-2e74080fd7cd}</destination>
		</relationship>
	</object>
	<object class="MixerBusFader" id="{2a9243c7-f808-4347-96fd-897a3e627684}" />
	<object class="MixerBusFader" id="{44008524-8c10-4b73-801e-82fc4e9a0d29}" />
	<object class="SFXReverbEffect" id="{1e5e263b-fdfd-48dc-9a0f-9fe597951ace}">
		<property name="decayTime">
			<value>3500</value>
		</property>
	</object>
</objects>
