<?xml version="1.0" encoding="UTF-8"?>
<objects serializationModel="Studio.02.01.00">
	<object class="Event" id="{135b7b71-49fe-4f20-b58e-ba08a13a6a94}">
		<property name="name">
			<value>trig_sfx_ExplosionDistorted06LongStereo</value>
		</property>
		<property name="outputFormat">
			<value>2</value>
		</property>
		<relationship name="folder">
			<destination>{ec00f365-3c1a-4d63-b43e-2c71c9b3c7ff}</destination>
		</relationship>
		<relationship name="mixer">
			<destination>{3a4da2c6-ff2e-46b9-8d07-332a4743332c}</destination>
		</relationship>
		<relationship name="masterTrack">
			<destination>{f9aaeebe-5ad8-449f-9596-75cf843ec1a4}</destination>
		</relationship>
		<relationship name="mixerInput">
			<destination>{28ca1bd5-00c7-4ca0-ad75-0ba0069b290f}</destination>
		</relationship>
		<relationship name="automatableProperties">
			<destination>{f4f614e0-ffde-4108-910d-ca234a25645c}</destination>
		</relationship>
		<relationship name="markerTracks">
			<destination>{8040cc63-71c5-4f71-b7ab-4a4ea952f297}</destination>
		</relationship>
		<relationship name="groupTracks">
			<destination>{9771b49e-1a59-4325-beaa-b5d37af4b54e}</destination>
		</relationship>
		<relationship name="timeline">
			<destination>{4fdd035a-2335-431d-bfa1-4d4302c70cf4}</destination>
		</relationship>
		<relationship name="banks">
			<destination>{09901795-b9b9-4010-a4a3-3011ed4caaa2}</destination>
		</relationship>
	</object>
	<object class="EventMixer" id="{3a4da2c6-ff2e-46b9-8d07-332a4743332c}">
		<relationship name="masterBus">
			<destination>{d8b4a6b6-9f38-4e4b-96cc-a3bd2134cd83}</destination>
		</relationship>
	</object>
	<object class="MasterTrack" id="{f9aaeebe-5ad8-449f-9596-75cf843ec1a4}">
		<relationship name="mixerGroup">
			<destination>{d8b4a6b6-9f38-4e4b-96cc-a3bd2134cd83}</destination>
		</relationship>
	</object>
	<object class="MixerInput" id="{28ca1bd5-00c7-4ca0-ad75-0ba0069b290f}">
		<relationship name="effectChain">
			<destination>{9a7c2ed6-ad5a-47c6-bc96-4edba4235710}</destination>
		</relationship>
		<relationship name="panner">
			<destination>{dfbe9f8a-da41-461c-8fa5-10fc3b82ffb1}</destination>
		</relationship>
		<relationship name="output">
			<destination>{07daa3ae-3495-463d-8c3e-6a9ee1871371}</destination>
		</relationship>
	</object>
	<object class="EventAutomatableProperties" id="{f4f614e0-ffde-4108-910d-ca234a25645c}" />
	<object class="MarkerTrack" id="{8040cc63-71c5-4f71-b7ab-4a4ea952f297}" />
	<object class="GroupTrack" id="{9771b49e-1a59-4325-beaa-b5d37af4b54e}">
		<relationship name="modules">
			<destination>{8be4c0de-e063-4557-acc1-15230cc2b9e4}</destination>
		</relationship>
		<relationship name="mixerGroup">
			<destination>{ec59358c-77ea-46f2-8d4a-11830d36696e}</destination>
		</relationship>
	</object>
	<object class="Timeline" id="{4fdd035a-2335-431d-bfa1-4d4302c70cf4}">
		<relationship name="modules">
			<destination>{8be4c0de-e063-4557-acc1-15230cc2b9e4}</destination>
		</relationship>
	</object>
	<object class="EventMixerMaster" id="{d8b4a6b6-9f38-4e4b-96cc-a3bd2134cd83}">
		<property name="volume">
			<value>-5</value>
		</property>
		<relationship name="effectChain">
			<destination>{299b61d7-bd61-4349-9d9e-ecacc04b3828}</destination>
		</relationship>
		<relationship name="panner">
			<destination>{87868f40-fb7c-4c90-abef-ac764edaac95}</destination>
		</relationship>
		<relationship name="mixer">
			<destination>{3a4da2c6-ff2e-46b9-8d07-332a4743332c}</destination>
		</relationship>
	</object>
	<object class="MixerBusEffectChain" id="{9a7c2ed6-ad5a-47c6-bc96-4edba4235710}">
		<relationship name="effects">
			<destination>{592f3b27-5ac5-4db6-9d80-06ee46ef55e7}</destination>
		</relationship>
	</object>
	<object class="MixerBusPanner" id="{dfbe9f8a-da41-461c-8fa5-10fc3b82ffb1}" />
	<object class="SingleSound" id="{8be4c0de-e063-4557-acc1-15230cc2b9e4}">
		<property name="length">
			<value>2.9440589569160998</value>
		</property>
		<relationship name="audioFile">
			<destination>{0ae111a7-8937-48f3-89e1-9f7f07ba204c}</destination>
		</relationship>
	</object>
	<object class="EventMixerGroup" id="{ec59358c-77ea-46f2-8d4a-11830d36696e}">
		<property name="name">
			<value>Audio 1</value>
		</property>
		<relationship name="effectChain">
			<destination>{83b71d75-1be0-4035-947f-f8ab627f435f}</destination>
		</relationship>
		<relationship name="panner">
			<destination>{8a90dac0-71d5-4fa8-97e2-ab6784dba314}</destination>
		</relationship>
		<relationship name="output">
			<destination>{d8b4a6b6-9f38-4e4b-96cc-a3bd2134cd83}</destination>
		</relationship>
	</object>
	<object class="MixerBusEffectChain" id="{299b61d7-bd61-4349-9d9e-ecacc04b3828}">
		<relationship name="effects">
			<destination>{b1bd0c7f-5ad2-4c5e-b845-b61defa4bfc4}</destination>
			<destination>{518142f8-25f3-4515-8361-6f8b5238e90b}</destination>
		</relationship>
	</object>
	<object class="MixerBusPanner" id="{87868f40-fb7c-4c90-abef-ac764edaac95}" />
	<object class="MixerBusFader" id="{592f3b27-5ac5-4db6-9d80-06ee46ef55e7}" />
	<object class="MixerBusEffectChain" id="{83b71d75-1be0-4035-947f-f8ab627f435f}">
		<relationship name="effects">
			<destination>{d4da167e-35f9-46f4-9586-b016af6cfc50}</destination>
		</relationship>
	</object>
	<object class="MixerBusPanner" id="{8a90dac0-71d5-4fa8-97e2-ab6784dba314}" />
	<object class="MixerBusFader" id="{b1bd0c7f-5ad2-4c5e-b845-b61defa4bfc4}" />
	<object class="SpatialiserEffect" id="{518142f8-25f3-4515-8361-6f8b5238e90b}">
		<property name="minimumDistance">
			<value>0.5</value>
		</property>
		<property name="maximumDistance">
			<value>200</value>
		</property>
	</object>
	<object class="MixerBusFader" id="{d4da167e-35f9-46f4-9586-b016af6cfc50}" />
</objects>
