<?xml version="1.0" encoding="UTF-8"?>
<objects serializationModel="Studio.02.01.00">
	<object class="Event" id="{1362bc23-f3fb-456d-8686-d36c35fb8a1c}">
		<property name="name">
			<value>Assassinated</value>
		</property>
		<property name="outputFormat">
			<value>0</value>
		</property>
		<relationship name="folder">
			<destination>{add037d2-341c-45ff-bf61-9e276cb5738f}</destination>
		</relationship>
		<relationship name="mixer">
			<destination>{d8268f12-518f-4f36-ab23-f8ea3fe754f6}</destination>
		</relationship>
		<relationship name="masterTrack">
			<destination>{94124bce-9fb4-4f00-948f-b78da60154d9}</destination>
		</relationship>
		<relationship name="mixerInput">
			<destination>{1cd87ea3-54a8-4eb2-8521-dbd1ffe1b697}</destination>
		</relationship>
		<relationship name="automatableProperties">
			<destination>{8e23ca41-ce04-4a60-9061-d6dc47e2de47}</destination>
		</relationship>
		<relationship name="markerTracks">
			<destination>{cf73fbec-2bfa-41ca-99a1-f72592ee63ef}</destination>
		</relationship>
		<relationship name="groupTracks">
			<destination>{5cd9d56a-a56d-4c0f-8939-2b4625733382}</destination>
		</relationship>
		<relationship name="timeline">
			<destination>{01e9ef7a-d18b-4f7e-8473-5f6361c66620}</destination>
		</relationship>
		<relationship name="banks">
			<destination>{8c3f9de4-14c8-4279-a712-2040780fff61}</destination>
		</relationship>
	</object>
	<object class="EventMixer" id="{d8268f12-518f-4f36-ab23-f8ea3fe754f6}">
		<relationship name="masterBus">
			<destination>{fd3a303b-6d6a-4178-8900-459c0fcbbf06}</destination>
		</relationship>
	</object>
	<object class="MasterTrack" id="{94124bce-9fb4-4f00-948f-b78da60154d9}">
		<relationship name="mixerGroup">
			<destination>{fd3a303b-6d6a-4178-8900-459c0fcbbf06}</destination>
		</relationship>
	</object>
	<object class="MixerInput" id="{1cd87ea3-54a8-4eb2-8521-dbd1ffe1b697}">
		<relationship name="effectChain">
			<destination>{a3777222-497e-4a14-bb2b-4d04d25167db}</destination>
		</relationship>
		<relationship name="panner">
			<destination>{7e4f77c7-29bf-48cd-94b6-eebc99da0672}</destination>
		</relationship>
		<relationship name="output">
			<destination>{a74bdffc-cbb2-488b-ae3c-038020e1273d}</destination>
		</relationship>
	</object>
	<object class="EventAutomatableProperties" id="{8e23ca41-ce04-4a60-9061-d6dc47e2de47}" />
	<object class="MarkerTrack" id="{cf73fbec-2bfa-41ca-99a1-f72592ee63ef}" />
	<object class="GroupTrack" id="{5cd9d56a-a56d-4c0f-8939-2b4625733382}">
		<relationship name="modules">
			<destination>{f67f7312-a942-4562-9995-3ef1e8c99c4f}</destination>
		</relationship>
		<relationship name="mixerGroup">
			<destination>{eaecac98-e0de-4475-b790-d66f152ea942}</destination>
		</relationship>
	</object>
	<object class="Timeline" id="{01e9ef7a-d18b-4f7e-8473-5f6361c66620}">
		<relationship name="modules">
			<destination>{f67f7312-a942-4562-9995-3ef1e8c99c4f}</destination>
		</relationship>
	</object>
	<object class="EventMixerMaster" id="{fd3a303b-6d6a-4178-8900-459c0fcbbf06}">
		<relationship name="effectChain">
			<destination>{58d908c5-aa8e-40d6-a272-7f5d8a4fe90b}</destination>
		</relationship>
		<relationship name="panner">
			<destination>{10fd6444-f388-45b3-a357-a09fbe187e1d}</destination>
		</relationship>
		<relationship name="mixer">
			<destination>{d8268f12-518f-4f36-ab23-f8ea3fe754f6}</destination>
		</relationship>
	</object>
	<object class="MixerBusEffectChain" id="{a3777222-497e-4a14-bb2b-4d04d25167db}">
		<relationship name="effects">
			<destination>{64a0d219-011d-40aa-a5c0-b716f9848a14}</destination>
		</relationship>
	</object>
	<object class="MixerBusPanner" id="{7e4f77c7-29bf-48cd-94b6-eebc99da0672}" />
	<object class="MultiSound" id="{f67f7312-a942-4562-9995-3ef1e8c99c4f}">
		<property name="length">
			<value>4.8157916666666667</value>
		</property>
		<relationship name="sounds">
			<destination>{064345e6-a6ee-485d-9867-21d071ad1f45}</destination>
			<destination>{2549c3e9-dfc5-45b3-abd9-ac29407ef96b}</destination>
			<destination>{e80395d8-0daa-4b1d-8403-7c375e8ba25b}</destination>
			<destination>{920dda6c-6fbd-4a97-880b-f0dd7e4b8a86}</destination>
			<destination>{3c6cdac4-0c2e-4e60-b5ce-229bbdb71b48}</destination>
		</relationship>
	</object>
	<object class="EventMixerGroup" id="{eaecac98-e0de-4475-b790-d66f152ea942}">
		<property name="name">
			<value>Audio 1</value>
		</property>
		<relationship name="effectChain">
			<destination>{6265ecef-20da-4869-86c2-25e111369763}</destination>
		</relationship>
		<relationship name="panner">
			<destination>{5064ca97-87ec-4544-9192-e8a9492d73d8}</destination>
		</relationship>
		<relationship name="output">
			<destination>{fd3a303b-6d6a-4178-8900-459c0fcbbf06}</destination>
		</relationship>
	</object>
	<object class="MixerBusEffectChain" id="{58d908c5-aa8e-40d6-a272-7f5d8a4fe90b}">
		<relationship name="effects">
			<destination>{ad5fb463-19c9-44dd-8486-ce8ee9a8a31b}</destination>
		</relationship>
	</object>
	<object class="MixerBusPanner" id="{10fd6444-f388-45b3-a357-a09fbe187e1d}" />
	<object class="MixerBusFader" id="{64a0d219-011d-40aa-a5c0-b716f9848a14}" />
	<object class="SingleSound" id="{064345e6-a6ee-485d-9867-21d071ad1f45}">
		<relationship name="audioFile">
			<destination>{8e7e6e5e-c8e8-4700-b49c-3d54f7ff6e17}</destination>
		</relationship>
	</object>
	<object class="SingleSound" id="{2549c3e9-dfc5-45b3-abd9-ac29407ef96b}">
		<relationship name="audioFile">
			<destination>{e97d199a-d79a-48dc-8f01-f44663f5655b}</destination>
		</relationship>
	</object>
	<object class="SingleSound" id="{e80395d8-0daa-4b1d-8403-7c375e8ba25b}">
		<relationship name="audioFile">
			<destination>{4c033ae2-8f3e-4a54-bdc9-261fd0ee58ee}</destination>
		</relationship>
	</object>
	<object class="SingleSound" id="{920dda6c-6fbd-4a97-880b-f0dd7e4b8a86}">
		<relationship name="audioFile">
			<destination>{bbb59e0e-b286-4f43-8bb1-f3f9b618fbbe}</destination>
		</relationship>
	</object>
	<object class="SingleSound" id="{3c6cdac4-0c2e-4e60-b5ce-229bbdb71b48}">
		<relationship name="audioFile">
			<destination>{dee81452-aecd-4118-a144-c7517671a2e1}</destination>
		</relationship>
	</object>
	<object class="MixerBusEffectChain" id="{6265ecef-20da-4869-86c2-25e111369763}">
		<relationship name="effects">
			<destination>{2a81405a-4ed6-4bf9-a663-8947ec64fece}</destination>
		</relationship>
	</object>
	<object class="MixerBusPanner" id="{5064ca97-87ec-4544-9192-e8a9492d73d8}" />
	<object class="MixerBusFader" id="{ad5fb463-19c9-44dd-8486-ce8ee9a8a31b}" />
	<object class="MixerBusFader" id="{2a81405a-4ed6-4bf9-a663-8947ec64fece}" />
</objects>
