<?xml version="1.0" encoding="UTF-8"?>
<objects serializationModel="Studio.02.01.00">
	<object class="Event" id="{1377c95d-c7f5-4374-8db7-f5c466e1af5c}">
		<property name="name">
			<value>Failure</value>
		</property>
		<property name="outputFormat">
			<value>0</value>
		</property>
		<relationship name="folder">
			<destination>{7c66e404-a012-4010-b738-971462fa499b}</destination>
		</relationship>
		<relationship name="mixer">
			<destination>{a0903ac5-68f4-41a5-93d2-ebab9c913810}</destination>
		</relationship>
		<relationship name="masterTrack">
			<destination>{de67b041-4295-4eed-a5ba-9c3190887ec3}</destination>
		</relationship>
		<relationship name="mixerInput">
			<destination>{c28ff847-9bad-4f62-954a-d53c75149e16}</destination>
		</relationship>
		<relationship name="automatableProperties">
			<destination>{8df2c158-0ed3-4e49-bc39-33bc7ae823bb}</destination>
		</relationship>
		<relationship name="markerTracks">
			<destination>{f0eed922-23c2-46b7-9fa9-92112a386ffe}</destination>
		</relationship>
		<relationship name="groupTracks">
			<destination>{a0999fc0-0805-4eb3-8c9c-d06698122eaa}</destination>
		</relationship>
		<relationship name="timeline">
			<destination>{c49990b7-05bb-4fd7-bc31-dee98c1b7bb5}</destination>
		</relationship>
		<relationship name="banks">
			<destination>{8c3f9de4-14c8-4279-a712-2040780fff61}</destination>
		</relationship>
	</object>
	<object class="EventMixer" id="{a0903ac5-68f4-41a5-93d2-ebab9c913810}">
		<relationship name="masterBus">
			<destination>{da601bc4-aac5-47d4-a7ec-db6546f3f3e2}</destination>
		</relationship>
	</object>
	<object class="MasterTrack" id="{de67b041-4295-4eed-a5ba-9c3190887ec3}">
		<relationship name="mixerGroup">
			<destination>{da601bc4-aac5-47d4-a7ec-db6546f3f3e2}</destination>
		</relationship>
	</object>
	<object class="MixerInput" id="{c28ff847-9bad-4f62-954a-d53c75149e16}">
		<relationship name="effectChain">
			<destination>{8915d0e7-0d39-441e-a6c6-88e17993349a}</destination>
		</relationship>
		<relationship name="panner">
			<destination>{5ba676b3-8fc6-40eb-930e-4574842eb8a3}</destination>
		</relationship>
		<relationship name="output">
			<destination>{a74bdffc-cbb2-488b-ae3c-038020e1273d}</destination>
		</relationship>
	</object>
	<object class="EventAutomatableProperties" id="{8df2c158-0ed3-4e49-bc39-33bc7ae823bb}" />
	<object class="MarkerTrack" id="{f0eed922-23c2-46b7-9fa9-92112a386ffe}" />
	<object class="GroupTrack" id="{a0999fc0-0805-4eb3-8c9c-d06698122eaa}">
		<relationship name="modules">
			<destination>{8e087d39-1b39-4f6e-8d70-d55ae75e28ba}</destination>
		</relationship>
		<relationship name="mixerGroup">
			<destination>{3322ee96-57f4-4445-92bd-fe25d290ff99}</destination>
		</relationship>
	</object>
	<object class="Timeline" id="{c49990b7-05bb-4fd7-bc31-dee98c1b7bb5}">
		<relationship name="modules">
			<destination>{8e087d39-1b39-4f6e-8d70-d55ae75e28ba}</destination>
		</relationship>
	</object>
	<object class="EventMixerMaster" id="{da601bc4-aac5-47d4-a7ec-db6546f3f3e2}">
		<relationship name="effectChain">
			<destination>{7402d135-7a6f-4575-bfa9-783c02547cf2}</destination>
		</relationship>
		<relationship name="panner">
			<destination>{626e5c23-66f2-4a07-a77f-427e63cc9b36}</destination>
		</relationship>
		<relationship name="mixer">
			<destination>{a0903ac5-68f4-41a5-93d2-ebab9c913810}</destination>
		</relationship>
	</object>
	<object class="MixerBusEffectChain" id="{8915d0e7-0d39-441e-a6c6-88e17993349a}">
		<relationship name="effects">
			<destination>{f781fc17-eed7-4d32-8120-efd5c9cb36dd}</destination>
		</relationship>
	</object>
	<object class="MixerBusPanner" id="{5ba676b3-8fc6-40eb-930e-4574842eb8a3}" />
	<object class="MultiSound" id="{8e087d39-1b39-4f6e-8d70-d55ae75e28ba}">
		<property name="length">
			<value>2.3118333333333334</value>
		</property>
		<relationship name="sounds">
			<destination>{709c8cf2-b6cd-4787-86c3-05b4c237605e}</destination>
			<destination>{7fe979f6-5859-490e-99ef-10bcc356ee5f}</destination>
			<destination>{8f3599a9-27d5-4d15-9771-0b1d62c79a7b}</destination>
			<destination>{f07df527-0e55-46be-a1e6-5525c9a155ee}</destination>
		</relationship>
	</object>
	<object class="EventMixerGroup" id="{3322ee96-57f4-4445-92bd-fe25d290ff99}">
		<property name="name">
			<value>Audio 1</value>
		</property>
		<relationship name="effectChain">
			<destination>{57e4102c-b693-4ef6-bfd6-ec8865cfade5}</destination>
		</relationship>
		<relationship name="panner">
			<destination>{91de51cc-0818-4a32-ab33-b510a4a1d949}</destination>
		</relationship>
		<relationship name="output">
			<destination>{da601bc4-aac5-47d4-a7ec-db6546f3f3e2}</destination>
		</relationship>
	</object>
	<object class="MixerBusEffectChain" id="{7402d135-7a6f-4575-bfa9-783c02547cf2}">
		<relationship name="effects">
			<destination>{0b3f5b11-7db5-4a76-ade3-ae909d8faac7}</destination>
		</relationship>
	</object>
	<object class="MixerBusPanner" id="{626e5c23-66f2-4a07-a77f-427e63cc9b36}" />
	<object class="MixerBusFader" id="{f781fc17-eed7-4d32-8120-efd5c9cb36dd}" />
	<object class="SingleSound" id="{709c8cf2-b6cd-4787-86c3-05b4c237605e}">
		<relationship name="audioFile">
			<destination>{3aa1b399-1ff1-46a0-8810-8bf587e7ed4f}</destination>
		</relationship>
	</object>
	<object class="SingleSound" id="{7fe979f6-5859-490e-99ef-10bcc356ee5f}">
		<relationship name="audioFile">
			<destination>{3d805bbb-4ef6-4cd6-a157-bf69099becb4}</destination>
		</relationship>
	</object>
	<object class="SingleSound" id="{8f3599a9-27d5-4d15-9771-0b1d62c79a7b}">
		<relationship name="audioFile">
			<destination>{d85f4f27-693a-4c7b-a0e8-12f244b84df2}</destination>
		</relationship>
	</object>
	<object class="SingleSound" id="{f07df527-0e55-46be-a1e6-5525c9a155ee}">
		<relationship name="audioFile">
			<destination>{318d5584-3ced-47fb-8289-a13b9d22d5dc}</destination>
		</relationship>
	</object>
	<object class="MixerBusEffectChain" id="{57e4102c-b693-4ef6-bfd6-ec8865cfade5}">
		<relationship name="effects">
			<destination>{ef4f0ae2-9480-48c7-aaa8-e6c7defafa10}</destination>
		</relationship>
	</object>
	<object class="MixerBusPanner" id="{91de51cc-0818-4a32-ab33-b510a4a1d949}" />
	<object class="MixerBusFader" id="{0b3f5b11-7db5-4a76-ade3-ae909d8faac7}" />
	<object class="MixerBusFader" id="{ef4f0ae2-9480-48c7-aaa8-e6c7defafa10}" />
</objects>
