<?xml version="1.0" encoding="UTF-8"?>
<objects serializationModel="Studio.02.01.00">
	<object class="Event" id="{1380c001-3f23-4346-8844-06e5f20a0be6}">
		<property name="name">
			<value>Abort</value>
		</property>
		<property name="outputFormat">
			<value>0</value>
		</property>
		<relationship name="folder">
			<destination>{86c4e874-5c1a-43d3-9d18-db2123660648}</destination>
		</relationship>
		<relationship name="mixer">
			<destination>{182cf9a7-5e14-4bff-a5c2-3b3b8fa80737}</destination>
		</relationship>
		<relationship name="masterTrack">
			<destination>{cca02acd-ee8c-41e4-bac3-9d992d291735}</destination>
		</relationship>
		<relationship name="mixerInput">
			<destination>{78272a36-395d-4b4e-b747-424cf0084969}</destination>
		</relationship>
		<relationship name="automatableProperties">
			<destination>{91c682ba-d82f-469b-a501-e1704587630f}</destination>
		</relationship>
		<relationship name="markerTracks">
			<destination>{cd605d2e-5eeb-4f19-8421-7634e2c97593}</destination>
		</relationship>
		<relationship name="groupTracks">
			<destination>{41a8d5c5-9f31-49e0-998a-b7131f849b95}</destination>
		</relationship>
		<relationship name="timeline">
			<destination>{c5caf84e-9a8c-4a43-a3f7-1ba61f252671}</destination>
		</relationship>
		<relationship name="banks">
			<destination>{8c3f9de4-14c8-4279-a712-2040780fff61}</destination>
		</relationship>
	</object>
	<object class="EventMixer" id="{182cf9a7-5e14-4bff-a5c2-3b3b8fa80737}">
		<relationship name="masterBus">
			<destination>{e6100dd3-96fc-430b-b74a-82b2e2bfe259}</destination>
		</relationship>
	</object>
	<object class="MasterTrack" id="{cca02acd-ee8c-41e4-bac3-9d992d291735}">
		<relationship name="mixerGroup">
			<destination>{e6100dd3-96fc-430b-b74a-82b2e2bfe259}</destination>
		</relationship>
	</object>
	<object class="MixerInput" id="{78272a36-395d-4b4e-b747-424cf0084969}">
		<relationship name="effectChain">
			<destination>{23297500-5e7e-4c44-9143-a05e4016e5bb}</destination>
		</relationship>
		<relationship name="panner">
			<destination>{d93a5254-4390-42a1-b914-65c31bcada01}</destination>
		</relationship>
		<relationship name="output">
			<destination>{a74bdffc-cbb2-488b-ae3c-038020e1273d}</destination>
		</relationship>
	</object>
	<object class="EventAutomatableProperties" id="{91c682ba-d82f-469b-a501-e1704587630f}" />
	<object class="MarkerTrack" id="{cd605d2e-5eeb-4f19-8421-7634e2c97593}" />
	<object class="GroupTrack" id="{41a8d5c5-9f31-49e0-998a-b7131f849b95}">
		<relationship name="modules">
			<destination>{077acf4e-ab0c-43f3-9107-e58b0c2b1b62}</destination>
		</relationship>
		<relationship name="mixerGroup">
			<destination>{251fa8ef-9f53-46e0-b3d2-8c426e46b07d}</destination>
		</relationship>
	</object>
	<object class="Timeline" id="{c5caf84e-9a8c-4a43-a3f7-1ba61f252671}">
		<relationship name="modules">
			<destination>{077acf4e-ab0c-43f3-9107-e58b0c2b1b62}</destination>
		</relationship>
	</object>
	<object class="EventMixerMaster" id="{e6100dd3-96fc-430b-b74a-82b2e2bfe259}">
		<relationship name="effectChain">
			<destination>{862b468a-4f94-4ec8-bac8-1d445641e5ab}</destination>
		</relationship>
		<relationship name="panner">
			<destination>{2a039fac-8ff8-453f-abfd-cf1cac106389}</destination>
		</relationship>
		<relationship name="mixer">
			<destination>{182cf9a7-5e14-4bff-a5c2-3b3b8fa80737}</destination>
		</relationship>
	</object>
	<object class="MixerBusEffectChain" id="{23297500-5e7e-4c44-9143-a05e4016e5bb}">
		<relationship name="effects">
			<destination>{b8235aaa-f96d-4903-8f6d-b20d434a654b}</destination>
		</relationship>
	</object>
	<object class="MixerBusPanner" id="{d93a5254-4390-42a1-b914-65c31bcada01}" />
	<object class="MultiSound" id="{077acf4e-ab0c-43f3-9107-e58b0c2b1b62}">
		<property name="length">
			<value>1.9875</value>
		</property>
	</object>
	<object class="EventMixerGroup" id="{251fa8ef-9f53-46e0-b3d2-8c426e46b07d}">
		<property name="name">
			<value>Audio 1</value>
		</property>
		<relationship name="effectChain">
			<destination>{7a86f15e-63a9-4bc1-990d-0b1cc12e9b43}</destination>
		</relationship>
		<relationship name="panner">
			<destination>{e9d9f0f8-4c2f-4d95-86bd-df27d74be356}</destination>
		</relationship>
		<relationship name="output">
			<destination>{e6100dd3-96fc-430b-b74a-82b2e2bfe259}</destination>
		</relationship>
	</object>
	<object class="MixerBusEffectChain" id="{862b468a-4f94-4ec8-bac8-1d445641e5ab}">
		<relationship name="effects">
			<destination>{2a27dfad-652c-4235-ac7e-2968deebe38c}</destination>
		</relationship>
	</object>
	<object class="MixerBusPanner" id="{2a039fac-8ff8-453f-abfd-cf1cac106389}" />
	<object class="MixerBusFader" id="{b8235aaa-f96d-4903-8f6d-b20d434a654b}" />
	<object class="MixerBusEffectChain" id="{7a86f15e-63a9-4bc1-990d-0b1cc12e9b43}">
		<relationship name="effects">
			<destination>{d6f96048-c84c-4cb0-831f-7f1e5611d31d}</destination>
		</relationship>
	</object>
	<object class="MixerBusPanner" id="{e9d9f0f8-4c2f-4d95-86bd-df27d74be356}" />
	<object class="MixerBusFader" id="{2a27dfad-652c-4235-ac7e-2968deebe38c}" />
	<object class="MixerBusFader" id="{d6f96048-c84c-4cb0-831f-7f1e5611d31d}" />
</objects>
