<?xml version="1.0" encoding="UTF-8"?>
<objects serializationModel="Studio.02.01.00">
	<object class="Event" id="{13825f0c-cca0-4b8f-b25c-a6e10ba8196e}">
		<property name="name">
			<value>Success</value>
		</property>
		<property name="outputFormat">
			<value>0</value>
		</property>
		<relationship name="folder">
			<destination>{6fe1c721-9297-4381-82b4-3292c6af5c14}</destination>
		</relationship>
		<relationship name="mixer">
			<destination>{7ee9b643-4822-4eab-a372-b5d86659da08}</destination>
		</relationship>
		<relationship name="masterTrack">
			<destination>{c40fdfeb-67b0-4d1e-9bf0-d8d69823a5d0}</destination>
		</relationship>
		<relationship name="mixerInput">
			<destination>{7589ada2-ed4e-4dde-a666-d8b6b1350fbb}</destination>
		</relationship>
		<relationship name="automatableProperties">
			<destination>{86753152-7c60-45ca-9b93-0212c165c15a}</destination>
		</relationship>
		<relationship name="markerTracks">
			<destination>{d8bdf930-a397-4024-bc6b-971347097895}</destination>
		</relationship>
		<relationship name="groupTracks">
			<destination>{26d96ef8-983b-42e0-945a-c5bb8d13d934}</destination>
		</relationship>
		<relationship name="timeline">
			<destination>{ba996297-c827-4fd9-b5c9-2cea1341d8fa}</destination>
		</relationship>
		<relationship name="banks">
			<destination>{8c3f9de4-14c8-4279-a712-2040780fff61}</destination>
		</relationship>
	</object>
	<object class="EventMixer" id="{7ee9b643-4822-4eab-a372-b5d86659da08}">
		<relationship name="masterBus">
			<destination>{4c544a5e-0c92-4c5b-a256-6d05f4c4015c}</destination>
		</relationship>
	</object>
	<object class="MasterTrack" id="{c40fdfeb-67b0-4d1e-9bf0-d8d69823a5d0}">
		<relationship name="mixerGroup">
			<destination>{4c544a5e-0c92-4c5b-a256-6d05f4c4015c}</destination>
		</relationship>
	</object>
	<object class="MixerInput" id="{7589ada2-ed4e-4dde-a666-d8b6b1350fbb}">
		<relationship name="effectChain">
			<destination>{b42c8b18-f58c-4bcc-b969-90e8ed0c4fbd}</destination>
		</relationship>
		<relationship name="panner">
			<destination>{f7f9d2c2-bdd4-4ba0-8f46-2456bda411cf}</destination>
		</relationship>
		<relationship name="output">
			<destination>{a74bdffc-cbb2-488b-ae3c-038020e1273d}</destination>
		</relationship>
	</object>
	<object class="EventAutomatableProperties" id="{86753152-7c60-45ca-9b93-0212c165c15a}" />
	<object class="MarkerTrack" id="{d8bdf930-a397-4024-bc6b-971347097895}" />
	<object class="GroupTrack" id="{26d96ef8-983b-42e0-945a-c5bb8d13d934}">
		<relationship name="modules">
			<destination>{81331e51-63d9-448e-a160-1b497ff4e069}</destination>
		</relationship>
		<relationship name="mixerGroup">
			<destination>{9e0cf9fa-3cd0-46c3-9938-b833e88283e1}</destination>
		</relationship>
	</object>
	<object class="Timeline" id="{ba996297-c827-4fd9-b5c9-2cea1341d8fa}">
		<relationship name="modules">
			<destination>{81331e51-63d9-448e-a160-1b497ff4e069}</destination>
		</relationship>
	</object>
	<object class="EventMixerMaster" id="{4c544a5e-0c92-4c5b-a256-6d05f4c4015c}">
		<relationship name="effectChain">
			<destination>{dc631e32-e1e7-4a27-8bb3-5cb26de6b906}</destination>
		</relationship>
		<relationship name="panner">
			<destination>{367dd868-83ec-4b3e-a722-3133bf401693}</destination>
		</relationship>
		<relationship name="mixer">
			<destination>{7ee9b643-4822-4eab-a372-b5d86659da08}</destination>
		</relationship>
	</object>
	<object class="MixerBusEffectChain" id="{b42c8b18-f58c-4bcc-b969-90e8ed0c4fbd}">
		<relationship name="effects">
			<destination>{df768fd4-425d-4c62-9721-c617e39924f2}</destination>
		</relationship>
	</object>
	<object class="MixerBusPanner" id="{f7f9d2c2-bdd4-4ba0-8f46-2456bda411cf}" />
	<object class="MultiSound" id="{81331e51-63d9-448e-a160-1b497ff4e069}">
		<property name="start">
			<value>5.5511151231257827e-17</value>
		</property>
		<property name="length">
			<value>2.1419999999999999</value>
		</property>
		<relationship name="sounds">
			<destination>{f4bee96c-52b2-4275-898f-5ebe461e634d}</destination>
			<destination>{e8228f9c-8ae8-437c-a7f6-7469d97099a7}</destination>
		</relationship>
	</object>
	<object class="EventMixerGroup" id="{9e0cf9fa-3cd0-46c3-9938-b833e88283e1}">
		<property name="name">
			<value>Audio 1</value>
		</property>
		<relationship name="effectChain">
			<destination>{3b0a05d9-ea90-4253-aae9-b4c04c2bde42}</destination>
		</relationship>
		<relationship name="panner">
			<destination>{8277e549-bc33-435b-8b01-9e36a32d6715}</destination>
		</relationship>
		<relationship name="output">
			<destination>{4c544a5e-0c92-4c5b-a256-6d05f4c4015c}</destination>
		</relationship>
	</object>
	<object class="MixerBusEffectChain" id="{dc631e32-e1e7-4a27-8bb3-5cb26de6b906}">
		<relationship name="effects">
			<destination>{79814c08-2422-482a-9b24-5883d7f98182}</destination>
		</relationship>
	</object>
	<object class="MixerBusPanner" id="{367dd868-83ec-4b3e-a722-3133bf401693}" />
	<object class="MixerBusFader" id="{df768fd4-425d-4c62-9721-c617e39924f2}" />
	<object class="SingleSound" id="{f4bee96c-52b2-4275-898f-5ebe461e634d}">
		<relationship name="audioFile">
			<destination>{82837b84-19f5-4a99-b30f-c27946bf0c17}</destination>
		</relationship>
	</object>
	<object class="SingleSound" id="{e8228f9c-8ae8-437c-a7f6-7469d97099a7}">
		<relationship name="audioFile">
			<destination>{69a9fba4-8b5c-473a-a426-4d7e7cf0b1a7}</destination>
		</relationship>
	</object>
	<object class="MixerBusEffectChain" id="{3b0a05d9-ea90-4253-aae9-b4c04c2bde42}">
		<relationship name="effects">
			<destination>{6d5f77bd-ab10-4deb-ac98-904db26d9bab}</destination>
		</relationship>
	</object>
	<object class="MixerBusPanner" id="{8277e549-bc33-435b-8b01-9e36a32d6715}" />
	<object class="MixerBusFader" id="{79814c08-2422-482a-9b24-5883d7f98182}" />
	<object class="MixerBusFader" id="{6d5f77bd-ab10-4deb-ac98-904db26d9bab}" />
</objects>
