<?xml version="1.0" encoding="UTF-8"?>
<objects serializationModel="Studio.02.01.00">
	<object class="Event" id="{13acf1c3-e5e5-4a9a-abbc-ecf7b221349d}">
		<property name="name">
			<value>Success</value>
		</property>
		<property name="outputFormat">
			<value>0</value>
		</property>
		<relationship name="folder">
			<destination>{925083e8-e000-4319-98eb-546a81e9a5be}</destination>
		</relationship>
		<relationship name="mixer">
			<destination>{39cc98f3-d6ca-4017-aa38-996b8a89aa45}</destination>
		</relationship>
		<relationship name="masterTrack">
			<destination>{5b932527-6b43-4a56-b1e9-66bbe4c5e9e0}</destination>
		</relationship>
		<relationship name="mixerInput">
			<destination>{cb8b0c8a-d543-49ea-b8b2-1ffba7d7e175}</destination>
		</relationship>
		<relationship name="automatableProperties">
			<destination>{5a9ebf93-69e1-49cb-a494-93873382877e}</destination>
		</relationship>
		<relationship name="markerTracks">
			<destination>{19279543-50af-4a55-b568-e2cd9a02aa25}</destination>
		</relationship>
		<relationship name="groupTracks">
			<destination>{7b36f19e-11ce-4f71-990c-7696527c1689}</destination>
		</relationship>
		<relationship name="timeline">
			<destination>{541455dc-6ee5-448d-b7a1-1afb2a671156}</destination>
		</relationship>
		<relationship name="banks">
			<destination>{8c3f9de4-14c8-4279-a712-2040780fff61}</destination>
		</relationship>
	</object>
	<object class="EventMixer" id="{39cc98f3-d6ca-4017-aa38-996b8a89aa45}">
		<relationship name="masterBus">
			<destination>{f9070802-53a8-41d6-ad94-9b52e27c0a47}</destination>
		</relationship>
	</object>
	<object class="MasterTrack" id="{5b932527-6b43-4a56-b1e9-66bbe4c5e9e0}">
		<relationship name="mixerGroup">
			<destination>{f9070802-53a8-41d6-ad94-9b52e27c0a47}</destination>
		</relationship>
	</object>
	<object class="MixerInput" id="{cb8b0c8a-d543-49ea-b8b2-1ffba7d7e175}">
		<relationship name="effectChain">
			<destination>{4db127ce-4c33-465d-9f5c-16f3b83cc52b}</destination>
		</relationship>
		<relationship name="panner">
			<destination>{9b26d00b-914e-4e3c-9a00-daf18d2cb3bc}</destination>
		</relationship>
		<relationship name="output">
			<destination>{a74bdffc-cbb2-488b-ae3c-038020e1273d}</destination>
		</relationship>
	</object>
	<object class="EventAutomatableProperties" id="{5a9ebf93-69e1-49cb-a494-93873382877e}" />
	<object class="MarkerTrack" id="{19279543-50af-4a55-b568-e2cd9a02aa25}" />
	<object class="GroupTrack" id="{7b36f19e-11ce-4f71-990c-7696527c1689}">
		<relationship name="modules">
			<destination>{b19bcdb7-4e8b-4b68-9523-2a4e3d61161b}</destination>
		</relationship>
		<relationship name="mixerGroup">
			<destination>{82d71af8-d462-44d6-84ca-399e787c8043}</destination>
		</relationship>
	</object>
	<object class="Timeline" id="{541455dc-6ee5-448d-b7a1-1afb2a671156}">
		<relationship name="modules">
			<destination>{b19bcdb7-4e8b-4b68-9523-2a4e3d61161b}</destination>
		</relationship>
	</object>
	<object class="EventMixerMaster" id="{f9070802-53a8-41d6-ad94-9b52e27c0a47}">
		<relationship name="effectChain">
			<destination>{d28baa53-9f60-4a56-abae-eb669672d2e9}</destination>
		</relationship>
		<relationship name="panner">
			<destination>{2cc51699-2b3c-4651-af03-3c85e1560eab}</destination>
		</relationship>
		<relationship name="mixer">
			<destination>{39cc98f3-d6ca-4017-aa38-996b8a89aa45}</destination>
		</relationship>
	</object>
	<object class="MixerBusEffectChain" id="{4db127ce-4c33-465d-9f5c-16f3b83cc52b}">
		<relationship name="effects">
			<destination>{3814cd06-1204-47fd-a20d-3228bfeab564}</destination>
		</relationship>
	</object>
	<object class="MixerBusPanner" id="{9b26d00b-914e-4e3c-9a00-daf18d2cb3bc}" />
	<object class="MultiSound" id="{b19bcdb7-4e8b-4b68-9523-2a4e3d61161b}">
		<property name="length">
			<value>1.8164374999999999</value>
		</property>
		<relationship name="sounds">
			<destination>{3b3e5c56-abb8-40ea-ad12-31af0c38874c}</destination>
			<destination>{d4c45a8d-7590-4404-be53-e2f9d4c10417}</destination>
			<destination>{da7a02df-cce2-4dcd-8d57-635bf80b3ab6}</destination>
		</relationship>
	</object>
	<object class="EventMixerGroup" id="{82d71af8-d462-44d6-84ca-399e787c8043}">
		<property name="name">
			<value>Audio 1</value>
		</property>
		<relationship name="effectChain">
			<destination>{35e39c64-103b-48b8-9594-34f1a2c70f10}</destination>
		</relationship>
		<relationship name="panner">
			<destination>{7300ecfc-92b0-4e5d-b2b9-c02ac9831891}</destination>
		</relationship>
		<relationship name="output">
			<destination>{f9070802-53a8-41d6-ad94-9b52e27c0a47}</destination>
		</relationship>
	</object>
	<object class="MixerBusEffectChain" id="{d28baa53-9f60-4a56-abae-eb669672d2e9}">
		<relationship name="effects">
			<destination>{2008c4fb-de72-4e92-b6f7-a19968f18ca6}</destination>
		</relationship>
	</object>
	<object class="MixerBusPanner" id="{2cc51699-2b3c-4651-af03-3c85e1560eab}" />
	<object class="MixerBusFader" id="{3814cd06-1204-47fd-a20d-3228bfeab564}" />
	<object class="SingleSound" id="{3b3e5c56-abb8-40ea-ad12-31af0c38874c}">
		<relationship name="audioFile">
			<destination>{de855da5-1464-4f71-853e-97a9fcd8458b}</destination>
		</relationship>
	</object>
	<object class="SingleSound" id="{d4c45a8d-7590-4404-be53-e2f9d4c10417}">
		<relationship name="audioFile">
			<destination>{ca81c00d-d4e5-42a0-9e4b-b0262565ee5c}</destination>
		</relationship>
	</object>
	<object class="SingleSound" id="{da7a02df-cce2-4dcd-8d57-635bf80b3ab6}">
		<relationship name="audioFile">
			<destination>{707f3331-8364-453e-87fe-6f8e9b74e40f}</destination>
		</relationship>
	</object>
	<object class="MixerBusEffectChain" id="{35e39c64-103b-48b8-9594-34f1a2c70f10}">
		<relationship name="effects">
			<destination>{10ef9471-807b-4d5c-8821-72f2ae975dba}</destination>
		</relationship>
	</object>
	<object class="MixerBusPanner" id="{7300ecfc-92b0-4e5d-b2b9-c02ac9831891}" />
	<object class="MixerBusFader" id="{2008c4fb-de72-4e92-b6f7-a19968f18ca6}" />
	<object class="MixerBusFader" id="{10ef9471-807b-4d5c-8821-72f2ae975dba}" />
</objects>
