<?xml version="1.0" encoding="UTF-8"?>
<objects serializationModel="Studio.02.01.00">
	<object class="Event" id="{13da490e-251f-4495-b978-ee02603e6cf7}">
		<property name="name">
			<value>Success</value>
		</property>
		<property name="outputFormat">
			<value>0</value>
		</property>
		<relationship name="folder">
			<destination>{7f614d89-1ab1-4cfd-9b81-6dd571a02107}</destination>
		</relationship>
		<relationship name="mixer">
			<destination>{c956e5a5-025a-48e8-856b-5b55faf613ff}</destination>
		</relationship>
		<relationship name="masterTrack">
			<destination>{e42618bd-1c50-4407-b94a-38caddd3470b}</destination>
		</relationship>
		<relationship name="mixerInput">
			<destination>{4349d9df-d1e8-4d2b-8524-3ffc28f071c3}</destination>
		</relationship>
		<relationship name="automatableProperties">
			<destination>{369b02c7-0668-4ec1-bed4-5b8835b8cbbe}</destination>
		</relationship>
		<relationship name="markerTracks">
			<destination>{cab4ac31-107d-408a-a658-b9081bba3a2c}</destination>
		</relationship>
		<relationship name="groupTracks">
			<destination>{0ba59ab2-b553-477c-acb7-f07b7a43e66e}</destination>
		</relationship>
		<relationship name="timeline">
			<destination>{ad14bdff-6416-4462-9dfa-f580fa1a10fd}</destination>
		</relationship>
		<relationship name="banks">
			<destination>{8c3f9de4-14c8-4279-a712-2040780fff61}</destination>
		</relationship>
	</object>
	<object class="EventMixer" id="{c956e5a5-025a-48e8-856b-5b55faf613ff}">
		<relationship name="masterBus">
			<destination>{179fe3a2-b5fd-4cd3-a5b8-4a5492b18c5a}</destination>
		</relationship>
	</object>
	<object class="MasterTrack" id="{e42618bd-1c50-4407-b94a-38caddd3470b}">
		<relationship name="mixerGroup">
			<destination>{179fe3a2-b5fd-4cd3-a5b8-4a5492b18c5a}</destination>
		</relationship>
	</object>
	<object class="MixerInput" id="{4349d9df-d1e8-4d2b-8524-3ffc28f071c3}">
		<relationship name="effectChain">
			<destination>{0c6258a2-f6f8-41e3-ae1b-d882dc681728}</destination>
		</relationship>
		<relationship name="panner">
			<destination>{b02ef4b7-cd30-4f21-9907-f5b2ca86bbee}</destination>
		</relationship>
		<relationship name="output">
			<destination>{a74bdffc-cbb2-488b-ae3c-038020e1273d}</destination>
		</relationship>
	</object>
	<object class="EventAutomatableProperties" id="{369b02c7-0668-4ec1-bed4-5b8835b8cbbe}" />
	<object class="MarkerTrack" id="{cab4ac31-107d-408a-a658-b9081bba3a2c}" />
	<object class="GroupTrack" id="{0ba59ab2-b553-477c-acb7-f07b7a43e66e}">
		<relationship name="modules">
			<destination>{054ee9d9-424e-491e-a360-f0b56ffd78cb}</destination>
		</relationship>
		<relationship name="mixerGroup">
			<destination>{b8959a82-9bdd-4eca-aabb-20754a95d73e}</destination>
		</relationship>
	</object>
	<object class="Timeline" id="{ad14bdff-6416-4462-9dfa-f580fa1a10fd}">
		<relationship name="modules">
			<destination>{054ee9d9-424e-491e-a360-f0b56ffd78cb}</destination>
		</relationship>
	</object>
	<object class="EventMixerMaster" id="{179fe3a2-b5fd-4cd3-a5b8-4a5492b18c5a}">
		<relationship name="effectChain">
			<destination>{df6c52c2-c152-4b49-b609-f928445e5cee}</destination>
		</relationship>
		<relationship name="panner">
			<destination>{d8a197e7-0677-47ea-b6d1-11164ef3aabf}</destination>
		</relationship>
		<relationship name="mixer">
			<destination>{c956e5a5-025a-48e8-856b-5b55faf613ff}</destination>
		</relationship>
	</object>
	<object class="MixerBusEffectChain" id="{0c6258a2-f6f8-41e3-ae1b-d882dc681728}">
		<relationship name="effects">
			<destination>{0dad5b1f-65f9-4999-bba4-57ea82c697ef}</destination>
		</relationship>
	</object>
	<object class="MixerBusPanner" id="{b02ef4b7-cd30-4f21-9907-f5b2ca86bbee}" />
	<object class="MultiSound" id="{054ee9d9-424e-491e-a360-f0b56ffd78cb}">
		<property name="length">
			<value>2.0979999999999999</value>
		</property>
		<relationship name="sounds">
			<destination>{0e09aa4d-2b9a-4732-ac57-6a1d77f4d1a0}</destination>
			<destination>{d67c344b-2ea1-4eff-9ed5-d736c237df76}</destination>
			<destination>{0bb40e1f-8326-4c2e-8dbd-ff11c37cec12}</destination>
		</relationship>
	</object>
	<object class="EventMixerGroup" id="{b8959a82-9bdd-4eca-aabb-20754a95d73e}">
		<property name="name">
			<value>Audio 1</value>
		</property>
		<relationship name="effectChain">
			<destination>{b032cf98-f6bf-4bd0-a033-bad03f925952}</destination>
		</relationship>
		<relationship name="panner">
			<destination>{9a3450fa-9152-4ef3-974f-69877a51c06a}</destination>
		</relationship>
		<relationship name="output">
			<destination>{179fe3a2-b5fd-4cd3-a5b8-4a5492b18c5a}</destination>
		</relationship>
	</object>
	<object class="MixerBusEffectChain" id="{df6c52c2-c152-4b49-b609-f928445e5cee}">
		<relationship name="effects">
			<destination>{a3755b85-c3da-4a12-b3d8-f78d4f19bc56}</destination>
		</relationship>
	</object>
	<object class="MixerBusPanner" id="{d8a197e7-0677-47ea-b6d1-11164ef3aabf}" />
	<object class="MixerBusFader" id="{0dad5b1f-65f9-4999-bba4-57ea82c697ef}" />
	<object class="SingleSound" id="{0e09aa4d-2b9a-4732-ac57-6a1d77f4d1a0}">
		<relationship name="audioFile">
			<destination>{4644cb76-9cf8-47d6-b634-f30605ed865f}</destination>
		</relationship>
	</object>
	<object class="SingleSound" id="{d67c344b-2ea1-4eff-9ed5-d736c237df76}">
		<relationship name="audioFile">
			<destination>{241bec57-5e54-4cd9-9361-0ed664e2dd51}</destination>
		</relationship>
	</object>
	<object class="SingleSound" id="{0bb40e1f-8326-4c2e-8dbd-ff11c37cec12}">
		<relationship name="audioFile">
			<destination>{cb4626b6-18ab-4829-a6cf-5f6a0b328467}</destination>
		</relationship>
	</object>
	<object class="MixerBusEffectChain" id="{b032cf98-f6bf-4bd0-a033-bad03f925952}">
		<relationship name="effects">
			<destination>{0721d0ba-e3e8-43f9-939d-cfeded9c0540}</destination>
		</relationship>
	</object>
	<object class="MixerBusPanner" id="{9a3450fa-9152-4ef3-974f-69877a51c06a}" />
	<object class="MixerBusFader" id="{a3755b85-c3da-4a12-b3d8-f78d4f19bc56}" />
	<object class="MixerBusFader" id="{0721d0ba-e3e8-43f9-939d-cfeded9c0540}" />
</objects>
