<?xml version="1.0" encoding="UTF-8"?>
<objects serializationModel="Studio.02.01.00">
	<object class="Event" id="{13d02c82-432d-4fa8-bd2b-de7b2d379863}">
		<property name="name">
			<value>Assigned</value>
		</property>
		<property name="outputFormat">
			<value>0</value>
		</property>
		<relationship name="folder">
			<destination>{2219dcc1-664e-4c88-82fe-506cc317686e}</destination>
		</relationship>
		<relationship name="mixer">
			<destination>{f6356b7a-8de4-4b9a-b3a9-4bc33c1b1c7a}</destination>
		</relationship>
		<relationship name="masterTrack">
			<destination>{c7d93edc-deaf-4f68-9518-79528c1f7259}</destination>
		</relationship>
		<relationship name="mixerInput">
			<destination>{c47629c3-7c40-45a3-8279-9c50fe8d4bcb}</destination>
		</relationship>
		<relationship name="automatableProperties">
			<destination>{eb3f1862-e871-415b-8a73-c7e66c65227f}</destination>
		</relationship>
		<relationship name="markerTracks">
			<destination>{3d9f4273-d41c-460a-abb8-8b954911843d}</destination>
		</relationship>
		<relationship name="groupTracks">
			<destination>{125752ba-eb86-47b6-a396-20bea0e1ec42}</destination>
		</relationship>
		<relationship name="timeline">
			<destination>{f5dd46b5-6dab-4d70-80e4-d4d398575583}</destination>
		</relationship>
		<relationship name="banks">
			<destination>{8c3f9de4-14c8-4279-a712-2040780fff61}</destination>
		</relationship>
	</object>
	<object class="EventMixer" id="{f6356b7a-8de4-4b9a-b3a9-4bc33c1b1c7a}">
		<relationship name="masterBus">
			<destination>{fd8300f7-7c2d-4a0e-9837-3ef41647166a}</destination>
		</relationship>
	</object>
	<object class="MasterTrack" id="{c7d93edc-deaf-4f68-9518-79528c1f7259}">
		<relationship name="mixerGroup">
			<destination>{fd8300f7-7c2d-4a0e-9837-3ef41647166a}</destination>
		</relationship>
	</object>
	<object class="MixerInput" id="{c47629c3-7c40-45a3-8279-9c50fe8d4bcb}">
		<relationship name="effectChain">
			<destination>{174315d3-f4de-4480-b54e-050a87437f9d}</destination>
		</relationship>
		<relationship name="panner">
			<destination>{997abe8c-ea56-4c65-af3d-2c0474b2e861}</destination>
		</relationship>
		<relationship name="output">
			<destination>{a74bdffc-cbb2-488b-ae3c-038020e1273d}</destination>
		</relationship>
	</object>
	<object class="EventAutomatableProperties" id="{eb3f1862-e871-415b-8a73-c7e66c65227f}" />
	<object class="MarkerTrack" id="{3d9f4273-d41c-460a-abb8-8b954911843d}" />
	<object class="GroupTrack" id="{125752ba-eb86-47b6-a396-20bea0e1ec42}">
		<relationship name="modules">
			<destination>{2346a9a5-19ba-4879-9b05-90a95a104c62}</destination>
		</relationship>
		<relationship name="mixerGroup">
			<destination>{05d85c85-4187-46c4-bca7-7a632290054a}</destination>
		</relationship>
	</object>
	<object class="Timeline" id="{f5dd46b5-6dab-4d70-80e4-d4d398575583}">
		<relationship name="modules">
			<destination>{2346a9a5-19ba-4879-9b05-90a95a104c62}</destination>
		</relationship>
	</object>
	<object class="EventMixerMaster" id="{fd8300f7-7c2d-4a0e-9837-3ef41647166a}">
		<relationship name="effectChain">
			<destination>{14853021-bd9a-4c8c-9af7-222448f3d1b7}</destination>
		</relationship>
		<relationship name="panner">
			<destination>{45df9461-d587-480c-9a43-89660ba7e3b6}</destination>
		</relationship>
		<relationship name="mixer">
			<destination>{f6356b7a-8de4-4b9a-b3a9-4bc33c1b1c7a}</destination>
		</relationship>
	</object>
	<object class="MixerBusEffectChain" id="{174315d3-f4de-4480-b54e-050a87437f9d}">
		<relationship name="effects">
			<destination>{583d698f-abb3-4cfd-b580-883404190794}</destination>
		</relationship>
	</object>
	<object class="MixerBusPanner" id="{997abe8c-ea56-4c65-af3d-2c0474b2e861}" />
	<object class="MultiSound" id="{2346a9a5-19ba-4879-9b05-90a95a104c62}">
		<property name="length">
			<value>2.5475625000000002</value>
		</property>
		<relationship name="sounds">
			<destination>{e50ea469-6809-4258-bec4-7385ca33742b}</destination>
			<destination>{3dcca7a1-7c7b-4262-a0f5-85640f73c7e1}</destination>
			<destination>{1d0e2dc3-4abd-4d26-a290-2017f32a4397}</destination>
			<destination>{29a5cce7-0aff-4d43-aad8-fb7c53245d0d}</destination>
		</relationship>
	</object>
	<object class="EventMixerGroup" id="{05d85c85-4187-46c4-bca7-7a632290054a}">
		<property name="name">
			<value>Audio 1</value>
		</property>
		<relationship name="effectChain">
			<destination>{41ef55e6-25b5-4070-aa35-8ffe1084b724}</destination>
		</relationship>
		<relationship name="panner">
			<destination>{81f8c434-af92-4b33-aad4-39d98431c127}</destination>
		</relationship>
		<relationship name="output">
			<destination>{fd8300f7-7c2d-4a0e-9837-3ef41647166a}</destination>
		</relationship>
	</object>
	<object class="MixerBusEffectChain" id="{14853021-bd9a-4c8c-9af7-222448f3d1b7}">
		<relationship name="effects">
			<destination>{0674233c-244a-4bfa-8b94-ea24f059bac1}</destination>
		</relationship>
	</object>
	<object class="MixerBusPanner" id="{45df9461-d587-480c-9a43-89660ba7e3b6}" />
	<object class="MixerBusFader" id="{583d698f-abb3-4cfd-b580-883404190794}" />
	<object class="SingleSound" id="{e50ea469-6809-4258-bec4-7385ca33742b}">
		<relationship name="audioFile">
			<destination>{aab6e3e2-a26f-49df-ad67-56ca5dfae55a}</destination>
		</relationship>
	</object>
	<object class="SingleSound" id="{3dcca7a1-7c7b-4262-a0f5-85640f73c7e1}">
		<relationship name="audioFile">
			<destination>{ee27f844-917c-491c-8f53-0c050fc18b49}</destination>
		</relationship>
	</object>
	<object class="SingleSound" id="{1d0e2dc3-4abd-4d26-a290-2017f32a4397}">
		<relationship name="audioFile">
			<destination>{a6164d2b-2470-4903-b395-132eb46543de}</destination>
		</relationship>
	</object>
	<object class="SingleSound" id="{29a5cce7-0aff-4d43-aad8-fb7c53245d0d}">
		<relationship name="audioFile">
			<destination>{956f02dd-562f-480c-b020-dc68ef3845f7}</destination>
		</relationship>
	</object>
	<object class="MixerBusEffectChain" id="{41ef55e6-25b5-4070-aa35-8ffe1084b724}">
		<relationship name="effects">
			<destination>{2099ca50-4b6f-4a16-b1a1-91259d9d044a}</destination>
		</relationship>
	</object>
	<object class="MixerBusPanner" id="{81f8c434-af92-4b33-aad4-39d98431c127}" />
	<object class="MixerBusFader" id="{0674233c-244a-4bfa-8b94-ea24f059bac1}" />
	<object class="MixerBusFader" id="{2099ca50-4b6f-4a16-b1a1-91259d9d044a}" />
</objects>
