<?xml version="1.0" encoding="UTF-8"?>
<objects serializationModel="Studio.02.01.00">
	<object class="Event" id="{13e0762e-acda-4e0e-8133-50ae54817ce5}">
		<property name="name">
			<value>Faction_ObjectiveQuote_Appease_3</value>
		</property>
		<property name="outputFormat">
			<value>0</value>
		</property>
		<relationship name="folder">
			<destination>{158ad337-8269-4a32-865c-d3c458683eff}</destination>
		</relationship>
		<relationship name="mixer">
			<destination>{4c3b7a86-b195-4caa-ac36-d80f473e47dd}</destination>
		</relationship>
		<relationship name="masterTrack">
			<destination>{2b27fd43-f985-46f1-bae9-6aaedab6dddb}</destination>
		</relationship>
		<relationship name="mixerInput">
			<destination>{c2ef0213-a2d4-4c71-aedd-bc115eae4744}</destination>
		</relationship>
		<relationship name="automatableProperties">
			<destination>{5141b44b-797f-4dfc-bded-83192a310021}</destination>
		</relationship>
		<relationship name="markerTracks">
			<destination>{fb3ffeee-c702-4f3e-9554-783835701749}</destination>
		</relationship>
		<relationship name="groupTracks">
			<destination>{9677c193-c7f5-40c5-8b22-298a3fe1c132}</destination>
		</relationship>
		<relationship name="timeline">
			<destination>{a89f7f43-3602-42b1-b900-8bbc6241f30c}</destination>
		</relationship>
		<relationship name="banks">
			<destination>{8c3f9de4-14c8-4279-a712-2040780fff61}</destination>
		</relationship>
	</object>
	<object class="EventMixer" id="{4c3b7a86-b195-4caa-ac36-d80f473e47dd}">
		<relationship name="masterBus">
			<destination>{8e36586f-5d68-47f5-bef2-15a720732b16}</destination>
		</relationship>
	</object>
	<object class="MasterTrack" id="{2b27fd43-f985-46f1-bae9-6aaedab6dddb}">
		<relationship name="mixerGroup">
			<destination>{8e36586f-5d68-47f5-bef2-15a720732b16}</destination>
		</relationship>
	</object>
	<object class="MixerInput" id="{c2ef0213-a2d4-4c71-aedd-bc115eae4744}">
		<relationship name="effectChain">
			<destination>{f3699517-5c67-41ed-bd36-ee7ce2e405bf}</destination>
		</relationship>
		<relationship name="panner">
			<destination>{31f48a65-c7ae-45d3-a125-a33c41d77abe}</destination>
		</relationship>
		<relationship name="output">
			<destination>{a74bdffc-cbb2-488b-ae3c-038020e1273d}</destination>
		</relationship>
	</object>
	<object class="EventAutomatableProperties" id="{5141b44b-797f-4dfc-bded-83192a310021}" />
	<object class="MarkerTrack" id="{fb3ffeee-c702-4f3e-9554-783835701749}" />
	<object class="GroupTrack" id="{9677c193-c7f5-40c5-8b22-298a3fe1c132}">
		<relationship name="modules">
			<destination>{332b6cd0-8731-4490-bc8c-e10b24beb48e}</destination>
		</relationship>
		<relationship name="mixerGroup">
			<destination>{b25e5788-76d4-432e-924b-6e6613a18257}</destination>
		</relationship>
	</object>
	<object class="Timeline" id="{a89f7f43-3602-42b1-b900-8bbc6241f30c}">
		<relationship name="modules">
			<destination>{332b6cd0-8731-4490-bc8c-e10b24beb48e}</destination>
		</relationship>
	</object>
	<object class="EventMixerMaster" id="{8e36586f-5d68-47f5-bef2-15a720732b16}">
		<relationship name="effectChain">
			<destination>{c2a144e4-9673-4e5e-9717-16c8fb631f3e}</destination>
		</relationship>
		<relationship name="panner">
			<destination>{ac47a7a2-8cd2-475d-8b86-07af71d961a1}</destination>
		</relationship>
		<relationship name="mixer">
			<destination>{4c3b7a86-b195-4caa-ac36-d80f473e47dd}</destination>
		</relationship>
	</object>
	<object class="MixerBusEffectChain" id="{f3699517-5c67-41ed-bd36-ee7ce2e405bf}">
		<relationship name="effects">
			<destination>{dae2e838-1b35-44f0-bd63-a2a606893ea5}</destination>
		</relationship>
	</object>
	<object class="MixerBusPanner" id="{31f48a65-c7ae-45d3-a125-a33c41d77abe}" />
	<object class="SingleSound" id="{332b6cd0-8731-4490-bc8c-e10b24beb48e}">
		<property name="length">
			<value>2.5799583333333334</value>
		</property>
		<relationship name="audioFile">
			<destination>{e960d299-c75a-495b-8ebf-1c89889f5351}</destination>
		</relationship>
	</object>
	<object class="EventMixerGroup" id="{b25e5788-76d4-432e-924b-6e6613a18257}">
		<property name="name">
			<value>Audio 1</value>
		</property>
		<relationship name="effectChain">
			<destination>{6277854f-0d0c-473d-b417-8c362a78451c}</destination>
		</relationship>
		<relationship name="panner">
			<destination>{7125bf60-d24b-4a9d-8195-b0b2670289d1}</destination>
		</relationship>
		<relationship name="output">
			<destination>{8e36586f-5d68-47f5-bef2-15a720732b16}</destination>
		</relationship>
	</object>
	<object class="MixerBusEffectChain" id="{c2a144e4-9673-4e5e-9717-16c8fb631f3e}">
		<relationship name="effects">
			<destination>{f08878b7-4ea5-4049-ad25-52c7a1875da7}</destination>
		</relationship>
	</object>
	<object class="MixerBusPanner" id="{ac47a7a2-8cd2-475d-8b86-07af71d961a1}" />
	<object class="MixerBusFader" id="{dae2e838-1b35-44f0-bd63-a2a606893ea5}" />
	<object class="MixerBusEffectChain" id="{6277854f-0d0c-473d-b417-8c362a78451c}">
		<relationship name="effects">
			<destination>{94238cbe-a077-4b9b-8866-b3960b3708a7}</destination>
		</relationship>
	</object>
	<object class="MixerBusPanner" id="{7125bf60-d24b-4a9d-8195-b0b2670289d1}" />
	<object class="MixerBusFader" id="{f08878b7-4ea5-4049-ad25-52c7a1875da7}" />
	<object class="MixerBusFader" id="{94238cbe-a077-4b9b-8866-b3960b3708a7}" />
</objects>
