<?xml version="1.0" encoding="UTF-8"?>
<objects serializationModel="Studio.02.01.00">
	<object class="Event" id="{140df5b3-9fd2-4a97-be4a-a19551dc5273}">
		<property name="name">
			<value>Success</value>
		</property>
		<property name="outputFormat">
			<value>0</value>
		</property>
		<relationship name="folder">
			<destination>{d3de61c5-719b-4530-ab4c-e5fd3633cba1}</destination>
		</relationship>
		<relationship name="mixer">
			<destination>{ffce19e8-0d61-4b90-9727-25ce48747f90}</destination>
		</relationship>
		<relationship name="masterTrack">
			<destination>{b8560ca1-7fbb-4845-9934-865263689acd}</destination>
		</relationship>
		<relationship name="mixerInput">
			<destination>{8d7480e5-4d25-4297-9e2e-dd17d0755862}</destination>
		</relationship>
		<relationship name="automatableProperties">
			<destination>{bb3234d4-f3aa-47f3-83a0-26190c792916}</destination>
		</relationship>
		<relationship name="markerTracks">
			<destination>{d2bfb2f9-b4d1-4be3-a9e3-8e2655da4464}</destination>
		</relationship>
		<relationship name="groupTracks">
			<destination>{584ac5be-0ffb-45d4-a8f8-2ef3dffdad3d}</destination>
		</relationship>
		<relationship name="timeline">
			<destination>{c1bc653c-8417-463e-8cd2-6c006e3ac013}</destination>
		</relationship>
		<relationship name="banks">
			<destination>{8c3f9de4-14c8-4279-a712-2040780fff61}</destination>
		</relationship>
	</object>
	<object class="EventMixer" id="{ffce19e8-0d61-4b90-9727-25ce48747f90}">
		<relationship name="masterBus">
			<destination>{6892e073-fa72-409a-9038-a4b04456280e}</destination>
		</relationship>
	</object>
	<object class="MasterTrack" id="{b8560ca1-7fbb-4845-9934-865263689acd}">
		<relationship name="mixerGroup">
			<destination>{6892e073-fa72-409a-9038-a4b04456280e}</destination>
		</relationship>
	</object>
	<object class="MixerInput" id="{8d7480e5-4d25-4297-9e2e-dd17d0755862}">
		<relationship name="effectChain">
			<destination>{f8bb88f9-1552-4b64-a73e-1818d2dd5e24}</destination>
		</relationship>
		<relationship name="panner">
			<destination>{18ba7db7-d806-47ff-b028-ecabd28b69a2}</destination>
		</relationship>
		<relationship name="output">
			<destination>{a74bdffc-cbb2-488b-ae3c-038020e1273d}</destination>
		</relationship>
	</object>
	<object class="EventAutomatableProperties" id="{bb3234d4-f3aa-47f3-83a0-26190c792916}" />
	<object class="MarkerTrack" id="{d2bfb2f9-b4d1-4be3-a9e3-8e2655da4464}" />
	<object class="GroupTrack" id="{584ac5be-0ffb-45d4-a8f8-2ef3dffdad3d}">
		<relationship name="modules">
			<destination>{674e44a5-6f76-49f4-890e-37235af52a74}</destination>
		</relationship>
		<relationship name="mixerGroup">
			<destination>{467ecfcf-1899-4b7e-a269-bed08a1aaf68}</destination>
		</relationship>
	</object>
	<object class="Timeline" id="{c1bc653c-8417-463e-8cd2-6c006e3ac013}">
		<relationship name="modules">
			<destination>{674e44a5-6f76-49f4-890e-37235af52a74}</destination>
		</relationship>
	</object>
	<object class="EventMixerMaster" id="{6892e073-fa72-409a-9038-a4b04456280e}">
		<relationship name="effectChain">
			<destination>{051e1211-9ca7-4079-a118-641650c1690d}</destination>
		</relationship>
		<relationship name="panner">
			<destination>{b151a415-43ab-475d-982a-09118b0a73bf}</destination>
		</relationship>
		<relationship name="mixer">
			<destination>{ffce19e8-0d61-4b90-9727-25ce48747f90}</destination>
		</relationship>
	</object>
	<object class="MixerBusEffectChain" id="{f8bb88f9-1552-4b64-a73e-1818d2dd5e24}">
		<relationship name="effects">
			<destination>{287e1328-c900-4ee0-9ffa-beb642453571}</destination>
		</relationship>
	</object>
	<object class="MixerBusPanner" id="{18ba7db7-d806-47ff-b028-ecabd28b69a2}" />
	<object class="MultiSound" id="{674e44a5-6f76-49f4-890e-37235af52a74}">
		<property name="length">
			<value>1.8353958333333333</value>
		</property>
		<relationship name="sounds">
			<destination>{fba941e9-d185-41c7-8b54-58daa709588e}</destination>
			<destination>{9e9385bd-4245-4234-8298-bcf9e4524667}</destination>
			<destination>{b9cddf85-b0e8-4e44-a184-bc9b1f35bc26}</destination>
			<destination>{5b249a22-41b6-44ba-ade7-e77a330ab119}</destination>
		</relationship>
	</object>
	<object class="EventMixerGroup" id="{467ecfcf-1899-4b7e-a269-bed08a1aaf68}">
		<property name="name">
			<value>Audio 1</value>
		</property>
		<relationship name="effectChain">
			<destination>{61f221b1-7325-458a-96e6-4ad695edad10}</destination>
		</relationship>
		<relationship name="panner">
			<destination>{742799ed-36a5-433e-a548-b3790f4b3d73}</destination>
		</relationship>
		<relationship name="output">
			<destination>{6892e073-fa72-409a-9038-a4b04456280e}</destination>
		</relationship>
	</object>
	<object class="MixerBusEffectChain" id="{051e1211-9ca7-4079-a118-641650c1690d}">
		<relationship name="effects">
			<destination>{b73693bd-958d-46c8-8f78-af4e7bf34d35}</destination>
		</relationship>
	</object>
	<object class="MixerBusPanner" id="{b151a415-43ab-475d-982a-09118b0a73bf}" />
	<object class="MixerBusFader" id="{287e1328-c900-4ee0-9ffa-beb642453571}" />
	<object class="SingleSound" id="{fba941e9-d185-41c7-8b54-58daa709588e}">
		<relationship name="audioFile">
			<destination>{c9c8ac06-fa82-4193-bb8c-58f5f2262639}</destination>
		</relationship>
	</object>
	<object class="SingleSound" id="{9e9385bd-4245-4234-8298-bcf9e4524667}">
		<relationship name="audioFile">
			<destination>{3eaa1dc0-ebbd-47b3-b002-ac599aefb920}</destination>
		</relationship>
	</object>
	<object class="SingleSound" id="{b9cddf85-b0e8-4e44-a184-bc9b1f35bc26}">
		<relationship name="audioFile">
			<destination>{d0880903-c0f3-4629-b6b5-99e7043dfaca}</destination>
		</relationship>
	</object>
	<object class="SingleSound" id="{5b249a22-41b6-44ba-ade7-e77a330ab119}">
		<relationship name="audioFile">
			<destination>{05e852dd-4d8e-4a4b-b004-644a63356705}</destination>
		</relationship>
	</object>
	<object class="MixerBusEffectChain" id="{61f221b1-7325-458a-96e6-4ad695edad10}">
		<relationship name="effects">
			<destination>{0f00d0da-7d8d-4389-a751-5736386a4688}</destination>
		</relationship>
	</object>
	<object class="MixerBusPanner" id="{742799ed-36a5-433e-a548-b3790f4b3d73}" />
	<object class="MixerBusFader" id="{b73693bd-958d-46c8-8f78-af4e7bf34d35}" />
	<object class="MixerBusFader" id="{0f00d0da-7d8d-4389-a751-5736386a4688}" />
</objects>
