<?xml version="1.0" encoding="UTF-8"?>
<objects serializationModel="Studio.02.01.00">
	<object class="Event" id="{140ba5e6-177c-4a5f-8d78-156a28ac3291}">
		<property name="name">
			<value>Assigned</value>
		</property>
		<property name="outputFormat">
			<value>0</value>
		</property>
		<relationship name="folder">
			<destination>{3c10b3c8-e0c4-47b8-83be-2017ed60ce00}</destination>
		</relationship>
		<relationship name="mixer">
			<destination>{893ddee0-846d-45a7-a54f-6719d668c937}</destination>
		</relationship>
		<relationship name="masterTrack">
			<destination>{f6a8a875-d48f-48b3-8c64-875b94507229}</destination>
		</relationship>
		<relationship name="mixerInput">
			<destination>{61783e6e-2cbf-48af-ae56-4ddc3ab52c16}</destination>
		</relationship>
		<relationship name="automatableProperties">
			<destination>{97eff3c5-6442-4a33-821a-3e5a030cd61c}</destination>
		</relationship>
		<relationship name="markerTracks">
			<destination>{6e34416a-474a-4e10-9c70-516b029c684f}</destination>
		</relationship>
		<relationship name="groupTracks">
			<destination>{3fbdcf63-2afa-47ce-bd33-bedd8ed4e097}</destination>
		</relationship>
		<relationship name="timeline">
			<destination>{39ed6e15-2d21-46b1-91cf-cea08a6aa4a3}</destination>
		</relationship>
		<relationship name="banks">
			<destination>{8c3f9de4-14c8-4279-a712-2040780fff61}</destination>
		</relationship>
	</object>
	<object class="EventMixer" id="{893ddee0-846d-45a7-a54f-6719d668c937}">
		<relationship name="masterBus">
			<destination>{51393c05-2018-412d-a6b9-d953e1f21d78}</destination>
		</relationship>
	</object>
	<object class="MasterTrack" id="{f6a8a875-d48f-48b3-8c64-875b94507229}">
		<relationship name="mixerGroup">
			<destination>{51393c05-2018-412d-a6b9-d953e1f21d78}</destination>
		</relationship>
	</object>
	<object class="MixerInput" id="{61783e6e-2cbf-48af-ae56-4ddc3ab52c16}">
		<relationship name="effectChain">
			<destination>{525ae36d-6175-48fb-9f30-c4f5d200b466}</destination>
		</relationship>
		<relationship name="panner">
			<destination>{46a3d18a-169a-4f52-a65c-cb0a92e0df71}</destination>
		</relationship>
		<relationship name="output">
			<destination>{a74bdffc-cbb2-488b-ae3c-038020e1273d}</destination>
		</relationship>
	</object>
	<object class="EventAutomatableProperties" id="{97eff3c5-6442-4a33-821a-3e5a030cd61c}" />
	<object class="MarkerTrack" id="{6e34416a-474a-4e10-9c70-516b029c684f}" />
	<object class="GroupTrack" id="{3fbdcf63-2afa-47ce-bd33-bedd8ed4e097}">
		<relationship name="modules">
			<destination>{5849e816-58fa-42c4-9c5f-13b2f015cbdb}</destination>
		</relationship>
		<relationship name="mixerGroup">
			<destination>{f12144c6-b658-402f-a646-eb18571613dd}</destination>
		</relationship>
	</object>
	<object class="Timeline" id="{39ed6e15-2d21-46b1-91cf-cea08a6aa4a3}">
		<relationship name="modules">
			<destination>{5849e816-58fa-42c4-9c5f-13b2f015cbdb}</destination>
		</relationship>
	</object>
	<object class="EventMixerMaster" id="{51393c05-2018-412d-a6b9-d953e1f21d78}">
		<relationship name="effectChain">
			<destination>{c74424af-6915-4de3-a00f-9d90d0aa338b}</destination>
		</relationship>
		<relationship name="panner">
			<destination>{05ee2eb2-28e8-47d4-b918-ba006066a2f6}</destination>
		</relationship>
		<relationship name="mixer">
			<destination>{893ddee0-846d-45a7-a54f-6719d668c937}</destination>
		</relationship>
	</object>
	<object class="MixerBusEffectChain" id="{525ae36d-6175-48fb-9f30-c4f5d200b466}">
		<relationship name="effects">
			<destination>{2abc08ba-153a-4eea-88e1-917d23bb3db0}</destination>
		</relationship>
	</object>
	<object class="MixerBusPanner" id="{46a3d18a-169a-4f52-a65c-cb0a92e0df71}" />
	<object class="MultiSound" id="{5849e816-58fa-42c4-9c5f-13b2f015cbdb}">
		<property name="length">
			<value>2.1419791666666668</value>
		</property>
		<relationship name="sounds">
			<destination>{48700148-5eed-42ae-9b50-7a24ac979961}</destination>
			<destination>{8de945bb-f3c4-40b8-87a0-624dbbf37a31}</destination>
			<destination>{8075be1a-6556-4061-a808-84b618a04c15}</destination>
			<destination>{e3fbfdd4-1d54-478d-ade9-57be2013b209}</destination>
			<destination>{c9d69055-c529-4996-bb53-30546cd04e01}</destination>
			<destination>{a9661982-57af-4f57-b9ef-3e7a93385f0e}</destination>
		</relationship>
	</object>
	<object class="EventMixerGroup" id="{f12144c6-b658-402f-a646-eb18571613dd}">
		<property name="name">
			<value>Audio 1</value>
		</property>
		<relationship name="effectChain">
			<destination>{a25eb750-1906-4367-8bb7-4050b3d35d9c}</destination>
		</relationship>
		<relationship name="panner">
			<destination>{cbe6158c-8a02-4989-841f-3ccfcde183f7}</destination>
		</relationship>
		<relationship name="output">
			<destination>{51393c05-2018-412d-a6b9-d953e1f21d78}</destination>
		</relationship>
	</object>
	<object class="MixerBusEffectChain" id="{c74424af-6915-4de3-a00f-9d90d0aa338b}">
		<relationship name="effects">
			<destination>{0432cab3-4b67-4e43-9ff6-0d2b8a85dc6f}</destination>
		</relationship>
	</object>
	<object class="MixerBusPanner" id="{05ee2eb2-28e8-47d4-b918-ba006066a2f6}" />
	<object class="MixerBusFader" id="{2abc08ba-153a-4eea-88e1-917d23bb3db0}" />
	<object class="SingleSound" id="{48700148-5eed-42ae-9b50-7a24ac979961}">
		<relationship name="audioFile">
			<destination>{315c4ecb-77db-40af-8dca-3bdd97be9562}</destination>
		</relationship>
	</object>
	<object class="SingleSound" id="{8de945bb-f3c4-40b8-87a0-624dbbf37a31}">
		<relationship name="audioFile">
			<destination>{e1cfb6b8-5d97-49e1-8e1e-134e91889953}</destination>
		</relationship>
	</object>
	<object class="SingleSound" id="{8075be1a-6556-4061-a808-84b618a04c15}">
		<relationship name="audioFile">
			<destination>{75dd4934-0339-4d97-a338-7b9c4a3024f7}</destination>
		</relationship>
	</object>
	<object class="SingleSound" id="{e3fbfdd4-1d54-478d-ade9-57be2013b209}">
		<relationship name="audioFile">
			<destination>{588e8aa4-d92d-4106-8360-b8614abb9b55}</destination>
		</relationship>
	</object>
	<object class="SingleSound" id="{c9d69055-c529-4996-bb53-30546cd04e01}">
		<relationship name="audioFile">
			<destination>{f510877a-0a7f-4572-9e1e-744720e28af9}</destination>
		</relationship>
	</object>
	<object class="SingleSound" id="{a9661982-57af-4f57-b9ef-3e7a93385f0e}">
		<relationship name="audioFile">
			<destination>{0324ebba-5f4f-4e9b-baf0-60f19f6b6846}</destination>
		</relationship>
	</object>
	<object class="MixerBusEffectChain" id="{a25eb750-1906-4367-8bb7-4050b3d35d9c}">
		<relationship name="effects">
			<destination>{430464ba-4251-4a5f-9695-20005c2f5184}</destination>
		</relationship>
	</object>
	<object class="MixerBusPanner" id="{cbe6158c-8a02-4989-841f-3ccfcde183f7}" />
	<object class="MixerBusFader" id="{0432cab3-4b67-4e43-9ff6-0d2b8a85dc6f}" />
	<object class="MixerBusFader" id="{430464ba-4251-4a5f-9695-20005c2f5184}" />
</objects>
