<?xml version="1.0" encoding="UTF-8"?>
<objects serializationModel="Studio.02.01.00">
	<object class="Event" id="{141f6d91-810b-46e8-a972-724a9c76ed73}">
		<property name="name">
			<value>trig_SFX_Alien_Cannon</value>
		</property>
		<property name="outputFormat">
			<value>2</value>
		</property>
		<relationship name="folder">
			<destination>{1b346d1a-5c98-4ab8-adc3-fba32a1d946b}</destination>
		</relationship>
		<relationship name="mixer">
			<destination>{6e2a31c8-48f0-4d09-a1e1-145052cea5f5}</destination>
		</relationship>
		<relationship name="masterTrack">
			<destination>{0d7d36ca-6cfc-4684-a42d-ea80e7b4ff06}</destination>
		</relationship>
		<relationship name="mixerInput">
			<destination>{c95e0789-7e9b-47d6-bd56-ab1218c479b2}</destination>
		</relationship>
		<relationship name="automatableProperties">
			<destination>{2e20e401-9cc9-41ce-917c-df32df8ddc27}</destination>
		</relationship>
		<relationship name="markerTracks">
			<destination>{a4337723-9a17-460d-a26a-f8ee181b1e28}</destination>
		</relationship>
		<relationship name="groupTracks">
			<destination>{38c96e11-e2d6-4e0e-91f6-4fd9dda60ad2}</destination>
		</relationship>
		<relationship name="timeline">
			<destination>{f586b6a7-3cd9-4622-9600-ff9727835d89}</destination>
		</relationship>
		<relationship name="banks">
			<destination>{09901795-b9b9-4010-a4a3-3011ed4caaa2}</destination>
		</relationship>
	</object>
	<object class="EventMixer" id="{6e2a31c8-48f0-4d09-a1e1-145052cea5f5}">
		<relationship name="masterBus">
			<destination>{e9302bf7-f52f-4058-a701-f577c085ac2d}</destination>
		</relationship>
	</object>
	<object class="MasterTrack" id="{0d7d36ca-6cfc-4684-a42d-ea80e7b4ff06}">
		<relationship name="mixerGroup">
			<destination>{e9302bf7-f52f-4058-a701-f577c085ac2d}</destination>
		</relationship>
	</object>
	<object class="MixerInput" id="{c95e0789-7e9b-47d6-bd56-ab1218c479b2}">
		<relationship name="effectChain">
			<destination>{87d8bee9-b0ea-46c8-85c9-9ab897e2aa38}</destination>
		</relationship>
		<relationship name="panner">
			<destination>{5726640d-04c7-4f7c-8239-bfc8fe923799}</destination>
		</relationship>
		<relationship name="output">
			<destination>{07daa3ae-3495-463d-8c3e-6a9ee1871371}</destination>
		</relationship>
	</object>
	<object class="EventAutomatableProperties" id="{2e20e401-9cc9-41ce-917c-df32df8ddc27}">
		<property name="triggerCooldown">
			<value>5</value>
		</property>
	</object>
	<object class="MarkerTrack" id="{a4337723-9a17-460d-a26a-f8ee181b1e28}" />
	<object class="GroupTrack" id="{38c96e11-e2d6-4e0e-91f6-4fd9dda60ad2}">
		<relationship name="modules">
			<destination>{9eab80dd-1225-441d-b953-06a132f61566}</destination>
		</relationship>
		<relationship name="mixerGroup">
			<destination>{ff3b46bb-f437-48ca-9671-34d2ae0c88c2}</destination>
		</relationship>
	</object>
	<object class="Timeline" id="{f586b6a7-3cd9-4622-9600-ff9727835d89}">
		<relationship name="modules">
			<destination>{9eab80dd-1225-441d-b953-06a132f61566}</destination>
		</relationship>
	</object>
	<object class="EventMixerMaster" id="{e9302bf7-f52f-4058-a701-f577c085ac2d}">
		<property name="volume">
			<value>-3</value>
		</property>
		<relationship name="effectChain">
			<destination>{a80b5f5e-a7a9-4d04-b2ef-ec3cfc36de70}</destination>
		</relationship>
		<relationship name="panner">
			<destination>{39c1cb85-0435-4ab6-95e4-c1ee91b545b4}</destination>
		</relationship>
		<relationship name="mixer">
			<destination>{6e2a31c8-48f0-4d09-a1e1-145052cea5f5}</destination>
		</relationship>
	</object>
	<object class="MixerBusEffectChain" id="{87d8bee9-b0ea-46c8-85c9-9ab897e2aa38}">
		<relationship name="effects">
			<destination>{608b5ed5-c819-43f1-9565-d63e69c936d2}</destination>
		</relationship>
	</object>
	<object class="MixerBusPanner" id="{5726640d-04c7-4f7c-8239-bfc8fe923799}" />
	<object class="MultiSound" id="{9eab80dd-1225-441d-b953-06a132f61566}">
		<property name="length">
			<value>2.21875</value>
		</property>
		<relationship name="sounds">
			<destination>{891cbab7-0915-4912-a5b0-aa2e8931ffe6}</destination>
			<destination>{6f888507-e59a-4a73-b755-331232b4e713}</destination>
			<destination>{0e997149-0500-46be-9afb-1ebd13acba0c}</destination>
			<destination>{f7458131-5c3e-414b-8632-2475549967fe}</destination>
		</relationship>
	</object>
	<object class="EventMixerGroup" id="{ff3b46bb-f437-48ca-9671-34d2ae0c88c2}">
		<property name="volume">
			<value>-9</value>
		</property>
		<property name="name">
			<value>Audio 1</value>
		</property>
		<relationship name="effectChain">
			<destination>{11e07599-9f14-41b5-b2d0-e8211d56d20a}</destination>
		</relationship>
		<relationship name="panner">
			<destination>{830e4d4b-9f17-4789-8e59-ed0559542b9e}</destination>
		</relationship>
		<relationship name="output">
			<destination>{e9302bf7-f52f-4058-a701-f577c085ac2d}</destination>
		</relationship>
	</object>
	<object class="MixerBusEffectChain" id="{a80b5f5e-a7a9-4d04-b2ef-ec3cfc36de70}">
		<relationship name="effects">
			<destination>{776a6f48-8fab-4fb8-b608-c3a1646c660d}</destination>
			<destination>{5eaac278-4a70-4429-82b8-19d767e0e7a1}</destination>
		</relationship>
	</object>
	<object class="MixerBusPanner" id="{39c1cb85-0435-4ab6-95e4-c1ee91b545b4}" />
	<object class="MixerBusFader" id="{608b5ed5-c819-43f1-9565-d63e69c936d2}" />
	<object class="SingleSound" id="{891cbab7-0915-4912-a5b0-aa2e8931ffe6}">
		<relationship name="audioFile">
			<destination>{23e4c3b9-a3fb-4403-a9bf-84d577e86dbb}</destination>
		</relationship>
	</object>
	<object class="SingleSound" id="{6f888507-e59a-4a73-b755-331232b4e713}">
		<relationship name="audioFile">
			<destination>{b904985c-e0fe-49e1-b871-b96a893ff44b}</destination>
		</relationship>
	</object>
	<object class="SingleSound" id="{0e997149-0500-46be-9afb-1ebd13acba0c}">
		<relationship name="audioFile">
			<destination>{63908c3f-99d5-408b-a116-67eeff94a8e4}</destination>
		</relationship>
	</object>
	<object class="SingleSound" id="{f7458131-5c3e-414b-8632-2475549967fe}">
		<relationship name="audioFile">
			<destination>{1717b664-4177-4333-80ec-075db943b72a}</destination>
		</relationship>
	</object>
	<object class="MixerBusEffectChain" id="{11e07599-9f14-41b5-b2d0-e8211d56d20a}">
		<relationship name="effects">
			<destination>{cecab0f6-81cf-443b-9fe0-ac6fb6f4931a}</destination>
		</relationship>
	</object>
	<object class="MixerBusPanner" id="{830e4d4b-9f17-4789-8e59-ed0559542b9e}" />
	<object class="MixerBusFader" id="{776a6f48-8fab-4fb8-b608-c3a1646c660d}" />
	<object class="SpatialiserEffect" id="{5eaac278-4a70-4429-82b8-19d767e0e7a1}">
		<property name="minimumDistance">
			<value>0.5</value>
		</property>
		<property name="maximumDistance">
			<value>200</value>
		</property>
	</object>
	<object class="MixerBusFader" id="{cecab0f6-81cf-443b-9fe0-ac6fb6f4931a}" />
</objects>
