<?xml version="1.0" encoding="UTF-8"?>
<objects serializationModel="Studio.02.01.00">
	<object class="Event" id="{14327d33-1444-41e2-99c2-bbaad4567a37}">
		<property name="name">
			<value>Faction_Diplomacy_Escape_Tolerance_Exploit</value>
		</property>
		<property name="outputFormat">
			<value>0</value>
		</property>
		<relationship name="folder">
			<destination>{158ad337-8269-4a32-865c-d3c458683eff}</destination>
		</relationship>
		<relationship name="mixer">
			<destination>{0c60aa5d-5652-4993-9476-b31f8895ca79}</destination>
		</relationship>
		<relationship name="masterTrack">
			<destination>{b439018e-4ce8-40d5-b880-29cf007e570e}</destination>
		</relationship>
		<relationship name="mixerInput">
			<destination>{b68c4166-d4db-488b-b720-b81d4ce90188}</destination>
		</relationship>
		<relationship name="automatableProperties">
			<destination>{926499a2-1010-4601-9c44-47ce5b434db3}</destination>
		</relationship>
		<relationship name="markerTracks">
			<destination>{cc2fcbb3-b4af-4955-8c25-65c75c709970}</destination>
		</relationship>
		<relationship name="groupTracks">
			<destination>{9d6c09c8-8adf-4345-ac63-63d5a335a9ed}</destination>
		</relationship>
		<relationship name="timeline">
			<destination>{7ed92317-5fc0-42e9-bb00-351a39844662}</destination>
		</relationship>
		<relationship name="banks">
			<destination>{8c3f9de4-14c8-4279-a712-2040780fff61}</destination>
		</relationship>
	</object>
	<object class="EventMixer" id="{0c60aa5d-5652-4993-9476-b31f8895ca79}">
		<relationship name="masterBus">
			<destination>{0177a71d-1581-4922-84a7-e72102ed9c69}</destination>
		</relationship>
	</object>
	<object class="MasterTrack" id="{b439018e-4ce8-40d5-b880-29cf007e570e}">
		<relationship name="mixerGroup">
			<destination>{0177a71d-1581-4922-84a7-e72102ed9c69}</destination>
		</relationship>
	</object>
	<object class="MixerInput" id="{b68c4166-d4db-488b-b720-b81d4ce90188}">
		<relationship name="effectChain">
			<destination>{85a2336d-056e-4281-88b2-0eaecbe2e218}</destination>
		</relationship>
		<relationship name="panner">
			<destination>{f5bd86c5-b5d9-4a17-ac1b-d350dbdd9ce0}</destination>
		</relationship>
		<relationship name="output">
			<destination>{a74bdffc-cbb2-488b-ae3c-038020e1273d}</destination>
		</relationship>
	</object>
	<object class="EventAutomatableProperties" id="{926499a2-1010-4601-9c44-47ce5b434db3}" />
	<object class="MarkerTrack" id="{cc2fcbb3-b4af-4955-8c25-65c75c709970}" />
	<object class="GroupTrack" id="{9d6c09c8-8adf-4345-ac63-63d5a335a9ed}">
		<relationship name="modules">
			<destination>{1fb40fae-9d25-4e7a-963b-cd498f9fe1e9}</destination>
		</relationship>
		<relationship name="mixerGroup">
			<destination>{1ebb278d-a415-4669-b350-98fac2501b25}</destination>
		</relationship>
	</object>
	<object class="Timeline" id="{7ed92317-5fc0-42e9-bb00-351a39844662}">
		<relationship name="modules">
			<destination>{1fb40fae-9d25-4e7a-963b-cd498f9fe1e9}</destination>
		</relationship>
	</object>
	<object class="EventMixerMaster" id="{0177a71d-1581-4922-84a7-e72102ed9c69}">
		<relationship name="effectChain">
			<destination>{1d2ee5d5-0795-44c9-b1c4-0b0462420026}</destination>
		</relationship>
		<relationship name="panner">
			<destination>{cfd08ce2-e4fc-4a3d-afe6-b6ba941bf08b}</destination>
		</relationship>
		<relationship name="mixer">
			<destination>{0c60aa5d-5652-4993-9476-b31f8895ca79}</destination>
		</relationship>
	</object>
	<object class="MixerBusEffectChain" id="{85a2336d-056e-4281-88b2-0eaecbe2e218}">
		<relationship name="effects">
			<destination>{9fe42872-4e30-490f-9345-7f61c3dbe1cc}</destination>
		</relationship>
	</object>
	<object class="MixerBusPanner" id="{f5bd86c5-b5d9-4a17-ac1b-d350dbdd9ce0}" />
	<object class="SingleSound" id="{1fb40fae-9d25-4e7a-963b-cd498f9fe1e9}">
		<property name="length">
			<value>3.3700625</value>
		</property>
		<relationship name="audioFile">
			<destination>{ac90a35a-325a-4ea8-9711-7d16a7c02979}</destination>
		</relationship>
	</object>
	<object class="EventMixerGroup" id="{1ebb278d-a415-4669-b350-98fac2501b25}">
		<property name="name">
			<value>Audio 1</value>
		</property>
		<relationship name="effectChain">
			<destination>{b56262db-0c2b-48b9-a921-8a63027900fd}</destination>
		</relationship>
		<relationship name="panner">
			<destination>{4a6ad825-ff39-4e7f-8c47-25827988775a}</destination>
		</relationship>
		<relationship name="output">
			<destination>{0177a71d-1581-4922-84a7-e72102ed9c69}</destination>
		</relationship>
	</object>
	<object class="MixerBusEffectChain" id="{1d2ee5d5-0795-44c9-b1c4-0b0462420026}">
		<relationship name="effects">
			<destination>{d69e9afa-c9ad-4851-82c7-bb30e63268a7}</destination>
		</relationship>
	</object>
	<object class="MixerBusPanner" id="{cfd08ce2-e4fc-4a3d-afe6-b6ba941bf08b}" />
	<object class="MixerBusFader" id="{9fe42872-4e30-490f-9345-7f61c3dbe1cc}" />
	<object class="MixerBusEffectChain" id="{b56262db-0c2b-48b9-a921-8a63027900fd}">
		<relationship name="effects">
			<destination>{2262a66b-b395-455b-a9a2-7536a96ed6bc}</destination>
		</relationship>
	</object>
	<object class="MixerBusPanner" id="{4a6ad825-ff39-4e7f-8c47-25827988775a}" />
	<object class="MixerBusFader" id="{d69e9afa-c9ad-4851-82c7-bb30e63268a7}" />
	<object class="MixerBusFader" id="{2262a66b-b395-455b-a9a2-7536a96ed6bc}" />
</objects>
