<?xml version="1.0" encoding="UTF-8"?>
<objects serializationModel="Studio.02.01.00">
	<object class="Event" id="{14344733-25d5-417e-8625-577506f88678}">
		<property name="name">
			<value>Success</value>
		</property>
		<property name="outputFormat">
			<value>0</value>
		</property>
		<relationship name="folder">
			<destination>{172dd17b-936f-4fd0-b4e5-c8ab6b807e8a}</destination>
		</relationship>
		<relationship name="mixer">
			<destination>{80b99d23-b750-4a7d-93b7-0bf0e02e529d}</destination>
		</relationship>
		<relationship name="masterTrack">
			<destination>{8db2b718-370e-4b4b-b142-2449ab6a2cb0}</destination>
		</relationship>
		<relationship name="mixerInput">
			<destination>{f8260101-7d4d-4637-aa3d-399ddbf2a205}</destination>
		</relationship>
		<relationship name="automatableProperties">
			<destination>{662d002e-79b5-44cd-91d4-b610a2d1bc41}</destination>
		</relationship>
		<relationship name="markerTracks">
			<destination>{f9e907a6-9111-4fc6-9c0a-a171dc120df0}</destination>
		</relationship>
		<relationship name="groupTracks">
			<destination>{b0904bcb-7596-494f-9d91-a357e6c5c37d}</destination>
		</relationship>
		<relationship name="timeline">
			<destination>{358251a6-3682-466b-9d4a-c440f7583be5}</destination>
		</relationship>
		<relationship name="banks">
			<destination>{8c3f9de4-14c8-4279-a712-2040780fff61}</destination>
		</relationship>
	</object>
	<object class="EventMixer" id="{80b99d23-b750-4a7d-93b7-0bf0e02e529d}">
		<relationship name="masterBus">
			<destination>{52746261-8fe9-4a16-a495-b4c325a99a1f}</destination>
		</relationship>
	</object>
	<object class="MasterTrack" id="{8db2b718-370e-4b4b-b142-2449ab6a2cb0}">
		<relationship name="mixerGroup">
			<destination>{52746261-8fe9-4a16-a495-b4c325a99a1f}</destination>
		</relationship>
	</object>
	<object class="MixerInput" id="{f8260101-7d4d-4637-aa3d-399ddbf2a205}">
		<relationship name="effectChain">
			<destination>{cdc201e2-a144-41cb-8345-a00f9e6fe22b}</destination>
		</relationship>
		<relationship name="panner">
			<destination>{03a3c9f4-ad53-450e-90f8-e939c70e4349}</destination>
		</relationship>
		<relationship name="output">
			<destination>{a74bdffc-cbb2-488b-ae3c-038020e1273d}</destination>
		</relationship>
	</object>
	<object class="EventAutomatableProperties" id="{662d002e-79b5-44cd-91d4-b610a2d1bc41}" />
	<object class="MarkerTrack" id="{f9e907a6-9111-4fc6-9c0a-a171dc120df0}" />
	<object class="GroupTrack" id="{b0904bcb-7596-494f-9d91-a357e6c5c37d}">
		<relationship name="modules">
			<destination>{1350332e-09d6-4924-9d8c-7e080e8bd5b0}</destination>
		</relationship>
		<relationship name="mixerGroup">
			<destination>{d9474903-30e9-486c-b81f-0a5b31378f42}</destination>
		</relationship>
	</object>
	<object class="Timeline" id="{358251a6-3682-466b-9d4a-c440f7583be5}">
		<relationship name="modules">
			<destination>{1350332e-09d6-4924-9d8c-7e080e8bd5b0}</destination>
		</relationship>
	</object>
	<object class="EventMixerMaster" id="{52746261-8fe9-4a16-a495-b4c325a99a1f}">
		<relationship name="effectChain">
			<destination>{6f32f4b1-2c7f-4dc5-8c93-0f1e89364503}</destination>
		</relationship>
		<relationship name="panner">
			<destination>{2a9aa47a-f257-4dd6-ba92-3b7b14c296b4}</destination>
		</relationship>
		<relationship name="mixer">
			<destination>{80b99d23-b750-4a7d-93b7-0bf0e02e529d}</destination>
		</relationship>
	</object>
	<object class="MixerBusEffectChain" id="{cdc201e2-a144-41cb-8345-a00f9e6fe22b}">
		<relationship name="effects">
			<destination>{49777e44-937d-4952-b75f-f93b83440436}</destination>
		</relationship>
	</object>
	<object class="MixerBusPanner" id="{03a3c9f4-ad53-450e-90f8-e939c70e4349}" />
	<object class="MultiSound" id="{1350332e-09d6-4924-9d8c-7e080e8bd5b0}">
		<property name="length">
			<value>2.8657708333333334</value>
		</property>
		<relationship name="sounds">
			<destination>{517a07eb-6cd4-4db9-a1cd-d55f85d9f131}</destination>
			<destination>{754cb6b9-7bd5-47d3-95e7-8ccc2d4e9b1d}</destination>
			<destination>{b64cf7c8-6956-47d4-ae8b-83a6db62588b}</destination>
		</relationship>
	</object>
	<object class="EventMixerGroup" id="{d9474903-30e9-486c-b81f-0a5b31378f42}">
		<property name="name">
			<value>Audio 1</value>
		</property>
		<relationship name="effectChain">
			<destination>{88c8729d-5050-4cc5-bf55-2b18a4204d96}</destination>
		</relationship>
		<relationship name="panner">
			<destination>{4dd9450a-d66f-4882-a320-ff1e395032a4}</destination>
		</relationship>
		<relationship name="output">
			<destination>{52746261-8fe9-4a16-a495-b4c325a99a1f}</destination>
		</relationship>
	</object>
	<object class="MixerBusEffectChain" id="{6f32f4b1-2c7f-4dc5-8c93-0f1e89364503}">
		<relationship name="effects">
			<destination>{c73840bc-5033-4951-af62-c9cd5dab461d}</destination>
		</relationship>
	</object>
	<object class="MixerBusPanner" id="{2a9aa47a-f257-4dd6-ba92-3b7b14c296b4}" />
	<object class="MixerBusFader" id="{49777e44-937d-4952-b75f-f93b83440436}" />
	<object class="SingleSound" id="{517a07eb-6cd4-4db9-a1cd-d55f85d9f131}">
		<relationship name="audioFile">
			<destination>{8839c9a6-236e-4649-a59f-74a3bcc8c2ce}</destination>
		</relationship>
	</object>
	<object class="SingleSound" id="{754cb6b9-7bd5-47d3-95e7-8ccc2d4e9b1d}">
		<relationship name="audioFile">
			<destination>{705351c7-5e2b-47be-9b05-46d658c84441}</destination>
		</relationship>
	</object>
	<object class="SingleSound" id="{b64cf7c8-6956-47d4-ae8b-83a6db62588b}">
		<relationship name="audioFile">
			<destination>{b302184a-d4b7-48ba-a6cc-340c7152b23c}</destination>
		</relationship>
	</object>
	<object class="MixerBusEffectChain" id="{88c8729d-5050-4cc5-bf55-2b18a4204d96}">
		<relationship name="effects">
			<destination>{f6b0b454-e1ce-4841-8e75-8b2e284698a7}</destination>
		</relationship>
	</object>
	<object class="MixerBusPanner" id="{4dd9450a-d66f-4882-a320-ff1e395032a4}" />
	<object class="MixerBusFader" id="{c73840bc-5033-4951-af62-c9cd5dab461d}" />
	<object class="MixerBusFader" id="{f6b0b454-e1ce-4841-8e75-8b2e284698a7}" />
</objects>
