<?xml version="1.0" encoding="UTF-8"?>
<objects serializationModel="Studio.02.01.00">
	<object class="Event" id="{14377e85-aabc-42ef-907b-ac253fec4740}">
		<property name="name">
			<value>Success</value>
		</property>
		<property name="outputFormat">
			<value>0</value>
		</property>
		<relationship name="folder">
			<destination>{7f26431c-1ce2-41a3-9657-5b569ab25759}</destination>
		</relationship>
		<relationship name="mixer">
			<destination>{6fdc7256-5904-4268-a976-8903c48e1c25}</destination>
		</relationship>
		<relationship name="masterTrack">
			<destination>{3879d901-e7b1-4b9c-8e68-4197cf96fdf8}</destination>
		</relationship>
		<relationship name="mixerInput">
			<destination>{e1bc372a-4dd3-4400-9bf1-d9225c71e09d}</destination>
		</relationship>
		<relationship name="automatableProperties">
			<destination>{ce0e3458-7554-41ac-8ebf-6694f465116f}</destination>
		</relationship>
		<relationship name="markerTracks">
			<destination>{483cca87-12d4-41be-bcce-7ce968314a47}</destination>
		</relationship>
		<relationship name="groupTracks">
			<destination>{e2586fb8-9128-45c3-a369-169720c504b6}</destination>
		</relationship>
		<relationship name="timeline">
			<destination>{34561ffe-91e1-4719-9add-1e91600751fc}</destination>
		</relationship>
		<relationship name="banks">
			<destination>{8c3f9de4-14c8-4279-a712-2040780fff61}</destination>
		</relationship>
	</object>
	<object class="EventMixer" id="{6fdc7256-5904-4268-a976-8903c48e1c25}">
		<relationship name="masterBus">
			<destination>{00c265df-1a13-4c2a-b98e-6e363dbd687b}</destination>
		</relationship>
	</object>
	<object class="MasterTrack" id="{3879d901-e7b1-4b9c-8e68-4197cf96fdf8}">
		<relationship name="mixerGroup">
			<destination>{00c265df-1a13-4c2a-b98e-6e363dbd687b}</destination>
		</relationship>
	</object>
	<object class="MixerInput" id="{e1bc372a-4dd3-4400-9bf1-d9225c71e09d}">
		<relationship name="effectChain">
			<destination>{b8bf8905-4865-47a9-bcf6-19f38a9a0fce}</destination>
		</relationship>
		<relationship name="panner">
			<destination>{f92007c3-b1b6-45ab-ad39-ac74a620781a}</destination>
		</relationship>
		<relationship name="output">
			<destination>{a74bdffc-cbb2-488b-ae3c-038020e1273d}</destination>
		</relationship>
	</object>
	<object class="EventAutomatableProperties" id="{ce0e3458-7554-41ac-8ebf-6694f465116f}" />
	<object class="MarkerTrack" id="{483cca87-12d4-41be-bcce-7ce968314a47}" />
	<object class="GroupTrack" id="{e2586fb8-9128-45c3-a369-169720c504b6}">
		<relationship name="modules">
			<destination>{42283bd0-c5e9-4793-ba48-02b74e2b447e}</destination>
		</relationship>
		<relationship name="mixerGroup">
			<destination>{067159bd-0e6d-47a9-b5f0-6f6cdd05ae3b}</destination>
		</relationship>
	</object>
	<object class="Timeline" id="{34561ffe-91e1-4719-9add-1e91600751fc}">
		<relationship name="modules">
			<destination>{42283bd0-c5e9-4793-ba48-02b74e2b447e}</destination>
		</relationship>
	</object>
	<object class="EventMixerMaster" id="{00c265df-1a13-4c2a-b98e-6e363dbd687b}">
		<relationship name="effectChain">
			<destination>{855e9a04-069e-4e4e-9eda-177a6e88deab}</destination>
		</relationship>
		<relationship name="panner">
			<destination>{e6a10436-f6ab-4906-9b3c-133dc4b33cf6}</destination>
		</relationship>
		<relationship name="mixer">
			<destination>{6fdc7256-5904-4268-a976-8903c48e1c25}</destination>
		</relationship>
	</object>
	<object class="MixerBusEffectChain" id="{b8bf8905-4865-47a9-bcf6-19f38a9a0fce}">
		<relationship name="effects">
			<destination>{89c13608-fbc5-4f62-aba7-7d00d53f0f76}</destination>
		</relationship>
	</object>
	<object class="MixerBusPanner" id="{f92007c3-b1b6-45ab-ad39-ac74a620781a}" />
	<object class="MultiSound" id="{42283bd0-c5e9-4793-ba48-02b74e2b447e}">
		<property name="length">
			<value>2.5151249999999998</value>
		</property>
		<relationship name="sounds">
			<destination>{83cb5631-42c0-49fc-827d-4ad815259bb9}</destination>
			<destination>{3cf22b02-811c-4769-90d3-5c622f2b9706}</destination>
			<destination>{dcb1abf8-664f-48c3-8996-91da29b5e0e9}</destination>
			<destination>{8c37d559-41f9-46ac-afce-d0033ce00bd5}</destination>
		</relationship>
	</object>
	<object class="EventMixerGroup" id="{067159bd-0e6d-47a9-b5f0-6f6cdd05ae3b}">
		<property name="name">
			<value>Audio 1</value>
		</property>
		<relationship name="effectChain">
			<destination>{d10e515b-b392-4adc-b0da-ee8658845d54}</destination>
		</relationship>
		<relationship name="panner">
			<destination>{e81b4ea4-5d9f-4729-9b46-482681c4cf86}</destination>
		</relationship>
		<relationship name="output">
			<destination>{00c265df-1a13-4c2a-b98e-6e363dbd687b}</destination>
		</relationship>
	</object>
	<object class="MixerBusEffectChain" id="{855e9a04-069e-4e4e-9eda-177a6e88deab}">
		<relationship name="effects">
			<destination>{d05a4c5a-00c3-44f9-9afc-5906b6b3824c}</destination>
		</relationship>
	</object>
	<object class="MixerBusPanner" id="{e6a10436-f6ab-4906-9b3c-133dc4b33cf6}" />
	<object class="MixerBusFader" id="{89c13608-fbc5-4f62-aba7-7d00d53f0f76}" />
	<object class="SingleSound" id="{83cb5631-42c0-49fc-827d-4ad815259bb9}">
		<relationship name="audioFile">
			<destination>{9212bd96-dbef-41c8-bff7-f49e29014c9d}</destination>
		</relationship>
	</object>
	<object class="SingleSound" id="{3cf22b02-811c-4769-90d3-5c622f2b9706}">
		<relationship name="audioFile">
			<destination>{e9af75b2-69fa-43a1-8cc3-35164cbc1c64}</destination>
		</relationship>
	</object>
	<object class="SingleSound" id="{dcb1abf8-664f-48c3-8996-91da29b5e0e9}">
		<relationship name="audioFile">
			<destination>{d8c08448-6432-4bef-a783-c6c0bde90a70}</destination>
		</relationship>
	</object>
	<object class="SingleSound" id="{8c37d559-41f9-46ac-afce-d0033ce00bd5}">
		<relationship name="audioFile">
			<destination>{7547f638-373d-4bef-acfb-8910d5fdde67}</destination>
		</relationship>
	</object>
	<object class="MixerBusEffectChain" id="{d10e515b-b392-4adc-b0da-ee8658845d54}">
		<relationship name="effects">
			<destination>{ba6e2229-0fd1-45d4-aef4-bd08c8385663}</destination>
		</relationship>
	</object>
	<object class="MixerBusPanner" id="{e81b4ea4-5d9f-4729-9b46-482681c4cf86}" />
	<object class="MixerBusFader" id="{d05a4c5a-00c3-44f9-9afc-5906b6b3824c}" />
	<object class="MixerBusFader" id="{ba6e2229-0fd1-45d4-aef4-bd08c8385663}" />
</objects>
