<?xml version="1.0" encoding="UTF-8"?>
<objects serializationModel="Studio.02.01.00">
	<object class="Event" id="{14662a8a-6813-4a78-b23f-edbf464638f8}">
		<property name="name">
			<value>Assigned</value>
		</property>
		<property name="outputFormat">
			<value>0</value>
		</property>
		<relationship name="folder">
			<destination>{45fb2579-6817-47de-b9b3-d9d39d8293ae}</destination>
		</relationship>
		<relationship name="mixer">
			<destination>{69ad3414-e347-4ab0-92ab-c3891534ba34}</destination>
		</relationship>
		<relationship name="masterTrack">
			<destination>{51a3ee81-a4f5-48ba-bb2b-f7b4ae4c7bc1}</destination>
		</relationship>
		<relationship name="mixerInput">
			<destination>{e344b015-34d6-447a-9eea-776d8374b6fb}</destination>
		</relationship>
		<relationship name="automatableProperties">
			<destination>{50d7b47e-0a84-4ae4-a8ef-5b674ab74f49}</destination>
		</relationship>
		<relationship name="markerTracks">
			<destination>{efa4b27f-61f9-4e60-af3a-51d8f2518956}</destination>
		</relationship>
		<relationship name="groupTracks">
			<destination>{e978b0ba-bf8a-494c-9f58-c3d433e720d6}</destination>
		</relationship>
		<relationship name="timeline">
			<destination>{16f02e63-41a2-49dc-a7b8-25efe9c42560}</destination>
		</relationship>
		<relationship name="banks">
			<destination>{8c3f9de4-14c8-4279-a712-2040780fff61}</destination>
		</relationship>
	</object>
	<object class="EventMixer" id="{69ad3414-e347-4ab0-92ab-c3891534ba34}">
		<relationship name="masterBus">
			<destination>{0b44afeb-0623-4079-aca7-9c1aaa5b82e9}</destination>
		</relationship>
	</object>
	<object class="MasterTrack" id="{51a3ee81-a4f5-48ba-bb2b-f7b4ae4c7bc1}">
		<relationship name="mixerGroup">
			<destination>{0b44afeb-0623-4079-aca7-9c1aaa5b82e9}</destination>
		</relationship>
	</object>
	<object class="MixerInput" id="{e344b015-34d6-447a-9eea-776d8374b6fb}">
		<relationship name="effectChain">
			<destination>{a4622a96-7a0c-4866-9626-cb4095fe053d}</destination>
		</relationship>
		<relationship name="panner">
			<destination>{7e39cd62-4b95-4b33-810c-858170556b0b}</destination>
		</relationship>
		<relationship name="output">
			<destination>{a74bdffc-cbb2-488b-ae3c-038020e1273d}</destination>
		</relationship>
	</object>
	<object class="EventAutomatableProperties" id="{50d7b47e-0a84-4ae4-a8ef-5b674ab74f49}" />
	<object class="MarkerTrack" id="{efa4b27f-61f9-4e60-af3a-51d8f2518956}" />
	<object class="GroupTrack" id="{e978b0ba-bf8a-494c-9f58-c3d433e720d6}">
		<relationship name="modules">
			<destination>{261e54b7-2805-4f91-bcb6-537f97fc3c7b}</destination>
		</relationship>
		<relationship name="mixerGroup">
			<destination>{180da90e-d899-49b2-8bb2-c21024a8d8d0}</destination>
		</relationship>
	</object>
	<object class="Timeline" id="{16f02e63-41a2-49dc-a7b8-25efe9c42560}">
		<relationship name="modules">
			<destination>{261e54b7-2805-4f91-bcb6-537f97fc3c7b}</destination>
		</relationship>
	</object>
	<object class="EventMixerMaster" id="{0b44afeb-0623-4079-aca7-9c1aaa5b82e9}">
		<relationship name="effectChain">
			<destination>{7e18ac52-54a7-4e13-93ee-f4b15b87524c}</destination>
		</relationship>
		<relationship name="panner">
			<destination>{0191bd0c-f08b-4014-96af-7906fee3e1e5}</destination>
		</relationship>
		<relationship name="mixer">
			<destination>{69ad3414-e347-4ab0-92ab-c3891534ba34}</destination>
		</relationship>
	</object>
	<object class="MixerBusEffectChain" id="{a4622a96-7a0c-4866-9626-cb4095fe053d}">
		<relationship name="effects">
			<destination>{eef4741f-1ee7-42ce-b9c3-1c71486e2e2b}</destination>
		</relationship>
	</object>
	<object class="MixerBusPanner" id="{7e39cd62-4b95-4b33-810c-858170556b0b}" />
	<object class="MultiSound" id="{261e54b7-2805-4f91-bcb6-537f97fc3c7b}">
		<property name="length">
			<value>2.4665416666666666</value>
		</property>
		<relationship name="sounds">
			<destination>{5c5c34f2-e488-4917-a282-6493a6036541}</destination>
			<destination>{3dfcb0e1-cb55-4fd6-9941-6d096d4e35ed}</destination>
			<destination>{92252815-637a-41ca-9452-6b08b1d01d7c}</destination>
			<destination>{d374ea54-ceb8-4fef-ae97-3c06f1af71aa}</destination>
		</relationship>
	</object>
	<object class="EventMixerGroup" id="{180da90e-d899-49b2-8bb2-c21024a8d8d0}">
		<property name="name">
			<value>Audio 1</value>
		</property>
		<relationship name="effectChain">
			<destination>{5cacfb27-13dd-409e-9dbc-bd96a3be49a3}</destination>
		</relationship>
		<relationship name="panner">
			<destination>{7bb449aa-f5b7-462a-80b0-8e4ef28a2896}</destination>
		</relationship>
		<relationship name="output">
			<destination>{0b44afeb-0623-4079-aca7-9c1aaa5b82e9}</destination>
		</relationship>
	</object>
	<object class="MixerBusEffectChain" id="{7e18ac52-54a7-4e13-93ee-f4b15b87524c}">
		<relationship name="effects">
			<destination>{fc288a8d-5ccf-4120-ad15-a9e5ffb51ad7}</destination>
		</relationship>
	</object>
	<object class="MixerBusPanner" id="{0191bd0c-f08b-4014-96af-7906fee3e1e5}" />
	<object class="MixerBusFader" id="{eef4741f-1ee7-42ce-b9c3-1c71486e2e2b}" />
	<object class="SingleSound" id="{5c5c34f2-e488-4917-a282-6493a6036541}">
		<relationship name="audioFile">
			<destination>{bdd7972d-930e-4f4e-89b8-2b7ce9d5ae8a}</destination>
		</relationship>
	</object>
	<object class="SingleSound" id="{3dfcb0e1-cb55-4fd6-9941-6d096d4e35ed}">
		<relationship name="audioFile">
			<destination>{7964d961-25b4-472b-a460-334d773d7a42}</destination>
		</relationship>
	</object>
	<object class="SingleSound" id="{92252815-637a-41ca-9452-6b08b1d01d7c}">
		<relationship name="audioFile">
			<destination>{56f62352-9343-406f-b1a6-0351cd3af851}</destination>
		</relationship>
	</object>
	<object class="SingleSound" id="{d374ea54-ceb8-4fef-ae97-3c06f1af71aa}">
		<relationship name="audioFile">
			<destination>{71427947-93a1-438e-a15d-b0e8c6b15b87}</destination>
		</relationship>
	</object>
	<object class="MixerBusEffectChain" id="{5cacfb27-13dd-409e-9dbc-bd96a3be49a3}">
		<relationship name="effects">
			<destination>{f9f3d89b-7030-4218-951e-e8c17679213a}</destination>
		</relationship>
	</object>
	<object class="MixerBusPanner" id="{7bb449aa-f5b7-462a-80b0-8e4ef28a2896}" />
	<object class="MixerBusFader" id="{fc288a8d-5ccf-4120-ad15-a9e5ffb51ad7}" />
	<object class="MixerBusFader" id="{f9f3d89b-7030-4218-951e-e8c17679213a}" />
</objects>
