<?xml version="1.0" encoding="UTF-8"?>
<objects serializationModel="Studio.02.01.00">
	<object class="Event" id="{147984d6-ad68-44ec-a6ec-59fefcad7761}">
		<property name="name">
			<value>Success</value>
		</property>
		<property name="outputFormat">
			<value>0</value>
		</property>
		<relationship name="folder">
			<destination>{4d141666-a458-4b36-95ad-252dc8667908}</destination>
		</relationship>
		<relationship name="mixer">
			<destination>{624c860f-2050-49f7-86d8-bf57ed04c889}</destination>
		</relationship>
		<relationship name="masterTrack">
			<destination>{5ce34b1d-df83-4881-97ba-0c8241806b3b}</destination>
		</relationship>
		<relationship name="mixerInput">
			<destination>{24e1f418-281b-4316-8809-f2149c5a3b6e}</destination>
		</relationship>
		<relationship name="automatableProperties">
			<destination>{6c3b6824-30a0-4b2e-8a13-303a92a02b2e}</destination>
		</relationship>
		<relationship name="markerTracks">
			<destination>{f2f01d04-e6ee-4a4e-b32a-e531ec0f23fd}</destination>
		</relationship>
		<relationship name="groupTracks">
			<destination>{f6418bf7-cd85-4d88-be2d-bd62f946c11c}</destination>
		</relationship>
		<relationship name="timeline">
			<destination>{5a692d62-62ef-440a-bfcf-88626af847a7}</destination>
		</relationship>
		<relationship name="banks">
			<destination>{8c3f9de4-14c8-4279-a712-2040780fff61}</destination>
		</relationship>
	</object>
	<object class="EventMixer" id="{624c860f-2050-49f7-86d8-bf57ed04c889}">
		<relationship name="masterBus">
			<destination>{6642113f-46a7-4316-b02e-096d3eb8e93b}</destination>
		</relationship>
	</object>
	<object class="MasterTrack" id="{5ce34b1d-df83-4881-97ba-0c8241806b3b}">
		<relationship name="mixerGroup">
			<destination>{6642113f-46a7-4316-b02e-096d3eb8e93b}</destination>
		</relationship>
	</object>
	<object class="MixerInput" id="{24e1f418-281b-4316-8809-f2149c5a3b6e}">
		<relationship name="effectChain">
			<destination>{ecb4b8c7-dfac-4096-91fe-188357674664}</destination>
		</relationship>
		<relationship name="panner">
			<destination>{cb79363f-81f4-4c2d-a3d2-2b37663a4fc8}</destination>
		</relationship>
		<relationship name="output">
			<destination>{a74bdffc-cbb2-488b-ae3c-038020e1273d}</destination>
		</relationship>
	</object>
	<object class="EventAutomatableProperties" id="{6c3b6824-30a0-4b2e-8a13-303a92a02b2e}" />
	<object class="MarkerTrack" id="{f2f01d04-e6ee-4a4e-b32a-e531ec0f23fd}" />
	<object class="GroupTrack" id="{f6418bf7-cd85-4d88-be2d-bd62f946c11c}">
		<relationship name="modules">
			<destination>{843f0680-38be-4045-9527-5e9a89929a04}</destination>
		</relationship>
		<relationship name="mixerGroup">
			<destination>{9444e27b-cbe2-4540-ae19-a48423d3eec9}</destination>
		</relationship>
	</object>
	<object class="Timeline" id="{5a692d62-62ef-440a-bfcf-88626af847a7}">
		<relationship name="modules">
			<destination>{843f0680-38be-4045-9527-5e9a89929a04}</destination>
		</relationship>
	</object>
	<object class="EventMixerMaster" id="{6642113f-46a7-4316-b02e-096d3eb8e93b}">
		<relationship name="effectChain">
			<destination>{3d7d9c42-4622-40bc-a886-8e46595ce32a}</destination>
		</relationship>
		<relationship name="panner">
			<destination>{db0d44f6-0d8a-4f70-bf2a-687b301d6362}</destination>
		</relationship>
		<relationship name="mixer">
			<destination>{624c860f-2050-49f7-86d8-bf57ed04c889}</destination>
		</relationship>
	</object>
	<object class="MixerBusEffectChain" id="{ecb4b8c7-dfac-4096-91fe-188357674664}">
		<relationship name="effects">
			<destination>{3040462d-7bb6-4374-bb96-87e7989a437d}</destination>
		</relationship>
	</object>
	<object class="MixerBusPanner" id="{cb79363f-81f4-4c2d-a3d2-2b37663a4fc8}" />
	<object class="MultiSound" id="{843f0680-38be-4045-9527-5e9a89929a04}">
		<property name="length">
			<value>2.2977916666666665</value>
		</property>
		<relationship name="sounds">
			<destination>{f63f2a11-8c6e-4b07-84ff-cfac420873a7}</destination>
			<destination>{87f58641-ffd0-4669-a0a5-5244b2efdf14}</destination>
			<destination>{27925c7f-7c1a-4c23-af81-a1f183b88d34}</destination>
			<destination>{1df85571-a6fb-4738-908e-f2b967c966f2}</destination>
			<destination>{577622c3-2214-447a-93f8-142fcfb031d3}</destination>
		</relationship>
	</object>
	<object class="EventMixerGroup" id="{9444e27b-cbe2-4540-ae19-a48423d3eec9}">
		<property name="name">
			<value>Audio 1</value>
		</property>
		<relationship name="effectChain">
			<destination>{da06bb4b-7dd3-46a6-869c-eaf97ffbbfe2}</destination>
		</relationship>
		<relationship name="panner">
			<destination>{b3bf2203-28b0-49eb-8dc5-78f0eeaf4b16}</destination>
		</relationship>
		<relationship name="output">
			<destination>{6642113f-46a7-4316-b02e-096d3eb8e93b}</destination>
		</relationship>
	</object>
	<object class="MixerBusEffectChain" id="{3d7d9c42-4622-40bc-a886-8e46595ce32a}">
		<relationship name="effects">
			<destination>{9a86c2bc-7a8c-4e8a-8f63-7d5c4bc72369}</destination>
		</relationship>
	</object>
	<object class="MixerBusPanner" id="{db0d44f6-0d8a-4f70-bf2a-687b301d6362}" />
	<object class="MixerBusFader" id="{3040462d-7bb6-4374-bb96-87e7989a437d}" />
	<object class="SingleSound" id="{f63f2a11-8c6e-4b07-84ff-cfac420873a7}">
		<relationship name="audioFile">
			<destination>{e3e8e714-e732-48c8-bd97-cdfe47b02607}</destination>
		</relationship>
	</object>
	<object class="SingleSound" id="{87f58641-ffd0-4669-a0a5-5244b2efdf14}">
		<relationship name="audioFile">
			<destination>{68add4c9-4f25-49cd-bd0a-74f47eb93308}</destination>
		</relationship>
	</object>
	<object class="SingleSound" id="{27925c7f-7c1a-4c23-af81-a1f183b88d34}">
		<relationship name="audioFile">
			<destination>{cf97ce0e-8d9f-4ad0-a32a-9b9c54250322}</destination>
		</relationship>
	</object>
	<object class="SingleSound" id="{1df85571-a6fb-4738-908e-f2b967c966f2}">
		<relationship name="audioFile">
			<destination>{3b2b9a53-f561-43e2-a1c5-32a6768f68b7}</destination>
		</relationship>
	</object>
	<object class="SingleSound" id="{577622c3-2214-447a-93f8-142fcfb031d3}">
		<relationship name="audioFile">
			<destination>{49761f4f-e091-43b4-8a54-3b572c2e1b0b}</destination>
		</relationship>
	</object>
	<object class="MixerBusEffectChain" id="{da06bb4b-7dd3-46a6-869c-eaf97ffbbfe2}">
		<relationship name="effects">
			<destination>{f6a82cf4-50bc-474d-8b1d-30559301019f}</destination>
		</relationship>
	</object>
	<object class="MixerBusPanner" id="{b3bf2203-28b0-49eb-8dc5-78f0eeaf4b16}" />
	<object class="MixerBusFader" id="{9a86c2bc-7a8c-4e8a-8f63-7d5c4bc72369}" />
	<object class="MixerBusFader" id="{f6a82cf4-50bc-474d-8b1d-30559301019f}" />
</objects>
