<?xml version="1.0" encoding="UTF-8"?>
<objects serializationModel="Studio.02.01.00">
	<object class="Event" id="{14837183-92ee-4c0d-9827-b6c5f224218c}">
		<property name="name">
			<value>Assigned</value>
		</property>
		<property name="outputFormat">
			<value>0</value>
		</property>
		<relationship name="folder">
			<destination>{3ed0b043-54d4-4f8f-ad1d-22ac9148f98a}</destination>
		</relationship>
		<relationship name="mixer">
			<destination>{3c6004fb-dcb5-4502-9015-740618aa3669}</destination>
		</relationship>
		<relationship name="masterTrack">
			<destination>{fe9e9c76-c312-4811-9c8f-e0454a256084}</destination>
		</relationship>
		<relationship name="mixerInput">
			<destination>{2cfce1c9-0327-46c9-8f21-4150e72a8559}</destination>
		</relationship>
		<relationship name="automatableProperties">
			<destination>{f7e72707-4dfe-4035-9425-12ba347e1f94}</destination>
		</relationship>
		<relationship name="markerTracks">
			<destination>{fb9302c0-d386-4309-8fb2-d2dfeb9526df}</destination>
		</relationship>
		<relationship name="groupTracks">
			<destination>{949c0887-4146-4428-aa83-d2912fc0347f}</destination>
		</relationship>
		<relationship name="timeline">
			<destination>{ab4e39b9-d20c-48f9-a08a-d5519b0711ab}</destination>
		</relationship>
		<relationship name="banks">
			<destination>{8c3f9de4-14c8-4279-a712-2040780fff61}</destination>
		</relationship>
	</object>
	<object class="EventMixer" id="{3c6004fb-dcb5-4502-9015-740618aa3669}">
		<relationship name="masterBus">
			<destination>{c9c27446-fb60-4664-9446-50043a665e77}</destination>
		</relationship>
	</object>
	<object class="MasterTrack" id="{fe9e9c76-c312-4811-9c8f-e0454a256084}">
		<relationship name="mixerGroup">
			<destination>{c9c27446-fb60-4664-9446-50043a665e77}</destination>
		</relationship>
	</object>
	<object class="MixerInput" id="{2cfce1c9-0327-46c9-8f21-4150e72a8559}">
		<relationship name="effectChain">
			<destination>{0ab5b66d-3076-4579-b008-d4b6315d77c6}</destination>
		</relationship>
		<relationship name="panner">
			<destination>{873b9b7e-5a77-48bb-ac72-3f94447e789d}</destination>
		</relationship>
		<relationship name="output">
			<destination>{a74bdffc-cbb2-488b-ae3c-038020e1273d}</destination>
		</relationship>
	</object>
	<object class="EventAutomatableProperties" id="{f7e72707-4dfe-4035-9425-12ba347e1f94}" />
	<object class="MarkerTrack" id="{fb9302c0-d386-4309-8fb2-d2dfeb9526df}" />
	<object class="GroupTrack" id="{949c0887-4146-4428-aa83-d2912fc0347f}">
		<relationship name="modules">
			<destination>{da7c9c69-13e8-40b0-970c-9542c1443709}</destination>
		</relationship>
		<relationship name="mixerGroup">
			<destination>{4025fa8d-a310-4554-84bf-897268223fc5}</destination>
		</relationship>
	</object>
	<object class="Timeline" id="{ab4e39b9-d20c-48f9-a08a-d5519b0711ab}">
		<relationship name="modules">
			<destination>{da7c9c69-13e8-40b0-970c-9542c1443709}</destination>
		</relationship>
	</object>
	<object class="EventMixerMaster" id="{c9c27446-fb60-4664-9446-50043a665e77}">
		<relationship name="effectChain">
			<destination>{a236250f-4630-4480-848f-3aa5dcf479a5}</destination>
		</relationship>
		<relationship name="panner">
			<destination>{689f3e1a-c3f0-4e97-be4f-5b495f10cb96}</destination>
		</relationship>
		<relationship name="mixer">
			<destination>{3c6004fb-dcb5-4502-9015-740618aa3669}</destination>
		</relationship>
	</object>
	<object class="MixerBusEffectChain" id="{0ab5b66d-3076-4579-b008-d4b6315d77c6}">
		<relationship name="effects">
			<destination>{074fe545-1c9c-479a-8e31-c284d33b42b1}</destination>
		</relationship>
	</object>
	<object class="MixerBusPanner" id="{873b9b7e-5a77-48bb-ac72-3f94447e789d}" />
	<object class="MultiSound" id="{da7c9c69-13e8-40b0-970c-9542c1443709}">
		<property name="length">
			<value>1.5814166666666667</value>
		</property>
		<relationship name="sounds">
			<destination>{85496a0e-5e94-4b4c-936a-a9aba1c38954}</destination>
			<destination>{fa1592e2-1536-430e-9010-98ec5d517142}</destination>
			<destination>{5c156e7c-ab32-452c-9a35-39692eb05cea}</destination>
		</relationship>
	</object>
	<object class="EventMixerGroup" id="{4025fa8d-a310-4554-84bf-897268223fc5}">
		<property name="name">
			<value>Audio 1</value>
		</property>
		<relationship name="effectChain">
			<destination>{e640aff4-59c0-48c0-be85-a1bc1bc5f390}</destination>
		</relationship>
		<relationship name="panner">
			<destination>{c9622c9c-a990-4a75-85fb-075cda887ab6}</destination>
		</relationship>
		<relationship name="output">
			<destination>{c9c27446-fb60-4664-9446-50043a665e77}</destination>
		</relationship>
	</object>
	<object class="MixerBusEffectChain" id="{a236250f-4630-4480-848f-3aa5dcf479a5}">
		<relationship name="effects">
			<destination>{d351cd22-a02e-43f0-90fa-0e1ee2925222}</destination>
		</relationship>
	</object>
	<object class="MixerBusPanner" id="{689f3e1a-c3f0-4e97-be4f-5b495f10cb96}" />
	<object class="MixerBusFader" id="{074fe545-1c9c-479a-8e31-c284d33b42b1}" />
	<object class="SingleSound" id="{85496a0e-5e94-4b4c-936a-a9aba1c38954}">
		<relationship name="audioFile">
			<destination>{60a34a2e-6e1b-4324-92d4-ed77d8e51035}</destination>
		</relationship>
	</object>
	<object class="SingleSound" id="{fa1592e2-1536-430e-9010-98ec5d517142}">
		<relationship name="audioFile">
			<destination>{0f374b09-d3d6-4aeb-8275-ca525a767a81}</destination>
		</relationship>
	</object>
	<object class="SingleSound" id="{5c156e7c-ab32-452c-9a35-39692eb05cea}">
		<relationship name="audioFile">
			<destination>{2f954994-fd21-4e74-9c95-1f1d8f14cbfa}</destination>
		</relationship>
	</object>
	<object class="MixerBusEffectChain" id="{e640aff4-59c0-48c0-be85-a1bc1bc5f390}">
		<relationship name="effects">
			<destination>{cdfb5e65-d6ca-47bb-aaf9-bc360ab93f57}</destination>
		</relationship>
	</object>
	<object class="MixerBusPanner" id="{c9622c9c-a990-4a75-85fb-075cda887ab6}" />
	<object class="MixerBusFader" id="{d351cd22-a02e-43f0-90fa-0e1ee2925222}" />
	<object class="MixerBusFader" id="{cdfb5e65-d6ca-47bb-aaf9-bc360ab93f57}" />
</objects>
