<?xml version="1.0" encoding="UTF-8"?>
<objects serializationModel="Studio.02.01.00">
	<object class="Event" id="{14869896-7c6c-40e7-a265-685e74853f40}">
		<property name="name">
			<value>Assigned</value>
		</property>
		<property name="outputFormat">
			<value>0</value>
		</property>
		<relationship name="folder">
			<destination>{974c6980-00fb-4642-9467-f9769171a20d}</destination>
		</relationship>
		<relationship name="mixer">
			<destination>{023021e5-5057-4a39-950a-4f688a2c96db}</destination>
		</relationship>
		<relationship name="masterTrack">
			<destination>{1e1db3a6-d41a-4d17-9576-9858651a8a16}</destination>
		</relationship>
		<relationship name="mixerInput">
			<destination>{43bcd0ec-efe3-469b-b7c1-a388b96587c4}</destination>
		</relationship>
		<relationship name="automatableProperties">
			<destination>{d0150bd5-8a2c-48f8-9b53-dc4780eae2a9}</destination>
		</relationship>
		<relationship name="markerTracks">
			<destination>{d056cd13-6626-41cc-8d86-60d3fd597d0f}</destination>
		</relationship>
		<relationship name="groupTracks">
			<destination>{014a2c46-91d4-4b2d-a7cb-7765ddebaf9c}</destination>
		</relationship>
		<relationship name="timeline">
			<destination>{c1aaccd6-0579-442c-92f1-69558a45a3aa}</destination>
		</relationship>
		<relationship name="banks">
			<destination>{8c3f9de4-14c8-4279-a712-2040780fff61}</destination>
		</relationship>
	</object>
	<object class="EventMixer" id="{023021e5-5057-4a39-950a-4f688a2c96db}">
		<relationship name="masterBus">
			<destination>{1f2703b4-bb79-46f3-87c2-22071db88339}</destination>
		</relationship>
	</object>
	<object class="MasterTrack" id="{1e1db3a6-d41a-4d17-9576-9858651a8a16}">
		<relationship name="mixerGroup">
			<destination>{1f2703b4-bb79-46f3-87c2-22071db88339}</destination>
		</relationship>
	</object>
	<object class="MixerInput" id="{43bcd0ec-efe3-469b-b7c1-a388b96587c4}">
		<relationship name="effectChain">
			<destination>{661be1b8-7a16-432b-bbdb-1c3d4ed6d1be}</destination>
		</relationship>
		<relationship name="panner">
			<destination>{16227e8c-316b-4002-a7b0-3da8326f4518}</destination>
		</relationship>
		<relationship name="output">
			<destination>{a74bdffc-cbb2-488b-ae3c-038020e1273d}</destination>
		</relationship>
	</object>
	<object class="EventAutomatableProperties" id="{d0150bd5-8a2c-48f8-9b53-dc4780eae2a9}" />
	<object class="MarkerTrack" id="{d056cd13-6626-41cc-8d86-60d3fd597d0f}" />
	<object class="GroupTrack" id="{014a2c46-91d4-4b2d-a7cb-7765ddebaf9c}">
		<relationship name="modules">
			<destination>{f0c84c3d-a741-4999-9e22-a4501887eff8}</destination>
		</relationship>
		<relationship name="mixerGroup">
			<destination>{b3e23cfa-8d9d-490b-8733-be90cc0760ed}</destination>
		</relationship>
	</object>
	<object class="Timeline" id="{c1aaccd6-0579-442c-92f1-69558a45a3aa}">
		<relationship name="modules">
			<destination>{f0c84c3d-a741-4999-9e22-a4501887eff8}</destination>
		</relationship>
	</object>
	<object class="EventMixerMaster" id="{1f2703b4-bb79-46f3-87c2-22071db88339}">
		<relationship name="effectChain">
			<destination>{e296c755-b9b9-4f3a-b53b-9220d6605663}</destination>
		</relationship>
		<relationship name="panner">
			<destination>{f7198fc5-28f2-4517-80d4-4919f173b6a3}</destination>
		</relationship>
		<relationship name="mixer">
			<destination>{023021e5-5057-4a39-950a-4f688a2c96db}</destination>
		</relationship>
	</object>
	<object class="MixerBusEffectChain" id="{661be1b8-7a16-432b-bbdb-1c3d4ed6d1be}">
		<relationship name="effects">
			<destination>{6d43cc9e-faca-4ff7-9728-4cd5ddd07b8c}</destination>
		</relationship>
	</object>
	<object class="MixerBusPanner" id="{16227e8c-316b-4002-a7b0-3da8326f4518}" />
	<object class="MultiSound" id="{f0c84c3d-a741-4999-9e22-a4501887eff8}">
		<property name="length">
			<value>1.6227291666666666</value>
		</property>
		<relationship name="sounds">
			<destination>{bf1ca726-caab-49b7-b8e4-3810a09e9142}</destination>
			<destination>{38718d21-276b-4d36-ac04-c5a6d8673f96}</destination>
			<destination>{2fd4f35f-98e3-447b-81ca-af7ce1dbd772}</destination>
		</relationship>
	</object>
	<object class="EventMixerGroup" id="{b3e23cfa-8d9d-490b-8733-be90cc0760ed}">
		<property name="name">
			<value>Audio 1</value>
		</property>
		<relationship name="effectChain">
			<destination>{eb486e6e-79d7-4471-9c8f-d4647487f46d}</destination>
		</relationship>
		<relationship name="panner">
			<destination>{31978eaf-afca-45f7-a108-b0fe042ae9e4}</destination>
		</relationship>
		<relationship name="output">
			<destination>{1f2703b4-bb79-46f3-87c2-22071db88339}</destination>
		</relationship>
	</object>
	<object class="MixerBusEffectChain" id="{e296c755-b9b9-4f3a-b53b-9220d6605663}">
		<relationship name="effects">
			<destination>{2be8336c-9a38-4887-ab3a-537045e3f769}</destination>
		</relationship>
	</object>
	<object class="MixerBusPanner" id="{f7198fc5-28f2-4517-80d4-4919f173b6a3}" />
	<object class="MixerBusFader" id="{6d43cc9e-faca-4ff7-9728-4cd5ddd07b8c}" />
	<object class="SingleSound" id="{bf1ca726-caab-49b7-b8e4-3810a09e9142}">
		<relationship name="audioFile">
			<destination>{b2625ae4-741a-4b68-ab89-a1917a5e4aab}</destination>
		</relationship>
	</object>
	<object class="SingleSound" id="{38718d21-276b-4d36-ac04-c5a6d8673f96}">
		<relationship name="audioFile">
			<destination>{d8f2341e-fe3f-4213-ab2f-3c1de6ceb981}</destination>
		</relationship>
	</object>
	<object class="SingleSound" id="{2fd4f35f-98e3-447b-81ca-af7ce1dbd772}">
		<relationship name="audioFile">
			<destination>{2664fd6b-3156-4f47-9ebb-d73404efe6a9}</destination>
		</relationship>
	</object>
	<object class="MixerBusEffectChain" id="{eb486e6e-79d7-4471-9c8f-d4647487f46d}">
		<relationship name="effects">
			<destination>{458a8e2f-983d-4912-b051-7c7f70e6c46b}</destination>
		</relationship>
	</object>
	<object class="MixerBusPanner" id="{31978eaf-afca-45f7-a108-b0fe042ae9e4}" />
	<object class="MixerBusFader" id="{2be8336c-9a38-4887-ab3a-537045e3f769}" />
	<object class="MixerBusFader" id="{458a8e2f-983d-4912-b051-7c7f70e6c46b}" />
</objects>
