<?xml version="1.0" encoding="UTF-8"?>
<objects serializationModel="Studio.02.01.00">
	<object class="Event" id="{1487af61-f394-43c7-9a23-30755697198e}">
		<property name="name">
			<value>Assigned</value>
		</property>
		<property name="outputFormat">
			<value>0</value>
		</property>
		<relationship name="folder">
			<destination>{a6e8ad48-cad8-49b1-b3a1-3432a251787c}</destination>
		</relationship>
		<relationship name="mixer">
			<destination>{e62fb400-e428-460d-ae19-acadf43c9195}</destination>
		</relationship>
		<relationship name="masterTrack">
			<destination>{a79d9c65-3b67-4e29-a992-a04d5e970ced}</destination>
		</relationship>
		<relationship name="mixerInput">
			<destination>{1f3f8ff4-a956-48c2-9a0f-0187d77e320d}</destination>
		</relationship>
		<relationship name="automatableProperties">
			<destination>{9d207ad6-4ff8-405d-a46c-949f8df04c49}</destination>
		</relationship>
		<relationship name="markerTracks">
			<destination>{c5bfc7ad-7f0e-4913-8ca5-2583152ddc5f}</destination>
		</relationship>
		<relationship name="groupTracks">
			<destination>{7f35aa9b-d1df-4361-9bbd-ee115fe298e2}</destination>
		</relationship>
		<relationship name="timeline">
			<destination>{a4e206d8-f47f-4783-bc19-31fe884272d6}</destination>
		</relationship>
		<relationship name="banks">
			<destination>{8c3f9de4-14c8-4279-a712-2040780fff61}</destination>
		</relationship>
	</object>
	<object class="EventMixer" id="{e62fb400-e428-460d-ae19-acadf43c9195}">
		<relationship name="masterBus">
			<destination>{611d3298-df1d-49ba-85c6-a475c3f4b7d8}</destination>
		</relationship>
	</object>
	<object class="MasterTrack" id="{a79d9c65-3b67-4e29-a992-a04d5e970ced}">
		<relationship name="mixerGroup">
			<destination>{611d3298-df1d-49ba-85c6-a475c3f4b7d8}</destination>
		</relationship>
	</object>
	<object class="MixerInput" id="{1f3f8ff4-a956-48c2-9a0f-0187d77e320d}">
		<relationship name="effectChain">
			<destination>{0793003a-4325-453d-a939-c5de71075f38}</destination>
		</relationship>
		<relationship name="panner">
			<destination>{5df9e233-edda-4628-a7da-e8f6855b2d18}</destination>
		</relationship>
		<relationship name="output">
			<destination>{a74bdffc-cbb2-488b-ae3c-038020e1273d}</destination>
		</relationship>
	</object>
	<object class="EventAutomatableProperties" id="{9d207ad6-4ff8-405d-a46c-949f8df04c49}" />
	<object class="MarkerTrack" id="{c5bfc7ad-7f0e-4913-8ca5-2583152ddc5f}" />
	<object class="GroupTrack" id="{7f35aa9b-d1df-4361-9bbd-ee115fe298e2}">
		<relationship name="modules">
			<destination>{b7fbaa52-5ef7-4f55-bd39-04548ac1f4bb}</destination>
		</relationship>
		<relationship name="mixerGroup">
			<destination>{44ab3654-d159-41d8-9be4-c8295be782fd}</destination>
		</relationship>
	</object>
	<object class="Timeline" id="{a4e206d8-f47f-4783-bc19-31fe884272d6}">
		<relationship name="modules">
			<destination>{b7fbaa52-5ef7-4f55-bd39-04548ac1f4bb}</destination>
		</relationship>
	</object>
	<object class="EventMixerMaster" id="{611d3298-df1d-49ba-85c6-a475c3f4b7d8}">
		<relationship name="effectChain">
			<destination>{5ea39a59-6657-44fc-8f2b-bc702f0b112d}</destination>
		</relationship>
		<relationship name="panner">
			<destination>{df8cb6e6-f20b-4001-82f8-2471149eafaf}</destination>
		</relationship>
		<relationship name="mixer">
			<destination>{e62fb400-e428-460d-ae19-acadf43c9195}</destination>
		</relationship>
	</object>
	<object class="MixerBusEffectChain" id="{0793003a-4325-453d-a939-c5de71075f38}">
		<relationship name="effects">
			<destination>{f106e4a4-ba0d-4a7c-b07b-ada37af09e3b}</destination>
		</relationship>
	</object>
	<object class="MixerBusPanner" id="{5df9e233-edda-4628-a7da-e8f6855b2d18}" />
	<object class="MultiSound" id="{b7fbaa52-5ef7-4f55-bd39-04548ac1f4bb}">
		<property name="length">
			<value>1.776875</value>
		</property>
		<relationship name="sounds">
			<destination>{8f4e7b9e-37b1-4e4c-85fd-cfc8d894b2e1}</destination>
			<destination>{138f3172-d878-4326-a914-33443b40e32a}</destination>
			<destination>{f7112b62-0585-4a8d-9ad9-00dbe5532286}</destination>
			<destination>{0d9795b1-4b84-4c95-ad8d-2be8248f8ae7}</destination>
			<destination>{cf72b9ef-64fe-4df3-8a34-e09f48d9e6b1}</destination>
			<destination>{e23e6975-c673-4b3c-a621-614b383b40e3}</destination>
		</relationship>
	</object>
	<object class="EventMixerGroup" id="{44ab3654-d159-41d8-9be4-c8295be782fd}">
		<property name="name">
			<value>Audio 1</value>
		</property>
		<relationship name="effectChain">
			<destination>{f1c16e45-d841-4571-bf8f-60f80760dcd9}</destination>
		</relationship>
		<relationship name="panner">
			<destination>{67254b24-7451-4e14-a3d6-684f8ae69bce}</destination>
		</relationship>
		<relationship name="output">
			<destination>{611d3298-df1d-49ba-85c6-a475c3f4b7d8}</destination>
		</relationship>
	</object>
	<object class="MixerBusEffectChain" id="{5ea39a59-6657-44fc-8f2b-bc702f0b112d}">
		<relationship name="effects">
			<destination>{a071195e-a9ff-498e-a11d-087e302ef0b8}</destination>
		</relationship>
	</object>
	<object class="MixerBusPanner" id="{df8cb6e6-f20b-4001-82f8-2471149eafaf}" />
	<object class="MixerBusFader" id="{f106e4a4-ba0d-4a7c-b07b-ada37af09e3b}" />
	<object class="SingleSound" id="{8f4e7b9e-37b1-4e4c-85fd-cfc8d894b2e1}">
		<relationship name="audioFile">
			<destination>{85e06eed-35c0-4c65-9538-6b577b783b6a}</destination>
		</relationship>
	</object>
	<object class="SingleSound" id="{138f3172-d878-4326-a914-33443b40e32a}">
		<relationship name="audioFile">
			<destination>{fc4e6f0b-8bd4-46bf-8585-cf9748805b14}</destination>
		</relationship>
	</object>
	<object class="SingleSound" id="{f7112b62-0585-4a8d-9ad9-00dbe5532286}">
		<relationship name="audioFile">
			<destination>{8d75010b-7404-40f0-850e-8af59892e4a9}</destination>
		</relationship>
	</object>
	<object class="SingleSound" id="{0d9795b1-4b84-4c95-ad8d-2be8248f8ae7}">
		<relationship name="audioFile">
			<destination>{b55e66a4-8824-49ba-8d5d-51b84f3b84f0}</destination>
		</relationship>
	</object>
	<object class="SingleSound" id="{cf72b9ef-64fe-4df3-8a34-e09f48d9e6b1}">
		<relationship name="audioFile">
			<destination>{7a461784-4e99-429a-b12d-59e8e96a62cc}</destination>
		</relationship>
	</object>
	<object class="SingleSound" id="{e23e6975-c673-4b3c-a621-614b383b40e3}">
		<relationship name="audioFile">
			<destination>{e0a25fc5-e2b8-40ce-9540-e2800d266639}</destination>
		</relationship>
	</object>
	<object class="MixerBusEffectChain" id="{f1c16e45-d841-4571-bf8f-60f80760dcd9}">
		<relationship name="effects">
			<destination>{52e53ed7-0145-478c-a289-ad1aab99b194}</destination>
		</relationship>
	</object>
	<object class="MixerBusPanner" id="{67254b24-7451-4e14-a3d6-684f8ae69bce}" />
	<object class="MixerBusFader" id="{a071195e-a9ff-498e-a11d-087e302ef0b8}" />
	<object class="MixerBusFader" id="{52e53ed7-0145-478c-a289-ad1aab99b194}" />
</objects>
