<?xml version="1.0" encoding="UTF-8"?>
<objects serializationModel="Studio.02.01.00">
	<object class="Event" id="{14a21537-c636-4961-b334-a48ab724b057}">
		<property name="name">
			<value>Faction_ObjectiveQuote_Exploit_28</value>
		</property>
		<property name="outputFormat">
			<value>0</value>
		</property>
		<relationship name="folder">
			<destination>{158ad337-8269-4a32-865c-d3c458683eff}</destination>
		</relationship>
		<relationship name="mixer">
			<destination>{98c87bf3-622c-47a7-9b06-7b06a23cb6de}</destination>
		</relationship>
		<relationship name="masterTrack">
			<destination>{92179461-c844-4636-85b2-624600b1e9c0}</destination>
		</relationship>
		<relationship name="mixerInput">
			<destination>{111d4697-62f1-44c7-9a93-ec4495498425}</destination>
		</relationship>
		<relationship name="automatableProperties">
			<destination>{cd03b468-b9f3-4af9-8329-b3348854aa65}</destination>
		</relationship>
		<relationship name="markerTracks">
			<destination>{429efed9-6cea-44f4-83ec-80317194de7c}</destination>
		</relationship>
		<relationship name="groupTracks">
			<destination>{5f696a60-8f06-40ce-8c36-053f13a2adb9}</destination>
		</relationship>
		<relationship name="timeline">
			<destination>{edb256a7-d4b6-41f7-8168-534d7619ba35}</destination>
		</relationship>
		<relationship name="banks">
			<destination>{8c3f9de4-14c8-4279-a712-2040780fff61}</destination>
		</relationship>
	</object>
	<object class="EventMixer" id="{98c87bf3-622c-47a7-9b06-7b06a23cb6de}">
		<relationship name="masterBus">
			<destination>{a14440e8-9b03-43f7-93eb-160c54633a11}</destination>
		</relationship>
	</object>
	<object class="MasterTrack" id="{92179461-c844-4636-85b2-624600b1e9c0}">
		<relationship name="mixerGroup">
			<destination>{a14440e8-9b03-43f7-93eb-160c54633a11}</destination>
		</relationship>
	</object>
	<object class="MixerInput" id="{111d4697-62f1-44c7-9a93-ec4495498425}">
		<relationship name="effectChain">
			<destination>{2f0905c5-028f-4a50-8e1a-7fc67484593d}</destination>
		</relationship>
		<relationship name="panner">
			<destination>{ad313b9d-80a5-4682-9413-092a3ec48c33}</destination>
		</relationship>
		<relationship name="output">
			<destination>{a74bdffc-cbb2-488b-ae3c-038020e1273d}</destination>
		</relationship>
	</object>
	<object class="EventAutomatableProperties" id="{cd03b468-b9f3-4af9-8329-b3348854aa65}" />
	<object class="MarkerTrack" id="{429efed9-6cea-44f4-83ec-80317194de7c}" />
	<object class="GroupTrack" id="{5f696a60-8f06-40ce-8c36-053f13a2adb9}">
		<relationship name="modules">
			<destination>{fa40de8b-ddf2-40af-a4da-0fad1cc58479}</destination>
		</relationship>
		<relationship name="mixerGroup">
			<destination>{ca26f279-20b0-4e78-b34a-7b2633de03e9}</destination>
		</relationship>
	</object>
	<object class="Timeline" id="{edb256a7-d4b6-41f7-8168-534d7619ba35}">
		<relationship name="modules">
			<destination>{fa40de8b-ddf2-40af-a4da-0fad1cc58479}</destination>
		</relationship>
	</object>
	<object class="EventMixerMaster" id="{a14440e8-9b03-43f7-93eb-160c54633a11}">
		<relationship name="effectChain">
			<destination>{7d3aca97-0ee7-4d2d-89bf-24d4e7982b2c}</destination>
		</relationship>
		<relationship name="panner">
			<destination>{6e2cdb77-5271-4ac0-8611-801c6516e3bb}</destination>
		</relationship>
		<relationship name="mixer">
			<destination>{98c87bf3-622c-47a7-9b06-7b06a23cb6de}</destination>
		</relationship>
	</object>
	<object class="MixerBusEffectChain" id="{2f0905c5-028f-4a50-8e1a-7fc67484593d}">
		<relationship name="effects">
			<destination>{b7082bd5-7f3b-419e-ab35-5c93225e4ef3}</destination>
		</relationship>
	</object>
	<object class="MixerBusPanner" id="{ad313b9d-80a5-4682-9413-092a3ec48c33}" />
	<object class="SingleSound" id="{fa40de8b-ddf2-40af-a4da-0fad1cc58479}">
		<property name="length">
			<value>2.2090000000000001</value>
		</property>
		<relationship name="audioFile">
			<destination>{2f48c92d-785f-4d08-8b75-9c40a257757b}</destination>
		</relationship>
	</object>
	<object class="EventMixerGroup" id="{ca26f279-20b0-4e78-b34a-7b2633de03e9}">
		<property name="name">
			<value>Audio 1</value>
		</property>
		<relationship name="effectChain">
			<destination>{b288d0ab-6a95-4338-9d16-670b2e276c5e}</destination>
		</relationship>
		<relationship name="panner">
			<destination>{7b5318d1-5e8b-4cfb-b4be-489d2cf487de}</destination>
		</relationship>
		<relationship name="output">
			<destination>{a14440e8-9b03-43f7-93eb-160c54633a11}</destination>
		</relationship>
	</object>
	<object class="MixerBusEffectChain" id="{7d3aca97-0ee7-4d2d-89bf-24d4e7982b2c}">
		<relationship name="effects">
			<destination>{9f7b3817-d4b8-4395-a887-d50479e072bd}</destination>
		</relationship>
	</object>
	<object class="MixerBusPanner" id="{6e2cdb77-5271-4ac0-8611-801c6516e3bb}" />
	<object class="MixerBusFader" id="{b7082bd5-7f3b-419e-ab35-5c93225e4ef3}" />
	<object class="MixerBusEffectChain" id="{b288d0ab-6a95-4338-9d16-670b2e276c5e}">
		<relationship name="effects">
			<destination>{348c242e-b3ed-4c7b-9209-d88028f3b70e}</destination>
		</relationship>
	</object>
	<object class="MixerBusPanner" id="{7b5318d1-5e8b-4cfb-b4be-489d2cf487de}" />
	<object class="MixerBusFader" id="{9f7b3817-d4b8-4395-a887-d50479e072bd}" />
	<object class="MixerBusFader" id="{348c242e-b3ed-4c7b-9209-d88028f3b70e}" />
</objects>
