<?xml version="1.0" encoding="UTF-8"?>
<objects serializationModel="Studio.02.01.00">
	<object class="Event" id="{14aaa820-d583-4403-8f1b-e5f6f9955f06}">
		<property name="name">
			<value>Failure</value>
		</property>
		<property name="outputFormat">
			<value>0</value>
		</property>
		<relationship name="folder">
			<destination>{fcaa322e-91a1-457d-828d-b2c15d95b601}</destination>
		</relationship>
		<relationship name="mixer">
			<destination>{ab1144d7-5de8-4afc-a473-42a859f3b041}</destination>
		</relationship>
		<relationship name="masterTrack">
			<destination>{519588ff-2723-4b08-b467-1e8220058620}</destination>
		</relationship>
		<relationship name="mixerInput">
			<destination>{b51675dd-cf14-4cdf-a447-2b7875c4c315}</destination>
		</relationship>
		<relationship name="automatableProperties">
			<destination>{ebf7bff0-83a3-4b17-b18f-209e9cb007c4}</destination>
		</relationship>
		<relationship name="markerTracks">
			<destination>{f2ccbb18-3f07-412a-93f8-b85ee31a09da}</destination>
		</relationship>
		<relationship name="groupTracks">
			<destination>{b0d6918e-6775-4451-bc5f-abb275738d21}</destination>
		</relationship>
		<relationship name="timeline">
			<destination>{f4eef580-3bb6-466b-bccc-7e4bf6f6bb97}</destination>
		</relationship>
		<relationship name="banks">
			<destination>{8c3f9de4-14c8-4279-a712-2040780fff61}</destination>
		</relationship>
	</object>
	<object class="EventMixer" id="{ab1144d7-5de8-4afc-a473-42a859f3b041}">
		<relationship name="masterBus">
			<destination>{60f9528a-70e6-4eff-9ffc-2e26e99834e8}</destination>
		</relationship>
	</object>
	<object class="MasterTrack" id="{519588ff-2723-4b08-b467-1e8220058620}">
		<relationship name="mixerGroup">
			<destination>{60f9528a-70e6-4eff-9ffc-2e26e99834e8}</destination>
		</relationship>
	</object>
	<object class="MixerInput" id="{b51675dd-cf14-4cdf-a447-2b7875c4c315}">
		<relationship name="effectChain">
			<destination>{612ffb40-3e96-4149-b5a9-816d0e1b47ad}</destination>
		</relationship>
		<relationship name="panner">
			<destination>{e6c44da2-2a07-437a-86ce-a35cfb4e0e05}</destination>
		</relationship>
		<relationship name="output">
			<destination>{a74bdffc-cbb2-488b-ae3c-038020e1273d}</destination>
		</relationship>
	</object>
	<object class="EventAutomatableProperties" id="{ebf7bff0-83a3-4b17-b18f-209e9cb007c4}" />
	<object class="MarkerTrack" id="{f2ccbb18-3f07-412a-93f8-b85ee31a09da}" />
	<object class="GroupTrack" id="{b0d6918e-6775-4451-bc5f-abb275738d21}">
		<relationship name="modules">
			<destination>{24233b66-b275-4b9f-8115-71e4e01652e2}</destination>
		</relationship>
		<relationship name="mixerGroup">
			<destination>{c3470d74-9bf7-4e9a-9818-fd33957803d8}</destination>
		</relationship>
	</object>
	<object class="Timeline" id="{f4eef580-3bb6-466b-bccc-7e4bf6f6bb97}">
		<relationship name="modules">
			<destination>{24233b66-b275-4b9f-8115-71e4e01652e2}</destination>
		</relationship>
	</object>
	<object class="EventMixerMaster" id="{60f9528a-70e6-4eff-9ffc-2e26e99834e8}">
		<relationship name="effectChain">
			<destination>{b4a3a022-d6dc-413c-bddf-95bf648a77ac}</destination>
		</relationship>
		<relationship name="panner">
			<destination>{90204901-8f3d-48a0-8326-9004f3175091}</destination>
		</relationship>
		<relationship name="mixer">
			<destination>{ab1144d7-5de8-4afc-a473-42a859f3b041}</destination>
		</relationship>
	</object>
	<object class="MixerBusEffectChain" id="{612ffb40-3e96-4149-b5a9-816d0e1b47ad}">
		<relationship name="effects">
			<destination>{82611b67-3f21-44df-99a7-fc7f061ad2bd}</destination>
		</relationship>
	</object>
	<object class="MixerBusPanner" id="{e6c44da2-2a07-437a-86ce-a35cfb4e0e05}" />
	<object class="MultiSound" id="{24233b66-b275-4b9f-8115-71e4e01652e2}">
		<property name="length">
			<value>2.2977916666666665</value>
		</property>
		<relationship name="sounds">
			<destination>{2419c636-d3d0-4a0b-bf8c-12b7efb1fe45}</destination>
			<destination>{2a87b409-2f1d-4d30-8d09-66b6e78ade40}</destination>
			<destination>{49a38e8a-3a14-466c-bbf4-8214bd79f4ce}</destination>
		</relationship>
	</object>
	<object class="EventMixerGroup" id="{c3470d74-9bf7-4e9a-9818-fd33957803d8}">
		<property name="name">
			<value>Audio 1</value>
		</property>
		<relationship name="effectChain">
			<destination>{ca487822-df7d-48e7-bd0d-08b2d92d1ccf}</destination>
		</relationship>
		<relationship name="panner">
			<destination>{9a0b92dd-f956-4757-8c9e-e3e5e375e3ea}</destination>
		</relationship>
		<relationship name="output">
			<destination>{60f9528a-70e6-4eff-9ffc-2e26e99834e8}</destination>
		</relationship>
	</object>
	<object class="MixerBusEffectChain" id="{b4a3a022-d6dc-413c-bddf-95bf648a77ac}">
		<relationship name="effects">
			<destination>{00c1a25c-a8a7-419a-b106-8364aa191bbb}</destination>
		</relationship>
	</object>
	<object class="MixerBusPanner" id="{90204901-8f3d-48a0-8326-9004f3175091}" />
	<object class="MixerBusFader" id="{82611b67-3f21-44df-99a7-fc7f061ad2bd}" />
	<object class="SingleSound" id="{2419c636-d3d0-4a0b-bf8c-12b7efb1fe45}">
		<relationship name="audioFile">
			<destination>{f7ee1ee9-6bf5-4b32-ab63-d8ca293fe955}</destination>
		</relationship>
	</object>
	<object class="SingleSound" id="{2a87b409-2f1d-4d30-8d09-66b6e78ade40}">
		<relationship name="audioFile">
			<destination>{daf197c6-aae9-4b8c-b08d-5f82b179dabb}</destination>
		</relationship>
	</object>
	<object class="SingleSound" id="{49a38e8a-3a14-466c-bbf4-8214bd79f4ce}">
		<relationship name="audioFile">
			<destination>{9feffbcb-54c1-4b5b-90f8-27d817508279}</destination>
		</relationship>
	</object>
	<object class="MixerBusEffectChain" id="{ca487822-df7d-48e7-bd0d-08b2d92d1ccf}">
		<relationship name="effects">
			<destination>{ba13c73f-1e16-48ea-9a88-6ee2101b669d}</destination>
		</relationship>
	</object>
	<object class="MixerBusPanner" id="{9a0b92dd-f956-4757-8c9e-e3e5e375e3ea}" />
	<object class="MixerBusFader" id="{00c1a25c-a8a7-419a-b106-8364aa191bbb}" />
	<object class="MixerBusFader" id="{ba13c73f-1e16-48ea-9a88-6ee2101b669d}" />
</objects>
