<?xml version="1.0" encoding="UTF-8"?>
<objects serializationModel="Studio.02.01.00">
	<object class="Event" id="{14beaa86-e8ab-4bc7-89b0-1eeabd94fd0e}">
		<property name="name">
			<value>Assigned</value>
		</property>
		<property name="outputFormat">
			<value>0</value>
		</property>
		<relationship name="folder">
			<destination>{0dff8482-50fa-496d-9d17-ab82a5f1df75}</destination>
		</relationship>
		<relationship name="mixer">
			<destination>{c1001f58-68d1-4c91-8f43-7f6f275784a3}</destination>
		</relationship>
		<relationship name="masterTrack">
			<destination>{e6a949d0-7ccf-4d74-9ee2-72b41bcb21d9}</destination>
		</relationship>
		<relationship name="mixerInput">
			<destination>{a3979f78-dcca-47cc-bfaa-dab94a4320a9}</destination>
		</relationship>
		<relationship name="automatableProperties">
			<destination>{f3b85799-4d45-4de5-be6a-a36ff73917b6}</destination>
		</relationship>
		<relationship name="markerTracks">
			<destination>{e6a925d3-3674-4990-8af6-b3a01ada86ba}</destination>
		</relationship>
		<relationship name="groupTracks">
			<destination>{9d5943e3-0983-446a-a27d-1eeeb7ff1bcd}</destination>
		</relationship>
		<relationship name="timeline">
			<destination>{f04a0c97-eeb2-4783-ae66-9a207182aa24}</destination>
		</relationship>
		<relationship name="banks">
			<destination>{8c3f9de4-14c8-4279-a712-2040780fff61}</destination>
		</relationship>
	</object>
	<object class="EventMixer" id="{c1001f58-68d1-4c91-8f43-7f6f275784a3}">
		<relationship name="masterBus">
			<destination>{13436912-d786-4a8b-bac2-43f1ffc33089}</destination>
		</relationship>
	</object>
	<object class="MasterTrack" id="{e6a949d0-7ccf-4d74-9ee2-72b41bcb21d9}">
		<relationship name="mixerGroup">
			<destination>{13436912-d786-4a8b-bac2-43f1ffc33089}</destination>
		</relationship>
	</object>
	<object class="MixerInput" id="{a3979f78-dcca-47cc-bfaa-dab94a4320a9}">
		<relationship name="effectChain">
			<destination>{66887b15-f9e1-447a-8662-fa7091f6cb1d}</destination>
		</relationship>
		<relationship name="panner">
			<destination>{b825982c-e6d1-40f1-be85-83a81e3282b9}</destination>
		</relationship>
		<relationship name="output">
			<destination>{a74bdffc-cbb2-488b-ae3c-038020e1273d}</destination>
		</relationship>
	</object>
	<object class="EventAutomatableProperties" id="{f3b85799-4d45-4de5-be6a-a36ff73917b6}" />
	<object class="MarkerTrack" id="{e6a925d3-3674-4990-8af6-b3a01ada86ba}" />
	<object class="GroupTrack" id="{9d5943e3-0983-446a-a27d-1eeeb7ff1bcd}">
		<relationship name="modules">
			<destination>{9dc7d6b4-1a58-41b6-8097-cf4b221555eb}</destination>
		</relationship>
		<relationship name="mixerGroup">
			<destination>{dd2a0279-18ad-4b31-8aa6-aa49c520b26f}</destination>
		</relationship>
	</object>
	<object class="Timeline" id="{f04a0c97-eeb2-4783-ae66-9a207182aa24}">
		<relationship name="modules">
			<destination>{9dc7d6b4-1a58-41b6-8097-cf4b221555eb}</destination>
		</relationship>
	</object>
	<object class="EventMixerMaster" id="{13436912-d786-4a8b-bac2-43f1ffc33089}">
		<relationship name="effectChain">
			<destination>{5b82a18b-b188-4485-8106-55b4b1e4715e}</destination>
		</relationship>
		<relationship name="panner">
			<destination>{3027e4e7-bd50-4b65-9fbb-006ffb2bb083}</destination>
		</relationship>
		<relationship name="mixer">
			<destination>{c1001f58-68d1-4c91-8f43-7f6f275784a3}</destination>
		</relationship>
	</object>
	<object class="MixerBusEffectChain" id="{66887b15-f9e1-447a-8662-fa7091f6cb1d}">
		<relationship name="effects">
			<destination>{ac7faa7e-091a-417e-b71c-3ca5f3954237}</destination>
		</relationship>
	</object>
	<object class="MixerBusPanner" id="{b825982c-e6d1-40f1-be85-83a81e3282b9}" />
	<object class="MultiSound" id="{9dc7d6b4-1a58-41b6-8097-cf4b221555eb}">
		<property name="length">
			<value>2.1054166666666667</value>
		</property>
		<relationship name="sounds">
			<destination>{99d3b053-be11-4746-ba76-76b5532f63e6}</destination>
			<destination>{bb4288a7-4d6e-4745-9e0a-fdf2df1401c9}</destination>
			<destination>{32dc49b6-15ef-456d-981e-6d7cb3dc6050}</destination>
			<destination>{45b6afc1-ba8f-4f4d-86d0-63b9a27f3b14}</destination>
			<destination>{22ac5ea5-1a44-497d-baf3-8a18ca7ee71d}</destination>
		</relationship>
	</object>
	<object class="EventMixerGroup" id="{dd2a0279-18ad-4b31-8aa6-aa49c520b26f}">
		<property name="name">
			<value>Audio 1</value>
		</property>
		<relationship name="effectChain">
			<destination>{603ab0a6-0b70-4bdc-b5ee-9345bf4a927f}</destination>
		</relationship>
		<relationship name="panner">
			<destination>{6e18950a-ea3e-4a2d-823f-5edb425680b3}</destination>
		</relationship>
		<relationship name="output">
			<destination>{13436912-d786-4a8b-bac2-43f1ffc33089}</destination>
		</relationship>
	</object>
	<object class="MixerBusEffectChain" id="{5b82a18b-b188-4485-8106-55b4b1e4715e}">
		<relationship name="effects">
			<destination>{d1fc1dcf-b0f0-43e2-92a3-d3babb41aa07}</destination>
		</relationship>
	</object>
	<object class="MixerBusPanner" id="{3027e4e7-bd50-4b65-9fbb-006ffb2bb083}" />
	<object class="MixerBusFader" id="{ac7faa7e-091a-417e-b71c-3ca5f3954237}" />
	<object class="SingleSound" id="{99d3b053-be11-4746-ba76-76b5532f63e6}">
		<relationship name="audioFile">
			<destination>{18d21d36-8147-48cb-9667-f48f6e879dbf}</destination>
		</relationship>
	</object>
	<object class="SingleSound" id="{bb4288a7-4d6e-4745-9e0a-fdf2df1401c9}">
		<relationship name="audioFile">
			<destination>{b9c61c26-82da-4198-b91c-6b046961c27c}</destination>
		</relationship>
	</object>
	<object class="SingleSound" id="{32dc49b6-15ef-456d-981e-6d7cb3dc6050}">
		<relationship name="audioFile">
			<destination>{5330e8fb-f309-4c63-9971-708e3615a599}</destination>
		</relationship>
	</object>
	<object class="SingleSound" id="{45b6afc1-ba8f-4f4d-86d0-63b9a27f3b14}">
		<relationship name="audioFile">
			<destination>{9f9b4d0d-1fc7-46ab-b9ba-d327aed773a7}</destination>
		</relationship>
	</object>
	<object class="SingleSound" id="{22ac5ea5-1a44-497d-baf3-8a18ca7ee71d}">
		<relationship name="audioFile">
			<destination>{5522a1de-7df9-49a4-b351-10c84d027338}</destination>
		</relationship>
	</object>
	<object class="MixerBusEffectChain" id="{603ab0a6-0b70-4bdc-b5ee-9345bf4a927f}">
		<relationship name="effects">
			<destination>{19d624c8-c447-4da3-9c7a-9a579a245988}</destination>
		</relationship>
	</object>
	<object class="MixerBusPanner" id="{6e18950a-ea3e-4a2d-823f-5edb425680b3}" />
	<object class="MixerBusFader" id="{d1fc1dcf-b0f0-43e2-92a3-d3babb41aa07}" />
	<object class="MixerBusFader" id="{19d624c8-c447-4da3-9c7a-9a579a245988}" />
</objects>
