<?xml version="1.0" encoding="UTF-8"?>
<objects serializationModel="Studio.02.01.00">
	<object class="Event" id="{14cfa32d-ccbd-40ef-b389-3b9fd5546985}">
		<property name="name">
			<value>HumanHabMix</value>
		</property>
		<property name="outputFormat">
			<value>1</value>
		</property>
		<relationship name="folder">
			<destination>{61aad043-b443-4bac-90c1-0c35429bb71d}</destination>
		</relationship>
		<relationship name="mixer">
			<destination>{519ab4f1-6e6e-4d81-8f4b-528f3bf68d60}</destination>
		</relationship>
		<relationship name="masterTrack">
			<destination>{c509e87b-3ec4-46be-a383-3b1cc434c6ff}</destination>
		</relationship>
		<relationship name="mixerInput">
			<destination>{a0d2f56a-6dd5-4770-acae-3b99273d76d4}</destination>
		</relationship>
		<relationship name="automatableProperties">
			<destination>{bafa1743-6e8a-4cec-ab8e-d487d85e2282}</destination>
		</relationship>
		<relationship name="markerTracks">
			<destination>{6e733f6b-35ca-4d95-8379-3a0e46204c31}</destination>
		</relationship>
		<relationship name="groupTracks">
			<destination>{11105981-2263-459a-b4ae-d8a458101258}</destination>
		</relationship>
		<relationship name="timeline">
			<destination>{08dd02d1-86ef-4fe0-87aa-faa503eefc4a}</destination>
		</relationship>
		<relationship name="banks">
			<destination>{09901795-b9b9-4010-a4a3-3011ed4caaa2}</destination>
		</relationship>
	</object>
	<object class="EventMixer" id="{519ab4f1-6e6e-4d81-8f4b-528f3bf68d60}">
		<relationship name="masterBus">
			<destination>{ae285d07-15d2-4217-a5be-8ba77097389b}</destination>
		</relationship>
	</object>
	<object class="MasterTrack" id="{c509e87b-3ec4-46be-a383-3b1cc434c6ff}">
		<relationship name="mixerGroup">
			<destination>{ae285d07-15d2-4217-a5be-8ba77097389b}</destination>
		</relationship>
	</object>
	<object class="MixerInput" id="{a0d2f56a-6dd5-4770-acae-3b99273d76d4}">
		<relationship name="effectChain">
			<destination>{b2e90349-3632-4129-b98c-29f74d9e53eb}</destination>
		</relationship>
		<relationship name="panner">
			<destination>{5aa77452-b196-415c-a1db-0d480a1b82f6}</destination>
		</relationship>
		<relationship name="output">
			<destination>{5d209edc-e969-4505-b4b1-676ab30b3980}</destination>
		</relationship>
	</object>
	<object class="EventAutomatableProperties" id="{bafa1743-6e8a-4cec-ab8e-d487d85e2282}" />
	<object class="MarkerTrack" id="{6e733f6b-35ca-4d95-8379-3a0e46204c31}" />
	<object class="GroupTrack" id="{11105981-2263-459a-b4ae-d8a458101258}">
		<relationship name="modules">
			<destination>{6d2a690b-5269-432c-9d9c-48b0ad282110}</destination>
		</relationship>
		<relationship name="mixerGroup">
			<destination>{34bd542c-2e42-4a57-9a60-3b17dc154308}</destination>
		</relationship>
	</object>
	<object class="Timeline" id="{08dd02d1-86ef-4fe0-87aa-faa503eefc4a}">
		<relationship name="modules">
			<destination>{6d2a690b-5269-432c-9d9c-48b0ad282110}</destination>
		</relationship>
	</object>
	<object class="EventMixerMaster" id="{ae285d07-15d2-4217-a5be-8ba77097389b}">
		<relationship name="effectChain">
			<destination>{8280fcf4-267b-4496-9cf5-4a83598f49a7}</destination>
		</relationship>
		<relationship name="panner">
			<destination>{54c3d37e-3d60-4a80-8654-36267dbb33a0}</destination>
		</relationship>
		<relationship name="mixer">
			<destination>{519ab4f1-6e6e-4d81-8f4b-528f3bf68d60}</destination>
		</relationship>
	</object>
	<object class="MixerBusEffectChain" id="{b2e90349-3632-4129-b98c-29f74d9e53eb}">
		<relationship name="effects">
			<destination>{737ac266-eaf1-484f-acb3-cfe529610876}</destination>
		</relationship>
	</object>
	<object class="MixerBusPanner" id="{5aa77452-b196-415c-a1db-0d480a1b82f6}" />
	<object class="MultiSound" id="{6d2a690b-5269-432c-9d9c-48b0ad282110}">
		<property name="length">
			<value>1790</value>
		</property>
		<relationship name="sounds">
			<destination>{89e69eac-0cb9-4676-895f-39b76b03b59d}</destination>
			<destination>{5b46d90e-b584-45fc-a8a4-0a862236ec78}</destination>
		</relationship>
	</object>
	<object class="EventMixerGroup" id="{34bd542c-2e42-4a57-9a60-3b17dc154308}">
		<property name="name">
			<value>Audio 1</value>
		</property>
		<relationship name="effectChain">
			<destination>{f8f422cf-5e49-431d-93b6-08c855f6d5ed}</destination>
		</relationship>
		<relationship name="panner">
			<destination>{71f87c10-0940-4b40-af09-97c3c12c8d08}</destination>
		</relationship>
		<relationship name="output">
			<destination>{ae285d07-15d2-4217-a5be-8ba77097389b}</destination>
		</relationship>
	</object>
	<object class="MixerBusEffectChain" id="{8280fcf4-267b-4496-9cf5-4a83598f49a7}">
		<relationship name="effects">
			<destination>{fcbceb99-030b-49e5-8281-07b999f79b76}</destination>
		</relationship>
	</object>
	<object class="MixerBusPanner" id="{54c3d37e-3d60-4a80-8654-36267dbb33a0}" />
	<object class="MixerBusFader" id="{737ac266-eaf1-484f-acb3-cfe529610876}" />
	<object class="EventSound" id="{89e69eac-0cb9-4676-895f-39b76b03b59d}">
		<relationship name="event">
			<destination>{464dc6f1-07ec-4713-a5f1-6907f6d90849}</destination>
		</relationship>
	</object>
	<object class="EventSound" id="{5b46d90e-b584-45fc-a8a4-0a862236ec78}">
		<relationship name="event">
			<destination>{eee20ef5-00ab-49d1-b892-e68686ae66cd}</destination>
		</relationship>
	</object>
	<object class="MixerBusEffectChain" id="{f8f422cf-5e49-431d-93b6-08c855f6d5ed}">
		<relationship name="effects">
			<destination>{e736c3da-10e1-4dd7-83c5-33adcda4430b}</destination>
		</relationship>
	</object>
	<object class="MixerBusPanner" id="{71f87c10-0940-4b40-af09-97c3c12c8d08}" />
	<object class="MixerBusFader" id="{fcbceb99-030b-49e5-8281-07b999f79b76}" />
	<object class="MixerBusFader" id="{e736c3da-10e1-4dd7-83c5-33adcda4430b}" />
</objects>
