<?xml version="1.0" encoding="UTF-8"?>
<objects serializationModel="Studio.02.01.00">
	<object class="Event" id="{14dc44d3-06fb-409f-b9aa-08ae60583973}">
		<property name="name">
			<value>Success</value>
		</property>
		<property name="outputFormat">
			<value>0</value>
		</property>
		<relationship name="folder">
			<destination>{91a274eb-7c45-45f5-af64-498209d1492b}</destination>
		</relationship>
		<relationship name="mixer">
			<destination>{4c2235d9-6e65-4a94-897f-47ef9b729a2c}</destination>
		</relationship>
		<relationship name="masterTrack">
			<destination>{3e46bb91-3eb7-4159-b3a4-a0fa870e419b}</destination>
		</relationship>
		<relationship name="mixerInput">
			<destination>{86ecf439-cd0a-4077-9e2c-0d955113dd24}</destination>
		</relationship>
		<relationship name="automatableProperties">
			<destination>{7f65f756-15d3-4693-b63d-e62766b3697f}</destination>
		</relationship>
		<relationship name="markerTracks">
			<destination>{d3e7c8b5-2350-44fa-a11f-a4b2b963bcf9}</destination>
		</relationship>
		<relationship name="groupTracks">
			<destination>{bd158dd9-7d8b-4995-9e4b-cee7993ede80}</destination>
		</relationship>
		<relationship name="timeline">
			<destination>{a56b31d0-199e-477d-a0bf-734b39eff1a3}</destination>
		</relationship>
		<relationship name="banks">
			<destination>{8c3f9de4-14c8-4279-a712-2040780fff61}</destination>
		</relationship>
	</object>
	<object class="EventMixer" id="{4c2235d9-6e65-4a94-897f-47ef9b729a2c}">
		<relationship name="masterBus">
			<destination>{af4e3b5c-927a-43c3-bd80-bced14c9221d}</destination>
		</relationship>
	</object>
	<object class="MasterTrack" id="{3e46bb91-3eb7-4159-b3a4-a0fa870e419b}">
		<relationship name="mixerGroup">
			<destination>{af4e3b5c-927a-43c3-bd80-bced14c9221d}</destination>
		</relationship>
	</object>
	<object class="MixerInput" id="{86ecf439-cd0a-4077-9e2c-0d955113dd24}">
		<relationship name="effectChain">
			<destination>{193ab350-36b5-4e6e-a830-dfaad8221f17}</destination>
		</relationship>
		<relationship name="panner">
			<destination>{23042946-93b7-4295-b945-bcf9f9cf4d20}</destination>
		</relationship>
		<relationship name="output">
			<destination>{a74bdffc-cbb2-488b-ae3c-038020e1273d}</destination>
		</relationship>
	</object>
	<object class="EventAutomatableProperties" id="{7f65f756-15d3-4693-b63d-e62766b3697f}" />
	<object class="MarkerTrack" id="{d3e7c8b5-2350-44fa-a11f-a4b2b963bcf9}" />
	<object class="GroupTrack" id="{bd158dd9-7d8b-4995-9e4b-cee7993ede80}">
		<relationship name="modules">
			<destination>{cff410ff-304a-4475-bc11-526b48cf1d72}</destination>
		</relationship>
		<relationship name="mixerGroup">
			<destination>{cc660aab-6193-41c6-9b41-fa954c233a9b}</destination>
		</relationship>
	</object>
	<object class="Timeline" id="{a56b31d0-199e-477d-a0bf-734b39eff1a3}">
		<relationship name="modules">
			<destination>{cff410ff-304a-4475-bc11-526b48cf1d72}</destination>
		</relationship>
	</object>
	<object class="EventMixerMaster" id="{af4e3b5c-927a-43c3-bd80-bced14c9221d}">
		<relationship name="effectChain">
			<destination>{d2883404-e6da-42fa-a11a-90029f4f1044}</destination>
		</relationship>
		<relationship name="panner">
			<destination>{668b4461-c3a3-41b8-b235-5a2dd3520dc5}</destination>
		</relationship>
		<relationship name="mixer">
			<destination>{4c2235d9-6e65-4a94-897f-47ef9b729a2c}</destination>
		</relationship>
	</object>
	<object class="MixerBusEffectChain" id="{193ab350-36b5-4e6e-a830-dfaad8221f17}">
		<relationship name="effects">
			<destination>{1de9a2d6-3545-455d-bf5d-7d44415761a6}</destination>
		</relationship>
	</object>
	<object class="MixerBusPanner" id="{23042946-93b7-4295-b945-bcf9f9cf4d20}" />
	<object class="MultiSound" id="{cff410ff-304a-4475-bc11-526b48cf1d72}">
		<property name="length">
			<value>1.9797083333333334</value>
		</property>
		<relationship name="sounds">
			<destination>{f8e1f4e7-566d-42c2-886f-c10461739241}</destination>
			<destination>{aef2682f-3d91-4148-850f-0f79dbf35ac1}</destination>
			<destination>{cc7c77d5-4b86-4d6a-8390-78187a6d4879}</destination>
		</relationship>
	</object>
	<object class="EventMixerGroup" id="{cc660aab-6193-41c6-9b41-fa954c233a9b}">
		<property name="name">
			<value>Audio 1</value>
		</property>
		<relationship name="effectChain">
			<destination>{72db6fd7-ae2a-4ec0-931c-3cb1307e4151}</destination>
		</relationship>
		<relationship name="panner">
			<destination>{1c160482-8294-4ca3-8e86-c6f538e23dd3}</destination>
		</relationship>
		<relationship name="output">
			<destination>{af4e3b5c-927a-43c3-bd80-bced14c9221d}</destination>
		</relationship>
	</object>
	<object class="MixerBusEffectChain" id="{d2883404-e6da-42fa-a11a-90029f4f1044}">
		<relationship name="effects">
			<destination>{9612ad41-be4d-49b4-b6b9-7985da799e76}</destination>
		</relationship>
	</object>
	<object class="MixerBusPanner" id="{668b4461-c3a3-41b8-b235-5a2dd3520dc5}" />
	<object class="MixerBusFader" id="{1de9a2d6-3545-455d-bf5d-7d44415761a6}" />
	<object class="SingleSound" id="{f8e1f4e7-566d-42c2-886f-c10461739241}">
		<relationship name="audioFile">
			<destination>{e599ae6c-9ede-482c-bf91-3d273a105704}</destination>
		</relationship>
	</object>
	<object class="SingleSound" id="{aef2682f-3d91-4148-850f-0f79dbf35ac1}">
		<relationship name="audioFile">
			<destination>{6e0c114f-5da8-4308-bdc6-d7dd5eaac6ce}</destination>
		</relationship>
	</object>
	<object class="SingleSound" id="{cc7c77d5-4b86-4d6a-8390-78187a6d4879}">
		<relationship name="audioFile">
			<destination>{9212d197-dc0a-46d2-b644-332a07972b97}</destination>
		</relationship>
	</object>
	<object class="MixerBusEffectChain" id="{72db6fd7-ae2a-4ec0-931c-3cb1307e4151}">
		<relationship name="effects">
			<destination>{5dd949bc-91db-4c8d-9720-ab3b5ce82837}</destination>
		</relationship>
	</object>
	<object class="MixerBusPanner" id="{1c160482-8294-4ca3-8e86-c6f538e23dd3}" />
	<object class="MixerBusFader" id="{9612ad41-be4d-49b4-b6b9-7985da799e76}" />
	<object class="MixerBusFader" id="{5dd949bc-91db-4c8d-9720-ab3b5ce82837}" />
</objects>
