<?xml version="1.0" encoding="UTF-8"?>
<objects serializationModel="Studio.02.01.00">
	<object class="Event" id="{14eac9b3-a27f-401d-ad16-a25da66f228f}">
		<property name="name">
			<value>Assigned</value>
		</property>
		<property name="outputFormat">
			<value>0</value>
		</property>
		<relationship name="folder">
			<destination>{46cdbc19-da99-4732-be57-551706945246}</destination>
		</relationship>
		<relationship name="mixer">
			<destination>{ab731b7e-765c-499c-9524-a2fac1809960}</destination>
		</relationship>
		<relationship name="masterTrack">
			<destination>{cf89c0d6-d072-44a1-a8bb-e249a746eec1}</destination>
		</relationship>
		<relationship name="mixerInput">
			<destination>{43bfc602-d3ed-4a5b-baae-94870658fce2}</destination>
		</relationship>
		<relationship name="automatableProperties">
			<destination>{1177f309-6a49-4a04-b9ca-af12521bfe34}</destination>
		</relationship>
		<relationship name="markerTracks">
			<destination>{50a0e804-2ef7-47d8-a0fc-205403bd91eb}</destination>
		</relationship>
		<relationship name="groupTracks">
			<destination>{0c4a52db-fba7-41ad-81b3-845dba1a57c4}</destination>
		</relationship>
		<relationship name="timeline">
			<destination>{5cdf1827-1ade-4e78-a0df-0bd590de441b}</destination>
		</relationship>
		<relationship name="banks">
			<destination>{8c3f9de4-14c8-4279-a712-2040780fff61}</destination>
		</relationship>
	</object>
	<object class="EventMixer" id="{ab731b7e-765c-499c-9524-a2fac1809960}">
		<relationship name="masterBus">
			<destination>{c78a283a-e050-4229-a3be-bdfaf78df841}</destination>
		</relationship>
	</object>
	<object class="MasterTrack" id="{cf89c0d6-d072-44a1-a8bb-e249a746eec1}">
		<relationship name="mixerGroup">
			<destination>{c78a283a-e050-4229-a3be-bdfaf78df841}</destination>
		</relationship>
	</object>
	<object class="MixerInput" id="{43bfc602-d3ed-4a5b-baae-94870658fce2}">
		<relationship name="effectChain">
			<destination>{3dfb4db9-134f-44d2-a7aa-37e660260ed8}</destination>
		</relationship>
		<relationship name="panner">
			<destination>{e2f13132-ab93-4c4f-a5da-b162aab3358b}</destination>
		</relationship>
		<relationship name="output">
			<destination>{a74bdffc-cbb2-488b-ae3c-038020e1273d}</destination>
		</relationship>
	</object>
	<object class="EventAutomatableProperties" id="{1177f309-6a49-4a04-b9ca-af12521bfe34}" />
	<object class="MarkerTrack" id="{50a0e804-2ef7-47d8-a0fc-205403bd91eb}" />
	<object class="GroupTrack" id="{0c4a52db-fba7-41ad-81b3-845dba1a57c4}">
		<relationship name="modules">
			<destination>{85d141d3-3717-4a76-b4ca-eb51d62ee6b5}</destination>
		</relationship>
		<relationship name="mixerGroup">
			<destination>{a418fd30-48ef-4170-b1af-e41877b9aa0b}</destination>
		</relationship>
	</object>
	<object class="Timeline" id="{5cdf1827-1ade-4e78-a0df-0bd590de441b}">
		<relationship name="modules">
			<destination>{85d141d3-3717-4a76-b4ca-eb51d62ee6b5}</destination>
		</relationship>
	</object>
	<object class="EventMixerMaster" id="{c78a283a-e050-4229-a3be-bdfaf78df841}">
		<relationship name="effectChain">
			<destination>{bcb7a78f-d6a9-4f4f-993e-5bcff182e637}</destination>
		</relationship>
		<relationship name="panner">
			<destination>{e4580527-8bbb-438b-8275-c7a001be2da2}</destination>
		</relationship>
		<relationship name="mixer">
			<destination>{ab731b7e-765c-499c-9524-a2fac1809960}</destination>
		</relationship>
	</object>
	<object class="MixerBusEffectChain" id="{3dfb4db9-134f-44d2-a7aa-37e660260ed8}">
		<relationship name="effects">
			<destination>{9fdfdc62-8e91-489d-ace5-7afa0d46ace7}</destination>
		</relationship>
	</object>
	<object class="MixerBusPanner" id="{e2f13132-ab93-4c4f-a5da-b162aab3358b}" />
	<object class="MultiSound" id="{85d141d3-3717-4a76-b4ca-eb51d62ee6b5}">
		<property name="length">
			<value>2.2158541666666665</value>
		</property>
		<relationship name="sounds">
			<destination>{2dbdb7c6-2d6b-4b78-a5f8-2fd358acd130}</destination>
			<destination>{2aaa1ccc-06b9-4b94-8245-b521e9fbce9e}</destination>
			<destination>{97457bbc-dc2d-40a8-9e70-842738090146}</destination>
		</relationship>
	</object>
	<object class="EventMixerGroup" id="{a418fd30-48ef-4170-b1af-e41877b9aa0b}">
		<property name="name">
			<value>Audio 1</value>
		</property>
		<relationship name="effectChain">
			<destination>{92d6a878-78e9-4b83-92b9-99a1e507f9d2}</destination>
		</relationship>
		<relationship name="panner">
			<destination>{b8a4c218-55d9-481c-a2ad-60a651c5b0a2}</destination>
		</relationship>
		<relationship name="output">
			<destination>{c78a283a-e050-4229-a3be-bdfaf78df841}</destination>
		</relationship>
	</object>
	<object class="MixerBusEffectChain" id="{bcb7a78f-d6a9-4f4f-993e-5bcff182e637}">
		<relationship name="effects">
			<destination>{fe4fad5e-5acc-4e65-a0cd-b2e4a5b62a3a}</destination>
		</relationship>
	</object>
	<object class="MixerBusPanner" id="{e4580527-8bbb-438b-8275-c7a001be2da2}" />
	<object class="MixerBusFader" id="{9fdfdc62-8e91-489d-ace5-7afa0d46ace7}" />
	<object class="SingleSound" id="{2dbdb7c6-2d6b-4b78-a5f8-2fd358acd130}">
		<relationship name="audioFile">
			<destination>{61b0843b-9dc0-4c3d-8ed6-ef287b0c9514}</destination>
		</relationship>
	</object>
	<object class="SingleSound" id="{2aaa1ccc-06b9-4b94-8245-b521e9fbce9e}">
		<relationship name="audioFile">
			<destination>{8f6b7646-cb5f-45ce-b3ba-a490df7994fb}</destination>
		</relationship>
	</object>
	<object class="SingleSound" id="{97457bbc-dc2d-40a8-9e70-842738090146}">
		<relationship name="audioFile">
			<destination>{b99f0439-11ba-4081-abe7-0b9b5654b71f}</destination>
		</relationship>
	</object>
	<object class="MixerBusEffectChain" id="{92d6a878-78e9-4b83-92b9-99a1e507f9d2}">
		<relationship name="effects">
			<destination>{b2cf2f6d-88b7-4766-95fd-a65f5fe5c85f}</destination>
		</relationship>
	</object>
	<object class="MixerBusPanner" id="{b8a4c218-55d9-481c-a2ad-60a651c5b0a2}" />
	<object class="MixerBusFader" id="{fe4fad5e-5acc-4e65-a0cd-b2e4a5b62a3a}" />
	<object class="MixerBusFader" id="{b2cf2f6d-88b7-4766-95fd-a65f5fe5c85f}" />
</objects>
