<?xml version="1.0" encoding="UTF-8"?>
<objects serializationModel="Studio.02.01.00">
	<object class="Event" id="{14fd1e99-b46b-4473-be0d-d21b6e108830}">
		<property name="name">
			<value>Failure</value>
		</property>
		<property name="outputFormat">
			<value>0</value>
		</property>
		<relationship name="folder">
			<destination>{c16c54c0-eef3-46e0-8fce-f8b4adbd40d5}</destination>
		</relationship>
		<relationship name="mixer">
			<destination>{eced9cc3-46c0-4604-8b77-28fe930b10bc}</destination>
		</relationship>
		<relationship name="masterTrack">
			<destination>{47228e48-64d5-4fe2-94f5-0eb230303966}</destination>
		</relationship>
		<relationship name="mixerInput">
			<destination>{63a81f13-3be3-41bf-9d86-60cc69a0a887}</destination>
		</relationship>
		<relationship name="automatableProperties">
			<destination>{a53b8a91-268f-43b9-8f3b-faaf3fdfa699}</destination>
		</relationship>
		<relationship name="markerTracks">
			<destination>{b853d815-b402-46b4-8f72-a9489bbc76fc}</destination>
		</relationship>
		<relationship name="groupTracks">
			<destination>{e9edbcd7-612a-4512-94e9-77504158ce35}</destination>
		</relationship>
		<relationship name="timeline">
			<destination>{25ade103-652d-4b27-9335-1d7fb28558e4}</destination>
		</relationship>
		<relationship name="banks">
			<destination>{8c3f9de4-14c8-4279-a712-2040780fff61}</destination>
		</relationship>
	</object>
	<object class="EventMixer" id="{eced9cc3-46c0-4604-8b77-28fe930b10bc}">
		<relationship name="masterBus">
			<destination>{f3a90de4-38bd-4e67-9862-515c4ef68303}</destination>
		</relationship>
	</object>
	<object class="MasterTrack" id="{47228e48-64d5-4fe2-94f5-0eb230303966}">
		<relationship name="mixerGroup">
			<destination>{f3a90de4-38bd-4e67-9862-515c4ef68303}</destination>
		</relationship>
	</object>
	<object class="MixerInput" id="{63a81f13-3be3-41bf-9d86-60cc69a0a887}">
		<relationship name="effectChain">
			<destination>{63873ab4-5a04-4d57-a516-f2d54cbc0a53}</destination>
		</relationship>
		<relationship name="panner">
			<destination>{71c8ea77-1ccb-4a62-8e92-aeeadb5e0872}</destination>
		</relationship>
		<relationship name="output">
			<destination>{a74bdffc-cbb2-488b-ae3c-038020e1273d}</destination>
		</relationship>
	</object>
	<object class="EventAutomatableProperties" id="{a53b8a91-268f-43b9-8f3b-faaf3fdfa699}" />
	<object class="MarkerTrack" id="{b853d815-b402-46b4-8f72-a9489bbc76fc}" />
	<object class="GroupTrack" id="{e9edbcd7-612a-4512-94e9-77504158ce35}">
		<relationship name="modules">
			<destination>{07b26860-3517-4fa4-a54c-d5efb8f96fea}</destination>
		</relationship>
		<relationship name="mixerGroup">
			<destination>{8c5ef035-f369-433d-b2d8-680ad6bfd50f}</destination>
		</relationship>
	</object>
	<object class="Timeline" id="{25ade103-652d-4b27-9335-1d7fb28558e4}">
		<relationship name="modules">
			<destination>{07b26860-3517-4fa4-a54c-d5efb8f96fea}</destination>
		</relationship>
	</object>
	<object class="EventMixerMaster" id="{f3a90de4-38bd-4e67-9862-515c4ef68303}">
		<relationship name="effectChain">
			<destination>{e878a37e-ce38-410e-9446-174569a22663}</destination>
		</relationship>
		<relationship name="panner">
			<destination>{8f0e00ab-1ade-4ecc-be08-7abf37cd1d24}</destination>
		</relationship>
		<relationship name="mixer">
			<destination>{eced9cc3-46c0-4604-8b77-28fe930b10bc}</destination>
		</relationship>
	</object>
	<object class="MixerBusEffectChain" id="{63873ab4-5a04-4d57-a516-f2d54cbc0a53}">
		<relationship name="effects">
			<destination>{750fdd08-6294-4277-8dbc-cc9378b83a82}</destination>
		</relationship>
	</object>
	<object class="MixerBusPanner" id="{71c8ea77-1ccb-4a62-8e92-aeeadb5e0872}" />
	<object class="MultiSound" id="{07b26860-3517-4fa4-a54c-d5efb8f96fea}">
		<property name="length">
			<value>2.64425</value>
		</property>
		<relationship name="sounds">
			<destination>{6108eb2a-6562-4986-9a83-34f7983c0361}</destination>
			<destination>{da2f06f6-8640-4484-bb49-8ef03caa910c}</destination>
			<destination>{51b26e0c-47b8-4103-b99f-9ff7e5356ac1}</destination>
			<destination>{c04385ab-50a6-4353-a296-dfe474a2f01d}</destination>
		</relationship>
	</object>
	<object class="EventMixerGroup" id="{8c5ef035-f369-433d-b2d8-680ad6bfd50f}">
		<property name="name">
			<value>Audio 1</value>
		</property>
		<relationship name="effectChain">
			<destination>{4b57bcf4-720f-4e1c-b70f-54a574e0299c}</destination>
		</relationship>
		<relationship name="panner">
			<destination>{8a8656c6-e4bd-4e74-b1d2-b058d72ad948}</destination>
		</relationship>
		<relationship name="output">
			<destination>{f3a90de4-38bd-4e67-9862-515c4ef68303}</destination>
		</relationship>
	</object>
	<object class="MixerBusEffectChain" id="{e878a37e-ce38-410e-9446-174569a22663}">
		<relationship name="effects">
			<destination>{81fea5f8-70b3-4bdd-8066-027d1ada8732}</destination>
		</relationship>
	</object>
	<object class="MixerBusPanner" id="{8f0e00ab-1ade-4ecc-be08-7abf37cd1d24}" />
	<object class="MixerBusFader" id="{750fdd08-6294-4277-8dbc-cc9378b83a82}" />
	<object class="SingleSound" id="{6108eb2a-6562-4986-9a83-34f7983c0361}">
		<relationship name="audioFile">
			<destination>{e1365091-a73f-4b50-a27c-ff689d89ab57}</destination>
		</relationship>
	</object>
	<object class="SingleSound" id="{da2f06f6-8640-4484-bb49-8ef03caa910c}">
		<relationship name="audioFile">
			<destination>{0fee332c-27b1-4e38-84c9-06f37e4d2926}</destination>
		</relationship>
	</object>
	<object class="SingleSound" id="{51b26e0c-47b8-4103-b99f-9ff7e5356ac1}">
		<relationship name="audioFile">
			<destination>{6604cf62-29a0-4570-a5f4-2b343bcff01f}</destination>
		</relationship>
	</object>
	<object class="SingleSound" id="{c04385ab-50a6-4353-a296-dfe474a2f01d}">
		<relationship name="audioFile">
			<destination>{ea56f7ab-913d-4518-b13f-78d5db27009d}</destination>
		</relationship>
	</object>
	<object class="MixerBusEffectChain" id="{4b57bcf4-720f-4e1c-b70f-54a574e0299c}">
		<relationship name="effects">
			<destination>{06c69e61-6634-41b5-9d59-b908070936e3}</destination>
		</relationship>
	</object>
	<object class="MixerBusPanner" id="{8a8656c6-e4bd-4e74-b1d2-b058d72ad948}" />
	<object class="MixerBusFader" id="{81fea5f8-70b3-4bdd-8066-027d1ada8732}" />
	<object class="MixerBusFader" id="{06c69e61-6634-41b5-9d59-b908070936e3}" />
</objects>
