<?xml version="1.0" encoding="UTF-8"?>
<objects serializationModel="Studio.02.01.00">
	<object class="Event" id="{15170909-3ec1-49e5-bafb-7db2b4e07593}">
		<property name="name">
			<value>Detained</value>
		</property>
		<property name="outputFormat">
			<value>0</value>
		</property>
		<relationship name="folder">
			<destination>{d0351861-c6bb-48b7-81c9-a75666a5cf83}</destination>
		</relationship>
		<relationship name="mixer">
			<destination>{b733fc44-fc16-47d0-8755-ced50501f62f}</destination>
		</relationship>
		<relationship name="masterTrack">
			<destination>{95d0547f-7170-4c7f-8e9a-2c15f0d5900e}</destination>
		</relationship>
		<relationship name="mixerInput">
			<destination>{f606aebf-9496-4c70-9307-3c526f568ffd}</destination>
		</relationship>
		<relationship name="automatableProperties">
			<destination>{61ab1f1e-29fc-4f0e-ad90-f36bf2716adb}</destination>
		</relationship>
		<relationship name="markerTracks">
			<destination>{315e26f6-9f69-4397-8d9b-baade60498cb}</destination>
		</relationship>
		<relationship name="groupTracks">
			<destination>{60fbefc9-5d9e-4d74-a94d-8457786cad43}</destination>
		</relationship>
		<relationship name="timeline">
			<destination>{de579a3c-a672-47eb-bc44-1050b4578728}</destination>
		</relationship>
		<relationship name="banks">
			<destination>{8c3f9de4-14c8-4279-a712-2040780fff61}</destination>
		</relationship>
	</object>
	<object class="EventMixer" id="{b733fc44-fc16-47d0-8755-ced50501f62f}">
		<relationship name="masterBus">
			<destination>{4f30c59f-5f9e-4baf-a84e-295692640825}</destination>
		</relationship>
	</object>
	<object class="MasterTrack" id="{95d0547f-7170-4c7f-8e9a-2c15f0d5900e}">
		<relationship name="mixerGroup">
			<destination>{4f30c59f-5f9e-4baf-a84e-295692640825}</destination>
		</relationship>
	</object>
	<object class="MixerInput" id="{f606aebf-9496-4c70-9307-3c526f568ffd}">
		<relationship name="effectChain">
			<destination>{d4afadd0-0f74-4664-a0b9-4e86b9f080ab}</destination>
		</relationship>
		<relationship name="panner">
			<destination>{0ecd8cde-f960-4ce6-bea0-7fe1e207a410}</destination>
		</relationship>
		<relationship name="output">
			<destination>{a74bdffc-cbb2-488b-ae3c-038020e1273d}</destination>
		</relationship>
	</object>
	<object class="EventAutomatableProperties" id="{61ab1f1e-29fc-4f0e-ad90-f36bf2716adb}" />
	<object class="MarkerTrack" id="{315e26f6-9f69-4397-8d9b-baade60498cb}" />
	<object class="GroupTrack" id="{60fbefc9-5d9e-4d74-a94d-8457786cad43}">
		<relationship name="modules">
			<destination>{b7ed2280-02ea-4db0-839a-c6fd73cd8729}</destination>
		</relationship>
		<relationship name="mixerGroup">
			<destination>{37f6dd3a-4e64-4450-b619-9f7d5ce0b410}</destination>
		</relationship>
	</object>
	<object class="Timeline" id="{de579a3c-a672-47eb-bc44-1050b4578728}">
		<relationship name="modules">
			<destination>{b7ed2280-02ea-4db0-839a-c6fd73cd8729}</destination>
		</relationship>
	</object>
	<object class="EventMixerMaster" id="{4f30c59f-5f9e-4baf-a84e-295692640825}">
		<relationship name="effectChain">
			<destination>{6ae3760e-75d6-43f8-afdd-579b474c8bcf}</destination>
		</relationship>
		<relationship name="panner">
			<destination>{c72c7e67-627c-4992-9716-b750b85b29be}</destination>
		</relationship>
		<relationship name="mixer">
			<destination>{b733fc44-fc16-47d0-8755-ced50501f62f}</destination>
		</relationship>
	</object>
	<object class="MixerBusEffectChain" id="{d4afadd0-0f74-4664-a0b9-4e86b9f080ab}">
		<relationship name="effects">
			<destination>{5d4352b8-f0ec-4233-b1ae-6beb3b1b7f73}</destination>
		</relationship>
	</object>
	<object class="MixerBusPanner" id="{0ecd8cde-f960-4ce6-bea0-7fe1e207a410}" />
	<object class="MultiSound" id="{b7ed2280-02ea-4db0-839a-c6fd73cd8729}">
		<property name="length">
			<value>1.9586666666666666</value>
		</property>
		<relationship name="sounds">
			<destination>{7ad9228c-2306-41f4-a862-8cbaa2415a90}</destination>
			<destination>{52a2c38b-38c0-4bf7-9c42-5091f471d1c7}</destination>
			<destination>{5a183299-a28c-4a32-97f8-3ac1c45f6acf}</destination>
			<destination>{6ccb7142-161b-4cc4-ac2f-e85b295697a9}</destination>
			<destination>{b6349bcc-98b8-4b30-8f08-566d206b248f}</destination>
			<destination>{87a250a0-285c-402e-8336-bd05e4049457}</destination>
		</relationship>
	</object>
	<object class="EventMixerGroup" id="{37f6dd3a-4e64-4450-b619-9f7d5ce0b410}">
		<property name="name">
			<value>Audio 1</value>
		</property>
		<relationship name="effectChain">
			<destination>{c992c046-1d3a-4abd-acef-a9bd72f4b547}</destination>
		</relationship>
		<relationship name="panner">
			<destination>{7f1d5cf1-35f1-432d-b8ae-73ba48d72c10}</destination>
		</relationship>
		<relationship name="output">
			<destination>{4f30c59f-5f9e-4baf-a84e-295692640825}</destination>
		</relationship>
	</object>
	<object class="MixerBusEffectChain" id="{6ae3760e-75d6-43f8-afdd-579b474c8bcf}">
		<relationship name="effects">
			<destination>{ac33a166-448f-44a5-8666-99d4bc74bc5f}</destination>
		</relationship>
	</object>
	<object class="MixerBusPanner" id="{c72c7e67-627c-4992-9716-b750b85b29be}" />
	<object class="MixerBusFader" id="{5d4352b8-f0ec-4233-b1ae-6beb3b1b7f73}" />
	<object class="SingleSound" id="{7ad9228c-2306-41f4-a862-8cbaa2415a90}">
		<relationship name="audioFile">
			<destination>{12704973-42e6-42e4-8978-6f881d6abe7f}</destination>
		</relationship>
	</object>
	<object class="SingleSound" id="{52a2c38b-38c0-4bf7-9c42-5091f471d1c7}">
		<relationship name="audioFile">
			<destination>{bbeb255b-ee99-4b4f-9f7e-7469ec50f880}</destination>
		</relationship>
	</object>
	<object class="SingleSound" id="{5a183299-a28c-4a32-97f8-3ac1c45f6acf}">
		<relationship name="audioFile">
			<destination>{3e433881-1f94-4f5a-97a9-5733a1161409}</destination>
		</relationship>
	</object>
	<object class="SingleSound" id="{6ccb7142-161b-4cc4-ac2f-e85b295697a9}">
		<relationship name="audioFile">
			<destination>{29a1c76d-d284-415d-806e-1640e7220029}</destination>
		</relationship>
	</object>
	<object class="SingleSound" id="{b6349bcc-98b8-4b30-8f08-566d206b248f}">
		<relationship name="audioFile">
			<destination>{870d6974-249d-476d-8778-bc10864e63aa}</destination>
		</relationship>
	</object>
	<object class="SingleSound" id="{87a250a0-285c-402e-8336-bd05e4049457}">
		<relationship name="audioFile">
			<destination>{c37faceb-3685-4a70-872e-03cda96ad7ff}</destination>
		</relationship>
	</object>
	<object class="MixerBusEffectChain" id="{c992c046-1d3a-4abd-acef-a9bd72f4b547}">
		<relationship name="effects">
			<destination>{23a0ed13-ddc1-49b1-a310-19f770def65f}</destination>
		</relationship>
	</object>
	<object class="MixerBusPanner" id="{7f1d5cf1-35f1-432d-b8ae-73ba48d72c10}" />
	<object class="MixerBusFader" id="{ac33a166-448f-44a5-8666-99d4bc74bc5f}" />
	<object class="MixerBusFader" id="{23a0ed13-ddc1-49b1-a310-19f770def65f}" />
</objects>
