<?xml version="1.0" encoding="UTF-8"?>
<objects serializationModel="Studio.02.01.00">
	<object class="Event" id="{151bdb82-82ce-4b39-9bd1-c512c1a39cd3}">
		<property name="name">
			<value>Faction_ObjectiveQuote_Destroy_25</value>
		</property>
		<property name="outputFormat">
			<value>0</value>
		</property>
		<relationship name="folder">
			<destination>{158ad337-8269-4a32-865c-d3c458683eff}</destination>
		</relationship>
		<relationship name="mixer">
			<destination>{4fd47149-4132-46fb-930b-2de146672dfb}</destination>
		</relationship>
		<relationship name="masterTrack">
			<destination>{3278ca95-bf30-44b0-8300-d44e0e344a5a}</destination>
		</relationship>
		<relationship name="mixerInput">
			<destination>{5ee21aae-1bc7-4a6f-a939-45a0c588f776}</destination>
		</relationship>
		<relationship name="automatableProperties">
			<destination>{6666ee52-1534-4d81-82eb-74e03020c5c8}</destination>
		</relationship>
		<relationship name="markerTracks">
			<destination>{de7a2e86-dacb-43fa-b785-efc86fcb159f}</destination>
		</relationship>
		<relationship name="groupTracks">
			<destination>{ee87b470-9b84-4c7b-a132-11cac03d6201}</destination>
		</relationship>
		<relationship name="timeline">
			<destination>{9f9da698-758b-4c5c-95b4-c9c23e341f1b}</destination>
		</relationship>
		<relationship name="banks">
			<destination>{8c3f9de4-14c8-4279-a712-2040780fff61}</destination>
		</relationship>
	</object>
	<object class="EventMixer" id="{4fd47149-4132-46fb-930b-2de146672dfb}">
		<relationship name="masterBus">
			<destination>{502794b7-c16e-437d-93de-16874c8f2e3d}</destination>
		</relationship>
	</object>
	<object class="MasterTrack" id="{3278ca95-bf30-44b0-8300-d44e0e344a5a}">
		<relationship name="mixerGroup">
			<destination>{502794b7-c16e-437d-93de-16874c8f2e3d}</destination>
		</relationship>
	</object>
	<object class="MixerInput" id="{5ee21aae-1bc7-4a6f-a939-45a0c588f776}">
		<relationship name="effectChain">
			<destination>{a24aa7f7-fc4f-4f07-a77b-0819a2ff4015}</destination>
		</relationship>
		<relationship name="panner">
			<destination>{9792ded6-9372-4e31-899c-4271ecfeaf70}</destination>
		</relationship>
		<relationship name="output">
			<destination>{a74bdffc-cbb2-488b-ae3c-038020e1273d}</destination>
		</relationship>
	</object>
	<object class="EventAutomatableProperties" id="{6666ee52-1534-4d81-82eb-74e03020c5c8}" />
	<object class="MarkerTrack" id="{de7a2e86-dacb-43fa-b785-efc86fcb159f}" />
	<object class="GroupTrack" id="{ee87b470-9b84-4c7b-a132-11cac03d6201}">
		<relationship name="modules">
			<destination>{01afd6b3-73c4-4ee2-b156-afd1359dbeaf}</destination>
		</relationship>
		<relationship name="mixerGroup">
			<destination>{2a2ed7e4-1387-4348-94b4-d62f7851372f}</destination>
		</relationship>
	</object>
	<object class="Timeline" id="{9f9da698-758b-4c5c-95b4-c9c23e341f1b}">
		<relationship name="modules">
			<destination>{01afd6b3-73c4-4ee2-b156-afd1359dbeaf}</destination>
		</relationship>
	</object>
	<object class="EventMixerMaster" id="{502794b7-c16e-437d-93de-16874c8f2e3d}">
		<relationship name="effectChain">
			<destination>{7ddad4db-0832-445a-99a9-9c9192405507}</destination>
		</relationship>
		<relationship name="panner">
			<destination>{3e18cecd-6ecb-4ab8-a330-b4230ce1273c}</destination>
		</relationship>
		<relationship name="mixer">
			<destination>{4fd47149-4132-46fb-930b-2de146672dfb}</destination>
		</relationship>
	</object>
	<object class="MixerBusEffectChain" id="{a24aa7f7-fc4f-4f07-a77b-0819a2ff4015}">
		<relationship name="effects">
			<destination>{fe5ca391-2ed2-470d-89ca-aaa7dc8a99b7}</destination>
		</relationship>
	</object>
	<object class="MixerBusPanner" id="{9792ded6-9372-4e31-899c-4271ecfeaf70}" />
	<object class="SingleSound" id="{01afd6b3-73c4-4ee2-b156-afd1359dbeaf}">
		<property name="length">
			<value>4.0285416666666665</value>
		</property>
		<relationship name="audioFile">
			<destination>{99303f4e-cbca-4218-82c9-2cd65e15f263}</destination>
		</relationship>
	</object>
	<object class="EventMixerGroup" id="{2a2ed7e4-1387-4348-94b4-d62f7851372f}">
		<property name="name">
			<value>Audio 1</value>
		</property>
		<relationship name="effectChain">
			<destination>{1cec1fc5-cdfc-4919-b27d-4a68fa79a2f9}</destination>
		</relationship>
		<relationship name="panner">
			<destination>{3f01b29c-bc02-4a83-8776-02e691e362fd}</destination>
		</relationship>
		<relationship name="output">
			<destination>{502794b7-c16e-437d-93de-16874c8f2e3d}</destination>
		</relationship>
	</object>
	<object class="MixerBusEffectChain" id="{7ddad4db-0832-445a-99a9-9c9192405507}">
		<relationship name="effects">
			<destination>{b7e87323-af33-4950-92cb-6106e4b4f85d}</destination>
		</relationship>
	</object>
	<object class="MixerBusPanner" id="{3e18cecd-6ecb-4ab8-a330-b4230ce1273c}" />
	<object class="MixerBusFader" id="{fe5ca391-2ed2-470d-89ca-aaa7dc8a99b7}" />
	<object class="MixerBusEffectChain" id="{1cec1fc5-cdfc-4919-b27d-4a68fa79a2f9}">
		<relationship name="effects">
			<destination>{07aa8b51-530b-4561-9a8c-65df33721165}</destination>
		</relationship>
	</object>
	<object class="MixerBusPanner" id="{3f01b29c-bc02-4a83-8776-02e691e362fd}" />
	<object class="MixerBusFader" id="{b7e87323-af33-4950-92cb-6106e4b4f85d}" />
	<object class="MixerBusFader" id="{07aa8b51-530b-4561-9a8c-65df33721165}" />
</objects>
