<?xml version="1.0" encoding="UTF-8"?>
<objects serializationModel="Studio.02.01.00">
	<object class="Event" id="{15167b1a-a3bc-43fe-88fa-9c2e5f4c9d54}">
		<property name="name">
			<value>Escape_Win</value>
		</property>
		<property name="outputFormat">
			<value>1</value>
		</property>
		<relationship name="folder">
			<destination>{e9364ccf-346a-4995-ab2b-e613a89941f7}</destination>
		</relationship>
		<relationship name="mixer">
			<destination>{10fddc90-7eec-4519-b3c8-08df30b65163}</destination>
		</relationship>
		<relationship name="masterTrack">
			<destination>{d2c75a9b-9fdb-432b-8c02-352a6495b437}</destination>
		</relationship>
		<relationship name="mixerInput">
			<destination>{667e49a2-c7ac-4b0c-ae83-52d4c625b7d9}</destination>
		</relationship>
		<relationship name="automatableProperties">
			<destination>{c59ef9ca-230d-4921-9c85-90f4cda5aa97}</destination>
		</relationship>
		<relationship name="markerTracks">
			<destination>{76da5be5-5d7a-44f3-b905-650ec66470e7}</destination>
		</relationship>
		<relationship name="groupTracks">
			<destination>{72f8d90b-ee5d-465c-9e8a-570de2f07cc0}</destination>
		</relationship>
		<relationship name="timeline">
			<destination>{bdf83f10-f6d8-4df8-b73c-257af61fa06a}</destination>
		</relationship>
		<relationship name="banks">
			<destination>{dd9cf1cd-4fb9-4423-87f3-e93d9a23ce55}</destination>
		</relationship>
	</object>
	<object class="EventMixer" id="{10fddc90-7eec-4519-b3c8-08df30b65163}">
		<relationship name="masterBus">
			<destination>{44408a3c-31c8-4006-ac1f-cca9a456a222}</destination>
		</relationship>
	</object>
	<object class="MasterTrack" id="{d2c75a9b-9fdb-432b-8c02-352a6495b437}">
		<relationship name="mixerGroup">
			<destination>{44408a3c-31c8-4006-ac1f-cca9a456a222}</destination>
		</relationship>
	</object>
	<object class="MixerInput" id="{667e49a2-c7ac-4b0c-ae83-52d4c625b7d9}">
		<relationship name="effectChain">
			<destination>{37c03509-3ef0-49c0-8461-e85991ddd06d}</destination>
		</relationship>
		<relationship name="panner">
			<destination>{6f4a8500-c116-4940-b5f4-5d755c25062f}</destination>
		</relationship>
		<relationship name="output">
			<destination>{c371dadd-41e4-4090-8dd0-e0e0a8108b30}</destination>
		</relationship>
	</object>
	<object class="EventAutomatableProperties" id="{c59ef9ca-230d-4921-9c85-90f4cda5aa97}" />
	<object class="MarkerTrack" id="{76da5be5-5d7a-44f3-b905-650ec66470e7}" />
	<object class="GroupTrack" id="{72f8d90b-ee5d-465c-9e8a-570de2f07cc0}">
		<relationship name="modules">
			<destination>{2df6d529-5e23-4cc2-9149-2b9117dd794e}</destination>
		</relationship>
		<relationship name="mixerGroup">
			<destination>{932b43d4-e4e6-485c-817f-deae691a3a77}</destination>
		</relationship>
	</object>
	<object class="Timeline" id="{bdf83f10-f6d8-4df8-b73c-257af61fa06a}">
		<relationship name="modules">
			<destination>{2df6d529-5e23-4cc2-9149-2b9117dd794e}</destination>
		</relationship>
	</object>
	<object class="EventMixerMaster" id="{44408a3c-31c8-4006-ac1f-cca9a456a222}">
		<relationship name="effectChain">
			<destination>{93f327ef-ae85-42cf-a039-e416f3547aa4}</destination>
		</relationship>
		<relationship name="panner">
			<destination>{4d8f55e7-6b7f-4345-9461-9621fdded544}</destination>
		</relationship>
		<relationship name="mixer">
			<destination>{10fddc90-7eec-4519-b3c8-08df30b65163}</destination>
		</relationship>
	</object>
	<object class="MixerBusEffectChain" id="{37c03509-3ef0-49c0-8461-e85991ddd06d}">
		<relationship name="effects">
			<destination>{1a806aef-152f-44c1-ad9d-29c61f71ee68}</destination>
		</relationship>
	</object>
	<object class="MixerBusPanner" id="{6f4a8500-c116-4940-b5f4-5d755c25062f}" />
	<object class="SingleSound" id="{2df6d529-5e23-4cc2-9149-2b9117dd794e}">
		<property name="length">
			<value>31.559999999999999</value>
		</property>
		<relationship name="audioFile">
			<destination>{83631e33-597e-4c05-8051-03bf4952eb99}</destination>
		</relationship>
	</object>
	<object class="EventMixerGroup" id="{932b43d4-e4e6-485c-817f-deae691a3a77}">
		<property name="name">
			<value>Audio 1</value>
		</property>
		<relationship name="effectChain">
			<destination>{316922b9-a849-4f9e-98ba-0037431792d3}</destination>
		</relationship>
		<relationship name="panner">
			<destination>{6153fdf1-625b-45cd-88c8-3257c239d6cc}</destination>
		</relationship>
		<relationship name="output">
			<destination>{44408a3c-31c8-4006-ac1f-cca9a456a222}</destination>
		</relationship>
	</object>
	<object class="MixerBusEffectChain" id="{93f327ef-ae85-42cf-a039-e416f3547aa4}">
		<relationship name="effects">
			<destination>{5f001817-d49c-41e1-a680-240dddcf329e}</destination>
		</relationship>
	</object>
	<object class="MixerBusPanner" id="{4d8f55e7-6b7f-4345-9461-9621fdded544}" />
	<object class="MixerBusFader" id="{1a806aef-152f-44c1-ad9d-29c61f71ee68}" />
	<object class="MixerBusEffectChain" id="{316922b9-a849-4f9e-98ba-0037431792d3}">
		<relationship name="effects">
			<destination>{c30559f4-65f7-41e3-838a-7f9241f56ac8}</destination>
		</relationship>
	</object>
	<object class="MixerBusPanner" id="{6153fdf1-625b-45cd-88c8-3257c239d6cc}" />
	<object class="MixerBusFader" id="{5f001817-d49c-41e1-a680-240dddcf329e}" />
	<object class="MixerBusFader" id="{c30559f4-65f7-41e3-838a-7f9241f56ac8}" />
</objects>
