<?xml version="1.0" encoding="UTF-8"?>
<objects serializationModel="Studio.02.01.00">
	<object class="Event" id="{15239ff0-d778-44e2-9124-de2efd4d3035}">
		<property name="name">
			<value>Failure</value>
		</property>
		<property name="outputFormat">
			<value>0</value>
		</property>
		<relationship name="folder">
			<destination>{57c4dd93-1c5e-4f34-a6e3-d15003cf8fb8}</destination>
		</relationship>
		<relationship name="mixer">
			<destination>{eb6c2546-ab16-4bcd-b4cd-b6e4e671686d}</destination>
		</relationship>
		<relationship name="masterTrack">
			<destination>{f0ba173e-cd80-4a2b-b0c7-67d80fc56b2f}</destination>
		</relationship>
		<relationship name="mixerInput">
			<destination>{f698fa8f-4f1f-41ec-8f2d-782f77071da9}</destination>
		</relationship>
		<relationship name="automatableProperties">
			<destination>{4e90f59e-f526-457e-a5ac-f0aed0fb3694}</destination>
		</relationship>
		<relationship name="markerTracks">
			<destination>{6dced44f-e238-4ae2-871b-7ed6550d793d}</destination>
		</relationship>
		<relationship name="groupTracks">
			<destination>{633681a0-a6ac-4208-a2da-3c8a96f53da3}</destination>
		</relationship>
		<relationship name="timeline">
			<destination>{78bb5fbb-06c4-4cf6-b9fd-3517c3adceb0}</destination>
		</relationship>
		<relationship name="banks">
			<destination>{8c3f9de4-14c8-4279-a712-2040780fff61}</destination>
		</relationship>
	</object>
	<object class="EventMixer" id="{eb6c2546-ab16-4bcd-b4cd-b6e4e671686d}">
		<relationship name="masterBus">
			<destination>{1774ce00-6162-424f-bea7-f63678087243}</destination>
		</relationship>
	</object>
	<object class="MasterTrack" id="{f0ba173e-cd80-4a2b-b0c7-67d80fc56b2f}">
		<relationship name="mixerGroup">
			<destination>{1774ce00-6162-424f-bea7-f63678087243}</destination>
		</relationship>
	</object>
	<object class="MixerInput" id="{f698fa8f-4f1f-41ec-8f2d-782f77071da9}">
		<relationship name="effectChain">
			<destination>{b64d50ed-e138-4ec3-993a-e264fb0652bc}</destination>
		</relationship>
		<relationship name="panner">
			<destination>{6112f6c6-9d2b-4dd5-9aa9-36864a6488ab}</destination>
		</relationship>
		<relationship name="output">
			<destination>{a74bdffc-cbb2-488b-ae3c-038020e1273d}</destination>
		</relationship>
	</object>
	<object class="EventAutomatableProperties" id="{4e90f59e-f526-457e-a5ac-f0aed0fb3694}" />
	<object class="MarkerTrack" id="{6dced44f-e238-4ae2-871b-7ed6550d793d}" />
	<object class="GroupTrack" id="{633681a0-a6ac-4208-a2da-3c8a96f53da3}">
		<relationship name="modules">
			<destination>{6247998b-2d68-4593-a298-369f5deb94af}</destination>
		</relationship>
		<relationship name="mixerGroup">
			<destination>{4b3f92a0-1f56-44aa-8a78-3dafaba4fdd4}</destination>
		</relationship>
	</object>
	<object class="Timeline" id="{78bb5fbb-06c4-4cf6-b9fd-3517c3adceb0}">
		<relationship name="modules">
			<destination>{6247998b-2d68-4593-a298-369f5deb94af}</destination>
		</relationship>
	</object>
	<object class="EventMixerMaster" id="{1774ce00-6162-424f-bea7-f63678087243}">
		<relationship name="effectChain">
			<destination>{fd6f3fa5-0274-4c93-a0d5-fa614611c8fb}</destination>
		</relationship>
		<relationship name="panner">
			<destination>{1ec46000-c3e2-443e-8645-2728cacba7ea}</destination>
		</relationship>
		<relationship name="mixer">
			<destination>{eb6c2546-ab16-4bcd-b4cd-b6e4e671686d}</destination>
		</relationship>
	</object>
	<object class="MixerBusEffectChain" id="{b64d50ed-e138-4ec3-993a-e264fb0652bc}">
		<relationship name="effects">
			<destination>{8c96e5ae-b81f-4466-af8b-67e240c24ea1}</destination>
		</relationship>
	</object>
	<object class="MixerBusPanner" id="{6112f6c6-9d2b-4dd5-9aa9-36864a6488ab}" />
	<object class="MultiSound" id="{6247998b-2d68-4593-a298-369f5deb94af}">
		<property name="length">
			<value>1.7849999999999999</value>
		</property>
		<relationship name="sounds">
			<destination>{dbec3198-2dc0-49af-9fe7-79e84cf01b47}</destination>
			<destination>{87c8f5de-3a57-4017-8d0f-a729c4a2e813}</destination>
			<destination>{77762bdb-58c6-4903-9979-18b022b757ec}</destination>
		</relationship>
	</object>
	<object class="EventMixerGroup" id="{4b3f92a0-1f56-44aa-8a78-3dafaba4fdd4}">
		<property name="name">
			<value>Audio 1</value>
		</property>
		<relationship name="effectChain">
			<destination>{5ad4ad81-0c5d-4272-89cc-354f71f61539}</destination>
		</relationship>
		<relationship name="panner">
			<destination>{884379a3-baba-4406-b15e-b0696f19d076}</destination>
		</relationship>
		<relationship name="output">
			<destination>{1774ce00-6162-424f-bea7-f63678087243}</destination>
		</relationship>
	</object>
	<object class="MixerBusEffectChain" id="{fd6f3fa5-0274-4c93-a0d5-fa614611c8fb}">
		<relationship name="effects">
			<destination>{6e8efd89-2257-4532-8987-654bf3605f21}</destination>
		</relationship>
	</object>
	<object class="MixerBusPanner" id="{1ec46000-c3e2-443e-8645-2728cacba7ea}" />
	<object class="MixerBusFader" id="{8c96e5ae-b81f-4466-af8b-67e240c24ea1}" />
	<object class="SingleSound" id="{dbec3198-2dc0-49af-9fe7-79e84cf01b47}">
		<relationship name="audioFile">
			<destination>{1bfdb2e1-403a-4ea3-bfd6-5803d8c29c18}</destination>
		</relationship>
	</object>
	<object class="SingleSound" id="{87c8f5de-3a57-4017-8d0f-a729c4a2e813}">
		<relationship name="audioFile">
			<destination>{abde5ee8-55d9-4bcc-ba40-5acda391c0ca}</destination>
		</relationship>
	</object>
	<object class="SingleSound" id="{77762bdb-58c6-4903-9979-18b022b757ec}">
		<relationship name="audioFile">
			<destination>{6aa920ca-db41-4639-ba85-a9560af108c6}</destination>
		</relationship>
	</object>
	<object class="MixerBusEffectChain" id="{5ad4ad81-0c5d-4272-89cc-354f71f61539}">
		<relationship name="effects">
			<destination>{39815a5d-7597-4a36-9000-45009b07283a}</destination>
		</relationship>
	</object>
	<object class="MixerBusPanner" id="{884379a3-baba-4406-b15e-b0696f19d076}" />
	<object class="MixerBusFader" id="{6e8efd89-2257-4532-8987-654bf3605f21}" />
	<object class="MixerBusFader" id="{39815a5d-7597-4a36-9000-45009b07283a}" />
</objects>
