<?xml version="1.0" encoding="UTF-8"?>
<objects serializationModel="Studio.02.01.00">
	<object class="Event" id="{15507650-8bc9-433a-9e9f-3c53d9dda377}">
		<property name="name">
			<value>Assigned</value>
		</property>
		<property name="outputFormat">
			<value>0</value>
		</property>
		<relationship name="folder">
			<destination>{bcd15270-24c9-4ea9-8b7c-d975887a0db2}</destination>
		</relationship>
		<relationship name="mixer">
			<destination>{316b9bb6-0e70-4a33-8069-72ac4ef4960b}</destination>
		</relationship>
		<relationship name="masterTrack">
			<destination>{13ad4785-43d7-45ce-8250-b0ab75307fee}</destination>
		</relationship>
		<relationship name="mixerInput">
			<destination>{7bed7c80-86b1-4e69-8f16-dc79ce0cbe1d}</destination>
		</relationship>
		<relationship name="automatableProperties">
			<destination>{762fee69-7657-4a6c-9d02-f2619437c392}</destination>
		</relationship>
		<relationship name="markerTracks">
			<destination>{d9dfc2f0-7b0d-4f2d-bd4a-fc89a5fb2b7b}</destination>
		</relationship>
		<relationship name="groupTracks">
			<destination>{006ce79c-27b6-4f9e-88d4-2da2badf6ebe}</destination>
		</relationship>
		<relationship name="timeline">
			<destination>{d766c11c-78f9-4205-b1cd-ca6391e3cdf7}</destination>
		</relationship>
		<relationship name="banks">
			<destination>{8c3f9de4-14c8-4279-a712-2040780fff61}</destination>
		</relationship>
	</object>
	<object class="EventMixer" id="{316b9bb6-0e70-4a33-8069-72ac4ef4960b}">
		<relationship name="masterBus">
			<destination>{310ca3f4-7ecc-4c69-bcca-db877104813f}</destination>
		</relationship>
	</object>
	<object class="MasterTrack" id="{13ad4785-43d7-45ce-8250-b0ab75307fee}">
		<relationship name="mixerGroup">
			<destination>{310ca3f4-7ecc-4c69-bcca-db877104813f}</destination>
		</relationship>
	</object>
	<object class="MixerInput" id="{7bed7c80-86b1-4e69-8f16-dc79ce0cbe1d}">
		<relationship name="effectChain">
			<destination>{13b9be22-d6cb-4846-a19a-5f22243b66f6}</destination>
		</relationship>
		<relationship name="panner">
			<destination>{ffadc621-937b-4a17-b065-29ba1841af7b}</destination>
		</relationship>
		<relationship name="output">
			<destination>{a74bdffc-cbb2-488b-ae3c-038020e1273d}</destination>
		</relationship>
	</object>
	<object class="EventAutomatableProperties" id="{762fee69-7657-4a6c-9d02-f2619437c392}" />
	<object class="MarkerTrack" id="{d9dfc2f0-7b0d-4f2d-bd4a-fc89a5fb2b7b}" />
	<object class="GroupTrack" id="{006ce79c-27b6-4f9e-88d4-2da2badf6ebe}">
		<relationship name="modules">
			<destination>{6e80e6a6-417a-4c19-b0fb-2f1fd706f0ac}</destination>
		</relationship>
		<relationship name="mixerGroup">
			<destination>{b817cdc9-5149-4027-bbe2-1af3a9b17c48}</destination>
		</relationship>
	</object>
	<object class="Timeline" id="{d766c11c-78f9-4205-b1cd-ca6391e3cdf7}">
		<relationship name="modules">
			<destination>{6e80e6a6-417a-4c19-b0fb-2f1fd706f0ac}</destination>
		</relationship>
	</object>
	<object class="EventMixerMaster" id="{310ca3f4-7ecc-4c69-bcca-db877104813f}">
		<relationship name="effectChain">
			<destination>{bc1582fb-698d-4ea6-a2bd-a7498e3d35b5}</destination>
		</relationship>
		<relationship name="panner">
			<destination>{b940d36b-56cb-4c42-8806-22a033800fec}</destination>
		</relationship>
		<relationship name="mixer">
			<destination>{316b9bb6-0e70-4a33-8069-72ac4ef4960b}</destination>
		</relationship>
	</object>
	<object class="MixerBusEffectChain" id="{13b9be22-d6cb-4846-a19a-5f22243b66f6}">
		<relationship name="effects">
			<destination>{89e564bb-707d-41de-9c65-c7aff000cab4}</destination>
		</relationship>
	</object>
	<object class="MixerBusPanner" id="{ffadc621-937b-4a17-b065-29ba1841af7b}" />
	<object class="MultiSound" id="{6e80e6a6-417a-4c19-b0fb-2f1fd706f0ac}">
		<property name="length">
			<value>3.0136458333333334</value>
		</property>
		<relationship name="sounds">
			<destination>{7a8c5ca9-f412-4521-9ba2-8e6446acc357}</destination>
			<destination>{5f10ccb6-f131-4a3a-a27f-66648fa9a14f}</destination>
			<destination>{747beb1e-a2e9-4344-bcd3-b5c7fad1574c}</destination>
			<destination>{bd66149e-60fb-4e3a-94a8-1a2c5cc83645}</destination>
		</relationship>
	</object>
	<object class="EventMixerGroup" id="{b817cdc9-5149-4027-bbe2-1af3a9b17c48}">
		<property name="name">
			<value>Audio 1</value>
		</property>
		<relationship name="effectChain">
			<destination>{5df0090d-9e9b-4cd1-a49c-dfcb241f5572}</destination>
		</relationship>
		<relationship name="panner">
			<destination>{589f9831-8263-4380-b238-175eb9b1ac73}</destination>
		</relationship>
		<relationship name="output">
			<destination>{310ca3f4-7ecc-4c69-bcca-db877104813f}</destination>
		</relationship>
	</object>
	<object class="MixerBusEffectChain" id="{bc1582fb-698d-4ea6-a2bd-a7498e3d35b5}">
		<relationship name="effects">
			<destination>{c2f8e981-1973-4920-ba00-280804db8886}</destination>
		</relationship>
	</object>
	<object class="MixerBusPanner" id="{b940d36b-56cb-4c42-8806-22a033800fec}" />
	<object class="MixerBusFader" id="{89e564bb-707d-41de-9c65-c7aff000cab4}" />
	<object class="SingleSound" id="{7a8c5ca9-f412-4521-9ba2-8e6446acc357}">
		<relationship name="audioFile">
			<destination>{8e9f6353-d6fe-4d3d-a091-d4c8a7ccb301}</destination>
		</relationship>
	</object>
	<object class="SingleSound" id="{5f10ccb6-f131-4a3a-a27f-66648fa9a14f}">
		<relationship name="audioFile">
			<destination>{df08136f-599a-496c-9c91-f2c2fdefa5ec}</destination>
		</relationship>
	</object>
	<object class="SingleSound" id="{747beb1e-a2e9-4344-bcd3-b5c7fad1574c}">
		<relationship name="audioFile">
			<destination>{e59a1ce2-10d9-4b6b-8639-052abecdcfe1}</destination>
		</relationship>
	</object>
	<object class="SingleSound" id="{bd66149e-60fb-4e3a-94a8-1a2c5cc83645}">
		<relationship name="audioFile">
			<destination>{216505da-3777-4da5-b96d-4950883224ad}</destination>
		</relationship>
	</object>
	<object class="MixerBusEffectChain" id="{5df0090d-9e9b-4cd1-a49c-dfcb241f5572}">
		<relationship name="effects">
			<destination>{cfdd164d-05ed-4941-b91c-af259fa8d08a}</destination>
		</relationship>
	</object>
	<object class="MixerBusPanner" id="{589f9831-8263-4380-b238-175eb9b1ac73}" />
	<object class="MixerBusFader" id="{c2f8e981-1973-4920-ba00-280804db8886}" />
	<object class="MixerBusFader" id="{cfdd164d-05ed-4941-b91c-af259fa8d08a}" />
</objects>
