<?xml version="1.0" encoding="UTF-8"?>
<objects serializationModel="Studio.02.01.00">
	<object class="Event" id="{1577714e-ef8f-46f8-bacc-e7c68da62032}">
		<property name="name">
			<value>trig_SFX_BlasterLongLoudHighMid002MonoRR</value>
		</property>
		<property name="outputFormat">
			<value>2</value>
		</property>
		<relationship name="folder">
			<destination>{7f41e00c-f766-4529-8391-881712592ace}</destination>
		</relationship>
		<relationship name="mixer">
			<destination>{c585ab57-2337-49b9-ada4-38f7c8b35abc}</destination>
		</relationship>
		<relationship name="masterTrack">
			<destination>{4f5da0de-21f9-46fb-a427-6239e295e9d3}</destination>
		</relationship>
		<relationship name="mixerInput">
			<destination>{78ae03af-3969-49f9-b9c2-56082d97245d}</destination>
		</relationship>
		<relationship name="automatableProperties">
			<destination>{5cb9dd1b-ee9a-4696-8962-fa57684aeff9}</destination>
		</relationship>
		<relationship name="markerTracks">
			<destination>{913f9acf-d67c-45d3-9611-b9ebe8209cab}</destination>
		</relationship>
		<relationship name="groupTracks">
			<destination>{0b033af8-ed32-4c18-a7dc-dad8e6d7823e}</destination>
		</relationship>
		<relationship name="timeline">
			<destination>{41ec59e1-8f8e-444c-843d-8c7535e59bdc}</destination>
		</relationship>
		<relationship name="banks">
			<destination>{09901795-b9b9-4010-a4a3-3011ed4caaa2}</destination>
		</relationship>
	</object>
	<object class="EventMixer" id="{c585ab57-2337-49b9-ada4-38f7c8b35abc}">
		<relationship name="masterBus">
			<destination>{21fcf6cc-e1cc-4b4a-9f0f-4584179f69aa}</destination>
		</relationship>
	</object>
	<object class="MasterTrack" id="{4f5da0de-21f9-46fb-a427-6239e295e9d3}">
		<relationship name="mixerGroup">
			<destination>{21fcf6cc-e1cc-4b4a-9f0f-4584179f69aa}</destination>
		</relationship>
	</object>
	<object class="MixerInput" id="{78ae03af-3969-49f9-b9c2-56082d97245d}">
		<relationship name="effectChain">
			<destination>{eee4b098-3922-4ad8-8350-fb011bdbd5e3}</destination>
		</relationship>
		<relationship name="panner">
			<destination>{1877089f-6bbb-4d6d-8f25-60966d58fcef}</destination>
		</relationship>
		<relationship name="output">
			<destination>{07daa3ae-3495-463d-8c3e-6a9ee1871371}</destination>
		</relationship>
	</object>
	<object class="EventAutomatableProperties" id="{5cb9dd1b-ee9a-4696-8962-fa57684aeff9}" />
	<object class="MarkerTrack" id="{913f9acf-d67c-45d3-9611-b9ebe8209cab}" />
	<object class="GroupTrack" id="{0b033af8-ed32-4c18-a7dc-dad8e6d7823e}">
		<relationship name="modules">
			<destination>{46b32876-f794-4695-9599-6be8996a0760}</destination>
		</relationship>
		<relationship name="mixerGroup">
			<destination>{bd7c140b-2672-47c8-8b4d-7f2822283dd7}</destination>
		</relationship>
	</object>
	<object class="Timeline" id="{41ec59e1-8f8e-444c-843d-8c7535e59bdc}">
		<relationship name="modules">
			<destination>{46b32876-f794-4695-9599-6be8996a0760}</destination>
		</relationship>
	</object>
	<object class="EventMixerMaster" id="{21fcf6cc-e1cc-4b4a-9f0f-4584179f69aa}">
		<relationship name="effectChain">
			<destination>{67294d6b-3369-4cca-80a5-83ee7886b0e9}</destination>
		</relationship>
		<relationship name="panner">
			<destination>{e22ef72e-513a-486c-9133-2356cd9e8035}</destination>
		</relationship>
		<relationship name="mixer">
			<destination>{c585ab57-2337-49b9-ada4-38f7c8b35abc}</destination>
		</relationship>
	</object>
	<object class="MixerBusEffectChain" id="{eee4b098-3922-4ad8-8350-fb011bdbd5e3}">
		<relationship name="effects">
			<destination>{38c7cbb6-8f35-41b0-a112-826b895b002c}</destination>
		</relationship>
	</object>
	<object class="MixerBusPanner" id="{1877089f-6bbb-4d6d-8f25-60966d58fcef}" />
	<object class="MultiSound" id="{46b32876-f794-4695-9599-6be8996a0760}">
		<property name="length">
			<value>1.4128344671201813</value>
		</property>
		<relationship name="sounds">
			<destination>{7dd0cee4-3c53-4a85-a998-027b7d6d80f7}</destination>
			<destination>{8ffab0ad-521f-4b1e-9825-86894409e026}</destination>
			<destination>{2751f7f5-19d9-431f-9074-f4c2f75990d2}</destination>
			<destination>{85e9d2da-58eb-4b84-bf96-1c26175210b7}</destination>
		</relationship>
	</object>
	<object class="EventMixerGroup" id="{bd7c140b-2672-47c8-8b4d-7f2822283dd7}">
		<property name="name">
			<value>Audio 1</value>
		</property>
		<relationship name="effectChain">
			<destination>{5704ea08-1af8-4657-a339-b2110c038d09}</destination>
		</relationship>
		<relationship name="panner">
			<destination>{76fa4771-6e1c-4ccc-ac4f-b5ea0d7b41c6}</destination>
		</relationship>
		<relationship name="output">
			<destination>{21fcf6cc-e1cc-4b4a-9f0f-4584179f69aa}</destination>
		</relationship>
	</object>
	<object class="MixerBusEffectChain" id="{67294d6b-3369-4cca-80a5-83ee7886b0e9}">
		<relationship name="effects">
			<destination>{bfcbb767-1dea-41c4-889e-74ac8c865be0}</destination>
			<destination>{3595e393-9e19-4b14-be17-1fc11881007d}</destination>
		</relationship>
	</object>
	<object class="MixerBusPanner" id="{e22ef72e-513a-486c-9133-2356cd9e8035}" />
	<object class="MixerBusFader" id="{38c7cbb6-8f35-41b0-a112-826b895b002c}" />
	<object class="SingleSound" id="{7dd0cee4-3c53-4a85-a998-027b7d6d80f7}">
		<relationship name="audioFile">
			<destination>{f1f70912-be0a-4b22-bee4-ad03825e41ed}</destination>
		</relationship>
	</object>
	<object class="SingleSound" id="{8ffab0ad-521f-4b1e-9825-86894409e026}">
		<relationship name="audioFile">
			<destination>{80e493b5-fa99-4d4e-aa11-4acb4fa69b45}</destination>
		</relationship>
	</object>
	<object class="SingleSound" id="{2751f7f5-19d9-431f-9074-f4c2f75990d2}">
		<relationship name="audioFile">
			<destination>{a4ce6eea-01de-4b7f-8d1a-5aae3097ef91}</destination>
		</relationship>
	</object>
	<object class="SingleSound" id="{85e9d2da-58eb-4b84-bf96-1c26175210b7}">
		<relationship name="audioFile">
			<destination>{39c1d6cd-925b-4c03-aaed-060a27cdb85e}</destination>
		</relationship>
	</object>
	<object class="MixerBusEffectChain" id="{5704ea08-1af8-4657-a339-b2110c038d09}">
		<relationship name="effects">
			<destination>{a79bacc6-9a3a-4eb7-a9d0-427a6b2ae721}</destination>
		</relationship>
	</object>
	<object class="MixerBusPanner" id="{76fa4771-6e1c-4ccc-ac4f-b5ea0d7b41c6}" />
	<object class="MixerBusFader" id="{bfcbb767-1dea-41c4-889e-74ac8c865be0}" />
	<object class="SpatialiserEffect" id="{3595e393-9e19-4b14-be17-1fc11881007d}">
		<property name="minimumDistance">
			<value>0.5</value>
		</property>
		<property name="maximumDistance">
			<value>200</value>
		</property>
	</object>
	<object class="MixerBusFader" id="{a79bacc6-9a3a-4eb7-a9d0-427a6b2ae721}" />
</objects>
