[
 {
   "dataName": "USAInfantryKorea",
   "friendlyName": "2nd Infantry",
   "startRegionStr": "SouthKorea",
   "homeRegionStr": "Cascadia",
   "armyType": "Human",
   "deploymentType": "Naval",
   "startingStrength": 1
 },
 {
   "dataName": "USAInfantryDixie",
   "friendlyName": "3rd Infantry",
   "startRegionStr": "Dixie",
   "homeRegionStr": "Dixie",
   "armyType": "Human",
   "deploymentType": "Naval",
   "startingStrength": 1
 },
 {
   "dataName": "USAMarinesCalifornia",
   "friendlyName": "1st Marines",
   "startRegionStr": "California",
   "homeRegionStr": "California",
   "armyType": "Human",
   "deploymentType": "Naval",
   "startingStrength": 1
 },
 {
   "dataName": "USAArmoredTexas",
   "friendlyName": "1st Armored",
   "startRegionStr": "Texas",
   "homeRegionStr": "Texas",
   "armyType": "Human",
   "deploymentType": "Naval",
   "startingStrength": 1
 },
 {
   "dataName": "USAInfantryHighPlains",
   "friendlyName": "1st Infantry",
   "startRegionStr": "HighPlains",
   "homeRegionStr": "HighPlains",
   "armyType": "Human",
   "deploymentType": "Naval",
   "startingStrength": 1
 },
 {
   "dataName": "USAMarinesDixie",
   "friendlyName": "2nd Marines",
   "startRegionStr": "Shenandoah",
   "homeRegionStr": "Shenandoah",
   "armyType": "Human",
   "deploymentType": "Naval",
   "startingStrength": 1
 },
 {
   "dataName": "GBRArmoredEngland",
   "friendlyName": "1st Armored",
   "startRegionStr": "England",
   "homeRegionStr": "England",
   "armyType": "Human",
   "deploymentType": "Naval",
   "startingStrength": 1
 },
 {
   "dataName": "EUABlindeeFrance",
   "friendlyName": "1st Blindee",
   "startRegionStr": "France",
   "homeRegionStr": "France",
   "armyType": "Human",
   "deploymentType": "Naval",
   "startingStrength": 1
 },
 {
   "dataName": "EUAPanzersGermany",
   "friendlyName": "1st Panzers",
   "startRegionStr": "Germany",
   "homeRegionStr": "Germany",
   "armyType": "Human",
   "deploymentType": "Standard",
   "startingStrength": 1
 },
 {
   "dataName": "RUSArmyMoskva",
   "friendlyName": "20th Guards Army",
   "startRegionStr": "Moskva",
   "homeRegionStr": "Moskva",
   "armyType": "Human",
   "deploymentType": "Standard",
   "startingStrength": 1
 },
 {
   "dataName": "RUSTankPetersburg",
   "friendlyName": "1st Tank Army",
   "startRegionStr": "Kharkiv",
   "homeRegionStr": "Novgorod",
   "armyType": "Human",
   "deploymentType": "Naval",
   "startingStrength": 0.15
 },
 {
   "dataName": "RUSGuardsRostovskaya",
   "friendlyName": "8th Guards Army",
   "startRegionStr": "Kharkiv",
   "homeRegionStr": "Rostovskaya",
   "armyType": "Human",
   "deploymentType": "Standard",
   "startingStrength": 0.55
 },
 {
   "dataName": "RUSArmyRussianFarEast",
   "friendlyName": "5th Guards Army",
   "startRegionStr": "RussianFarEast",
   "homeRegionStr": "Volga",
   "armyType": "Human",
   "deploymentType": "Standard",
   "startingStrength": 1
 },
 {
   "dataName": "CHNArmyNanjing",
   "friendlyName": "81st Group Army",
   "startRegionStr": "Beijing",
   "homeRegionStr": "Beijing",
   "armyType": "Human",
   "deploymentType": "Naval",
   "startingStrength": 1
 },
 {
   "dataName": "CHNArmyShanghai",
   "friendlyName": "73rd Group Army",
   "startRegionStr": "Shanghai",
   "homeRegionStr": "Shanghai",
   "armyType": "Human",
   "deploymentType": "Naval",
   "startingStrength": 1
 },
 {
   "dataName": "CHNArmyManchuria",
   "friendlyName": "79th Group Army",
   "startRegionStr": "Manchuria",
   "homeRegionStr": "Manchuria",
   "armyType": "Human",
   "deploymentType": "Standard",
   "startingStrength": 1
 },
 {
   "dataName": "CHNArmyWuhan",
   "friendlyName": "75th Group Army",
   "startRegionStr": "Guizhou",
   "homeRegionStr": "Guizhou",
   "armyType": "Human",
   "deploymentType": "Standard",
   "startingStrength": 1
 },
 {
   "dataName": "INDArmyDelhi",
   "friendlyName": "XII Corps",
   "startRegionStr": "NewDelhi",
   "homeRegionStr": "NewDelhi",
   "armyType": "Human",
   "deploymentType": "Naval",
   "startingStrength": 1
 },
 {
   "dataName": "INDArmyKashmir",
   "friendlyName": "X Corps",
   "startRegionStr": "Jaipur",
   "homeRegionStr": "Jaipur",
   "armyType": "Human",
   "deploymentType": "Standard",
   "startingStrength": 1
 },
 {
   "dataName": "INDArmyAssam",
   "friendlyName": "IV Corps",
   "startRegionStr": "Assam",
   "homeRegionStr": "Kolkata",
   "armyType": "Human",
   "deploymentType": "Standard",
   "startingStrength": 1
 },
 {
   "dataName": "INDArmyJammu",
   "friendlyName": "XVI Corps",
   "startRegionStr": "JammuandKashmir",
   "homeRegionStr": "Mumbai",
   "armyType": "Human",
   "deploymentType": "Standard",
   "startingStrength": 1
 },
 {
   "dataName": "PAKArmyPunjab",
   "friendlyName": "I Strike Corps",
   "startRegionStr": "Punjab",
   "homeRegionStr": "Punjab",
   "armyType": "Human",
   "deploymentType": "Standard",
   "startingStrength": 1
 },
 {
   "dataName": "PRKArmy",
   "friendlyName": "820th Armored",
   "startRegionStr": "NorthKorea",
   "homeRegionStr": "NorthKorea",
   "armyType": "Human",
   "deploymentType": "Standard",
   "startingStrength": 1
 },
 {
   "dataName": "ISRArmy",
   "friendlyName": "36th Armored",
   "startRegionStr": "Israel",
   "homeRegionStr": "Israel",
   "armyType": "Human",
   "deploymentType": "Standard",
   "startingStrength": 1
 },
 {
   "dataName": "KORArmy",
   "friendlyName": "1st Army",
   "startRegionStr": "SouthKorea",
   "homeRegionStr": "SouthKorea",
   "armyType": "Human",
   "deploymentType": "Standard",
   "startingStrength": 1
 },
 {
   "dataName": "TURArmy",
   "friendlyName": "2nd Army",
   "startRegionStr": "Diyarbakir",
   "homeRegionStr": "Anatolia",
   "armyType": "Human",
   "deploymentType": "Standard",
   "startingStrength": 1
 },
 {
   "dataName": "EGYArmy",
   "friendlyName": "1st Field Army",
   "startRegionStr": "Egypt",
   "homeRegionStr": "Egypt",
   "armyType": "Human",
   "deploymentType": "Standard",
   "startingStrength": 1
 },
 {
   "dataName": "IRNArmy",
   "friendlyName": "1st Army",
   "startRegionStr": "Tehran",
   "homeRegionStr": "Tehran",
   "armyType": "Human",
   "deploymentType": "Standard",
   "startingStrength": 1
 },
 {
   "dataName": "ISRArmyCombined",
   "friendlyName": "36th Armored",
   "startRegionStr": "CombinedIsrael",
   "homeRegionStr": "CombinedIsrael",
   "armyType": "Human",
   "deploymentType": "Standard",
   "startingStrength": 1
 },
 {
   "dataName": "NavySydney_PVC",
   "friendlyName": "RAN Pacific Fleet",
   "startRegionStr": "Sydney_PVC",
   "homeRegionStr": "Sydney_PVC",
   "armyType": "Human",
   "deploymentType": "Naval",
   "startingStrength": 1
 },
 {
   "dataName": "NavyManchuria_PVC",
   "friendlyName": "PLAN Liaoning Fleet",
   "startRegionStr": "Manchuria_PVC",
   "homeRegionStr": "Manchuria_PVC",
   "armyType": "Human",
   "deploymentType": "Naval",
   "startingStrength": 1
 },
 {
   "dataName": "ArmyXinjiang_PVC",
   "friendlyName": "PLA Xinjiang Police",
   "startRegionStr": "Xinjiang_PVC",
   "homeRegionStr": "Beijing_PVC",
   "armyType": "Human",
   "deploymentType": "Standard",
   "startingStrength": 0.55
 },
 {
   "dataName": "ArmyChongqing_PVC",
   "friendlyName": "PLA Capital Defense",
   "startRegionStr": "Chongqing_PVC",
   "homeRegionStr": "Chongqing_PVC",
   "armyType": "Human",
   "deploymentType": "Standard",
   "startingStrength": 1
 },
 {
   "dataName": "ArmyWuhan_PVC",
   "friendlyName": "PLA Coastal Defense",
   "startRegionStr": "Wuhan_PVC",
   "homeRegionStr": "Wuhan_PVC",
   "armyType": "Human",
   "deploymentType": "Standard",
   "startingStrength": 0.8
 },
 {
   "dataName": "ArmyNorthKorea_PVC",
   "friendlyName": "KPA Invasion Force",
   "startRegionStr": "NorthKorea_PVC",
   "homeRegionStr": "NorthKorea_PVC",
   "armyType": "Human",
   "deploymentType": "Standard",
   "startingStrength": 0.5
 },
 {
   "dataName": "ArmySouthKorea_PVC",
   "friendlyName": "ROKA Invasion Force",
   "startRegionStr": "SouthKorea_PVC",
   "homeRegionStr": "SouthKorea_PVC",
   "armyType": "Human",
   "deploymentType": "Standard",
   "startingStrength": 0.5
 },
 {
   "dataName": "NavyNewDelhi_PVC",
   "friendlyName": "India Capital Defense",
   "startRegionStr": "NewDelhi_PVC",
   "homeRegionStr": "NewDelhi_PVC",
   "armyType": "Human",
   "deploymentType": "Naval",
   "startingStrength": 1
 },
 {
   "dataName": "ArmyHyderabad_PVC",
   "friendlyName": "India Bangalore Police",
   "startRegionStr": "Hyderabad_PVC",
   "homeRegionStr": "Hyderabad_PVC",
   "armyType": "Human",
   "deploymentType": "Standard",
   "startingStrength": 0.65
 },
 {
   "dataName": "ArmyJammuandKashmir_PVC",
   "friendlyName": "India Kashmir Police",
   "startRegionStr": "JammuandKashmir_PVC",
   "homeRegionStr": "Jaipur_PVC",
   "armyType": "Human",
   "deploymentType": "Standard",
   "startingStrength": 0.55
 },
 {
   "dataName": "ArmyKolkata_PVC",
   "friendlyName": "Revolutionary Army",
   "startRegionStr": "Kolkata_PVC",
   "homeRegionStr": "Kolkata_PVC",
   "armyType": "Human",
   "deploymentType": "Standard",
   "startingStrength": 0.55
 },
 {
   "dataName": "ArmyPunjab_PVC",
   "friendlyName": "Pakistan Army",
   "startRegionStr": "Punjab_PVC",
   "homeRegionStr": "Punjab_PVC",
   "armyType": "Human",
   "deploymentType": "Standard",
   "startingStrength": 1
 },
 {
   "dataName": "ArmyTehran_PVC",
   "friendlyName": "Iranian Army",
   "startRegionStr": "Tehran_PVC",
   "homeRegionStr": "Tehran_PVC",
   "armyType": "Human",
   "deploymentType": "Standard",
   "startingStrength": 1
 },
 {
   "dataName": "ArmyIsraelPalestine_PVC",
   "friendlyName": "Israeli Defense Force",
   "startRegionStr": "IsraelPalestine_PVC",
   "homeRegionStr": "IsraelPalestine_PVC",
   "armyType": "Human",
   "deploymentType": "Standard",
   "startingStrength": 0.05
 },
 {
   "dataName": "ArmyDiyarbakir_PVC",
   "friendlyName": "Turkish Land Forces",
   "startRegionStr": "Diyarbakir_PVC",
   "homeRegionStr": "Anatolia_PVC",
   "armyType": "Human",
   "deploymentType": "Standard",
   "startingStrength": 0.85
 },
 {
   "dataName": "ArmyMorocco_PVC",
   "friendlyName": "Royal Moroccan Army",
   "startRegionStr": "Morocco_PVC",
   "homeRegionStr": "Morocco_PVC",
   "armyType": "Human",
   "deploymentType": "Standard",
   "startingStrength": 0.55
 },
 {
   "dataName": "ArmyAlgeria_PVC",
   "friendlyName": "APNA",
   "startRegionStr": "Algeria_PVC",
   "homeRegionStr": "Algeria_PVC",
   "armyType": "Human",
   "deploymentType": "Standard",
   "startingStrength": 1
 },
 {
   "dataName": "ArmyAbuja_PVC",
   "friendlyName": "Nigerian Army",
   "startRegionStr": "Abuja_PVC",
   "homeRegionStr": "Lagos_PVC",
   "armyType": "Human",
   "deploymentType": "Standard",
   "startingStrength": 0.7
 },
 {
   "dataName": "ArmyAngola_PVC",
   "friendlyName": "Angolan Army",
   "startRegionStr": "Angola_PVC",
   "homeRegionStr": "Angola_PVC",
   "armyType": "Human",
   "deploymentType": "Standard",
   "startingStrength": 0.5
 },
 {
   "dataName": "ArmyEthiopia_PVC",
   "friendlyName": "ENDF",
   "startRegionStr": "Ethiopia_PVC",
   "homeRegionStr": "Ethiopia_PVC",
   "armyType": "Human",
   "deploymentType": "Standard",
   "startingStrength": 0.65
 },
 {
   "dataName": "ArmyKenya_PVC",
   "friendlyName": "Kenya Army",
   "startRegionStr": "Kenya_PVC",
   "homeRegionStr": "Kenya_PVC",
   "armyType": "Human",
   "deploymentType": "Standard",
   "startingStrength": 0.5
 },
 {
   "dataName": "ArmyCapeTown_PVC",
   "friendlyName": "SADF First Army",
   "startRegionStr": "CapeTown_PVC",
   "homeRegionStr": "CapeTown_PVC",
   "armyType": "Human",
   "deploymentType": "Standard",
   "startingStrength": 0.55
 },
 {
   "dataName": "ArmyJohannesburg_PVC",
   "friendlyName": "SADF Second Army",
   "startRegionStr": "Johannesburg_PVC",
   "homeRegionStr": "Johannesburg_PVC",
   "armyType": "Human",
   "deploymentType": "Standard",
   "startingStrength": 0.35
 },
 {
   "dataName": "NavyBrasilia_PVC",
   "friendlyName": "Brazilian Navy",
   "startRegionStr": "Brasilia_PVC",
   "homeRegionStr": "Brasilia_PVC",
   "armyType": "Human",
   "deploymentType": "Naval",
   "startingStrength": 1
 },
 {
   "dataName": "ArmySaoPaolo_PVC",
   "friendlyName": "Brazilian Army",
   "startRegionStr": "SaoPaolo_PVC",
   "homeRegionStr": "SaoPaolo_PVC",
   "armyType": "Human",
   "deploymentType": "Standard",
   "startingStrength": 1
 },
 {
   "dataName": "ArmyGranChaco_PVC",
   "friendlyName": "Argentine Army",
   "startRegionStr": "GranChaco_PVC",
   "homeRegionStr": "GranChaco_PVC",
   "armyType": "Human",
   "deploymentType": "Standard",
   "startingStrength": 1
 },
 {
   "dataName": "ArmySouthernChile_PVC",
   "friendlyName": "Chilean Army",
   "startRegionStr": "SouthernChile_PVC",
   "homeRegionStr": "SouthernChile_PVC",
   "armyType": "Human",
   "deploymentType": "Standard",
   "startingStrength": 1
 },
 {
   "dataName": "ArmyMexicoCity_PVC",
   "friendlyName": "Mexican Army",
   "startRegionStr": "MexicoCity_PVC",
   "homeRegionStr": "MexicoCity_PVC",
   "armyType": "Human",
   "deploymentType": "Standard",
   "startingStrength": 1
 }
]