[
    {
        "dataName": "globalConfig",		
		"quotes": 28,
		"strategyLayerSpeedSettings": [
			0, 1, 60, 3600, 21600, 43200			// 1 sec, 1 minute, 1 hour, 6 hours, 12 hours
			],
		"combatLayerSpeedSettings": [
			0, 1, 3, 5, 10, 15
			],
		"missionDifficultyModifier": 2,
		"eventManagerQueueProcessTime": 0.4,
		"immediateNewsAlert": true,
		/* national investment variables */
        "nationalInvestmentArmyFactorHome": 0.5,
		"nationalInvestmentArmyFactorAway": 1,
		"nationalInvestmentNavyFactor": 0.5,
		/* required investment points to trigger event */
		"priority_ECO": 1,
		"priority_WEL": 1,
		"priority_KNO": 2,
		"priority_UNI": 2,
		"priority_MIL": 3,
		"priority_SPO": 1,
		"priority_DEV": 1,
		"priority_FLI": 50,
		"priority_BOO": 2,
		"priority_MC": 25,
		"priority_ARM": 60,
		"priority_NAV": 100,
		"priority_NUC": 80,
		"priority_NUK": 25,
		"priority_DEF": 50,
		/* Character generation variables */
		"characterGenRegionCoreEcoModifier": 1.1,
		"characterGenRegionHighEducationModifer": 1.0,
		"characterGenRegionHighEducationThreshhold": 8.0, 
		"characterGenRegionVeryHighEducationModifier": 1.0,
		"characterGenRegionVeryHighEducationThreshhold": 9.0,
		/* Region contribution to Nation variables */
		"coreEcoRegionGDPModifier": 1.25,
		"coreResourceRegionGDPModifier": 1.25,
		"colonyRegionGDPModifier": 0.5,
		/* Space mining variables */
		"ZeroMinMiningProfileModifier": 2,
		"minMassforMiningResourceBonus": 1e19,
		"maxMassforMiningResourceMalus": 5e16,
		"bigAsteroidResourceBonusChance": 2,
		"smallAsteroidresourceMalusChance": 0.5,		
		/* Rebalancing */
		"controlPointMaintenanceFreebies": 35,
		"controlPointBonusMaintenanceFreebiesPerRemovedFaction": 5,
		"minControlPointsForNavy": 3,
		"minControlPointsForNavyException": 2,
		"PCGDPForNavyException": 30000,
		"minPopulationForFirstArmy_millions": 2.5,
		/* canvases to load at launch */
		"canvasesToLoad":[
			"General Controls Canvas",
			"OptionsScreen",
			"Notification Screen Canvas",
			"SpaceCombatCanvas",
			"PreCombatCanvas",
			"CouncilorMissionControlsCanvas",
			"OperationsControlsCanvas",
			"SpaceObjectDetailCanvas",
			"NationInfoCanvas",
			"ArmyDetailCanvas",
			"CouncilManagementCanvas",
			"NationsScreenCanvas",
			"HabitatsScreenCanvas",
			"FleetsScreenCanvas",
			"ResearchScreenCanvas",
			"ObjectivesScreenCanvas",
			"IntelScreenCanvas",
			"CodexCanvas"
		],
		"skirmishCanvasesToLoad":[
			"OptionsScreen",
			"PreCombatCanvas",
			"SpaceCombatCanvas",
			"CodexCanvas"
		],
		"debug_ConsoleActive": false,
		"debug_fullAIDump": false,
		"debug_advancedFactionStart": false,
    	"debug_fullAIKnowledge" : false,
		"debug_showAllShipPartsIncludingAlien": false,
		"debug_showAllShipParts": false,
		"debug_showAllHabParts": false,
		"debug_spaceDetection": false,
		"debug_shipDesignAI": false,
		"debug_AICombatPathing" : false,
		"debug_suppressCombatAI" : false,
		"debug_suppressCombatAIAfterXPasses" : -1,
		"debug_suppressSkirmishRotatePlanet" : false,
		"debug_skirmishSpaceBodyZoomMult" : 0.667,
		"debug_noMissionFail" : false,
		"smoothAIMissionPlanning": true,
		"smoothingMSPerFrame": 18,
		"targetFrameRate": 90,
		"gameplay_alertActivePlayeronAISpaceCombat": false,
		"combatCamera_maxZoom": 8000,
		"combatCamera_minZoom": 10,
		"combatCamera_maxPan": 8000,
		"combatCamera_minPan": -8000,
		"combatCamera_minCameraMovementSpeed": 1,
		"combatCamera_maxCameraMovementSpeed": 20,
		"combatCamera_minScrollSpeedOffset": -200,
		"combatCamera_maxScrollSpeedOffset": -600,
		"combatCamera_mouseRotateSpeedOffset": 0.9,
		"combatCamera_keyRotateSpeedOffset": 50,
		"combatCamera_keyZoomSpeed": 0.01,
		"strategyCamera_DragRateNormal": 1.25,
		"strategyCamera_DragRateSlow": 0.25,
		"strategyCamera_ZoomRateNormal": 1.25,
		"strategyCamera_ZoomRateSlow": 0.1,
		"strategyCamera_ZoomLimit": 0.2,
		"strategyCamera_ZoomLimitEarth": 0.1,
		"strategyCamera_MaxZoomStep": 0.9,
		"strategyCamera_MinDistanceFromCamera": 20,
		"strategyCamera_LogScaleDistanceFromCamera": 100		
    }
]
