[
 {
   "dataName": "InternationalSpaceStation",
   "friendlyName": "International Space Station",
   "habType": "Station",
   "tier": 1,
   "habSite": "",
   "alien": false,
   "orbitTemplateName": "LowEarthOrbit4",
   "meanAnomalyAtEpoch_Deg": 312.374,
   "epoch_floatJYears": 2021.4767,
   "sectors": [
      {
         "faction": "CooperateCouncil",
         "habModuleNames": [
            "PlatformCore",
            "",
            "SolarCollector",
            "SpaceScienceLab",
            "SolarCollector"
         ]
      },
      {
         "faction": "",
         "habModuleNames": [
            "",
            "",
            "",
            ""
         ]
      },
      {
         "faction": "",
         "habModuleNames": [
            "",
            "",
            "",
            ""
         ]
      },
      {
         "faction": "",
         "habModuleNames": [
            "",
            "",
            "",
            ""
         ]
      },
      {
         "faction": "",
         "habModuleNames": [
            "",
            "",
            "",
            ""
         ]
      }
   ]
},
 {
   "dataName": "Tiangong",
   "friendlyName": "Tiangong",
   "habType": "Station",
   "tier": 1,
   "habSite": "",
   "alien": false,
   "orbitTemplateName": "LowEarthOrbit3",
   "meanAnomalyAtEpoch_Deg": 40.7074,
   "epoch_floatJYears": 2021.4767,
   "sectors": [
      {
         "faction": "EscapeCouncil",
         "habModuleNames": [
            "PlatformCore",
            "",
            "",
            "",
            ""
         ]
      },
      {
         "faction": "",
         "habModuleNames": [
            "",
            "",
            "",
            ""
         ]
      },
      {
         "faction": "",
         "habModuleNames": [
            "",
            "",
            "",
            ""
         ]
      },
      {
         "faction": "",
         "habModuleNames": [
            "",
            "",
            "",
            ""
         ]
      },
      {
         "faction": "",
         "habModuleNames": [
            "",
            "",
            "",
            ""
         ]
      }
   ]
},
 {
   "dataName": "AlienHQ",
   "friendlyName": "Alien HQ",
   "habType": "Base",
   "tier": 3,
   "habSite": "",
   "alien": true,
   "orbitTemplateName": "",
   "meanAnomalyAtEpoch_Deg": null,
   "sectors": [
      {
         "faction": "AlienCouncil",
         "habModuleNames": [
            "AlienColonyCore",
            "AlienColonyMiningComplex",
            "AlienWormholeFacility",
            "AlienFusionReactorFarm",
            "AlienNanofacturingComplex"
         ]
      },
      {
         "faction": "AlienCouncil",
         "habModuleNames": [
            "AlienFusionReactorFarm",
            "AlienFusionReactorFarm",
            "AlienSpaceworks",
            "AlienSpaceworks"
         ]
      },
      {
         "faction": "AlienCouncil",
         "habModuleNames": [
            "AlienFusionReactorFarm",
            "AlienBattlestations",
            "AlienBattlestations",
            "AlienBattlestations"
         ]
      },
      {
         "faction": "AlienCouncil",
         "habModuleNames": [
            "AlienFusionReactorFarm",
            "AlienBattlestations",
            "AlienBattlestations",
            "AlienBattlestations"
         ]
      },
      {
         "faction": "AlienCouncil",
         "habModuleNames": [
            "AlienFusionReactorFarm",
            "AlienBattlestations",
            "AlienBattlestations",
            "AlienBattlestations"
         ]
      }
   ]
},
 {
   "dataName": "AlienHQStation",
   "friendlyName": "Alien Station Alpha",
   "habType": "Station",
   "tier": 3,
   "habSite": "",
   "alien": true,
   "orbitTemplateName": "",
   "meanAnomalyAtEpoch_Deg": null,
   "sectors": [
      {
         "faction": "AlienCouncil",
         "habModuleNames": [
            "AlienRingCore",
            "AlienShipyard",
            "AlienNanofactory",
            "AlienBattlestations",
            "AlienFusionReactorFarm"
         ]
      },
      {
         "faction": "AlienCouncil",
         "habModuleNames": [
            "",
            "",
            "",
            ""
         ]
      },
      {
         "faction": "AlienCouncil",
         "habModuleNames": [
            "AlienFusionReactorArray",
            "AlienLayeredDefenseArray",
            "AlienFusionReactorArray",
            "AlienLayeredDefenseArray"
         ]
      },
      {
         "faction": "AlienCouncil",
         "habModuleNames": [
            "",
            "",
            "",
            ""
         ]
      },
      {
         "faction": "AlienCouncil",
         "habModuleNames": [
            "AlienFusionReactorArray",
            "AlienLayeredDefenseArray",
            "AlienFusionReactorArray",
            "AlienLayeredDefenseArray"
         ]
      }
   ]
},
 {
   "dataName": "GatewayStation",
   "friendlyName": "Gateway Station",
   "habType": "Station",
   "tier": 3,
   "habSite": "",
   "alien": false,
   "orbitTemplateName": "LowEarthOrbit2",
   "meanAnomalyAtEpoch_Deg": null,
   "sectors": [
      {
         "faction": "SubmitCouncil",
         "habModuleNames": [
            "RingCore",
            "HeavyFusionReactorFarm",
            "HeavyFusionReactorFarm",
            "HeavyFusionReactorFarm",
            "Foundry"
         ]
      },
      {
         "faction": "SubmitCouncil",
         "habModuleNames": [
            "MarineBattalionBarracks",
            "AntimatterFarm",
            "Battlestations",
            "AntimatterHarvester"
         ]
      },
      {
         "faction": "SubmitCouncil",
         "habModuleNames": [
            "Shipyard",
            "LifeScienceInstitute",
            "NanofacturingComplex",
            "SolarFarm"
         ]
      },
      {
         "faction": "SubmitCouncil",
         "habModuleNames": [
            "Supercollider",
            "PointDefenseArray",
            "AntimatterTrap",
            "SolarFarm"
         ]
      },
      {
         "faction": "SubmitCouncil",
         "habModuleNames": [
            "MediaCenter",
            "LayeredDefenseArray",
            "SolarFarm",
            "SolarFarm"
         ]
      }
   ]
},
 {
   "dataName": "ArchonStation",
   "friendlyName": "Archon Station",
   "habType": "Station",
   "tier": 2,
   "habSite": "",
   "alien": false,
   "orbitTemplateName": "MediumEarthOrbit",
   "meanAnomalyAtEpoch_Deg": null,
   "sectors": [
      {
         "faction": "ResistCouncil",
         "habModuleNames": [
            "OrbitalCore",
            "Shipyard",
            "FissionReactorArray",
            "AntimatterTrap",
            "OperationsCenter"
         ]
      },
	  {
         "faction": "",
         "habModuleNames": [
            "",
            "",
            "",
            ""
         ]
      },
      {
         "faction": "ResistCouncil",
         "habModuleNames": [
            "OperationsCenter",
            "OperationsCenter",
            "OperationsCenter",
            "LayeredDefenseArray"
         ]
      },
      {
         "faction": "",
         "habModuleNames": [
            "",
            "",
            "",
            ""
         ]
      },
      {
         "faction": "ResistCouncil",
         "habModuleNames": [
            "OperationsCenter",
            "Nanofactory",
            "FusionReactorArray",
            "FusionReactorArray"
         ]
      }      
   ]
},
 {
   "dataName": "TranquilityBase",
   "friendlyName": "Tranquility Base",
   "habType": "Base",
   "tier": 1,
   "habSite": "LunaSite11",
   "alien": false,
   "orbitTemplateName": "",
   "meanAnomalyAtEpoch_Deg": null,
   "sectors": [
      {
         "faction": "ResistCouncil",
         "habModuleNames": [
            "OutpostCore",
            "",
            "FusionPile",
            "FusionPile",
            ""
         ]
      },
      {
         "faction": "",
         "habModuleNames": [
            "",
            "",
            "",
            ""
         ]
      },
      {
         "faction": "",
         "habModuleNames": [
            "",
            "",
            "",
            ""
         ]
      },
      {
         "faction": "",
         "habModuleNames": [
            "",
            "",
            "",
            ""
         ]
      },
      {
         "faction": "",
         "habModuleNames": [
            "",
            "",
            "",
            ""
         ]
      }
   ]
},
 {
   "dataName": "ArcadiaPlanitiaBase",
   "friendlyName": "Arcadia Planitia Base",
   "habType": "Base",
   "tier": 3,
   "habSite": "MarsSite00",
   "alien": false,
   "orbitTemplateName": "",
   "meanAnomalyAtEpoch_Deg": null,
   "sectors": [
      {
         "faction": "ResistCouncil",
         "habModuleNames": [
            "ColonyCore",
            "",
            "FusionReactorArray",
            "MarineCompanyBarracks",
            "LayeredDefenseArray"
         ]
      },
      {
         "faction": "ResistCouncil",
         "habModuleNames": [
            "CommandCenter",
            "CommandCenter",
            "CommandCenter",
            "FusionReactorArray"
         ]
      },
      {
         "faction": "ResistCouncil",
         "habModuleNames": [
            "CommandCenter",
            "CommandCenter",
            "CommandCenter",
            "SupplyDepot"
         ]
      },
      {
         "faction": "ResistCouncil",
         "habModuleNames": [
            "CommandCenter",
            "CommandCenter",
            "CommandCenter",
            "FusionReactorArray"
         ]
      },
      {
         "faction": "ResistCouncil",
         "habModuleNames": [
		    "CommandCenter",
            "Farm",
            "CommandCenter",
            "FusionReactorArray"
         ]
      }
   ]
},
{
   "dataName": "MarsBase2",
   "friendlyName": "MarsBase2",
   "habType": "Base",
   "tier": 1,
   "habSite": "MarsSite03",
   "alien": false,
   "orbitTemplateName": "",
   "meanAnomalyAtEpoch_Deg": null,
   "sectors": [
      {
         "faction": "ResistCouncil",
         "habModuleNames": [
            "OutpostCore",
            "",
            "FusionReactorArray",
            "MarineCompanyBarracks",
            "LayeredDefenseArray"
         ]
      },
      {
         "faction": "ResistCouncil",
         "habModuleNames": [
            "CommandCenter",
            "CommandCenter",
            "CommandCenter",
            "FusionReactorArray"
         ]
      },
      {
         "faction": "ResistCouncil",
         "habModuleNames": [
            "CommandCenter",
            "CommandCenter",
            "CommandCenter",
            "SupplyDepot"
         ]
      },
      {
         "faction": "ResistCouncil",
         "habModuleNames": [
            "CommandCenter",
            "CommandCenter",
            "CommandCenter",
            "FusionReactorArray"
         ]
      },
      {
         "faction": "ResistCouncil",
         "habModuleNames": [
		    "CommandCenter",
            "Farm",
            "CommandCenter",
            "FusionReactorArray"
         ]
      }
   ]
},
 {
   "dataName": "KalininBase",
   "friendlyName": "Kalinin Base",
   "habType": "Base",
   "tier": 3,
   "habSite": "LunaSite22",
   "alien": false,
   "orbitTemplateName": "",
   "meanAnomalyAtEpoch_Deg": null,
   "sectors": [
      {
         "faction": "SubmitCouncil",
         "habModuleNames": [
            "ColonyCore",
            "",
            "FusionReactorArray",
            "MarineBattalionBarracks",
            "PointDefenseArray"
         ]
      },
      {
         "faction": "SubmitCouncil",
         "habModuleNames": [
            "FusionReactorArray",
            "LayeredDefenseArray",
            "Battlestations",
            "LayeredDefenseArray"
         ]
      },
      {
         "faction": "SubmitCouncil",
         "habModuleNames": [
            "FusionReactorArray",
            "LayeredDefenseArray",
            "Battlestations",
            "FusionReactorFarm"
         ]
      },
      {
         "faction": "SubmitCouncil",
         "habModuleNames": [
            "LayeredDefenseArray",
            "LayeredDefenseArray",
            "Battlestations",
            "FusionReactorFarm"
         ]
      },
      {
         "faction": "SubmitCouncil",
         "habModuleNames": [
            "FusionReactorArray",
            "LayeredDefenseArray",
            "Battlestations",
            "FusionReactorFarm"
         ]
      }
   ]
},
{
   "dataName": "MaddenBase",
   "friendlyName": "Madden Base",
   "habType": "Base",
   "tier": 3,
   "habSite": "MarsSite22",
   "alien": false,
   "orbitTemplateName": "",
   "meanAnomalyAtEpoch_Deg": null,
   "sectors": [
      {
         "faction": "SubmitCouncil",
         "habModuleNames": [
            "ColonyCore",
            "",
            "FusionReactorArray",
            "MarineBattalionBarracks",
            "PointDefenseArray"
         ]
      },
      {
         "faction": "SubmitCouncil",
         "habModuleNames": [
            "FusionReactorArray",
            "LayeredDefenseArray",
            "Battlestations",
            "LayeredDefenseArray"
         ]
      },
      {
         "faction": "SubmitCouncil",
         "habModuleNames": [
            "FusionReactorArray",
            "LayeredDefenseArray",
            "Battlestations",
            "FusionReactorFarm"
         ]
      },
      {
         "faction": "SubmitCouncil",
         "habModuleNames": [
            "LayeredDefenseArray",
            "LayeredDefenseArray",
            "Battlestations",
            "FusionReactorFarm"
         ]
      },
      {
         "faction": "SubmitCouncil",
         "habModuleNames": [
            "FusionReactorArray",
            "LayeredDefenseArray",
            "Battlestations",
            "FusionReactorFarm"
         ]
      }
   ]
},
{
   "dataName": "InternationalSpaceStationSkirmish",
   "friendlyName": "International Space Station",
   "habType": "Station",
   "tier": 1,
   "habSite": "",
   "alien": false,
   "orbitTemplateName": "LowEarthOrbit1",
   "meanAnomalyAtEpoch_Deg": 241.0107,
   "sectors": [
      {
         "faction": "ResistCouncil",
         "habModuleNames": [
            "PlatformCore",
            "MaterialsLab",
            "SolarCollector",
            "SpaceScienceLab",
            "SolarCollector"
         ]
      },
      {
         "faction": "",
         "habModuleNames": [
            "",
            "",
            "",
            ""
         ]
      },
      {
         "faction": "",
         "habModuleNames": [
            "",
            "",
            "",
            ""
         ]
      },
      {
         "faction": "",
         "habModuleNames": [
            "",
            "",
            "",
            ""
         ]
      },
      {
         "faction": "",
         "habModuleNames": [
            "",
            "",
            "",
            ""
         ]
      }
   ]
},
{
   "dataName": "AlienHQStationSkirmish",
   "friendlyName": "Alien Station Alpha",
   "habType": "Station",
   "tier": 3,
   "habSite": "",
   "alien": true,
   "orbitTemplateName": "LowNeptuneOrbit",
   "meanAnomalyAtEpoch_Deg": null,
   "sectors": [
      {
         "faction": "AlienCouncil",
         "habModuleNames": [
            "AlienRingCore",
            "AlienPointDefenseArray",
            "AlienLayeredDefenseArray",
            "AlienFusionReactorArray",
            "AlienFusionReactorArray"
         ]
      },
      {
         "faction": "AlienCouncil",
         "habModuleNames": [
            "",
            "",
            "",
            ""
         ]
      },
      {
         "faction": "AlienCouncil",
         "habModuleNames": [
            "AlienNanofactory",
            "AlienFusionReactorArray",
            "AlienBattlestations",
            "AlienLayeredDefenseArray"
         ]
      },
      {
         "faction": "AlienCouncil",
         "habModuleNames": [
            "",
            "",
            "",
            ""
         ]
      },
      {
         "faction": "AlienCouncil",
         "habModuleNames": [
            "AlienShipyard",
            "AlienFusionReactorArray",
            "AlienFusionReactorArray",
            "AlienLayeredDefenseArray"
         ]
      }
   ]
},
 {
   "dataName": "GatewayStationSkirmish",
   "friendlyName": "Gateway Station",
   "habType": "Station",
   "tier": 3,
   "habSite": "",
   "alien": false,
   "orbitTemplateName": "LowEarthOrbit2",
   "meanAnomalyAtEpoch_Deg": null,
   "sectors": [
      {
         "faction": "SubmitCouncil",
         "habModuleNames": [
            "RingCore",
            "FusionReactorFarm",
            "SkunkWorks",
            "FusionReactorFarm",
            "Foundry"
         ]
      },
      {
         "faction": "SubmitCouncil",
         "habModuleNames": [
            "MarineBattalionBarracks",
            "EnergyInstitute",
            "Battlestations",
            "SpaceHotel"
         ]
      },
      {
         "faction": "SubmitCouncil",
         "habModuleNames": [
            "Shipyard",
            "LifeScienceInstitute",
            "NanofacturingComplex",
            "SolarFarm"
         ]
      },
      {
         "faction": "SubmitCouncil",
         "habModuleNames": [
            "Supercollider",
            "PointDefenseArray",
            "SocialScienceInstitute",
            "SolarFarm"
         ]
      },
      {
         "faction": "SubmitCouncil",
         "habModuleNames": [
            "MediaCenter",
            "LayeredDefenseArray",
            "SolarFarm",
            "SolarFarm"
         ]
      }
   ]
},
 {
   "dataName": "ArchonStationSkirmish",
   "friendlyName": "Archon Station",
   "habType": "Station",
   "tier": 2,
   "habSite": "",
   "alien": false,
   "orbitTemplateName": "LowLunarOrbit",
   "meanAnomalyAtEpoch_Deg": null,
   "sectors": [
      {
         "faction": "ResistCouncil",
         "habModuleNames": [
            "OrbitalCore",
            "Shipyard",
            "SolarArray",
            "SolarArray",
            "LayeredDefenseArray"
         ]
      },
	  {
         "faction": "",
         "habModuleNames": [
            "",
            "",
            "",
            ""
         ]
      },
      {
         "faction": "ResistCouncil",
         "habModuleNames": [
            "Farm",
            "OperationsCenter",
            "PointDefenseArray",
            "OperationsCenter"
         ]
      },
      {
         "faction": "",
         "habModuleNames": [
            "",
            "",
            "",
            ""
         ]
      },
      {
         "faction": "ResistCouncil",
         "habModuleNames": [
            "OperationsCenter",
            "Nanofactory",
            "FissionReactorArray",
            "FissionReactorArray"
         ]
      }      
   ]
},
 {
   "dataName": "ValkyrieStation",
   "friendlyName": "Valkyrie Station",
   "habType": "Station",
   "tier": 3,
   "habSite": "",
   "alien": false,
   "orbitTemplateName": "HighMercuryOrbit",
   "meanAnomalyAtEpoch_Deg": null,
   "sectors": [
      {
         "faction": "EscapeCouncil",
         "habModuleNames": [
            "RingCore",
            "SolarFarm",
            "SolarFarm",
            "SolarFarm",
            "SolarFarm"
         ]
      },
      {
         "faction": "EscapeCouncil",
         "habModuleNames": [
            "MarineBattalionBarracks",
            "SolarFarm",
            "Battlestations",
            "SolarFarm"
         ]
      },
      {
         "faction": "EscapeCouncil",
         "habModuleNames": [
            "",
            "Battlestations",
            "Battlestations",
            "SolarFarm"
         ]
      },
      {
         "faction": "EscapeCouncil",
         "habModuleNames": [
            "Supercollider",
            "SolarFarm",
            "SolarFarm",
            "SolarFarm"
         ]
      },
      {
         "faction": "EscapeCouncil",
         "habModuleNames": [
            "MediaCenter",
            "Battlestations",
            "SolarFarm",
            "SolarFarm"
         ]
      }
   ]
},
{
   "dataName": "ValkyrieStationSkirmish",
   "friendlyName": "Valkyrie Station",
   "habType": "Station",
   "tier": 3,
   "habSite": "",
   "alien": false,
   "orbitTemplateName": "LowMercuryOrbit",
   "meanAnomalyAtEpoch_Deg": null,
   "sectors": [
      {
         "faction": "EscapeCouncil",
         "habModuleNames": [
            "RingCore",
            "SolarFarm",
            "SolarFarm",
            "SolarFarm",
            "SolarFarm"
         ]
      },
      {
         "faction": "EscapeCouncil",
         "habModuleNames": [
            "MarineBattalionBarracks",
            "SolarFarm",
            "Battlestations",
            "SolarFarm"
         ]
      },
      {
         "faction": "EscapeCouncil",
         "habModuleNames": [
            "InterstellarLaunchingLaser",
            "Battlestations",
            "Battlestations",
            "SolarFarm"
         ]
      },
      {
         "faction": "EscapeCouncil",
         "habModuleNames": [
            "Supercollider",
            "SolarFarm",
            "SolarFarm",
            "SolarFarm"
         ]
      },
      {
         "faction": "EscapeCouncil",
         "habModuleNames": [
            "MediaCenter",
            "Battlestations",
            "SolarFarm",
            "SolarFarm"
         ]
      }
   ]
},
 {
   "dataName": "ArmstrongBase_PVC",
   "friendlyName": "Armstrong Base",
   "habType": "Base",
   "tier": 1,
   "habSite": "LunaSite11",
   "alien": false,
   "orbitTemplateName": "",
   "meanAnomalyAtEpoch_Deg": "",
   "epoch_floatJYears": "",
   "sectors": [
      {
         "faction": "CooperateCouncil",
         "habModuleNames": [
            "OutpostCore",
            "OutpostMiningComplex",
            "HydroponicsBay",
            "FusionPile",
            "LifeScienceLab"
         ]
      },
      {
         "faction": "",
         "habModuleNames": [
            "",
            "",
            "",
            ""
         ]
      },
      {
         "faction": "",
         "habModuleNames": [
            "",
            "",
            "",
            ""
         ]
      },
      {
         "faction": "",
         "habModuleNames": [
            "",
            "",
            "",
            ""
         ]
      },
      {
         "faction": "",
         "habModuleNames": [
            "",
            "",
            "",
            ""
         ]
      }
   ]
}
]