[
 {
   "dataName": "map_Abuja",
   "terrain": "Standard",
   "supraRegion": "Africa",
   "latitude": 10.6,
   "longitude": 8.8,
   "boostLatitude": 10,
   "smallRegion": null
 },
 {
   "dataName": "map_Algeria",
   "terrain": "Standard",
   "supraRegion": "Africa",
   "latitude": 27.7,
   "longitude": 2.5,
   "boostLatitude": 20,
   "smallRegion": null
 },
 {
   "dataName": "map_AltLowerGuinea",
   "terrain": "Standard",
   "supraRegion": "Africa",
   "latitude": -1,
   "longitude": 13.75,
   "boostLatitude": 0,
   "smallRegion": null
 },
 {
   "dataName": "map_AltMiddleGuinea",
   "terrain": "Standard",
   "supraRegion": "Africa",
   "latitude": 8.16,
   "longitude": 0.48,
   "boostLatitude": 5,
   "smallRegion": null
 },
 {
   "dataName": "map_AltMorocco",
   "terrain": "Standard",
   "supraRegion": "Africa",
   "latitude": 31.45,
   "longitude": -6.65,
   "boostLatitude": 30,
   "smallRegion": null
 },
 {
   "dataName": "map_AltUpperGuinea",
   "terrain": "Standard",
   "supraRegion": "Africa",
   "latitude": 9.442,
   "longitude": -10.5,
   "boostLatitude": 5,
   "smallRegion": null
 },
 {
   "dataName": "map_Angola",
   "terrain": "Standard",
   "supraRegion": "Africa",
   "latitude": -12.8,
   "longitude": 17.5,
   "boostLatitude": -10,
   "smallRegion": null
 },
 {
   "dataName": "map_Botswana",
   "terrain": "Standard",
   "supraRegion": "Africa",
   "latitude": -22.5,
   "longitude": 23.5,
   "boostLatitude": -20,
   "smallRegion": null
 },
 {
   "dataName": "map_BurkinaFaso",
   "terrain": "Standard",
   "supraRegion": "Africa",
   "latitude": 12.36,
   "longitude": -1.38,
   "boostLatitude": 10,
   "smallRegion": null
 },
 {
   "dataName": "map_Cameroon",
   "terrain": "Standard",
   "supraRegion": "Africa",
   "latitude": 5.9,
   "longitude": 13.07,
   "boostLatitude": 0,
   "smallRegion": null
 },
 {
   "dataName": "map_CanaryIslands",
   "terrain": "Standard",
   "supraRegion": "Africa",
   "latitude": 28,
   "longitude": -16,
   "boostLatitude": 30,
   "smallRegion": null
 },
 {
   "dataName": "map_CapeTown",
   "terrain": "Rugged",
   "supraRegion": "Africa",
   "latitude": -32.01,
   "longitude": 21.29,
   "boostLatitude": -25,
   "smallRegion": null
 },
 {
   "dataName": "map_CentralAfricanRepublic",
   "terrain": "Standard",
   "supraRegion": "Africa",
   "latitude": 6.6,
   "longitude": 21,
   "boostLatitude": 5,
   "smallRegion": null
 },
 {
   "dataName": "map_Chad",
   "terrain": "Standard",
   "supraRegion": "Africa",
   "latitude": 14.58,
   "longitude": 18.72,
   "boostLatitude": 10,
   "smallRegion": null
 },
 {
   "dataName": "map_Egypt",
   "terrain": "Standard",
   "supraRegion": "Africa",
   "latitude": 26.2,
   "longitude": 29.8,
   "boostLatitude": 25,
   "smallRegion": null
 },
 {
   "dataName": "map_Eritrea",
   "terrain": "Standard",
   "supraRegion": "Africa",
   "latitude": 15.2,
   "longitude": 38.55,
   "boostLatitude": 15,
   "smallRegion": true
 },
 {
   "dataName": "map_Ethiopia",
   "terrain": "Rugged",
   "supraRegion": "Africa",
   "latitude": 9.05,
   "longitude": 38.44,
   "boostLatitude": 5,
   "smallRegion": null
 },
 {
   "dataName": "map_EuropeanRatnakara",
   "terrain": "Standard",
   "supraRegion": "Africa",
   "latitude": -15.21,
   "longitude": 53.78,
   "boostLatitude": -15,
   "smallRegion": null
 },
 {
   "dataName": "map_IvoryCoast",
   "terrain": "Standard",
   "supraRegion": "Africa",
   "latitude": 7.305,
   "longitude": -5.5,
   "boostLatitude": 5,
   "smallRegion": null
 },
 {
   "dataName": "map_Johannesburg",
   "terrain": "Standard",
   "supraRegion": "Africa",
   "latitude": -26.05,
   "longitude": 28.6,
   "boostLatitude": -25,
   "smallRegion": null
 },
 {
   "dataName": "map_Kenya",
   "terrain": "Standard",
   "supraRegion": "Africa",
   "latitude": 0,
   "longitude": 37.88,
   "boostLatitude": 0,
   "smallRegion": null
 },
 {
   "dataName": "map_Kinshasa",
   "terrain": "Rugged",
   "supraRegion": "Africa",
   "latitude": -3.5,
   "longitude": 18.3,
   "boostLatitude": 0,
   "smallRegion": null
 },
 {
   "dataName": "map_Lagos",
   "terrain": "Standard",
   "supraRegion": "Africa",
   "latitude": 6.2,
   "longitude": 5.83,
   "boostLatitude": 5,
   "smallRegion": null
 },
 {
   "dataName": "map_Libya",
   "terrain": "Standard",
   "supraRegion": "Africa",
   "latitude": 26.46,
   "longitude": 17.41,
   "boostLatitude": 25,
   "smallRegion": null
 },
 {
   "dataName": "map_Lubumbashi",
   "terrain": "Rugged",
   "supraRegion": "Africa",
   "latitude": -3.5,
   "longitude": 26.5,
   "boostLatitude": 0,
   "smallRegion": null
 },
 {
   "dataName": "map_Madagascar",
   "terrain": "Rugged",
   "supraRegion": "Africa",
   "latitude": -19,
   "longitude": 46.64,
   "boostLatitude": -15,
   "smallRegion": null
 },
 {
   "dataName": "map_Mali",
   "terrain": "Rugged",
   "supraRegion": "Africa",
   "latitude": 16.51,
   "longitude": -3.45,
   "boostLatitude": 15,
   "smallRegion": null
 },
 {
   "dataName": "map_Mauritania",
   "terrain": "Rugged",
   "supraRegion": "Africa",
   "latitude": 19.7,
   "longitude": -10.42,
   "boostLatitude": 15,
   "smallRegion": null
 },
 {
   "dataName": "map_Mekelle",
   "terrain": "Rugged",
   "supraRegion": "Africa",
   "latitude": 9.12,
   "longitude": 43,
   "boostLatitude": 5,
   "smallRegion": null
 },
 {
   "dataName": "map_Morocco",
   "terrain": "Rugged",
   "supraRegion": "Africa",
   "latitude": 31.32,
   "longitude": -6.89,
   "boostLatitude": 25,
   "smallRegion": null
 },
 {
   "dataName": "map_Mozambique",
   "terrain": "Standard",
   "supraRegion": "Africa",
   "latitude": -18.18,
   "longitude": 34.82,
   "boostLatitude": -15,
   "smallRegion": null
 },
 {
   "dataName": "map_Namibia",
   "terrain": "Rugged",
   "supraRegion": "Africa",
   "latitude": -22.47,
   "longitude": 17.16,
   "boostLatitude": -20,
   "smallRegion": null
 },
 {
   "dataName": "map_Niger",
   "terrain": "Standard",
   "supraRegion": "Africa",
   "latitude": 17.01,
   "longitude": 9.3,
   "boostLatitude": 15,
   "smallRegion": null
 },
 {
   "dataName": "map_Ratnakara",
   "terrain": "Standard",
   "supraRegion": "Africa",
   "latitude": -18.4,
   "longitude": 60.13,
   "boostLatitude": 0,
   "smallRegion": null
 },
 {
   "dataName": "map_Senegambia",
   "terrain": "Standard",
   "supraRegion": "Africa",
   "latitude": 14.3,
   "longitude": -15.28,
   "boostLatitude": 15,
   "smallRegion": null
 },
 {
   "dataName": "map_Somalia",
   "terrain": "Standard",
   "supraRegion": "Africa",
   "latitude": 5.43,
   "longitude": 48.22,
   "boostLatitude": 0,
   "smallRegion": null
 },
 {
   "dataName": "map_SouthSudan",
   "terrain": "Standard",
   "supraRegion": "Africa",
   "latitude": 7.08,
   "longitude": 30.11,
   "boostLatitude": 5,
   "smallRegion": null
 },
 {
   "dataName": "map_Sudan",
   "terrain": "Standard",
   "supraRegion": "Africa",
   "latitude": 15.8,
   "longitude": 30.4,
   "boostLatitude": 10,
   "smallRegion": null
 },
 {
   "dataName": "map_Tanzania",
   "terrain": "Standard",
   "supraRegion": "Africa",
   "latitude": -6.7,
   "longitude": 34.922,
   "boostLatitude": 0,
   "smallRegion": null
 },
 {
   "dataName": "map_Tunisia",
   "terrain": "Standard",
   "supraRegion": "Africa",
   "latitude": 33.85,
   "longitude": 9.64,
   "boostLatitude": 35,
   "smallRegion": null
 },
 {
   "dataName": "map_Uganda",
   "terrain": "Standard",
   "supraRegion": "Africa",
   "latitude": 1.1,
   "longitude": 32.29,
   "boostLatitude": 0,
   "smallRegion": null
 },
 {
   "dataName": "map_WesternSahara",
   "terrain": "Rugged",
   "supraRegion": "Africa",
   "latitude": 24.45,
   "longitude": -13.87,
   "boostLatitude": 20,
   "smallRegion": null
 },
 {
   "dataName": "map_Zambia",
   "terrain": "Standard",
   "supraRegion": "Africa",
   "latitude": -14.17,
   "longitude": 27.95,
   "boostLatitude": -10,
   "smallRegion": null
 },
 {
   "dataName": "map_Zimbabwe",
   "terrain": "Standard",
   "supraRegion": "Africa",
   "latitude": -19.43,
   "longitude": 30,
   "boostLatitude": -20,
   "smallRegion": null
 },
 {
   "dataName": "map_Afghanistan",
   "terrain": "Rugged",
   "supraRegion": "CentralAsia",
   "latitude": 33.5,
   "longitude": 65,
   "boostLatitude": 30,
   "smallRegion": null
 },
 {
   "dataName": "map_Almaty",
   "terrain": "Standard",
   "supraRegion": "CentralAsia",
   "latitude": 48.98,
   "longitude": 76.523,
   "boostLatitude": 45,
   "smallRegion": null
 },
 {
   "dataName": "map_Anatolia",
   "terrain": "Rugged",
   "supraRegion": "CentralAsia",
   "latitude": 39.25,
   "longitude": 35.57,
   "boostLatitude": 40,
   "smallRegion": null
 },
 {
   "dataName": "map_Armenia",
   "terrain": "Rugged",
   "supraRegion": "CentralAsia",
   "latitude": 40.06,
   "longitude": 44.91,
   "boostLatitude": 40,
   "smallRegion": true
 },
 {
   "dataName": "map_Assam",
   "terrain": "Rugged",
   "supraRegion": "CentralAsia",
   "latitude": 26.08,
   "longitude": 92.69,
   "boostLatitude": 25,
   "smallRegion": null
 },
 {
   "dataName": "map_Astana",
   "terrain": "Standard",
   "supraRegion": "CentralAsia",
   "latitude": 48.18,
   "longitude": 57.6,
   "boostLatitude": 45,
   "smallRegion": null
 },
 {
   "dataName": "map_Azerbaijan",
   "terrain": "Rugged",
   "supraRegion": "CentralAsia",
   "latitude": 40.33,
   "longitude": 48.08,
   "boostLatitude": 40,
   "smallRegion": true
 },
 {
   "dataName": "map_Baghdad",
   "terrain": "Standard",
   "supraRegion": "CentralAsia",
   "latitude": 31.6,
   "longitude": 44.58,
   "boostLatitude": 30,
   "smallRegion": true
 },
 {
   "dataName": "map_Baluchistan",
   "terrain": "Rugged",
   "supraRegion": "CentralAsia",
   "latitude": 30.09,
   "longitude": 66.95,
   "boostLatitude": 25,
   "smallRegion": null
 },
 {
   "dataName": "map_Bangladesh",
   "terrain": "Standard",
   "supraRegion": "CentralAsia",
   "latitude": 24,
   "longitude": 90,
   "boostLatitude": 25,
   "smallRegion": null
 },
 {
   "dataName": "map_Caucasus",
   "terrain": "Rugged",
   "supraRegion": "CentralAsia",
   "latitude": 41.25,
   "longitude": 45.5,
   "boostLatitude": 40,
   "smallRegion": null
 },
 {
   "dataName": "map_Diyarbakir",
   "terrain": "Rugged",
   "supraRegion": "CentralAsia",
   "latitude": 39.25,
   "longitude": 42.38,
   "boostLatitude": 40,
   "smallRegion": null
 },
 {
   "dataName": "map_EasternSiberia",
   "terrain": "Rugged",
   "supraRegion": "CentralAsia",
   "latitude": 61.25,
   "longitude": 126.77,
   "boostLatitude": 50,
   "smallRegion": null
 },
 {
   "dataName": "map_Georgia",
   "terrain": "Rugged",
   "supraRegion": "CentralAsia",
   "latitude": 42.06,
   "longitude": 43.8,
   "boostLatitude": 40,
   "smallRegion": true
 },
 {
   "dataName": "map_GulfStates",
   "terrain": "Standard",
   "supraRegion": "CentralAsia",
   "latitude": 25.75,
   "longitude": 51.39,
   "boostLatitude": 25,
   "smallRegion": true
 },
 {
   "dataName": "map_Hijaz",
   "terrain": "Standard",
   "supraRegion": "CentralAsia",
   "latitude": 22.26,
   "longitude": 39.62,
   "boostLatitude": 20,
   "smallRegion": null
 },
 {
   "dataName": "map_Himalayas",
   "terrain": "Rugged",
   "supraRegion": "CentralAsia",
   "latitude": 27.58,
   "longitude": 85.1,
   "boostLatitude": 30,
   "smallRegion": null
 },
 {
   "dataName": "map_Hyderabad",
   "terrain": "Standard",
   "supraRegion": "CentralAsia",
   "latitude": 14.1,
   "longitude": 77.6,
   "boostLatitude": 10,
   "smallRegion": null
 },
 {
   "dataName": "map_IsraelPalestine",
   "terrain": "Rugged",
   "supraRegion": "CentralAsia",
   "latitude": 31.76,
   "longitude": 34.92,
   "boostLatitude": 30,
   "smallRegion": true
 },
 {
   "dataName": "map_Istanbul",
   "terrain": "Standard",
   "supraRegion": "CentralAsia",
   "latitude": 39.25,
   "longitude": 27.79,
   "boostLatitude": 40,
   "smallRegion": null
 },
 {
   "dataName": "map_Jaipur",
   "terrain": "Rugged",
   "supraRegion": "CentralAsia",
   "latitude": 27.3,
   "longitude": 74.48,
   "boostLatitude": 25,
   "smallRegion": null
 },
 {
   "dataName": "map_JammuandKashmir",
   "terrain": "Rugged",
   "supraRegion": "CentralAsia",
   "latitude": 33.31,
   "longitude": 76.3,
   "boostLatitude": 30,
   "smallRegion": null
 },
 {
   "dataName": "map_Jordan",
   "terrain": "Standard",
   "supraRegion": "CentralAsia",
   "latitude": 31.13,
   "longitude": 36.49,
   "boostLatitude": 30,
   "smallRegion": true
 },
 {
   "dataName": "map_Khorasan",
   "terrain": "Rugged",
   "supraRegion": "CentralAsia",
   "latitude": 32.09,
   "longitude": 56.81,
   "boostLatitude": 30,
   "smallRegion": null
 },
 {
   "dataName": "map_Kolkata",
   "terrain": "Standard",
   "supraRegion": "CentralAsia",
   "latitude": 23.28,
   "longitude": 86.3,
   "boostLatitude": 20,
   "smallRegion": null
 },
 {
   "dataName": "map_Kyrgyzstan",
   "terrain": "Rugged",
   "supraRegion": "CentralAsia",
   "latitude": 41.26,
   "longitude": 74.59,
   "boostLatitude": 40,
   "smallRegion": null
 },
 {
   "dataName": "map_Mongolia",
   "terrain": "Rugged",
   "supraRegion": "CentralAsia",
   "latitude": 46.33,
   "longitude": 102.79,
   "boostLatitude": 45,
   "smallRegion": null
 },
 {
   "dataName": "map_Mosul",
   "terrain": "Standard",
   "supraRegion": "CentralAsia",
   "latitude": 35.47,
   "longitude": 43.33,
   "boostLatitude": 35,
   "smallRegion": true
 },
 {
   "dataName": "map_Mumbai",
   "terrain": "Standard",
   "supraRegion": "CentralAsia",
   "latitude": 19.09,
   "longitude": 75.11,
   "boostLatitude": 20,
   "smallRegion": null
 },
 {
   "dataName": "map_Najd",
   "terrain": "Standard",
   "supraRegion": "CentralAsia",
   "latitude": 25.45,
   "longitude": 49.12,
   "boostLatitude": 20,
   "smallRegion": null
 },
 {
   "dataName": "map_NewDelhi",
   "terrain": "Standard",
   "supraRegion": "CentralAsia",
   "latitude": 26.9,
   "longitude": 80.6,
   "boostLatitude": 20,
   "smallRegion": null
 },
 {
   "dataName": "map_Oman",
   "terrain": "Rugged",
   "supraRegion": "CentralAsia",
   "latitude": 20.37,
   "longitude": 56.44,
   "boostLatitude": 25,
   "smallRegion": null
 },
 {
   "dataName": "map_Peshawar",
   "terrain": "Rugged",
   "supraRegion": "CentralAsia",
   "latitude": 33.98,
   "longitude": 71.52,
   "boostLatitude": 35,
   "smallRegion": null
 },
 {
   "dataName": "map_Punjab",
   "terrain": "Standard",
   "supraRegion": "CentralAsia",
   "latitude": 33.27,
   "longitude": 72.9,
   "boostLatitude": 30,
   "smallRegion": null
 },
 {
   "dataName": "map_Sindh",
   "terrain": "Standard",
   "supraRegion": "CentralAsia",
   "latitude": 25.22,
   "longitude": 67.01,
   "boostLatitude": 25,
   "smallRegion": null
 },
 {
   "dataName": "map_SriLanka",
   "terrain": "Standard",
   "supraRegion": "CentralAsia",
   "latitude": 7.4,
   "longitude": 80.81,
   "boostLatitude": 5,
   "smallRegion": null
 },
 {
   "dataName": "map_Syria",
   "terrain": "Standard",
   "supraRegion": "CentralAsia",
   "latitude": 34.74,
   "longitude": 38.46,
   "boostLatitude": 35,
   "smallRegion": true
 },
 {
   "dataName": "map_Tajikistan",
   "terrain": "Rugged",
   "supraRegion": "CentralAsia",
   "latitude": 38.86,
   "longitude": 70.98,
   "boostLatitude": 40,
   "smallRegion": null
 },
 {
   "dataName": "map_Tehran",
   "terrain": "Rugged",
   "supraRegion": "CentralAsia",
   "latitude": 33.81,
   "longitude": 51.15,
   "boostLatitude": 30,
   "smallRegion": null
 },
 {
   "dataName": "map_Tibet",
   "terrain": "Rugged",
   "supraRegion": "CentralAsia",
   "latitude": 30.85,
   "longitude": 88.72,
   "boostLatitude": 30,
   "smallRegion": null
 },
 {
   "dataName": "map_Turkmenistan",
   "terrain": "Standard",
   "supraRegion": "CentralAsia",
   "latitude": 39.25,
   "longitude": 59.25,
   "boostLatitude": 35,
   "smallRegion": null
 },
 {
   "dataName": "map_Uzbekistan",
   "terrain": "Standard",
   "supraRegion": "CentralAsia",
   "latitude": 41.75,
   "longitude": 64,
   "boostLatitude": 40,
   "smallRegion": null
 },
 {
   "dataName": "map_WesternSiberia",
   "terrain": "Rugged",
   "supraRegion": "CentralAsia",
   "latitude": 59.42,
   "longitude": 87.89,
   "boostLatitude": 55,
   "smallRegion": null
 },
 {
   "dataName": "map_Xinjiang",
   "terrain": "Rugged",
   "supraRegion": "CentralAsia",
   "latitude": 40,
   "longitude": 85.6,
   "boostLatitude": 40,
   "smallRegion": null
 },
 {
   "dataName": "map_Yemen",
   "terrain": "Rugged",
   "supraRegion": "CentralAsia",
   "latitude": 15.5,
   "longitude": 47.5,
   "boostLatitude": 15,
   "smallRegion": null
 },
 {
   "dataName": "map_Beijing",
   "terrain": "Standard",
   "supraRegion": "EastAsia",
   "latitude": 38.85,
   "longitude": 116.455,
   "boostLatitude": 35,
   "smallRegion": null
 },
 {
   "dataName": "map_Borneo",
   "terrain": "Rugged",
   "supraRegion": "EastAsia",
   "latitude": -0.67,
   "longitude": 113.55,
   "boostLatitude": 0,
   "smallRegion": null
 },
 {
   "dataName": "map_Cambodia",
   "terrain": "Standard",
   "supraRegion": "EastAsia",
   "latitude": 12,
   "longitude": 105,
   "boostLatitude": 10,
   "smallRegion": null
 },
 {
   "dataName": "map_Chongqing",
   "terrain": "Standard",
   "supraRegion": "EastAsia",
   "latitude": 29.29,
   "longitude": 106.99,
   "boostLatitude": 30,
   "smallRegion": null
 },
 {
   "dataName": "map_Gobi",
   "terrain": "Standard",
   "supraRegion": "EastAsia",
   "latitude": 38.27,
   "longitude": 97.24,
   "boostLatitude": 35,
   "smallRegion": null
 },
 {
   "dataName": "map_Guangzhou",
   "terrain": "Standard",
   "supraRegion": "EastAsia",
   "latitude": 23.18,
   "longitude": 110.03,
   "boostLatitude": 20,
   "smallRegion": null
 },
 {
   "dataName": "map_Guizhou",
   "terrain": "Standard",
   "supraRegion": "EastAsia",
   "latitude": 24.85,
   "longitude": 103.04,
   "boostLatitude": 25,
   "smallRegion": null
 },
 {
   "dataName": "map_Hanoi",
   "terrain": "Rugged",
   "supraRegion": "EastAsia",
   "latitude": 20.12,
   "longitude": 105.48,
   "boostLatitude": 20,
   "smallRegion": null
 },
 {
   "dataName": "map_HoChiMinhCity",
   "terrain": "Rugged",
   "supraRegion": "EastAsia",
   "latitude": 10.9,
   "longitude": 106.99,
   "boostLatitude": 10,
   "smallRegion": null
 },
 {
   "dataName": "map_Hokkaido",
   "terrain": "Standard",
   "supraRegion": "EastAsia",
   "latitude": 43.21,
   "longitude": 142.59,
   "boostLatitude": 45,
   "smallRegion": null
 },
 {
   "dataName": "map_Honshu",
   "terrain": "Standard",
   "supraRegion": "EastAsia",
   "latitude": 36.23,
   "longitude": 138.43,
   "boostLatitude": 35,
   "smallRegion": null
 },
 {
   "dataName": "map_Java",
   "terrain": "Standard",
   "supraRegion": "EastAsia",
   "latitude": -7.38,
   "longitude": 110.48,
   "boostLatitude": -5,
   "smallRegion": null
 },
 {
   "dataName": "map_KyushuandShikoku",
   "terrain": "Standard",
   "supraRegion": "EastAsia",
   "latitude": 32.73,
   "longitude": 131.48,
   "boostLatitude": 30,
   "smallRegion": null
 },
 {
   "dataName": "map_Laos",
   "terrain": "Rugged",
   "supraRegion": "EastAsia",
   "latitude": 17.88,
   "longitude": 104.9,
   "boostLatitude": 15,
   "smallRegion": null
 },
 {
   "dataName": "map_Luzon",
   "terrain": "Standard",
   "supraRegion": "EastAsia",
   "latitude": 16.22,
   "longitude": 121.306,
   "boostLatitude": 15,
   "smallRegion": null
 },
 {
   "dataName": "map_MalayPeninsula",
   "terrain": "Standard",
   "supraRegion": "EastAsia",
   "latitude": 3.31,
   "longitude": 102.02,
   "boostLatitude": 0,
   "smallRegion": null
 },
 {
   "dataName": "map_Manchuria",
   "terrain": "Standard",
   "supraRegion": "EastAsia",
   "latitude": 45.5,
   "longitude": 126.5,
   "boostLatitude": 45,
   "smallRegion": null
 },
 {
   "dataName": "map_Myanmar",
   "terrain": "Rugged",
   "supraRegion": "EastAsia",
   "latitude": 20.96,
   "longitude": 96.36,
   "boostLatitude": 10,
   "smallRegion": null
 },
 {
   "dataName": "map_Nanjing",
   "terrain": "Standard",
   "supraRegion": "EastAsia",
   "latitude": 31.96,
   "longitude": 118.77,
   "boostLatitude": 30,
   "smallRegion": null
 },
 {
   "dataName": "map_NorthKorea",
   "terrain": "Rugged",
   "supraRegion": "EastAsia",
   "latitude": 39.7,
   "longitude": 126.56,
   "boostLatitude": 40,
   "smallRegion": true
 },
 {
   "dataName": "map_NorthThailand",
   "terrain": "Rugged",
   "supraRegion": "EastAsia",
   "latitude": 17.5,
   "longitude": 100.57,
   "boostLatitude": 15,
   "smallRegion": null
 },
 {
   "dataName": "map_RussianFarEast",
   "terrain": "Rugged",
   "supraRegion": "EastAsia",
   "latitude": 57.28,
   "longitude": 138.41,
   "boostLatitude": 45,
   "smallRegion": null
 },
 {
   "dataName": "map_SarawakandSabah",
   "terrain": "Rugged",
   "supraRegion": "EastAsia",
   "latitude": 2.83,
   "longitude": 113.89,
   "boostLatitude": 0,
   "smallRegion": null
 },
 {
   "dataName": "map_Shanghai",
   "terrain": "Standard",
   "supraRegion": "EastAsia",
   "latitude": 29.49,
   "longitude": 120.1,
   "boostLatitude": 30,
   "smallRegion": null
 },
 {
   "dataName": "map_Singapore",
   "terrain": "Standard",
   "supraRegion": "EastAsia",
   "latitude": 1.344,
   "longitude": 103.95,
   "boostLatitude": 0,
   "smallRegion": true
 },
 {
   "dataName": "map_SouthKorea",
   "terrain": "Rugged",
   "supraRegion": "EastAsia",
   "latitude": 36.35,
   "longitude": 127.85,
   "boostLatitude": 35,
   "smallRegion": true
 },
 {
   "dataName": "map_SouthThailand",
   "terrain": "Standard",
   "supraRegion": "EastAsia",
   "latitude": 11.16,
   "longitude": 99.43,
   "boostLatitude": 5,
   "smallRegion": null
 },
 {
   "dataName": "map_Sumatra",
   "terrain": "Standard",
   "supraRegion": "EastAsia",
   "latitude": -0.5,
   "longitude": 101.75,
   "boostLatitude": 0,
   "smallRegion": null
 },
 {
   "dataName": "map_Taiwan",
   "terrain": "Rugged",
   "supraRegion": "EastAsia",
   "latitude": 23.69,
   "longitude": 120.96,
   "boostLatitude": 25,
   "smallRegion": null
 },
 {
   "dataName": "map_ViasyasyMindanao",
   "terrain": "Rugged",
   "supraRegion": "EastAsia",
   "latitude": 8.2,
   "longitude": 124.51,
   "boostLatitude": 5,
   "smallRegion": null
 },
 {
   "dataName": "map_Wuhan",
   "terrain": "Standard",
   "supraRegion": "EastAsia",
   "latitude": 29.28,
   "longitude": 111.75,
   "boostLatitude": 30,
   "smallRegion": null
 },
 {
   "dataName": "map_Xian",
   "terrain": "Standard",
   "supraRegion": "EastAsia",
   "latitude": 37.49,
   "longitude": 109.06,
   "boostLatitude": 35,
   "smallRegion": null
 },
 {
   "dataName": "map_AlpineStates",
   "terrain": "Rugged",
   "supraRegion": "Europe",
   "latitude": 48.2,
   "longitude": 16.37,
   "boostLatitude": 50,
   "smallRegion": true
 },
 {
   "dataName": "map_BalticStates",
   "terrain": "Standard",
   "supraRegion": "Europe",
   "latitude": 56.7,
   "longitude": 24.44,
   "boostLatitude": 55,
   "smallRegion": true
 },
 {
   "dataName": "map_Barcelona",
   "terrain": "Rugged",
   "supraRegion": "Europe",
   "latitude": 41.38,
   "longitude": 2.18,
   "boostLatitude": 40,
   "smallRegion": true
 },
 {
   "dataName": "map_Belarus",
   "terrain": "Standard",
   "supraRegion": "Europe",
   "latitude": 55,
   "longitude": 30,
   "boostLatitude": 55,
   "smallRegion": true
 },
 {
   "dataName": "map_Benelux",
   "terrain": "Standard",
   "supraRegion": "Europe",
   "latitude": 51.45,
   "longitude": 4.7,
   "boostLatitude": 50,
   "smallRegion": true
 },
 {
   "dataName": "map_Bulgaria",
   "terrain": "Rugged",
   "supraRegion": "Europe",
   "latitude": 42.7,
   "longitude": 25.21,
   "boostLatitude": 40,
   "smallRegion": true
 },
 {
   "dataName": "map_CentralEurope",
   "terrain": "Standard",
   "supraRegion": "Europe",
   "latitude": 48.18,
   "longitude": 17,
   "boostLatitude": 50,
   "smallRegion": true
 },
 {
   "dataName": "map_Crimea",
   "terrain": "Standard",
   "supraRegion": "Europe",
   "latitude": 45.3,
   "longitude": 34.4,
   "boostLatitude": 45,
   "smallRegion": true
 },
 {
   "dataName": "map_Czechia",
   "terrain": "Rugged",
   "supraRegion": "Europe",
   "latitude": 49.89,
   "longitude": 15.04,
   "boostLatitude": 50,
   "smallRegion": true
 },
 {
   "dataName": "map_Denmark",
   "terrain": "Standard",
   "supraRegion": "Europe",
   "latitude": 55.43,
   "longitude": 12.34,
   "boostLatitude": 55,
   "smallRegion": true
 },
 {
   "dataName": "map_DutchCaribbean",
   "terrain": "Standard",
   "supraRegion": "Europe",
   "latitude": 12.17,
   "longitude": -68.99,
   "boostLatitude": 10,
   "smallRegion": null
 },
 {
   "dataName": "map_EastGermany",
   "terrain": "Standard",
   "supraRegion": "Europe",
   "latitude": 52.52,
   "longitude": 13.405,
   "boostLatitude": 50,
   "smallRegion": true
 },
 {
   "dataName": "map_England",
   "terrain": "Standard",
   "supraRegion": "Europe",
   "latitude": 52.301,
   "longitude": 0,
   "boostLatitude": 50,
   "smallRegion": true
 },
 {
   "dataName": "map_Finland",
   "terrain": "Standard",
   "supraRegion": "Europe",
   "latitude": 60.1,
   "longitude": 24.56,
   "boostLatitude": 60,
   "smallRegion": true
 },
 {
   "dataName": "map_Germany",
   "terrain": "Standard",
   "supraRegion": "Europe",
   "latitude": 51,
   "longitude": 10.3,
   "boostLatitude": 50,
   "smallRegion": true
 },
 {
   "dataName": "map_Greece",
   "terrain": "Rugged",
   "supraRegion": "Europe",
   "latitude": 39.07,
   "longitude": 22.05,
   "boostLatitude": 35,
   "smallRegion": true
 },
 {
   "dataName": "map_Greenland",
   "terrain": "Rugged",
   "supraRegion": "Europe",
   "latitude": 65.55,
   "longitude": -46,
   "boostLatitude": 60,
   "smallRegion": null
 },
 {
   "dataName": "map_Hungary",
   "terrain": "Standard",
   "supraRegion": "Europe",
   "latitude": 46.84,
   "longitude": 19.14,
   "boostLatitude": 45,
   "smallRegion": true
 },
 {
   "dataName": "map_Iceland",
   "terrain": "Rugged",
   "supraRegion": "Europe",
   "latitude": 64.84,
   "longitude": -18.6,
   "boostLatitude": 65,
   "smallRegion": null
 },
 {
   "dataName": "map_Italy",
   "terrain": "Rugged",
   "supraRegion": "Europe",
   "latitude": 42.82,
   "longitude": 12.44,
   "boostLatitude": 45,
   "smallRegion": true
 },
 {
   "dataName": "map_Karelia",
   "terrain": "Standard",
   "supraRegion": "Europe",
   "latitude": 65.13,
   "longitude": 33.48,
   "boostLatitude": 60,
   "smallRegion": true
 },
 {
   "dataName": "map_Kharkiv",
   "terrain": "Standard",
   "supraRegion": "Europe",
   "latitude": 48.85,
   "longitude": 37.02,
   "boostLatitude": 50,
   "smallRegion": true
 },
 {
   "dataName": "map_Kiev",
   "terrain": "Standard",
   "supraRegion": "Europe",
   "latitude": 49.87,
   "longitude": 27.03,
   "boostLatitude": 50,
   "smallRegion": true
 },
 {
   "dataName": "map_Lyon",
   "terrain": "Rugged",
   "supraRegion": "Europe",
   "latitude": 43.7,
   "longitude": 2.42,
   "boostLatitude": 45,
   "smallRegion": true
 },
 {
   "dataName": "map_Moskva",
   "terrain": "Standard",
   "supraRegion": "Europe",
   "latitude": 55.62,
   "longitude": 37.6,
   "boostLatitude": 55,
   "smallRegion": null
 },
 {
   "dataName": "map_Naples",
   "terrain": "Rugged",
   "supraRegion": "Europe",
   "latitude": 40.85,
   "longitude": 14.25,
   "boostLatitude": 40,
   "smallRegion": true
 },
 {
   "dataName": "map_NorthernIreland",
   "terrain": "Standard",
   "supraRegion": "Europe",
   "latitude": 55,
   "longitude": -6.5,
   "boostLatitude": 55,
   "smallRegion": true
 },
 {
   "dataName": "map_NorthwestBalkans",
   "terrain": "Rugged",
   "supraRegion": "Europe",
   "latitude": 45.03,
   "longitude": 16.72,
   "boostLatitude": 45,
   "smallRegion": true
 },
 {
   "dataName": "map_Norway",
   "terrain": "Rugged",
   "supraRegion": "Europe",
   "latitude": 59.56,
   "longitude": 10.41,
   "boostLatitude": 60,
   "smallRegion": true
 },
 {
   "dataName": "map_Novgorod",
   "terrain": "Standard",
   "supraRegion": "Europe",
   "latitude": 60.36,
   "longitude": 38.5,
   "boostLatitude": 55,
   "smallRegion": null
 },
 {
   "dataName": "map_Poland",
   "terrain": "Standard",
   "supraRegion": "Europe",
   "latitude": 52.74,
   "longitude": 18.63,
   "boostLatitude": 50,
   "smallRegion": true
 },
 {
   "dataName": "map_Portugal",
   "terrain": "Standard",
   "supraRegion": "Europe",
   "latitude": 39.5,
   "longitude": -8.32,
   "boostLatitude": 40,
   "smallRegion": true
 },
 {
   "dataName": "map_Romania",
   "terrain": "Standard",
   "supraRegion": "Europe",
   "latitude": 45.6,
   "longitude": 24.91,
   "boostLatitude": 45,
   "smallRegion": true
 },
 {
   "dataName": "map_Rostovskaya",
   "terrain": "Standard",
   "supraRegion": "Europe",
   "latitude": 46.05,
   "longitude": 43.26,
   "boostLatitude": 45,
   "smallRegion": null
 },
 {
   "dataName": "map_Scotland",
   "terrain": "Rugged",
   "supraRegion": "Europe",
   "latitude": 56.3,
   "longitude": -3.9,
   "boostLatitude": 55,
   "smallRegion": true
 },
 {
   "dataName": "map_Slovakia",
   "terrain": "Rugged",
   "supraRegion": "Europe",
   "latitude": 48.87,
   "longitude": 19.72,
   "boostLatitude": 50,
   "smallRegion": true
 },
 {
   "dataName": "map_SouthwestBalkans",
   "terrain": "Rugged",
   "supraRegion": "Europe",
   "latitude": 42.91,
   "longitude": 20.48,
   "boostLatitude": 40,
   "smallRegion": true
 },
 {
   "dataName": "map_Spain",
   "terrain": "Standard",
   "supraRegion": "Europe",
   "latitude": 40.32,
   "longitude": -3.71,
   "boostLatitude": 35,
   "smallRegion": true
 },
 {
   "dataName": "map_Sweden",
   "terrain": "Standard",
   "supraRegion": "Europe",
   "latitude": 59.3,
   "longitude": 18.4,
   "boostLatitude": 55,
   "smallRegion": true
 },
 {
   "dataName": "map_Urals",
   "terrain": "Rugged",
   "supraRegion": "Europe",
   "latitude": 60,
   "longitude": 62,
   "boostLatitude": 55,
   "smallRegion": null
 },
 {
   "dataName": "map_Volga",
   "terrain": "Standard",
   "supraRegion": "Europe",
   "latitude": 55.6,
   "longitude": 47.18,
   "boostLatitude": 50,
   "smallRegion": null
 },
 {
   "dataName": "map_Alaska",
   "terrain": "Rugged",
   "supraRegion": "NorthAmerica",
   "latitude": 64.55,
   "longitude": -151.15,
   "boostLatitude": 60,
   "smallRegion": null
 },
 {
   "dataName": "map_AmericanCaribbean",
   "terrain": "Standard",
   "supraRegion": "NorthAmerica",
   "latitude": 18.19,
   "longitude": -66.24,
   "boostLatitude": 20,
   "smallRegion": null
 },
 {
   "dataName": "map_Belize",
   "terrain": "Standard",
   "supraRegion": "NorthAmerica",
   "latitude": 17.02,
   "longitude": -88.7,
   "boostLatitude": 15,
   "smallRegion": true
 },
 {
   "dataName": "map_BritishColumbia",
   "terrain": "Rugged",
   "supraRegion": "NorthAmerica",
   "latitude": 53.5,
   "longitude": -124.5,
   "boostLatitude": 50,
   "smallRegion": null
 },
 {
   "dataName": "map_BritishWestIndies",
   "terrain": "Standard",
   "supraRegion": "NorthAmerica",
   "latitude": 25.07,
   "longitude": -66.98,
   "boostLatitude": 20,
   "smallRegion": null
 },
 {
   "dataName": "map_California",
   "terrain": "Standard",
   "supraRegion": "NorthAmerica",
   "latitude": 37.21,
   "longitude": -119.04,
   "boostLatitude": 35,
   "smallRegion": null
 },
 {
   "dataName": "map_CanadianArctic",
   "terrain": "Rugged",
   "supraRegion": "NorthAmerica",
   "latitude": 63.5,
   "longitude": -120,
   "boostLatitude": 60,
   "smallRegion": null
 },
 {
   "dataName": "map_Cascadia",
   "terrain": "Rugged",
   "supraRegion": "NorthAmerica",
   "latitude": 45.84,
   "longitude": -118.65,
   "boostLatitude": 45,
   "smallRegion": null
 },
 {
   "dataName": "map_CostaRica",
   "terrain": "Rugged",
   "supraRegion": "NorthAmerica",
   "latitude": 9.56,
   "longitude": -84.5,
   "boostLatitude": 10,
   "smallRegion": true
 },
 {
   "dataName": "map_Cuba",
   "terrain": "Standard",
   "supraRegion": "NorthAmerica",
   "latitude": 22,
   "longitude": -79.1,
   "boostLatitude": 20,
   "smallRegion": null
 },
 {
   "dataName": "map_Dixie",
   "terrain": "Standard",
   "supraRegion": "NorthAmerica",
   "latitude": 32.84,
   "longitude": -85.24,
   "boostLatitude": 25,
   "smallRegion": null
 },
 {
   "dataName": "map_ElSalvador",
   "terrain": "Rugged",
   "supraRegion": "NorthAmerica",
   "latitude": 13.56,
   "longitude": -88.86,
   "boostLatitude": 15,
   "smallRegion": true
 },
 {
   "dataName": "map_EuropeanWestIndies",
   "terrain": "Standard",
   "supraRegion": "NorthAmerica",
   "latitude": 4.1,
   "longitude": -52.86,
   "boostLatitude": 5,
   "smallRegion": null
 },
 {
   "dataName": "map_France",
   "terrain": "Standard",
   "supraRegion": "NorthAmerica",
   "latitude": 46.48,
   "longitude": 2.42,
   "boostLatitude": 45,
   "smallRegion": true
 },
 {
   "dataName": "map_Guatemala",
   "terrain": "Rugged",
   "supraRegion": "NorthAmerica",
   "latitude": 14.65,
   "longitude": -90.5,
   "boostLatitude": 15,
   "smallRegion": true
 },
 {
   "dataName": "map_HighPlains",
   "terrain": "Standard",
   "supraRegion": "NorthAmerica",
   "latitude": 40.5,
   "longitude": -95.72,
   "boostLatitude": 40,
   "smallRegion": null
 },
 {
   "dataName": "map_Honduras",
   "terrain": "Rugged",
   "supraRegion": "NorthAmerica",
   "latitude": 14.57,
   "longitude": -86.8,
   "boostLatitude": 15,
   "smallRegion": true
 },
 {
   "dataName": "map_Ireland",
   "terrain": "Standard",
   "supraRegion": "NorthAmerica",
   "latitude": 53.01,
   "longitude": -8.26,
   "boostLatitude": 55,
   "smallRegion": true
 },
 {
   "dataName": "map_Laurentia",
   "terrain": "Standard",
   "supraRegion": "NorthAmerica",
   "latitude": 51.8,
   "longitude": -70,
   "boostLatitude": 45,
   "smallRegion": null
 },
 {
   "dataName": "map_MexicoCity",
   "terrain": "Rugged",
   "supraRegion": "NorthAmerica",
   "latitude": 17.7,
   "longitude": -96.13,
   "boostLatitude": 15,
   "smallRegion": null
 },
 {
   "dataName": "map_Monterrey",
   "terrain": "Standard",
   "supraRegion": "NorthAmerica",
   "latitude": 27.9,
   "longitude": -107.03,
   "boostLatitude": 25,
   "smallRegion": null
 },
 {
   "dataName": "map_NewEngland",
   "terrain": "Standard",
   "supraRegion": "NorthAmerica",
   "latitude": 43,
   "longitude": -70.85,
   "boostLatitude": 45,
   "smallRegion": null
 },
 {
   "dataName": "map_NewYork",
   "terrain": "Standard",
   "supraRegion": "NorthAmerica",
   "latitude": 41.96,
   "longitude": -75.92,
   "boostLatitude": 40,
   "smallRegion": null
 },
 {
   "dataName": "map_Nicaragua",
   "terrain": "Standard",
   "supraRegion": "NorthAmerica",
   "latitude": 12.5,
   "longitude": -85.4,
   "boostLatitude": 15,
   "smallRegion": true
 },
 {
   "dataName": "map_Ontario",
   "terrain": "Standard",
   "supraRegion": "NorthAmerica",
   "latitude": 50.2,
   "longitude": -85.8,
   "boostLatitude": 45,
   "smallRegion": null
 },
 {
   "dataName": "map_Panama",
   "terrain": "Rugged",
   "supraRegion": "NorthAmerica",
   "latitude": 8.79,
   "longitude": -79.899,
   "boostLatitude": 10,
   "smallRegion": true
 },
 {
   "dataName": "map_Prairies",
   "terrain": "Standard",
   "supraRegion": "NorthAmerica",
   "latitude": 53.76,
   "longitude": -105.5,
   "boostLatitude": 50,
   "smallRegion": null
 },
 {
   "dataName": "map_RockyMountains",
   "terrain": "Rugged",
   "supraRegion": "NorthAmerica",
   "latitude": 40.3,
   "longitude": -108.99,
   "boostLatitude": 35,
   "smallRegion": null
 },
 {
   "dataName": "map_RustBelt",
   "terrain": "Standard",
   "supraRegion": "NorthAmerica",
   "latitude": 42.04,
   "longitude": -86.19,
   "boostLatitude": 40,
   "smallRegion": null
 },
 {
   "dataName": "map_Shenandoah",
   "terrain": "Standard",
   "supraRegion": "NorthAmerica",
   "latitude": 38.28,
   "longitude": -79.25,
   "boostLatitude": 35,
   "smallRegion": null
 },
 {
   "dataName": "map_Texas",
   "terrain": "Standard",
   "supraRegion": "NorthAmerica",
   "latitude": 31.54,
   "longitude": -96.81,
   "boostLatitude": 25,
   "smallRegion": null
 },
 {
   "dataName": "map_WestIndies",
   "terrain": "Standard",
   "supraRegion": "NorthAmerica",
   "latitude": 18.7,
   "longitude": -71.3,
   "boostLatitude": 10,
   "smallRegion": null
 },
 {
   "dataName": "map_AmericanPacific",
   "terrain": "Standard",
   "supraRegion": "Oceania",
   "latitude": 21.45,
   "longitude": -157.99,
   "boostLatitude": -15,
   "smallRegion": null
 },
 {
   "dataName": "map_Brisbane",
   "terrain": "Rugged",
   "supraRegion": "Oceania",
   "latitude": -21.5,
   "longitude": 138,
   "boostLatitude": -10,
   "smallRegion": null
 },
 {
   "dataName": "map_EuropeanPacific",
   "terrain": "Standard",
   "supraRegion": "Oceania",
   "latitude": -19.5,
   "longitude": 169.37,
   "boostLatitude": -15,
   "smallRegion": null
 },
 {
   "dataName": "map_Melanesia",
   "terrain": "Standard",
   "supraRegion": "Oceania",
   "latitude": -6.4,
   "longitude": 147.42,
   "boostLatitude": -5,
   "smallRegion": null
 },
 {
   "dataName": "map_Micronesia",
   "terrain": "Standard",
   "supraRegion": "Oceania",
   "latitude": 7.79,
   "longitude": 154.51,
   "boostLatitude": 0,
   "smallRegion": null
 },
 {
   "dataName": "map_MoluccasandSulawesi",
   "terrain": "Standard",
   "supraRegion": "Oceania",
   "latitude": -0.99,
   "longitude": 122.56,
   "boostLatitude": 0,
   "smallRegion": null
 },
 {
   "dataName": "map_NewGuinea",
   "terrain": "Rugged",
   "supraRegion": "Oceania",
   "latitude": -4.49,
   "longitude": 138.03,
   "boostLatitude": 0,
   "smallRegion": null
 },
 {
   "dataName": "map_NewZealand",
   "terrain": "Standard",
   "supraRegion": "Oceania",
   "latitude": -41,
   "longitude": 173.79,
   "boostLatitude": -35,
   "smallRegion": null
 },
 {
   "dataName": "map_Polynesia",
   "terrain": "Standard",
   "supraRegion": "Oceania",
   "latitude": -10.5,
   "longitude": -168.73,
   "boostLatitude": -10,
   "smallRegion": null
 },
 {
   "dataName": "map_Sydney",
   "terrain": "Standard",
   "supraRegion": "Oceania",
   "latitude": -33.5,
   "longitude": 146,
   "boostLatitude": -30,
   "smallRegion": null
 },
 {
   "dataName": "map_Westralia",
   "terrain": "Rugged",
   "supraRegion": "Oceania",
   "latitude": -27,
   "longitude": 122,
   "boostLatitude": -15,
   "smallRegion": null
 },
 {
   "dataName": "map_Amazonia",
   "terrain": "Rugged",
   "supraRegion": "SouthAmerica",
   "latitude": -3.5,
   "longitude": -65,
   "boostLatitude": 0,
   "smallRegion": null
 },
 {
   "dataName": "map_Bolivia",
   "terrain": "Rugged",
   "supraRegion": "SouthAmerica",
   "latitude": -17,
   "longitude": -65,
   "boostLatitude": -10,
   "smallRegion": null
 },
 {
   "dataName": "map_Brasilia",
   "terrain": "Standard",
   "supraRegion": "SouthAmerica",
   "latitude": -16,
   "longitude": -48,
   "boostLatitude": -10,
   "smallRegion": null
 },
 {
   "dataName": "map_Colombia",
   "terrain": "Rugged",
   "supraRegion": "SouthAmerica",
   "latitude": 3.25,
   "longitude": -73.2,
   "boostLatitude": 0,
   "smallRegion": null
 },
 {
   "dataName": "map_Ecuador",
   "terrain": "Rugged",
   "supraRegion": "SouthAmerica",
   "latitude": -1.6,
   "longitude": -78.5,
   "boostLatitude": 0,
   "smallRegion": null
 },
 {
   "dataName": "map_GranChaco",
   "terrain": "Standard",
   "supraRegion": "SouthAmerica",
   "latitude": -29,
   "longitude": -62,
   "boostLatitude": -25,
   "smallRegion": null
 },
 {
   "dataName": "map_Guyana",
   "terrain": "Rugged",
   "supraRegion": "SouthAmerica",
   "latitude": 5.246,
   "longitude": -58.98,
   "boostLatitude": 5,
   "smallRegion": null
 },
 {
   "dataName": "map_NorthernChile",
   "terrain": "Rugged",
   "supraRegion": "SouthAmerica",
   "latitude": -25.27,
   "longitude": -69.4,
   "boostLatitude": -20,
   "smallRegion": null
 },
 {
   "dataName": "map_Pampas",
   "terrain": "Standard",
   "supraRegion": "SouthAmerica",
   "latitude": -35.5,
   "longitude": -65,
   "boostLatitude": -30,
   "smallRegion": null
 },
 {
   "dataName": "map_Paraguay",
   "terrain": "Rugged",
   "supraRegion": "SouthAmerica",
   "latitude": -25.5,
   "longitude": -58.5,
   "boostLatitude": -20,
   "smallRegion": null
 },
 {
   "dataName": "map_Patagonia",
   "terrain": "Rugged",
   "supraRegion": "SouthAmerica",
   "latitude": -42.5,
   "longitude": -68.5,
   "boostLatitude": -40,
   "smallRegion": null
 },
 {
   "dataName": "map_Peru",
   "terrain": "Rugged",
   "supraRegion": "SouthAmerica",
   "latitude": -10.9,
   "longitude": -75.29,
   "boostLatitude": 0,
   "smallRegion": null
 },
 {
   "dataName": "map_PortoAlegre",
   "terrain": "Standard",
   "supraRegion": "SouthAmerica",
   "latitude": -26,
   "longitude": -52,
   "boostLatitude": -25,
   "smallRegion": null
 },
 {
   "dataName": "map_Recife",
   "terrain": "Standard",
   "supraRegion": "SouthAmerica",
   "latitude": -7,
   "longitude": -38,
   "boostLatitude": 0,
   "smallRegion": null
 },
 {
   "dataName": "map_SaoPaolo",
   "terrain": "Standard",
   "supraRegion": "SouthAmerica",
   "latitude": -21.5,
   "longitude": -46.5,
   "boostLatitude": -15,
   "smallRegion": null
 },
 {
   "dataName": "map_SouthernChile",
   "terrain": "Rugged",
   "supraRegion": "SouthAmerica",
   "latitude": -38.16,
   "longitude": -72.21,
   "boostLatitude": -35,
   "smallRegion": null
 },
 {
   "dataName": "map_Suriname",
   "terrain": "Rugged",
   "supraRegion": "SouthAmerica",
   "latitude": 4.49,
   "longitude": -56.03,
   "boostLatitude": 5,
   "smallRegion": null
 },
 {
   "dataName": "map_Uruguay",
   "terrain": "Standard",
   "supraRegion": "SouthAmerica",
   "latitude": -33.08,
   "longitude": -56.15,
   "boostLatitude": -30,
   "smallRegion": null
 },
 {
   "dataName": "map_Venezuela",
   "terrain": "Standard",
   "supraRegion": "SouthAmerica",
   "latitude": 6.69,
   "longitude": -66.2,
   "boostLatitude": 5,
   "smallRegion": null
 },
 {
   "dataName": "map_CentralAmerica",
   "terrain": "Rugged",
   "supraRegion": "NorthAmerica",
   "latitude": 13.5,
   "longitude": -86.2,
   "boostLatitude": 10,
   "smallRegion": null
 },
 {
   "dataName": "map_Chile",
   "terrain": "Rugged",
   "supraRegion": "SouthAmerica",
   "latitude": -27.2,
   "longitude": -70.45,
   "boostLatitude": -20,
   "smallRegion": null
 },
 {
   "dataName": "map_EasternBalkans",
   "terrain": "Rugged",
   "supraRegion": "Europe",
   "latitude": 45.5,
   "longitude": 25,
   "boostLatitude": 40,
   "smallRegion": true
 },
 {
   "dataName": "map_Guyana-Suriname",
   "terrain": "Rugged",
   "supraRegion": "SouthAmerica",
   "latitude": 4.3,
   "longitude": -57.5,
   "boostLatitude": 5,
   "smallRegion": null
 },
 {
   "dataName": "map_Israel",
   "terrain": "Rugged",
   "supraRegion": "CentralAsia",
   "latitude": 31.76,
   "longitude": 34.92,
   "boostLatitude": 30,
   "smallRegion": true
 },
 {
   "dataName": "map_LowerGuinea",
   "terrain": "Standard",
   "supraRegion": "Africa",
   "latitude": 3.69,
   "longitude": 12.6,
   "boostLatitude": 0,
   "smallRegion": null
 },
 {
   "dataName": "map_MiddleGuinea",
   "terrain": "Standard",
   "supraRegion": "Africa",
   "latitude": 7.6,
   "longitude": -1.3,
   "boostLatitude": 5,
   "smallRegion": null
 },
 {
   "dataName": "map_Palestine",
   "terrain": "Standard",
   "supraRegion": "CentralAsia",
   "latitude": 31.76,
   "longitude": 34.92,
   "boostLatitude": 30,
   "smallRegion": true
 },
 {
   "dataName": "map_Scandanavia",
   "terrain": "Rugged",
   "supraRegion": "Europe",
   "latitude": 62.66,
   "longitude": 15.45,
   "boostLatitude": 55,
   "smallRegion": true
 },
 {
   "dataName": "map_SouthernBalkans",
   "terrain": "Rugged",
   "supraRegion": "Europe",
   "latitude": 39.5,
   "longitude": 21.633,
   "boostLatitude": 40,
   "smallRegion": true
 },
 {
   "dataName": "map_St.Petersburg",
   "terrain": "Standard",
   "supraRegion": "Europe",
   "latitude": 60.58,
   "longitude": 33.67,
   "boostLatitude": 60,
   "smallRegion": null
 },
 {
   "dataName": "map_Thailand",
   "terrain": "Rugged",
   "supraRegion": "EastAsia",
   "latitude": 15,
   "longitude": 100.9,
   "boostLatitude": 10,
   "smallRegion": null
 },
 {
   "dataName": "map_UpperGuinea",
   "terrain": "Standard",
   "supraRegion": "Africa",
   "latitude": 12.46,
   "longitude": -14,
   "boostLatitude": 10,
   "smallRegion": null
 },
 {
   "dataName": "map_WesternBalkans",
   "terrain": "Rugged",
   "supraRegion": "Europe",
   "latitude": 43.73,
   "longitude": 19,
   "boostLatitude": 40,
   "smallRegion": null
 },
 {
   "dataName": "map_Sydney_PVC",
   "terrain": "Standard",
   "supraRegion": "Oceania",
   "latitude": -33.5,
   "longitude": 146,
   "boostLatitude": -30,
   "smallRegion": ""
 },
 {
   "dataName": "map_Brisbane_PVC",
   "terrain": "Rugged",
   "supraRegion": "Oceania",
   "latitude": -21.5,
   "longitude": 138,
   "boostLatitude": -10,
   "smallRegion": ""
 },
 {
   "dataName": "map_Westralia_PVC",
   "terrain": "Rugged",
   "supraRegion": "Oceania",
   "latitude": -27,
   "longitude": 122,
   "boostLatitude": -15,
   "smallRegion": ""
 },
 {
   "dataName": "map_NewZealand_PVC",
   "terrain": "Standard",
   "supraRegion": "Oceania",
   "latitude": -41,
   "longitude": 173.79,
   "boostLatitude": -35,
   "smallRegion": ""
 },
 {
   "dataName": "map_EuropeanPacific_PVC",
   "terrain": "Standard",
   "supraRegion": "Oceania",
   "latitude": -19.5,
   "longitude": 169.37,
   "boostLatitude": -15,
   "smallRegion": ""
 },
 {
   "dataName": "map_Melanesia_PVC",
   "terrain": "Standard",
   "supraRegion": "Oceania",
   "latitude": -6.4,
   "longitude": 147.42,
   "boostLatitude": -5,
   "smallRegion": ""
 },
 {
   "dataName": "map_Manchuria_PVC",
   "terrain": "Standard",
   "supraRegion": "EastAsia",
   "latitude": 45.5,
   "longitude": 126.5,
   "boostLatitude": 45,
   "smallRegion": ""
 },
 {
   "dataName": "map_Beijing_PVC",
   "terrain": "Standard",
   "supraRegion": "EastAsia",
   "latitude": 38.85,
   "longitude": 116.455,
   "boostLatitude": 35,
   "smallRegion": ""
 },
 {
   "dataName": "map_Shandong_PVC",
   "terrain": "Standard",
   "supraRegion": "EastAsia",
   "latitude": 36.67,
   "longitude": 117.021,
   "boostLatitude": 35,
   "smallRegion": ""
 },
 {
   "dataName": "map_Gobi_PVC",
   "terrain": "Standard",
   "supraRegion": "EastAsia",
   "latitude": 38.27,
   "longitude": 97.24,
   "boostLatitude": 35,
   "smallRegion": ""
 },
 {
   "dataName": "map_Xinjiang_PVC",
   "terrain": "Rugged",
   "supraRegion": "EastAsia",
   "latitude": 40,
   "longitude": 85.6,
   "boostLatitude": 40,
   "smallRegion": ""
 },
 {
   "dataName": "map_Chongqing_PVC",
   "terrain": "Standard",
   "supraRegion": "EastAsia",
   "latitude": 29.29,
   "longitude": 106.99,
   "boostLatitude": 30,
   "smallRegion": ""
 },
 {
   "dataName": "map_Wuhan_PVC",
   "terrain": "Standard",
   "supraRegion": "EastAsia",
   "latitude": 29.28,
   "longitude": 111.75,
   "boostLatitude": 25,
   "smallRegion": ""
 },
 {
   "dataName": "map_Guangzhou_PVC",
   "terrain": "Standard",
   "supraRegion": "EastAsia",
   "latitude": 23.18,
   "longitude": 110.03,
   "boostLatitude": 20,
   "smallRegion": ""
 },
 {
   "dataName": "map_Guizhou_PVC",
   "terrain": "Standard",
   "supraRegion": "EastAsia",
   "latitude": 24.85,
   "longitude": 103.04,
   "boostLatitude": 25,
   "smallRegion": ""
 },
 {
   "dataName": "map_Shanghai_PVC",
   "terrain": "Standard",
   "supraRegion": "EastAsia",
   "latitude": 29.49,
   "longitude": 120.1,
   "boostLatitude": 30,
   "smallRegion": ""
 },
 {
   "dataName": "map_Tibet_PVC",
   "terrain": "Rugged",
   "supraRegion": "EastAsia",
   "latitude": 30.85,
   "longitude": 88.72,
   "boostLatitude": 30,
   "smallRegion": ""
 },
 {
   "dataName": "map_Mongolia_PVC",
   "terrain": "Rugged",
   "supraRegion": "EastAsia",
   "latitude": 46.33,
   "longitude": 102.79,
   "boostLatitude": 45,
   "smallRegion": ""
 },
 {
   "dataName": "map_NorthKorea_PVC",
   "terrain": "Rugged",
   "supraRegion": "EastAsia",
   "latitude": 39.7,
   "longitude": 126.56,
   "boostLatitude": 40,
   "smallRegion": ""
 },
 {
   "dataName": "map_SouthKorea_PVC",
   "terrain": "Rugged",
   "supraRegion": "EastAsia",
   "latitude": 36.35,
   "longitude": 127.85,
   "boostLatitude": 35,
   "smallRegion": ""
 },
 {
   "dataName": "map_Honshu_PVC",
   "terrain": "Standard",
   "supraRegion": "EastAsia",
   "latitude": 36.23,
   "longitude": 138.43,
   "boostLatitude": 35,
   "smallRegion": ""
 },
 {
   "dataName": "map_KyushuandShikoku_PVC",
   "terrain": "Standard",
   "supraRegion": "EastAsia",
   "latitude": 32.73,
   "longitude": 131.48,
   "boostLatitude": 30,
   "smallRegion": ""
 },
 {
   "dataName": "map_Hokkaido_PVC",
   "terrain": "Standard",
   "supraRegion": "EastAsia",
   "latitude": 43.21,
   "longitude": 142.59,
   "boostLatitude": 45,
   "smallRegion": ""
 },
 {
   "dataName": "map_Taiwan_PVC",
   "terrain": "Rugged",
   "supraRegion": "EastAsia",
   "latitude": 23.69,
   "longitude": 120.96,
   "boostLatitude": 25,
   "smallRegion": ""
 },
 {
   "dataName": "map_Hanoi_PVC",
   "terrain": "Rugged",
   "supraRegion": "EastAsia",
   "latitude": 20.12,
   "longitude": 105.48,
   "boostLatitude": 20,
   "smallRegion": ""
 },
 {
   "dataName": "map_HoChiMinhCity_PVC",
   "terrain": "Rugged",
   "supraRegion": "EastAsia",
   "latitude": 10.9,
   "longitude": 106.99,
   "boostLatitude": 10,
   "smallRegion": ""
 },
 {
   "dataName": "map_Laos_PVC",
   "terrain": "Rugged",
   "supraRegion": "EastAsia",
   "latitude": 17.88,
   "longitude": 104.9,
   "boostLatitude": 15,
   "smallRegion": ""
 },
 {
   "dataName": "map_Thailand_PVC",
   "terrain": "Rugged",
   "supraRegion": "EastAsia",
   "latitude": 15,
   "longitude": 100.9,
   "boostLatitude": 10,
   "smallRegion": ""
 },
 {
   "dataName": "map_Myanmar_PVC",
   "terrain": "Rugged",
   "supraRegion": "EastAsia",
   "latitude": 20.96,
   "longitude": 96.36,
   "boostLatitude": 10,
   "smallRegion": ""
 },
 {
   "dataName": "map_Java_PVC",
   "terrain": "Standard",
   "supraRegion": "EastAsia",
   "latitude": -7.38,
   "longitude": 110.48,
   "boostLatitude": -5,
   "smallRegion": ""
 },
 {
   "dataName": "map_Borneo_PVC",
   "terrain": "Rugged",
   "supraRegion": "EastAsia",
   "latitude": -0.67,
   "longitude": 113.55,
   "boostLatitude": 0,
   "smallRegion": ""
 },
 {
   "dataName": "map_MoluccasandSulawesi_PVC",
   "terrain": "Standard",
   "supraRegion": "EastAsia",
   "latitude": -0.99,
   "longitude": 122.56,
   "boostLatitude": 0,
   "smallRegion": ""
 },
 {
   "dataName": "map_NewGuinea_PVC",
   "terrain": "Rugged",
   "supraRegion": "EastAsia",
   "latitude": -4.49,
   "longitude": 138.03,
   "boostLatitude": 0,
   "smallRegion": ""
 },
 {
   "dataName": "map_Sumatra_PVC",
   "terrain": "Standard",
   "supraRegion": "EastAsia",
   "latitude": -0.5,
   "longitude": 101.75,
   "boostLatitude": 0,
   "smallRegion": ""
 },
 {
   "dataName": "map_MalayPeninsula_PVC",
   "terrain": "Standard",
   "supraRegion": "EastAsia",
   "latitude": 3.31,
   "longitude": 102.02,
   "boostLatitude": 0,
   "smallRegion": ""
 },
 {
   "dataName": "map_SarawakandSabah_PVC",
   "terrain": "Rugged",
   "supraRegion": "EastAsia",
   "latitude": 2.83,
   "longitude": 113.89,
   "boostLatitude": 0,
   "smallRegion": ""
 },
 {
   "dataName": "map_Luzon_PVC",
   "terrain": "Standard",
   "supraRegion": "EastAsia",
   "latitude": 16.22,
   "longitude": 121.306,
   "boostLatitude": 15,
   "smallRegion": ""
 },
 {
   "dataName": "map_ViasyasyMindanao_PVC",
   "terrain": "Rugged",
   "supraRegion": "EastAsia",
   "latitude": 8.2,
   "longitude": 124.51,
   "boostLatitude": 5,
   "smallRegion": ""
 },
 {
   "dataName": "map_NewDelhi_PVC",
   "terrain": "Standard",
   "supraRegion": "CentralAsia",
   "latitude": 26.9,
   "longitude": 80.6,
   "boostLatitude": 20,
   "smallRegion": ""
 },
 {
   "dataName": "map_JammuandKashmir_PVC",
   "terrain": "Rugged",
   "supraRegion": "CentralAsia",
   "latitude": 33.31,
   "longitude": 76.3,
   "boostLatitude": 30,
   "smallRegion": ""
 },
 {
   "dataName": "map_Jaipur_PVC",
   "terrain": "Rugged",
   "supraRegion": "CentralAsia",
   "latitude": 27.3,
   "longitude": 74.48,
   "boostLatitude": 25,
   "smallRegion": ""
 },
 {
   "dataName": "map_Mumbai_PVC",
   "terrain": "Standard",
   "supraRegion": "CentralAsia",
   "latitude": 19.09,
   "longitude": 75.11,
   "boostLatitude": 20,
   "smallRegion": ""
 },
 {
   "dataName": "map_Hyderabad_PVC",
   "terrain": "Standard",
   "supraRegion": "CentralAsia",
   "latitude": 14.1,
   "longitude": 77.6,
   "boostLatitude": 10,
   "smallRegion": ""
 },
 {
   "dataName": "map_Kolkata_PVC",
   "terrain": "Standard",
   "supraRegion": "CentralAsia",
   "latitude": 23.28,
   "longitude": 86.3,
   "boostLatitude": 20,
   "smallRegion": ""
 },
 {
   "dataName": "map_Assam_PVC",
   "terrain": "Rugged",
   "supraRegion": "CentralAsia",
   "latitude": 26.08,
   "longitude": 92.69,
   "boostLatitude": 25,
   "smallRegion": ""
 },
 {
   "dataName": "map_Punjab_PVC",
   "terrain": "Standard",
   "supraRegion": "CentralAsia",
   "latitude": 33.27,
   "longitude": 72.9,
   "boostLatitude": 30,
   "smallRegion": ""
 },
 {
   "dataName": "map_Peshawar_PVC",
   "terrain": "Rugged",
   "supraRegion": "CentralAsia",
   "latitude": 33.98,
   "longitude": 71.52,
   "boostLatitude": 35,
   "smallRegion": ""
 },
 {
   "dataName": "map_Baluchistan_PVC",
   "terrain": "Rugged",
   "supraRegion": "CentralAsia",
   "latitude": 30.09,
   "longitude": 66.95,
   "boostLatitude": 25,
   "smallRegion": ""
 },
 {
   "dataName": "map_Afghanistan_PVC",
   "terrain": "Rugged",
   "supraRegion": "CentralAsia",
   "latitude": 33.5,
   "longitude": 65,
   "boostLatitude": 30,
   "smallRegion": ""
 },
 {
   "dataName": "map_Himalayas_PVC",
   "terrain": "Rugged",
   "supraRegion": "CentralAsia",
   "latitude": 27.58,
   "longitude": 85.1,
   "boostLatitude": 30,
   "smallRegion": ""
 },
 {
   "dataName": "map_SriLanka_PVC",
   "terrain": "Standard",
   "supraRegion": "CentralAsia",
   "latitude": 7.4,
   "longitude": 80.81,
   "boostLatitude": 5,
   "smallRegion": ""
 },
 {
   "dataName": "map_Almaty_PVC",
   "terrain": "Standard",
   "supraRegion": "CentralAsia",
   "latitude": 48.98,
   "longitude": 76.523,
   "boostLatitude": 45,
   "smallRegion": ""
 },
 {
   "dataName": "map_Astana_PVC",
   "terrain": "Standard",
   "supraRegion": "CentralAsia",
   "latitude": 48.18,
   "longitude": 57.6,
   "boostLatitude": 45,
   "smallRegion": ""
 },
 {
   "dataName": "map_Uzbekistan_PVC",
   "terrain": "Standard",
   "supraRegion": "CentralAsia",
   "latitude": 41.75,
   "longitude": 64,
   "boostLatitude": 40,
   "smallRegion": ""
 },
 {
   "dataName": "map_Kyrgyzstan_PVC",
   "terrain": "Rugged",
   "supraRegion": "CentralAsia",
   "latitude": 41.26,
   "longitude": 74.59,
   "boostLatitude": 40,
   "smallRegion": ""
 },
 {
   "dataName": "map_Tajikistan_PVC",
   "terrain": "Rugged",
   "supraRegion": "CentralAsia",
   "latitude": 38.86,
   "longitude": 70.98,
   "boostLatitude": 40,
   "smallRegion": ""
 },
 {
   "dataName": "map_Turkmenistan_PVC",
   "terrain": "Standard",
   "supraRegion": "CentralAsia",
   "latitude": 39.25,
   "longitude": 59.25,
   "boostLatitude": 35,
   "smallRegion": ""
 },
 {
   "dataName": "map_Tehran_PVC",
   "terrain": "Rugged",
   "supraRegion": "CentralAsia",
   "latitude": 33.81,
   "longitude": 51.15,
   "boostLatitude": 30,
   "smallRegion": ""
 },
 {
   "dataName": "map_Khorasan_PVC",
   "terrain": "Rugged",
   "supraRegion": "CentralAsia",
   "latitude": 32.09,
   "longitude": 56.81,
   "boostLatitude": 30,
   "smallRegion": ""
 },
 {
   "dataName": "map_Baghdad_PVC",
   "terrain": "Standard",
   "supraRegion": "CentralAsia",
   "latitude": 31.6,
   "longitude": 44.58,
   "boostLatitude": 30,
   "smallRegion": ""
 },
 {
   "dataName": "map_Mosul_PVC",
   "terrain": "Standard",
   "supraRegion": "CentralAsia",
   "latitude": 35.47,
   "longitude": 43.33,
   "boostLatitude": 35,
   "smallRegion": ""
 },
 {
   "dataName": "map_Najd_PVC",
   "terrain": "Standard",
   "supraRegion": "CentralAsia",
   "latitude": 25.45,
   "longitude": 49.12,
   "boostLatitude": 20,
   "smallRegion": ""
 },
 {
   "dataName": "map_Hijaz_PVC",
   "terrain": "Standard",
   "supraRegion": "CentralAsia",
   "latitude": 22.26,
   "longitude": 39.62,
   "boostLatitude": 20,
   "smallRegion": ""
 },
 {
   "dataName": "map_Oman_PVC",
   "terrain": "Rugged",
   "supraRegion": "CentralAsia",
   "latitude": 20.37,
   "longitude": 56.44,
   "boostLatitude": 25,
   "smallRegion": ""
 },
 {
   "dataName": "map_Yemen_PVC",
   "terrain": "Rugged",
   "supraRegion": "CentralAsia",
   "latitude": 15.5,
   "longitude": 47.5,
   "boostLatitude": 15,
   "smallRegion": ""
 },
 {
   "dataName": "map_Syria_PVC",
   "terrain": "Standard",
   "supraRegion": "CentralAsia",
   "latitude": 34.74,
   "longitude": 38.46,
   "boostLatitude": 35,
   "smallRegion": ""
 },
 {
   "dataName": "map_IsraelPalestine_PVC",
   "terrain": "Rugged",
   "supraRegion": "CentralAsia",
   "latitude": 31.76,
   "longitude": 34.92,
   "boostLatitude": 30,
   "smallRegion": ""
 },
 {
   "dataName": "map_Jordan_PVC",
   "terrain": "Standard",
   "supraRegion": "CentralAsia",
   "latitude": 31.13,
   "longitude": 36.49,
   "boostLatitude": 30,
   "smallRegion": ""
 },
 {
   "dataName": "map_Istanbul_PVC",
   "terrain": "Standard",
   "supraRegion": "CentralAsia",
   "latitude": 39.25,
   "longitude": 27.79,
   "boostLatitude": 40,
   "smallRegion": ""
 },
 {
   "dataName": "map_Anatolia_PVC",
   "terrain": "Rugged",
   "supraRegion": "CentralAsia",
   "latitude": 39.25,
   "longitude": 35.57,
   "boostLatitude": 40,
   "smallRegion": ""
 },
 {
   "dataName": "map_Diyarbakir_PVC",
   "terrain": "Rugged",
   "supraRegion": "CentralAsia",
   "latitude": 39.25,
   "longitude": 42.38,
   "boostLatitude": 40,
   "smallRegion": ""
 },
 {
   "dataName": "map_Caucasus_PVC",
   "terrain": "Rugged",
   "supraRegion": "CentralAsia",
   "latitude": 41.25,
   "longitude": 45.5,
   "boostLatitude": 40,
   "smallRegion": ""
 },
 {
   "dataName": "map_Rostovskaya_PVC",
   "terrain": "Standard",
   "supraRegion": "CentralAsia",
   "latitude": 46.05,
   "longitude": 43.26,
   "boostLatitude": 45,
   "smallRegion": ""
 },
 {
   "dataName": "map_Moskva_PVC",
   "terrain": "Standard",
   "supraRegion": "Europe",
   "latitude": 55.62,
   "longitude": 37.6,
   "boostLatitude": 55,
   "smallRegion": ""
 },
 {
   "dataName": "map_Novgorod_PVC",
   "terrain": "Standard",
   "supraRegion": "Europe",
   "latitude": 60.58,
   "longitude": 33.67,
   "boostLatitude": 60,
   "smallRegion": ""
 },
 {
   "dataName": "map_Karelia_PVC",
   "terrain": "Standard",
   "supraRegion": "Europe",
   "latitude": 60.58,
   "longitude": 33.67,
   "boostLatitude": 60,
   "smallRegion": ""
 },
 {
   "dataName": "map_Volga_PVC",
   "terrain": "Standard",
   "supraRegion": "Europe",
   "latitude": 55.6,
   "longitude": 47.18,
   "boostLatitude": 50,
   "smallRegion": ""
 },
 {
   "dataName": "map_WesternSiberia_PVC",
   "terrain": "Rugged",
   "supraRegion": "Europe",
   "latitude": 59.42,
   "longitude": 87.89,
   "boostLatitude": 55,
   "smallRegion": ""
 },
 {
   "dataName": "map_EasternSiberia_PVC",
   "terrain": "Rugged",
   "supraRegion": "Europe",
   "latitude": 61.25,
   "longitude": 126.77,
   "boostLatitude": 50,
   "smallRegion": ""
 },
 {
   "dataName": "map_RussianFarEast_PVC",
   "terrain": "Rugged",
   "supraRegion": "Europe",
   "latitude": 57.28,
   "longitude": 138.41,
   "boostLatitude": 45,
   "smallRegion": ""
 },
 {
   "dataName": "map_Okhotsk_PVC",
   "terrain": "Rugged",
   "supraRegion": "Europe",
   "latitude": 57.28,
   "longitude": 138.41,
   "boostLatitude": 45,
   "smallRegion": ""
 },
 {
   "dataName": "map_Belarus_PVC",
   "terrain": "Standard",
   "supraRegion": "Europe",
   "latitude": 55,
   "longitude": 30,
   "boostLatitude": 55,
   "smallRegion": ""
 },
 {
   "dataName": "map_Kiev_PVC",
   "terrain": "Standard",
   "supraRegion": "Europe",
   "latitude": 49.87,
   "longitude": 27.03,
   "boostLatitude": 50,
   "smallRegion": ""
 },
 {
   "dataName": "map_Kharkiv_PVC",
   "terrain": "Standard",
   "supraRegion": "Europe",
   "latitude": 48.85,
   "longitude": 37.02,
   "boostLatitude": 50,
   "smallRegion": ""
 },
 {
   "dataName": "map_BalticStates_PVC",
   "terrain": "Standard",
   "supraRegion": "Europe",
   "latitude": 56.7,
   "longitude": 24.44,
   "boostLatitude": 55,
   "smallRegion": ""
 },
 {
   "dataName": "map_Romania_PVC",
   "terrain": "Rugged",
   "supraRegion": "Europe",
   "latitude": 45.5,
   "longitude": 25,
   "boostLatitude": 40,
   "smallRegion": ""
 },
 {
   "dataName": "map_Norway_PVC",
   "terrain": "Rugged",
   "supraRegion": "Europe",
   "latitude": 59.56,
   "longitude": 10.41,
   "boostLatitude": 60,
   "smallRegion": ""
 },
 {
   "dataName": "map_Sweden_PVC",
   "terrain": "Standard",
   "supraRegion": "Europe",
   "latitude": 59.3,
   "longitude": 18.4,
   "boostLatitude": 55,
   "smallRegion": ""
 },
 {
   "dataName": "map_Finland_PVC",
   "terrain": "Standard",
   "supraRegion": "Europe",
   "latitude": 60.1,
   "longitude": 24.56,
   "boostLatitude": 60,
   "smallRegion": ""
 },
 {
   "dataName": "map_Iceland_PVC",
   "terrain": "Rugged",
   "supraRegion": "Europe",
   "latitude": 64.84,
   "longitude": -18.6,
   "boostLatitude": 65,
   "smallRegion": ""
 },
 {
   "dataName": "map_Greenland_PVC",
   "terrain": "Rugged",
   "supraRegion": "Europe",
   "latitude": 65.55,
   "longitude": -46,
   "boostLatitude": 60,
   "smallRegion": ""
 },
 {
   "dataName": "map_Germany_PVC",
   "terrain": "Standard",
   "supraRegion": "Europe",
   "latitude": 51,
   "longitude": 10.3,
   "boostLatitude": 50,
   "smallRegion": ""
 },
 {
   "dataName": "map_Poland_PVC",
   "terrain": "Standard",
   "supraRegion": "Europe",
   "latitude": 52.74,
   "longitude": 18.63,
   "boostLatitude": 50,
   "smallRegion": ""
 },
 {
   "dataName": "map_CentralEurope_PVC",
   "terrain": "Standard",
   "supraRegion": "Europe",
   "latitude": 48.18,
   "longitude": 17,
   "boostLatitude": 50,
   "smallRegion": ""
 },
 {
   "dataName": "map_AlpineStates_PVC",
   "terrain": "Rugged",
   "supraRegion": "Europe",
   "latitude": 48.2,
   "longitude": 16.37,
   "boostLatitude": 50,
   "smallRegion": ""
 },
 {
   "dataName": "map_NorthwestBalkans_PVC",
   "terrain": "Rugged",
   "supraRegion": "Europe",
   "latitude": 43.73,
   "longitude": 19,
   "boostLatitude": 40,
   "smallRegion": ""
 },
 {
   "dataName": "map_SouthwestBalkans_PVC",
   "terrain": "Rugged",
   "supraRegion": "Europe",
   "latitude": 44.817,
   "longitude": 20.467,
   "boostLatitude": 40,
   "smallRegion": ""
 },
 {
   "dataName": "map_Bulgaria_PVC",
   "terrain": "Rugged",
   "supraRegion": "Europe",
   "latitude": 42.7,
   "longitude": 23.33,
   "boostLatitude": 40,
   "smallRegion": ""
 },
 {
   "dataName": "map_Greece_PVC",
   "terrain": "Rugged",
   "supraRegion": "Europe",
   "latitude": 39.5,
   "longitude": 21.633,
   "boostLatitude": 40,
   "smallRegion": ""
 },
 {
   "dataName": "map_EasternMed_PVC",
   "terrain": "Rugged",
   "supraRegion": "Europe",
   "latitude": 35.167,
   "longitude": 33.367,
   "boostLatitude": 40,
   "smallRegion": ""
 },
 {
   "dataName": "map_Italy_PVC",
   "terrain": "Rugged",
   "supraRegion": "Europe",
   "latitude": 42.82,
   "longitude": 12.44,
   "boostLatitude": 45,
   "smallRegion": ""
 },
 {
   "dataName": "map_Naples_PVC",
   "terrain": "Rugged",
   "supraRegion": "Europe",
   "latitude": 40.85,
   "longitude": 14.25,
   "boostLatitude": 40,
   "smallRegion": ""
 },
 {
   "dataName": "map_England_PVC",
   "terrain": "Standard",
   "supraRegion": "Europe",
   "latitude": 52.301,
   "longitude": 0,
   "boostLatitude": 50,
   "smallRegion": ""
 },
 {
   "dataName": "map_Scotland_PVC",
   "terrain": "Rugged",
   "supraRegion": "Europe",
   "latitude": 56.3,
   "longitude": -3.9,
   "boostLatitude": 55,
   "smallRegion": ""
 },
 {
   "dataName": "map_Ireland_PVC",
   "terrain": "Standard",
   "supraRegion": "Europe",
   "latitude": 53.01,
   "longitude": -8.26,
   "boostLatitude": 55,
   "smallRegion": ""
 },
 {
   "dataName": "map_France_PVC",
   "terrain": "Standard",
   "supraRegion": "Europe",
   "latitude": 46.48,
   "longitude": 2.42,
   "boostLatitude": 45,
   "smallRegion": ""
 },
 {
   "dataName": "map_Lyon_PVC",
   "terrain": "Standard",
   "supraRegion": "Europe",
   "latitude": 43.7,
   "longitude": 2.42,
   "boostLatitude": 45,
   "smallRegion": ""
 },
 {
   "dataName": "map_Benelux_PVC",
   "terrain": "Standard",
   "supraRegion": "Europe",
   "latitude": 51.45,
   "longitude": 4.7,
   "boostLatitude": 50,
   "smallRegion": ""
 },
 {
   "dataName": "map_Spain_PVC",
   "terrain": "Standard",
   "supraRegion": "Europe",
   "latitude": 40.32,
   "longitude": -3.71,
   "boostLatitude": 35,
   "smallRegion": ""
 },
 {
   "dataName": "map_Barcelona_PVC",
   "terrain": "Rugged",
   "supraRegion": "Europe",
   "latitude": 41.38,
   "longitude": 2.18,
   "boostLatitude": 40,
   "smallRegion": ""
 },
 {
   "dataName": "map_Portugal_PVC",
   "terrain": "Standard",
   "supraRegion": "Europe",
   "latitude": 39.5,
   "longitude": -8.32,
   "boostLatitude": 40,
   "smallRegion": ""
 },
 {
   "dataName": "map_Morocco_PVC",
   "terrain": "Rugged",
   "supraRegion": "Africa",
   "latitude": 31.32,
   "longitude": -6.89,
   "boostLatitude": 25,
   "smallRegion": ""
 },
 {
   "dataName": "map_Algeria_PVC",
   "terrain": "Standard",
   "supraRegion": "Africa",
   "latitude": 27.7,
   "longitude": 2.5,
   "boostLatitude": 20,
   "smallRegion": ""
 },
 {
   "dataName": "map_Egypt_PVC",
   "terrain": "Standard",
   "supraRegion": "Africa",
   "latitude": 26.2,
   "longitude": 29.8,
   "boostLatitude": 25,
   "smallRegion": ""
 },
 {
   "dataName": "map_Libya_PVC",
   "terrain": "Standard",
   "supraRegion": "Africa",
   "latitude": 26.46,
   "longitude": 17.41,
   "boostLatitude": 25,
   "smallRegion": ""
 },
 {
   "dataName": "map_Niger_PVC",
   "terrain": "Standard",
   "supraRegion": "Africa",
   "latitude": 17.01,
   "longitude": 9.3,
   "boostLatitude": 15,
   "smallRegion": ""
 },
 {
   "dataName": "map_Sudan_PVC",
   "terrain": "Standard",
   "supraRegion": "Africa",
   "latitude": 15.8,
   "longitude": 30.4,
   "boostLatitude": 10,
   "smallRegion": ""
 },
 {
   "dataName": "map_Darfur_PVC",
   "terrain": "Standard",
   "supraRegion": "Africa",
   "latitude": 12.04,
   "longitude": 24.88,
   "boostLatitude": 10,
   "smallRegion": ""
 },
 {
   "dataName": "map_Tunisia_PVC",
   "terrain": "Standard",
   "supraRegion": "Africa",
   "latitude": 33.85,
   "longitude": 9.64,
   "boostLatitude": 35,
   "smallRegion": ""
 },
 {
   "dataName": "map_WesternSahara_PVC",
   "terrain": "Rugged",
   "supraRegion": "Africa",
   "latitude": 24.45,
   "longitude": -13.87,
   "boostLatitude": 20,
   "smallRegion": ""
 },
 {
   "dataName": "map_Mauritania_PVC",
   "terrain": "Rugged",
   "supraRegion": "Africa",
   "latitude": 19.7,
   "longitude": -10.42,
   "boostLatitude": 15,
   "smallRegion": ""
 },
 {
   "dataName": "map_Mali_PVC",
   "terrain": "Rugged",
   "supraRegion": "Africa",
   "latitude": 16.51,
   "longitude": -3.45,
   "boostLatitude": 15,
   "smallRegion": ""
 },
 {
   "dataName": "map_UpperGuinea_PVC",
   "terrain": "Standard",
   "supraRegion": "Africa",
   "latitude": 12.46,
   "longitude": -14,
   "boostLatitude": 10,
   "smallRegion": ""
 },
 {
   "dataName": "map_IvoryCoast_PVC",
   "terrain": "Standard",
   "supraRegion": "Africa",
   "latitude": 7.305,
   "longitude": -5.5,
   "boostLatitude": 5,
   "smallRegion": ""
 },
 {
   "dataName": "map_BurkinaFaso_PVC",
   "terrain": "Standard",
   "supraRegion": "Africa",
   "latitude": 12.36,
   "longitude": -1.38,
   "boostLatitude": 10,
   "smallRegion": ""
 },
 {
   "dataName": "map_MiddleGuinea_PVC",
   "terrain": "Standard",
   "supraRegion": "Africa",
   "latitude": 7.6,
   "longitude": -1.3,
   "boostLatitude": 5,
   "smallRegion": ""
 },
 {
   "dataName": "map_Abuja_PVC",
   "terrain": "Standard",
   "supraRegion": "Africa",
   "latitude": 10.6,
   "longitude": 8.8,
   "boostLatitude": 10,
   "smallRegion": ""
 },
 {
   "dataName": "map_Lagos_PVC",
   "terrain": "Standard",
   "supraRegion": "Africa",
   "latitude": 6.2,
   "longitude": 5.83,
   "boostLatitude": 5,
   "smallRegion": ""
 },
 {
   "dataName": "map_Angola_PVC",
   "terrain": "Standard",
   "supraRegion": "Africa",
   "latitude": -12.8,
   "longitude": 17.5,
   "boostLatitude": -10,
   "smallRegion": ""
 },
 {
   "dataName": "map_CentralAfricanRepublic_PVC",
   "terrain": "Standard",
   "supraRegion": "Africa",
   "latitude": 6.6,
   "longitude": 21,
   "boostLatitude": 5,
   "smallRegion": ""
 },
 {
   "dataName": "map_Chad_PVC",
   "terrain": "Standard",
   "supraRegion": "Africa",
   "latitude": 14.58,
   "longitude": 18.72,
   "boostLatitude": 5,
   "smallRegion": ""
 },
 {
   "dataName": "map_TibestiMountains_PVC",
   "terrain": "Rugged",
   "supraRegion": "Africa",
   "latitude": 17.92,
   "longitude": 19.12,
   "boostLatitude": 10,
   "smallRegion": ""
 },
 {
   "dataName": "map_Kinshasa_PVC",
   "terrain": "Rugged",
   "supraRegion": "Africa",
   "latitude": -3.5,
   "longitude": 18.3,
   "boostLatitude": 0,
   "smallRegion": ""
 },
 {
   "dataName": "map_Lubumbashi_PVC",
   "terrain": "Rugged",
   "supraRegion": "Africa",
   "latitude": -3.5,
   "longitude": 26.5,
   "boostLatitude": 0,
   "smallRegion": ""
 },
 {
   "dataName": "map_Cameroon_PVC",
   "terrain": "Standard",
   "supraRegion": "Africa",
   "latitude": 5.9,
   "longitude": 13.07,
   "boostLatitude": 0,
   "smallRegion": ""
 },
 {
   "dataName": "map_LowerGuinea_PVC",
   "terrain": "Standard",
   "supraRegion": "Africa",
   "latitude": 3.69,
   "longitude": 12.6,
   "boostLatitude": 0,
   "smallRegion": ""
 },
 {
   "dataName": "map_Ethiopia_PVC",
   "terrain": "Rugged",
   "supraRegion": "Africa",
   "latitude": 9.05,
   "longitude": 38.44,
   "boostLatitude": 5,
   "smallRegion": ""
 },
 {
   "dataName": "map_Mekelle_PVC",
   "terrain": "Rugged",
   "supraRegion": "Africa",
   "latitude": 9.12,
   "longitude": 43,
   "boostLatitude": 5,
   "smallRegion": ""
 },
 {
   "dataName": "map_Kenya_PVC",
   "terrain": "Standard",
   "supraRegion": "Africa",
   "latitude": 0,
   "longitude": 37.88,
   "boostLatitude": 0,
   "smallRegion": ""
 },
 {
   "dataName": "map_Somalia_PVC",
   "terrain": "Standard",
   "supraRegion": "Africa",
   "latitude": 5.43,
   "longitude": 48.22,
   "boostLatitude": 0,
   "smallRegion": ""
 },
 {
   "dataName": "map_SouthSudan_PVC",
   "terrain": "Standard",
   "supraRegion": "Africa",
   "latitude": 7.08,
   "longitude": 30.11,
   "boostLatitude": 5,
   "smallRegion": ""
 },
 {
   "dataName": "map_Tanzania_PVC",
   "terrain": "Standard",
   "supraRegion": "Africa",
   "latitude": -6.7,
   "longitude": 34.922,
   "boostLatitude": 0,
   "smallRegion": ""
 },
 {
   "dataName": "map_Uganda_PVC",
   "terrain": "Standard",
   "supraRegion": "Africa",
   "latitude": 1.1,
   "longitude": 32.29,
   "boostLatitude": 0,
   "smallRegion": ""
 },
 {
   "dataName": "map_Botswana_PVC",
   "terrain": "Standard",
   "supraRegion": "Africa",
   "latitude": -22.5,
   "longitude": 23.5,
   "boostLatitude": -20,
   "smallRegion": ""
 },
 {
   "dataName": "map_EuropeanRatnakara_PVC",
   "terrain": "Standard",
   "supraRegion": "Africa",
   "latitude": -15.21,
   "longitude": 53.78,
   "boostLatitude": -15,
   "smallRegion": ""
 },
 {
   "dataName": "map_Madagascar_PVC",
   "terrain": "Rugged",
   "supraRegion": "Africa",
   "latitude": -19,
   "longitude": 46.64,
   "boostLatitude": -15,
   "smallRegion": ""
 },
 {
   "dataName": "map_Mozambique_PVC",
   "terrain": "Standard",
   "supraRegion": "Africa",
   "latitude": -18.18,
   "longitude": 34.82,
   "boostLatitude": -15,
   "smallRegion": ""
 },
 {
   "dataName": "map_Namibia_PVC",
   "terrain": "Rugged",
   "supraRegion": "Africa",
   "latitude": -22.47,
   "longitude": 17.16,
   "boostLatitude": -20,
   "smallRegion": ""
 },
 {
   "dataName": "map_Ratnakara_PVC",
   "terrain": "Standard",
   "supraRegion": "Africa",
   "latitude": -18.4,
   "longitude": 60.13,
   "boostLatitude": 0,
   "smallRegion": ""
 },
 {
   "dataName": "map_CapeTown_PVC",
   "terrain": "Rugged",
   "supraRegion": "Africa",
   "latitude": -32.01,
   "longitude": 21.29,
   "boostLatitude": -25,
   "smallRegion": ""
 },
 {
   "dataName": "map_Johannesburg_PVC",
   "terrain": "Standard",
   "supraRegion": "Africa",
   "latitude": -26.05,
   "longitude": 28.6,
   "boostLatitude": -25,
   "smallRegion": ""
 },
 {
   "dataName": "map_Zambia_PVC",
   "terrain": "Standard",
   "supraRegion": "Africa",
   "latitude": -14.17,
   "longitude": 27.95,
   "boostLatitude": -10,
   "smallRegion": ""
 },
 {
   "dataName": "map_Zimbabwe_PVC",
   "terrain": "Standard",
   "supraRegion": "Africa",
   "latitude": -19.43,
   "longitude": 30,
   "boostLatitude": -20,
   "smallRegion": ""
 },
 {
   "dataName": "map_Brasilia_PVC",
   "terrain": "Standard",
   "supraRegion": "SouthAmerica",
   "latitude": -16,
   "longitude": -48,
   "boostLatitude": -10,
   "smallRegion": ""
 },
 {
   "dataName": "map_Amazonia_PVC",
   "terrain": "Rugged",
   "supraRegion": "SouthAmerica",
   "latitude": -3.5,
   "longitude": -65,
   "boostLatitude": 0,
   "smallRegion": ""
 },
 {
   "dataName": "map_PortoAlegre_PVC",
   "terrain": "Standard",
   "supraRegion": "SouthAmerica",
   "latitude": -26,
   "longitude": -52,
   "boostLatitude": -25,
   "smallRegion": ""
 },
 {
   "dataName": "map_Recife_PVC",
   "terrain": "Standard",
   "supraRegion": "SouthAmerica",
   "latitude": -7,
   "longitude": -38,
   "boostLatitude": 0,
   "smallRegion": ""
 },
 {
   "dataName": "map_SaoPaolo_PVC",
   "terrain": "Standard",
   "supraRegion": "SouthAmerica",
   "latitude": -21.5,
   "longitude": -46.5,
   "boostLatitude": -15,
   "smallRegion": ""
 },
 {
   "dataName": "map_GranChaco_PVC",
   "terrain": "Standard",
   "supraRegion": "SouthAmerica",
   "latitude": -29,
   "longitude": -62,
   "boostLatitude": -25,
   "smallRegion": ""
 },
 {
   "dataName": "map_Pampas_PVC",
   "terrain": "Standard",
   "supraRegion": "SouthAmerica",
   "latitude": -35.5,
   "longitude": -65,
   "boostLatitude": -30,
   "smallRegion": ""
 },
 {
   "dataName": "map_Patagonia_PVC",
   "terrain": "Rugged",
   "supraRegion": "SouthAmerica",
   "latitude": -42.5,
   "longitude": -68.5,
   "boostLatitude": -40,
   "smallRegion": ""
 },
 {
   "dataName": "map_NorthernChile_PVC",
   "terrain": "Rugged",
   "supraRegion": "SouthAmerica",
   "latitude": -25.27,
   "longitude": -69.4,
   "boostLatitude": -20,
   "smallRegion": ""
 },
 {
   "dataName": "map_SouthernChile_PVC",
   "terrain": "Rugged",
   "supraRegion": "SouthAmerica",
   "latitude": -38.16,
   "longitude": -72.21,
   "boostLatitude": -35,
   "smallRegion": ""
 },
 {
   "dataName": "map_Colombia_PVC",
   "terrain": "Rugged",
   "supraRegion": "SouthAmerica",
   "latitude": 3.25,
   "longitude": -73.2,
   "boostLatitude": 0,
   "smallRegion": ""
 },
 {
   "dataName": "map_Ecuador_PVC",
   "terrain": "Rugged",
   "supraRegion": "SouthAmerica",
   "latitude": -1.6,
   "longitude": -78.5,
   "boostLatitude": 0,
   "smallRegion": ""
 },
 {
   "dataName": "map_Bolivia_PVC",
   "terrain": "Rugged",
   "supraRegion": "SouthAmerica",
   "latitude": -17,
   "longitude": -65,
   "boostLatitude": -10,
   "smallRegion": ""
 },
 {
   "dataName": "map_Peru_PVC",
   "terrain": "Rugged",
   "supraRegion": "SouthAmerica",
   "latitude": -10.9,
   "longitude": -75.29,
   "boostLatitude": 0,
   "smallRegion": ""
 },
 {
   "dataName": "map_Uruguay_PVC",
   "terrain": "Standard",
   "supraRegion": "SouthAmerica",
   "latitude": -33.08,
   "longitude": -56.15,
   "boostLatitude": -30,
   "smallRegion": ""
 },
 {
   "dataName": "map_Venezuela_PVC",
   "terrain": "Standard",
   "supraRegion": "SouthAmerica",
   "latitude": 6.69,
   "longitude": -66.2,
   "boostLatitude": 5,
   "smallRegion": ""
 },
 {
   "dataName": "map_Guyana_PVC",
   "terrain": "Rugged",
   "supraRegion": "SouthAmerica",
   "latitude": 4.3,
   "longitude": -57.5,
   "boostLatitude": 5,
   "smallRegion": ""
 },
 {
   "dataName": "map_CentralAmerica_PVC",
   "terrain": "Rugged",
   "supraRegion": "SouthAmerica",
   "latitude": 14.65,
   "longitude": -90.5,
   "boostLatitude": 10,
   "smallRegion": ""
 },
 {
   "dataName": "map_Panama_PVC",
   "terrain": "Rugged",
   "supraRegion": "SouthAmerica",
   "latitude": 8.79,
   "longitude": -79.899,
   "boostLatitude": 10,
   "smallRegion": ""
 },
 {
   "dataName": "map_Cuba_PVC",
   "terrain": "Standard",
   "supraRegion": "SouthAmerica",
   "latitude": 22,
   "longitude": -79.1,
   "boostLatitude": 20,
   "smallRegion": ""
 },
 {
   "dataName": "map_AmericanCaribbean_PVC",
   "terrain": "Standard",
   "supraRegion": "SouthAmerica",
   "latitude": 18.19,
   "longitude": -66.24,
   "boostLatitude": 20,
   "smallRegion": ""
 },
 {
   "dataName": "map_WestIndies_PVC",
   "terrain": "Standard",
   "supraRegion": "SouthAmerica",
   "latitude": 18.7,
   "longitude": -71.3,
   "boostLatitude": 10,
   "smallRegion": ""
 },
 {
   "dataName": "map_Alaska_PVC",
   "terrain": "Rugged",
   "supraRegion": "NorthAmerica",
   "latitude": 64.55,
   "longitude": -151.15,
   "boostLatitude": 60,
   "smallRegion": ""
 },
 {
   "dataName": "map_California_PVC",
   "terrain": "Standard",
   "supraRegion": "NorthAmerica",
   "latitude": 37.21,
   "longitude": -119.04,
   "boostLatitude": 35,
   "smallRegion": ""
 },
 {
   "dataName": "map_Cascadia_PVC",
   "terrain": "Rugged",
   "supraRegion": "NorthAmerica",
   "latitude": 45.84,
   "longitude": -118.65,
   "boostLatitude": 45,
   "smallRegion": ""
 },
 {
   "dataName": "map_Dixie_PVC",
   "terrain": "Standard",
   "supraRegion": "NorthAmerica",
   "latitude": 32.84,
   "longitude": -85.24,
   "boostLatitude": 25,
   "smallRegion": ""
 },
 {
   "dataName": "map_HighPlains_PVC",
   "terrain": "Standard",
   "supraRegion": "NorthAmerica",
   "latitude": 40.5,
   "longitude": -95.72,
   "boostLatitude": 40,
   "smallRegion": ""
 },
 {
   "dataName": "map_NewEngland_PVC",
   "terrain": "Standard",
   "supraRegion": "NorthAmerica",
   "latitude": 43,
   "longitude": -70.85,
   "boostLatitude": 45,
   "smallRegion": ""
 },
 {
   "dataName": "map_NewYork_PVC",
   "terrain": "Standard",
   "supraRegion": "NorthAmerica",
   "latitude": 41.96,
   "longitude": -75.92,
   "boostLatitude": 40,
   "smallRegion": ""
 },
 {
   "dataName": "map_SouthRockies_PVC",
   "terrain": "Rugged",
   "supraRegion": "NorthAmerica",
   "latitude": 40.76,
   "longitude": -111.89,
   "boostLatitude": 35,
   "smallRegion": ""
 },
 {
   "dataName": "map_RockyMountains_PVC",
   "terrain": "Rugged",
   "supraRegion": "NorthAmerica",
   "latitude": 40.3,
   "longitude": -108.99,
   "boostLatitude": 35,
   "smallRegion": ""
 },
 {
   "dataName": "map_RustBelt_PVC",
   "terrain": "Standard",
   "supraRegion": "NorthAmerica",
   "latitude": 42.04,
   "longitude": -86.19,
   "boostLatitude": 40,
   "smallRegion": ""
 },
 {
   "dataName": "map_Shenandoah_PVC",
   "terrain": "Standard",
   "supraRegion": "NorthAmerica",
   "latitude": 38.28,
   "longitude": -79.25,
   "boostLatitude": 35,
   "smallRegion": ""
 },
 {
   "dataName": "map_Texas_PVC",
   "terrain": "Standard",
   "supraRegion": "NorthAmerica",
   "latitude": 31.54,
   "longitude": -96.81,
   "boostLatitude": 25,
   "smallRegion": ""
 },
 {
   "dataName": "map_AmericanPacific_PVC",
   "terrain": "Standard",
   "supraRegion": "NorthAmerica",
   "latitude": 21.45,
   "longitude": -157.99,
   "boostLatitude": -15,
   "smallRegion": ""
 },
 {
   "dataName": "map_CanadianArctic_PVC",
   "terrain": "Rugged",
   "supraRegion": "NorthAmerica",
   "latitude": 63.5,
   "longitude": -120,
   "boostLatitude": 60,
   "smallRegion": ""
 },
 {
   "dataName": "map_BritishColumbia_PVC",
   "terrain": "Rugged",
   "supraRegion": "NorthAmerica",
   "latitude": 53.5,
   "longitude": -124.5,
   "boostLatitude": 50,
   "smallRegion": ""
 },
 {
   "dataName": "map_Prairies_PVC",
   "terrain": "Standard",
   "supraRegion": "NorthAmerica",
   "latitude": 53.76,
   "longitude": -105.5,
   "boostLatitude": 50,
   "smallRegion": ""
 },
 {
   "dataName": "map_Ontario_PVC",
   "terrain": "Standard",
   "supraRegion": "NorthAmerica",
   "latitude": 50.2,
   "longitude": -85.8,
   "boostLatitude": 45,
   "smallRegion": ""
 },
 {
   "dataName": "map_Laurentia_PVC",
   "terrain": "Standard",
   "supraRegion": "NorthAmerica",
   "latitude": 51.8,
   "longitude": -70,
   "boostLatitude": 45,
   "smallRegion": ""
 },
 {
   "dataName": "map_CanadianMaritimes_PVC",
   "terrain": "Standard",
   "supraRegion": "NorthAmerica",
   "latitude": 44.87,
   "longitude": -63.72,
   "boostLatitude": 45,
   "smallRegion": ""
 },
 {
   "dataName": "map_MexicoCity_PVC",
   "terrain": "Rugged",
   "supraRegion": "NorthAmerica",
   "latitude": 17.7,
   "longitude": -96.13,
   "boostLatitude": 15,
   "smallRegion": ""
 },
 {
   "dataName": "map_Monterrey_PVC",
   "terrain": "Standard",
   "supraRegion": "NorthAmerica",
   "latitude": 27.9,
   "longitude": -107.03,
   "boostLatitude": 25,
   "smallRegion": ""
 }
]