[
 {
   "dataName": "Waifu01",
   "string": "F_KSR_01",
   "enable": true,
   "artComplete": true,
   "specific_person": "",
   "notes": "",
   "idleVideoYoung": "tayta_councilors/F_KSR_01_Winter",
   "idleVideoOld": "tayta_councilors/F_KSR_01_Winter",
   "portraitYoung": "tayta_councilors/F_KSR_01_Winter",
   "portraitOld": "tayta_councilors/F_KSR_01_Winter",
   "iconYoung": "tayta_councilors/F_KSR_01_Winter_icon",
   "iconOld": "tayta_councilors/F_KSR_01_Winter_icon",
   "allowedGenders": [
      "Female",
      "Nonbinary"
   ],
   "year": "",
   "allowedAncestries": [
      "Oceanic",
      "EastAsian"
   ],
   "allowedJobNames": [
      "Rebel",
      "Operative",
      "Fixer",
      "Spy",
      "Kingpin",
      "Activist",
      "Inspector",
      "Officer",
      "Judge",
      "Politician",
      "Executive",
      "Journalist",
      "Commando",
      "Evangelist",
      "Diplomat",
      "Hacker",
      "Investigator",
      "Celebrity",
      "TechMogul",
      "Scientist",
      "Astronaut",
      "Professor",
      "Tycoon"
   ],
   "RevisitNormal": "Y"
},
 {
   "dataName": "Waifu02",
   "string": "F_KSR_02",
   "enable": true,
   "artComplete": true,
   "specific_person": "",
   "notes": "",
   "idleVideoYoung": "tayta_councilors/F_KSR_02_Winter",
   "idleVideoOld": "tayta_councilors/F_KSR_02_Winter",
   "portraitYoung": "tayta_councilors/F_KSR_02_Winter",
   "portraitOld": "tayta_councilors/F_KSR_02_Winter",
   "iconYoung": "tayta_councilors/F_KSR_02_Winter_icon",
   "iconOld": "tayta_councilors/F_KSR_02_Winter_icon",
   "allowedGenders": [
      "Female",
      "Nonbinary"
   ],
   "year": "",
   "allowedAncestries": [
      "Oceanic",
      "EastAsian"
   ],
   "allowedJobNames": [
      "Rebel",
      "Operative",
      "Fixer",
      "Spy",
      "Kingpin",
      "Activist",
      "Inspector",
      "Officer",
      "Judge",
      "Politician",
      "Executive",
      "Journalist",
      "Commando",
      "Evangelist",
      "Diplomat",
      "Hacker",
      "Investigator",
      "Celebrity",
      "TechMogul",
      "Scientist",
      "Astronaut",
      "Professor",
      "Tycoon"
   ],
   "RevisitNormal": "Y"
},
 {
   "dataName": "Waifu03",
   "string": "F_KSR_03",
   "enable": true,
   "artComplete": true,
   "specific_person": "",
   "notes": "",
   "idleVideoYoung": "tayta_councilors/F_KSR_03_Winter",
   "idleVideoOld": "tayta_councilors/F_KSR_03_Winter",
   "portraitYoung": "tayta_councilors/F_KSR_03_Winter",
   "portraitOld": "tayta_councilors/F_KSR_03_Winter",
   "iconYoung": "tayta_councilors/F_KSR_03_Winter_icon",
   "iconOld": "tayta_councilors/F_KSR_03_Winter_icon",
   "allowedGenders": [
      "Female",
      "Nonbinary"
   ],
   "year": "",
   "allowedAncestries": [
      "Oceanic",
      "EastAsian"
   ],
   "allowedJobNames": [
      "Rebel",
      "Operative",
      "Fixer",
      "Spy",
      "Kingpin",
      "Activist",
      "Inspector",
      "Officer",
      "Judge",
      "Politician",
      "Executive",
      "Journalist",
      "Commando",
      "Evangelist",
      "Diplomat",
      "Hacker",
      "Investigator",
      "Celebrity",
      "TechMogul",
      "Scientist",
      "Astronaut",
      "Professor",
      "Tycoon"
   ],
   "RevisitNormal": "Y"
},
 {
   "dataName": "Waifu04",
   "string": "F_KSR_04",
   "enable": true,
   "artComplete": true,
   "specific_person": "",
   "notes": "",
   "idleVideoYoung": "tayta_councilors/F_KSR_04_Winter",
   "idleVideoOld": "tayta_councilors/F_KSR_04_Winter",
   "portraitYoung": "tayta_councilors/F_KSR_04_Winter",
   "portraitOld": "tayta_councilors/F_KSR_04_Winter",
   "iconYoung": "tayta_councilors/F_KSR_04_Winter_icon",
   "iconOld": "tayta_councilors/F_KSR_04_Winter_icon",
   "allowedGenders": [
      "Female",
      "Nonbinary"
   ],
   "year": "",
   "allowedAncestries": [
      "Oceanic",
      "EastAsian"
   ],
   "allowedJobNames": [
      "Rebel",
      "Operative",
      "Fixer",
      "Spy",
      "Kingpin",
      "Activist",
      "Inspector",
      "Officer",
      "Judge",
      "Politician",
      "Executive",
      "Journalist",
      "Commando",
      "Evangelist",
      "Diplomat",
      "Hacker",
      "Investigator",
      "Celebrity",
      "TechMogul",
      "Scientist",
      "Astronaut",
      "Professor",
      "Tycoon"
   ],
   "RevisitNormal": "Y"
},
 {
   "dataName": "Waifu05",
   "string": "F_KSR_05",
   "enable": true,
   "artComplete": true,
   "specific_person": "",
   "notes": "",
   "idleVideoYoung": "tayta_councilors/F_KSR_05",
   "idleVideoOld": "tayta_councilors/F_KSR_05",
   "portraitYoung": "tayta_councilors/F_KSR_05",
   "portraitOld": "tayta_councilors/F_KSR_05",
   "iconYoung": "tayta_councilors/F_KSR_05_icon",
   "iconOld": "tayta_councilors/F_KSR_05_icon",
   "allowedGenders": [
      "Female",
      "Nonbinary"
   ],
   "year": "",
   "allowedAncestries": [
      "Oceanic",
      "EastAsian"
   ],
   "allowedJobNames": [
      "Rebel",
      "Operative",
      "Fixer",
      "Spy",
      "Kingpin",
      "Activist",
      "Inspector",
      "Officer",
      "Judge",
      "Politician",
      "Executive",
      "Journalist",
      "Commando",
      "Evangelist",
      "Diplomat",
      "Hacker",
      "Investigator",
      "Celebrity",
      "TechMogul",
      "Scientist",
      "Astronaut",
      "Professor",
      "Tycoon"
   ],
   "RevisitNormal": "Y"
},
 {
   "dataName": "Waifu06",
   "string": "F_KSR_06",
   "enable": true,
   "artComplete": true,
   "specific_person": "",
   "notes": "",
   "idleVideoYoung": "tayta_councilors/F_KSR_06_Winter",
   "idleVideoOld": "tayta_councilors/F_KSR_06_Winter",
   "portraitYoung": "tayta_councilors/F_KSR_06_Winter",
   "portraitOld": "tayta_councilors/F_KSR_06_Winter",
   "iconYoung": "tayta_councilors/F_KSR_06_Winter_icon",
   "iconOld": "tayta_councilors/F_KSR_06_Winter_icon",
   "allowedGenders": [
      "Female",
      "Nonbinary"
   ],
   "year": "",
   "allowedAncestries": [
      "Oceanic",
      "EastAsian"
   ],
   "allowedJobNames": [
      "Rebel",
      "Operative",
      "Fixer",
      "Spy",
      "Kingpin",
      "Activist",
      "Inspector",
      "Officer",
      "Judge",
      "Politician",
      "Executive",
      "Journalist",
      "Commando",
      "Evangelist",
      "Diplomat",
      "Hacker",
      "Investigator",
      "Celebrity",
      "TechMogul",
      "Scientist",
      "Astronaut",
      "Professor",
      "Tycoon"
   ],
   "RevisitNormal": "Y"
},
 {
   "dataName": "Waifu07",
   "string": "F_KSR_07",
   "enable": true,
   "artComplete": true,
   "specific_person": "",
   "notes": "",
   "idleVideoYoung": "tayta_councilors/F_KSR_07_Winter",
   "idleVideoOld": "tayta_councilors/F_KSR_07_Winter",
   "portraitYoung": "tayta_councilors/F_KSR_07_Winter",
   "portraitOld": "tayta_councilors/F_KSR_07_Winter",
   "iconYoung": "tayta_councilors/F_KSR_07_Winter_icon",
   "iconOld": "tayta_councilors/F_KSR_07_Winter_icon",
   "allowedGenders": [
      "Female",
      "Nonbinary"
   ],
   "year": "",
   "allowedAncestries": [
      "Oceanic",
      "EastAsian"
   ],
   "allowedJobNames": [
      "Rebel",
      "Operative",
      "Fixer",
      "Spy",
      "Kingpin",
      "Activist",
      "Inspector",
      "Officer",
      "Judge",
      "Politician",
      "Executive",
      "Journalist",
      "Commando",
      "Evangelist",
      "Diplomat",
      "Hacker",
      "Investigator",
      "Celebrity",
      "TechMogul",
      "Scientist",
      "Astronaut",
      "Professor",
      "Tycoon"
   ],
   "RevisitNormal": "Y"
},
 {
   "dataName": "Waifu08",
   "string": "F_KSR_08",
   "enable": true,
   "artComplete": true,
   "specific_person": "",
   "notes": "",
   "idleVideoYoung": "tayta_councilors/F_KSR_08_Winter",
   "idleVideoOld": "tayta_councilors/F_KSR_08_Winter",
   "portraitYoung": "tayta_councilors/F_KSR_08_Winter",
   "portraitOld": "tayta_councilors/F_KSR_08_Winter",
   "iconYoung": "tayta_councilors/F_KSR_08_Winter_icon",
   "iconOld": "tayta_councilors/F_KSR_08_Winter_icon",
   "allowedGenders": [
      "Female",
      "Nonbinary"
   ],
   "year": "",
   "allowedAncestries": [
      "Oceanic",
      "EastAsian"
   ],
   "allowedJobNames": [
      "Rebel",
      "Operative",
      "Fixer",
      "Spy",
      "Kingpin",
      "Activist",
      "Inspector",
      "Officer",
      "Judge",
      "Politician",
      "Executive",
      "Journalist",
      "Commando",
      "Evangelist",
      "Diplomat",
      "Hacker",
      "Investigator",
      "Celebrity",
      "TechMogul",
      "Scientist",
      "Astronaut",
      "Professor",
      "Tycoon"
   ],
   "RevisitNormal": "Y"
},
 {
   "dataName": "Waifu09",
   "string": "F_KSR_09",
   "enable": true,
   "artComplete": true,
   "specific_person": "",
   "notes": "",
   "idleVideoYoung": "tayta_councilors/F_KSR_09_Winter",
   "idleVideoOld": "tayta_councilors/F_KSR_09_Winter",
   "portraitYoung": "tayta_councilors/F_KSR_09_Winter",
   "portraitOld": "tayta_councilors/F_KSR_09_Winter",
   "iconYoung": "tayta_councilors/F_KSR_09_Winter_icon",
   "iconOld": "tayta_councilors/F_KSR_09_Winter_icon",
   "allowedGenders": [
      "Female",
      "Nonbinary"
   ],
   "year": "",
   "allowedAncestries": [
      "Oceanic",
      "EastAsian"
   ],
   "allowedJobNames": [
      "Rebel",
      "Operative",
      "Fixer",
      "Spy",
      "Kingpin",
      "Activist",
      "Inspector",
      "Officer",
      "Judge",
      "Politician",
      "Executive",
      "Journalist",
      "Commando",
      "Evangelist",
      "Diplomat",
      "Hacker",
      "Investigator",
      "Celebrity",
      "TechMogul",
      "Scientist",
      "Astronaut",
      "Professor",
      "Tycoon"
   ],
   "RevisitNormal": "Y"
},
 {
   "dataName": "Waifu10",
   "string": "F_KSR_10",
   "enable": true,
   "artComplete": true,
   "specific_person": "",
   "notes": "",
   "idleVideoYoung": "tayta_councilors/F_KSR_10_Winter",
   "idleVideoOld": "tayta_councilors/F_KSR_10_Winter",
   "portraitYoung": "tayta_councilors/F_KSR_10_Winter",
   "portraitOld": "tayta_councilors/F_KSR_10_Winter",
   "iconYoung": "tayta_councilors/F_KSR_10_Winter_icon",
   "iconOld": "tayta_councilors/F_KSR_10_Winter_icon",
   "allowedGenders": [
      "Female",
      "Nonbinary"
   ],
   "year": "",
   "allowedAncestries": [
      "Oceanic",
      "EastAsian"
   ],
   "allowedJobNames": [
      "Rebel",
      "Operative",
      "Fixer",
      "Spy",
      "Kingpin",
      "Activist",
      "Inspector",
      "Officer",
      "Judge",
      "Politician",
      "Executive",
      "Journalist",
      "Commando",
      "Evangelist",
      "Diplomat",
      "Hacker",
      "Investigator",
      "Celebrity",
      "TechMogul",
      "Scientist",
      "Astronaut",
      "Professor",
      "Tycoon"
   ],
   "RevisitNormal": "Y"
},
 {
   "dataName": "Waifu11",
   "string": "F_KSR_11",
   "enable": true,
   "artComplete": true,
   "specific_person": "",
   "notes": "",
   "idleVideoYoung": "tayta_councilors/F_KSR_11_Winter",
   "idleVideoOld": "tayta_councilors/F_KSR_11_Winter",
   "portraitYoung": "tayta_councilors/F_KSR_11_Winter",
   "portraitOld": "tayta_councilors/F_KSR_11_Winter",
   "iconYoung": "tayta_councilors/F_KSR_11_Winter_icon",
   "iconOld": "tayta_councilors/F_KSR_11_Winter_icon",
   "allowedGenders": [
      "Female",
      "Nonbinary"
   ],
   "year": "",
   "allowedAncestries": [
      "Oceanic",
      "EastAsian"
   ],
   "allowedJobNames": [
      "Rebel",
      "Operative",
      "Fixer",
      "Spy",
      "Kingpin",
      "Activist",
      "Inspector",
      "Officer",
      "Judge",
      "Politician",
      "Executive",
      "Journalist",
      "Commando",
      "Evangelist",
      "Diplomat",
      "Hacker",
      "Investigator",
      "Celebrity",
      "TechMogul",
      "Scientist",
      "Astronaut",
      "Professor",
      "Tycoon"
   ],
   "RevisitNormal": "Y"
},
 {
   "dataName": "Waifu12",
   "string": "F_KSR_12",
   "enable": true,
   "artComplete": true,
   "specific_person": "",
   "notes": "",
   "idleVideoYoung": "tayta_councilors/F_KSR_12_Winter",
   "idleVideoOld": "tayta_councilors/F_KSR_12_Winter",
   "portraitYoung": "tayta_councilors/F_KSR_12_Winter",
   "portraitOld": "tayta_councilors/F_KSR_12_Winter",
   "iconYoung": "tayta_councilors/F_KSR_12_Winter_icon",
   "iconOld": "tayta_councilors/F_KSR_12_Winter_icon",
   "allowedGenders": [
      "Female",
      "Nonbinary"
   ],
   "year": "",
   "allowedAncestries": [
      "Oceanic",
      "EastAsian"
   ],
   "allowedJobNames": [
      "Rebel",
      "Operative",
      "Fixer",
      "Spy",
      "Kingpin",
      "Activist",
      "Inspector",
      "Officer",
      "Judge",
      "Politician",
      "Executive",
      "Journalist",
      "Commando",
      "Evangelist",
      "Diplomat",
      "Hacker",
      "Investigator",
      "Celebrity",
      "TechMogul",
      "Scientist",
      "Astronaut",
      "Professor",
      "Tycoon"
   ],
   "RevisitNormal": "Y"
},
 {
   "dataName": "Waifu13",
   "string": "F_KSR_13",
   "enable": true,
   "artComplete": true,
   "specific_person": "",
   "notes": "",
   "idleVideoYoung": "tayta_councilors/F_KSR_13_Winter",
   "idleVideoOld": "tayta_councilors/F_KSR_13_Winter",
   "portraitYoung": "tayta_councilors/F_KSR_13_Winter",
   "portraitOld": "tayta_councilors/F_KSR_13_Winter",
   "iconYoung": "tayta_councilors/F_KSR_13_Winter_icon",
   "iconOld": "tayta_councilors/F_KSR_13_Winter_icon",
   "allowedGenders": [
      "Female",
      "Nonbinary"
   ],
   "year": "",
   "allowedAncestries": [
      "Oceanic",
      "EastAsian"
   ],
   "allowedJobNames": [
      "Rebel",
      "Operative",
      "Fixer",
      "Spy",
      "Kingpin",
      "Activist",
      "Inspector",
      "Officer",
      "Judge",
      "Politician",
      "Executive",
      "Journalist",
      "Commando",
      "Evangelist",
      "Diplomat",
      "Hacker",
      "Investigator",
      "Celebrity",
      "TechMogul",
      "Scientist",
      "Astronaut",
      "Professor",
      "Tycoon"
   ],
   "RevisitNormal": "Y"
},
 {
   "dataName": "Waifu14",
   "string": "F_KSR_14",
   "enable": true,
   "artComplete": true,
   "specific_person": "",
   "notes": "",
   "idleVideoYoung": "tayta_councilors/F_KSR_14",
   "idleVideoOld": "tayta_councilors/F_KSR_14",
   "portraitYoung": "tayta_councilors/F_KSR_14",
   "portraitOld": "tayta_councilors/F_KSR_14",
   "iconYoung": "tayta_councilors/F_KSR_14_icon",
   "iconOld": "tayta_councilors/F_KSR_14_icon",
   "allowedGenders": [
      "Female",
      "Nonbinary"
   ],
   "year": "",
   "allowedAncestries": [
      "Oceanic",
      "EastAsian"
   ],
   "allowedJobNames": [
      "Rebel",
      "Operative",
      "Fixer",
      "Spy",
      "Kingpin",
      "Activist",
      "Inspector",
      "Officer",
      "Judge",
      "Politician",
      "Executive",
      "Journalist",
      "Commando",
      "Evangelist",
      "Diplomat",
      "Hacker",
      "Investigator",
      "Celebrity",
      "TechMogul",
      "Scientist",
      "Astronaut",
      "Professor",
      "Tycoon"
   ],
   "RevisitNormal": "Y"
},
 {
   "dataName": "Waifu15",
   "string": "F_KSR_15",
   "enable": true,
   "artComplete": true,
   "specific_person": "",
   "notes": "",
   "idleVideoYoung": "tayta_councilors/F_KSR_15_Winter",
   "idleVideoOld": "tayta_councilors/F_KSR_15_Winter",
   "portraitYoung": "tayta_councilors/F_KSR_15_Winter",
   "portraitOld": "tayta_councilors/F_KSR_15_Winter",
   "iconYoung": "tayta_councilors/F_KSR_15_Winter_icon",
   "iconOld": "tayta_councilors/F_KSR_15_Winter_icon",
   "allowedGenders": [
      "Female",
      "Nonbinary"
   ],
   "year": "",
   "allowedAncestries": [
      "Oceanic",
      "EastAsian"
   ],
   "allowedJobNames": [
      "Rebel",
      "Operative",
      "Fixer",
      "Spy",
      "Kingpin",
      "Activist",
      "Inspector",
      "Officer",
      "Judge",
      "Politician",
      "Executive",
      "Journalist",
      "Commando",
      "Evangelist",
      "Diplomat",
      "Hacker",
      "Investigator",
      "Celebrity",
      "TechMogul",
      "Scientist",
      "Astronaut",
      "Professor",
      "Tycoon"
   ],
   "RevisitNormal": "Y"
},
 {
   "dataName": "Waifu16",
   "string": "F_KSR_16",
   "enable": true,
   "artComplete": true,
   "specific_person": "",
   "notes": "",
   "idleVideoYoung": "tayta_councilors/F_KSR_16_Winter",
   "idleVideoOld": "tayta_councilors/F_KSR_16_Winter",
   "portraitYoung": "tayta_councilors/F_KSR_16_Winter",
   "portraitOld": "tayta_councilors/F_KSR_16_Winter",
   "iconYoung": "tayta_councilors/F_KSR_16_Winter_icon",
   "iconOld": "tayta_councilors/F_KSR_16_Winter_icon",
   "allowedGenders": [
      "Female",
      "Nonbinary"
   ],
   "year": "",
   "allowedAncestries": [
      "Oceanic",
      "EastAsian"
   ],
   "allowedJobNames": [
      "Rebel",
      "Operative",
      "Fixer",
      "Spy",
      "Kingpin",
      "Activist",
      "Inspector",
      "Officer",
      "Judge",
      "Politician",
      "Executive",
      "Journalist",
      "Commando",
      "Evangelist",
      "Diplomat",
      "Hacker",
      "Investigator",
      "Celebrity",
      "TechMogul",
      "Scientist",
      "Astronaut",
      "Professor",
      "Tycoon"
   ],
   "RevisitNormal": "Y"
},
 {
   "dataName": "Waifu17",
   "string": "F_SMA_01",
   "enable": true,
   "artComplete": true,
   "specific_person": "",
   "notes": "Ava Crescendia",
   "idleVideoYoung": "tayta_councilors/F_SMA_01_Officer",
   "idleVideoOld": "tayta_councilors/F_SMA_01_Officer",
   "portraitYoung": "tayta_councilors/F_SMA_01_Officer",
   "portraitOld": "tayta_councilors/F_SMA_01_Officer",
   "iconYoung": "tayta_councilors/F_SMA_01_Officer_icon",
   "iconOld": "tayta_councilors/F_SMA_01_Officer_icon",
   "allowedGenders": [
      "Female",
      "Nonbinary"
   ],
   "year": "",
   "allowedAncestries": [
      "Oceanic",
      "EastAsian"
   ],
   "allowedJobNames": [
      "Rebel",
      "Operative",
      "Fixer",
      "Spy",
      "Kingpin",
      "Activist",
      "Inspector",
      "Officer",
      "Judge",
      "Politician",
      "Executive",
      "Journalist",
      "Commando",
      "Evangelist",
      "Diplomat",
      "Hacker",
      "Investigator",
      "Celebrity",
      "TechMogul",
      "Scientist",
      "Astronaut",
      "Professor",
      "Tycoon"
   ],
   "RevisitNormal": "Y"
},
 {
   "dataName": "Waifu18",
   "string": "F_SMA_02",
   "enable": true,
   "artComplete": true,
   "specific_person": "",
   "notes": "Asaga Oakrun",
   "idleVideoYoung": "tayta_councilors/F_SMA_02_Officer",
   "idleVideoOld": "tayta_councilors/F_SMA_02_Officer",
   "portraitYoung": "tayta_councilors/F_SMA_02_Officer",
   "portraitOld": "tayta_councilors/F_SMA_02_Officer",
   "iconYoung": "tayta_councilors/F_SMA_02_Officer_icon",
   "iconOld": "tayta_councilors/F_SMA_02_Officer_icon",
   "allowedGenders": [
      "Female",
      "Nonbinary"
   ],
   "year": "",
   "allowedAncestries": [
      "Oceanic",
      "EastAsian"
   ],
   "allowedJobNames": [
      "Rebel",
      "Operative",
      "Fixer",
      "Spy",
      "Kingpin",
      "Activist",
      "Inspector",
      "Officer",
      "Judge",
      "Politician",
      "Executive",
      "Journalist",
      "Commando",
      "Evangelist",
      "Diplomat",
      "Hacker",
      "Investigator",
      "Celebrity",
      "TechMogul",
      "Scientist",
      "Astronaut",
      "Professor",
      "Tycoon"
   ],
   "RevisitNormal": "Y"
},
 {
   "dataName": "Waifu19",
   "string": "F_SMA_03",
   "enable": true,
   "artComplete": true,
   "specific_person": "",
   "notes": "Chigara",
   "idleVideoYoung": "tayta_councilors/F_SMA_03_Officer",
   "idleVideoOld": "tayta_councilors/F_SMA_03_Officer",
   "portraitYoung": "tayta_councilors/F_SMA_03_Officer",
   "portraitOld": "tayta_councilors/F_SMA_03_Officer",
   "iconYoung": "tayta_councilors/F_SMA_03_Officer_icon",
   "iconOld": "tayta_councilors/F_SMA_03_Officer_icon",
   "allowedGenders": [
      "Female",
      "Nonbinary"
   ],
   "year": "",
   "allowedAncestries": [
      "Oceanic",
      "EastAsian"
   ],
   "allowedJobNames": [
      "Rebel",
      "Operative",
      "Fixer",
      "Spy",
      "Kingpin",
      "Activist",
      "Inspector",
      "Officer",
      "Judge",
      "Politician",
      "Executive",
      "Journalist",
      "Commando",
      "Evangelist",
      "Diplomat",
      "Hacker",
      "Investigator",
      "Celebrity",
      "TechMogul",
      "Scientist",
      "Astronaut",
      "Professor",
      "Tycoon"
   ],
   "RevisitNormal": "Y"
},
 {
   "dataName": "Waifu20",
   "string": "F_SMA_04",
   "enable": true,
   "artComplete": true,
   "specific_person": "",
   "notes": "Icari Isidole",
   "idleVideoYoung": "tayta_councilors/F_SMA_04_Officer",
   "idleVideoOld": "tayta_councilors/F_SMA_04_Officer",
   "portraitYoung": "tayta_councilors/F_SMA_04_Officer",
   "portraitOld": "tayta_councilors/F_SMA_04_Officer",
   "iconYoung": "tayta_councilors/F_SMA_04_Officer_icon",
   "iconOld": "tayta_councilors/F_SMA_04_Officer_icon",
   "allowedGenders": [
      "Female",
      "Nonbinary"
   ],
   "year": "",
   "allowedAncestries": [
      "Oceanic",
      "EastAsian"
   ],
   "allowedJobNames": [
      "Rebel",
      "Operative",
      "Fixer",
      "Spy",
      "Kingpin",
      "Activist",
      "Inspector",
      "Officer",
      "Judge",
      "Politician",
      "Executive",
      "Journalist",
      "Commando",
      "Evangelist",
      "Diplomat",
      "Hacker",
      "Investigator",
      "Celebrity",
      "TechMogul",
      "Scientist",
      "Astronaut",
      "Professor",
      "Tycoon"
   ],
   "RevisitNormal": "Y"
},
 {
   "dataName": "Waifu21",
   "string": "F_SMA_05",
   "enable": true,
   "artComplete": true,
   "specific_person": "",
   "notes": "Claude",
   "idleVideoYoung": "tayta_councilors/F_SMA_05_Officer",
   "idleVideoOld": "tayta_councilors/F_SMA_05_Officer",
   "portraitYoung": "tayta_councilors/F_SMA_05_Officer",
   "portraitOld": "tayta_councilors/F_SMA_05_Officer",
   "iconYoung": "tayta_councilors/F_SMA_05_Officer_icon",
   "iconOld": "tayta_councilors/F_SMA_05_Officer_icon",
   "allowedGenders": [
      "Female",
      "Nonbinary"
   ],
   "year": "",
   "allowedAncestries": [
      "Oceanic",
      "EastAsian"
   ],
   "allowedJobNames": [
      "Rebel",
      "Operative",
      "Fixer",
      "Spy",
      "Kingpin",
      "Activist",
      "Inspector",
      "Officer",
      "Judge",
      "Politician",
      "Executive",
      "Journalist",
      "Commando",
      "Evangelist",
      "Diplomat",
      "Hacker",
      "Investigator",
      "Celebrity",
      "TechMogul",
      "Scientist",
      "Astronaut",
      "Professor",
      "Tycoon"
   ],
   "RevisitNormal": "Y"
},
 {
   "dataName": "Waifu22",
   "string": "F_SMA_06",
   "enable": true,
   "artComplete": true,
   "specific_person": "",
   "notes": "Sola",
   "idleVideoYoung": "tayta_councilors/F_SMA_06_Officer",
   "idleVideoOld": "tayta_councilors/F_SMA_06_Officer",
   "portraitYoung": "tayta_councilors/F_SMA_06_Officer",
   "portraitOld": "tayta_councilors/F_SMA_06_Officer",
   "iconYoung": "tayta_councilors/F_SMA_06_Officer_icon",
   "iconOld": "tayta_councilors/F_SMA_06_Officer_icon",
   "allowedGenders": [
      "Female",
      "Nonbinary"
   ],
   "year": "",
   "allowedAncestries": [
      "Oceanic",
      "EastAsian"
   ],
   "allowedJobNames": [
      "Rebel",
      "Operative",
      "Fixer",
      "Spy",
      "Kingpin",
      "Activist",
      "Inspector",
      "Officer",
      "Judge",
      "Politician",
      "Executive",
      "Journalist",
      "Commando",
      "Evangelist",
      "Diplomat",
      "Hacker",
      "Investigator",
      "Celebrity",
      "TechMogul",
      "Scientist",
      "Astronaut",
      "Professor",
      "Tycoon"
   ],
   "RevisitNormal": "Y"
},
 {
   "dataName": "Waifu23",
   "string": "F_SMA_07",
   "enable": true,
   "artComplete": true,
   "specific_person": "",
   "notes": "Kryska Stares",
   "idleVideoYoung": "tayta_councilors/F_SMA_07_Officer",
   "idleVideoOld": "tayta_councilors/F_SMA_07_Officer",
   "portraitYoung": "tayta_councilors/F_SMA_07_Officer",
   "portraitOld": "tayta_councilors/F_SMA_07_Officer",
   "iconYoung": "tayta_councilors/F_SMA_07_Officer_icon",
   "iconOld": "tayta_councilors/F_SMA_07_Officer_icon",
   "allowedGenders": [
      "Female",
      "Nonbinary"
   ],
   "year": "",
   "allowedAncestries": [
      "Oceanic",
      "EastAsian"
   ],
   "allowedJobNames": [
      "Rebel",
      "Operative",
      "Fixer",
      "Spy",
      "Kingpin",
      "Activist",
      "Inspector",
      "Officer",
      "Judge",
      "Politician",
      "Executive",
      "Journalist",
      "Commando",
      "Evangelist",
      "Diplomat",
      "Hacker",
      "Investigator",
      "Celebrity",
      "TechMogul",
      "Scientist",
      "Astronaut",
      "Professor",
      "Tycoon"
   ],
   "RevisitNormal": "Y"
},
 {
   "dataName": "Waifu24",
   "string": "F_SMA_08",
   "enable": true,
   "artComplete": true,
   "specific_person": "",
   "notes": "Cosette Cosmos",
   "idleVideoYoung": "tayta_councilors/F_SMA_08_Plugsuit",
   "idleVideoOld": "tayta_councilors/F_SMA_08_Plugsuit",
   "portraitYoung": "tayta_councilors/F_SMA_08_Plugsuit",
   "portraitOld": "tayta_councilors/F_SMA_08_Plugsuit",
   "iconYoung": "tayta_councilors/F_SMA_08_Plugsuit_icon",
   "iconOld": "tayta_councilors/F_SMA_08_Plugsuit_icon",
   "allowedGenders": [
      "Female",
      "Nonbinary"
   ],
   "year": "",
   "allowedAncestries": [
      "Oceanic",
      "EastAsian"
   ],
   "allowedJobNames": [
      "Rebel",
      "Operative",
      "Fixer",
      "Spy",
      "Kingpin",
      "Activist",
      "Inspector",
      "Officer",
      "Judge",
      "Politician",
      "Executive",
      "Journalist",
      "Commando",
      "Evangelist",
      "Diplomat",
      "Hacker",
      "Investigator",
      "Celebrity",
      "TechMogul",
      "Scientist",
      "Astronaut",
      "Professor",
      "Tycoon"
   ],
   "RevisitNormal": "Y"
},
 {
   "dataName": "Waifu25",
   "string": "F_SMA_09",
   "enable": true,
   "artComplete": true,
   "specific_person": "",
   "notes": "Mara Shields",
   "idleVideoYoung": "tayta_councilors/F_SMA_09_Civilian",
   "idleVideoOld": "tayta_councilors/F_SMA_09_Civilian",
   "portraitYoung": "tayta_councilors/F_SMA_09_Civilian",
   "portraitOld": "tayta_councilors/F_SMA_09_Civilian",
   "iconYoung": "tayta_councilors/F_SMA_09_Civilian_icon",
   "iconOld": "tayta_councilors/F_SMA_09_Civilian_icon",
   "allowedGenders": [
      "Female",
      "Nonbinary"
   ],
   "year": "",
   "allowedAncestries": [
      "Oceanic",
      "EastAsian"
   ],
   "allowedJobNames": [
      "Rebel",
      "Operative",
      "Fixer",
      "Spy",
      "Kingpin",
      "Activist",
      "Inspector",
      "Officer",
      "Judge",
      "Politician",
      "Executive",
      "Journalist",
      "Commando",
      "Evangelist",
      "Diplomat",
      "Hacker",
      "Investigator",
      "Celebrity",
      "TechMogul",
      "Scientist",
      "Astronaut",
      "Professor",
      "Tycoon"
   ],
   "RevisitNormal": "Y"
},
 {
   "dataName": "Waifu26",
   "string": "F_SMA_10",
   "enable": true,
   "artComplete": true,
   "specific_person": "",
   "notes": "Arcadius",
   "idleVideoYoung": "tayta_councilors/F_SMA_10_Civilian",
   "idleVideoOld": "tayta_councilors/F_SMA_10_Civilian",
   "portraitYoung": "tayta_councilors/F_SMA_10_Civilian",
   "portraitOld": "tayta_councilors/F_SMA_10_Civilian",
   "iconYoung": "tayta_councilors/F_SMA_10_Civilian_icon",
   "iconOld": "tayta_councilors/F_SMA_10_Civilian_icon",
   "allowedGenders": [
      "Female",
      "Nonbinary"
   ],
   "year": "",
   "allowedAncestries": [
      "Oceanic",
      "EastAsian"
   ],
   "allowedJobNames": [
      "Rebel",
      "Operative",
      "Fixer",
      "Spy",
      "Kingpin",
      "Activist",
      "Inspector",
      "Officer",
      "Judge",
      "Politician",
      "Executive",
      "Journalist",
      "Commando",
      "Evangelist",
      "Diplomat",
      "Hacker",
      "Investigator",
      "Celebrity",
      "TechMogul",
      "Scientist",
      "Astronaut",
      "Professor",
      "Tycoon"
   ],
   "RevisitNormal": "Y"
},
 {
   "dataName": "Waifu27",
   "string": "F_SMA_11",
   "enable": true,
   "artComplete": true,
   "specific_person": "",
   "notes": "Sophita",
   "idleVideoYoung": "tayta_councilors/F_SMA_11_Civilian",
   "idleVideoOld": "tayta_councilors/F_SMA_11_Civilian",
   "portraitYoung": "tayta_councilors/F_SMA_11_Civilian",
   "portraitOld": "tayta_councilors/F_SMA_11_Civilian",
   "iconYoung": "tayta_councilors/F_SMA_11_Civilian_icon",
   "iconOld": "tayta_councilors/F_SMA_11_Civilian_icon",
   "allowedGenders": [
      "Female",
      "Nonbinary"
   ],
   "year": "",
   "allowedAncestries": [
      "Oceanic",
      "EastAsian"
   ],
   "allowedJobNames": [
      "Rebel",
      "Operative",
      "Fixer",
      "Spy",
      "Kingpin",
      "Activist",
      "Inspector",
      "Officer",
      "Judge",
      "Politician",
      "Executive",
      "Journalist",
      "Commando",
      "Evangelist",
      "Diplomat",
      "Hacker",
      "Investigator",
      "Celebrity",
      "TechMogul",
      "Scientist",
      "Astronaut",
      "Professor",
      "Tycoon"
   ],
   "RevisitNormal": "Y"
},
 {
   "dataName": "Waifu28",
   "string": "M_SMA_01",
   "enable": true,
   "artComplete": true,
   "specific_person": "",
   "notes": "Cullen",
   "idleVideoYoung": "tayta_councilors/M_SMA_01_Officer",
   "idleVideoOld": "tayta_councilors/M_SMA_01_Officer",
   "portraitYoung": "tayta_councilors/M_SMA_01_Officer",
   "portraitOld": "tayta_councilors/M_SMA_01_Officer",
   "iconYoung": "tayta_councilors/M_SMA_01_Officer_icon",
   "iconOld": "tayta_councilors/M_SMA_01_Officer_icon",
   "allowedGenders": [
      "Male",
      "Nonbinary"
   ],
   "year": "",
   "allowedAncestries": [
      "Oceanic",
      "EastAsian"
   ],
   "allowedJobNames": [
      "Rebel",
      "Operative",
      "Fixer",
      "Spy",
      "Kingpin",
      "Activist",
      "Inspector",
      "Officer",
      "Judge",
      "Politician",
      "Executive",
      "Journalist",
      "Commando",
      "Evangelist",
      "Diplomat",
      "Hacker",
      "Investigator",
      "Celebrity",
      "TechMogul",
      "Scientist",
      "Astronaut",
      "Professor",
      "Tycoon"
   ],
   "RevisitNormal": "Y"
},
 {
   "dataName": "Waifu29",
   "string": "M_SMA_02",
   "enable": true,
   "artComplete": true,
   "specific_person": "",
   "notes": "Grey",
   "idleVideoYoung": "tayta_councilors/M_SMA_02_Officer",
   "idleVideoOld": "tayta_councilors/M_SMA_02_Officer",
   "portraitYoung": "tayta_councilors/M_SMA_02_Officer",
   "portraitOld": "tayta_councilors/M_SMA_02_Officer",
   "iconYoung": "tayta_councilors/M_SMA_02_Officer_icon",
   "iconOld": "tayta_councilors/M_SMA_02_Officer_icon",
   "allowedGenders": [
      "Male",
      "Nonbinary"
   ],
   "year": "",
   "allowedAncestries": [
      "Oceanic",
      "EastAsian"
   ],
   "allowedJobNames": [
      "Rebel",
      "Operative",
      "Fixer",
      "Spy",
      "Kingpin",
      "Activist",
      "Inspector",
      "Officer",
      "Judge",
      "Politician",
      "Executive",
      "Journalist",
      "Commando",
      "Evangelist",
      "Diplomat",
      "Hacker",
      "Investigator",
      "Celebrity",
      "TechMogul",
      "Scientist",
      "Astronaut",
      "Professor",
      "Tycoon"
   ],
   "RevisitNormal": "Y"
},
 {
   "dataName": "Waifu30",
   "string": "M_SMA_03",
   "enable": true,
   "artComplete": true,
   "specific_person": "",
   "notes": "",
   "idleVideoYoung": "tayta_councilors/M_SMA_03_Civilian",
   "idleVideoOld": "tayta_councilors/M_SMA_03_Civilian",
   "portraitYoung": "tayta_councilors/M_SMA_03_Civilian",
   "portraitOld": "tayta_councilors/M_SMA_03_Civilian",
   "iconYoung": "tayta_councilors/M_SMA_03_Civilian_icon",
   "iconOld": "tayta_councilors/M_SMA_03_Civilian_icon",
   "allowedGenders": [
      "Male",
      "Nonbinary"
   ],
   "year": "",
   "allowedAncestries": [
      "Oceanic",
      "EastAsian"
   ],
   "allowedJobNames": [
      "Rebel",
      "Operative",
      "Fixer",
      "Spy",
      "Kingpin",
      "Activist",
      "Inspector",
      "Officer",
      "Judge",
      "Politician",
      "Executive",
      "Journalist",
      "Commando",
      "Evangelist",
      "Diplomat",
      "Hacker",
      "Investigator",
      "Celebrity",
      "TechMogul",
      "Scientist",
      "Astronaut",
      "Professor",
      "Tycoon"
   ],
   "RevisitNormal": "Y"
},
 {
   "dataName": "Waifu31",
   "string": "M_SMA_04",
   "enable": true,
   "artComplete": true,
   "specific_person": "",
   "notes": "Kayto Shields",
   "idleVideoYoung": "tayta_councilors/M_SMA_04_Officer",
   "idleVideoOld": "tayta_councilors/M_SMA_04_Officer",
   "portraitYoung": "tayta_councilors/M_SMA_04_Officer",
   "portraitOld": "tayta_councilors/M_SMA_04_Officer",
   "iconYoung": "tayta_councilors/M_SMA_04_Officer_icon",
   "iconOld": "tayta_councilors/M_SMA_04_Officer_icon",
   "allowedGenders": [
      "Male",
      "Nonbinary"
   ],
   "year": "",
   "allowedAncestries": [
      "Oceanic",
      "EastAsian"
   ],
   "allowedJobNames": [
      "Rebel",
      "Operative",
      "Fixer",
      "Spy",
      "Kingpin",
      "Activist",
      "Inspector",
      "Officer",
      "Judge",
      "Politician",
      "Executive",
      "Journalist",
      "Commando",
      "Evangelist",
      "Diplomat",
      "Hacker",
      "Investigator",
      "Celebrity",
      "TechMogul",
      "Scientist",
      "Astronaut",
      "Professor",
      "Tycoon"
   ],
   "RevisitNormal": "Y"
},
 {
   "dataName": "Waifu32",
   "string": "M_SMA_05",
   "enable": true,
   "artComplete": true,
   "specific_person": "",
   "notes": "Fontana",
   "idleVideoYoung": "tayta_councilors/M_SMA_05_Officer",
   "idleVideoOld": "tayta_councilors/M_SMA_05_Officer",
   "portraitYoung": "tayta_councilors/M_SMA_05_Officer",
   "portraitOld": "tayta_councilors/M_SMA_05_Officer",
   "iconYoung": "tayta_councilors/M_SMA_05_Officer_icon",
   "iconOld": "tayta_councilors/M_SMA_05_Officer_icon",
   "allowedGenders": [
      "Male",
      "Nonbinary"
   ],
   "year": "",
   "allowedAncestries": [
      "Oceanic",
      "EastAsian"
   ],
   "allowedJobNames": [
      "Rebel",
      "Operative",
      "Fixer",
      "Spy",
      "Kingpin",
      "Activist",
      "Inspector",
      "Officer",
      "Judge",
      "Politician",
      "Executive",
      "Journalist",
      "Commando",
      "Evangelist",
      "Diplomat",
      "Hacker",
      "Investigator",
      "Celebrity",
      "TechMogul",
      "Scientist",
      "Astronaut",
      "Professor",
      "Tycoon"
   ],
   "RevisitNormal": "Y"
},
 {
   "dataName": "Waifu33",
   "string": "F_E17_01",
   "enable": true,
   "artComplete": true,
   "specific_person": "",
   "notes": "Tsugumi",
   "idleVideoYoung": "tayta_councilors/F_E17_01_Casual",
   "idleVideoOld": "tayta_councilors/F_E17_01_Casual",
   "portraitYoung": "tayta_councilors/F_E17_01_Casual",
   "portraitOld": "tayta_councilors/F_E17_01_Casual",
   "iconYoung": "tayta_councilors/F_E17_01_Casual_icon",
   "iconOld": "tayta_councilors/F_E17_01_Casual_icon",
   "allowedGenders": [
      "Female",
      "Nonbinary"
   ],
   "year": "",
   "allowedAncestries": [
      "Oceanic",
      "EastAsian"
   ],
   "allowedJobNames": [
      "Rebel",
      "Operative",
      "Fixer",
      "Spy",
      "Kingpin",
      "Activist",
      "Inspector",
      "Officer",
      "Judge",
      "Politician",
      "Executive",
      "Journalist",
      "Commando",
      "Evangelist",
      "Diplomat",
      "Hacker",
      "Investigator",
      "Celebrity",
      "TechMogul",
      "Scientist",
      "Astronaut",
      "Professor",
      "Tycoon"
   ],
   "RevisitNormal": "Y"
},
 {
   "dataName": "Waifu34",
   "string": "F_E17_02",
   "enable": true,
   "artComplete": true,
   "specific_person": "",
   "notes": "Sara",
   "idleVideoYoung": "tayta_councilors/F_E17_02_Casual",
   "idleVideoOld": "tayta_councilors/F_E17_02_Casual",
   "portraitYoung": "tayta_councilors/F_E17_02_Casual",
   "portraitOld": "tayta_councilors/F_E17_02_Casual",
   "iconYoung": "tayta_councilors/F_E17_02_Casual_icon",
   "iconOld": "tayta_councilors/F_E17_02_Casual_icon",
   "allowedGenders": [
      "Female",
      "Nonbinary"
   ],
   "year": "",
   "allowedAncestries": [
      "Oceanic",
      "EastAsian"
   ],
   "allowedJobNames": [
      "Rebel",
      "Operative",
      "Fixer",
      "Spy",
      "Kingpin",
      "Activist",
      "Inspector",
      "Officer",
      "Judge",
      "Politician",
      "Executive",
      "Journalist",
      "Commando",
      "Evangelist",
      "Diplomat",
      "Hacker",
      "Investigator",
      "Celebrity",
      "TechMogul",
      "Scientist",
      "Astronaut",
      "Professor",
      "Tycoon"
   ],
   "RevisitNormal": "Y"
},
 {
   "dataName": "Waifu35",
   "string": "F_E17_03",
   "enable": true,
   "artComplete": true,
   "specific_person": "",
   "notes": "You Tanaka",
   "idleVideoYoung": "tayta_councilors/F_E17_03_Casual",
   "idleVideoOld": "tayta_councilors/F_E17_03_Casual",
   "portraitYoung": "tayta_councilors/F_E17_03_Casual",
   "portraitOld": "tayta_councilors/F_E17_03_Casual",
   "iconYoung": "tayta_councilors/F_E17_03_Casual_icon",
   "iconOld": "tayta_councilors/F_E17_03_Casual_icon",
   "allowedGenders": [
      "Female",
      "Nonbinary"
   ],
   "year": "",
   "allowedAncestries": [
      "Oceanic",
      "EastAsian"
   ],
   "allowedJobNames": [
      "Rebel",
      "Operative",
      "Fixer",
      "Spy",
      "Kingpin",
      "Activist",
      "Inspector",
      "Officer",
      "Judge",
      "Politician",
      "Executive",
      "Journalist",
      "Commando",
      "Evangelist",
      "Diplomat",
      "Hacker",
      "Investigator",
      "Celebrity",
      "TechMogul",
      "Scientist",
      "Astronaut",
      "Professor",
      "Tycoon"
   ],
   "RevisitNormal": "Y"
},
 {
   "dataName": "Waifu36",
   "string": "F_E17_04",
   "enable": true,
   "artComplete": true,
   "specific_person": "",
   "notes": "Coco Yagami",
   "idleVideoYoung": "tayta_councilors/F_E17_04_Casual",
   "idleVideoOld": "tayta_councilors/F_E17_04_Casual",
   "portraitYoung": "tayta_councilors/F_E17_04_Casual",
   "portraitOld": "tayta_councilors/F_E17_04_Casual",
   "iconYoung": "tayta_councilors/F_E17_04_Casual_icon",
   "iconOld": "tayta_councilors/F_E17_04_Casual_icon",
   "allowedGenders": [
      "Female",
      "Nonbinary"
   ],
   "year": "",
   "allowedAncestries": [
      "Oceanic",
      "EastAsian"
   ],
   "allowedJobNames": [
      "Rebel",
      "Operative",
      "Fixer",
      "Spy",
      "Kingpin",
      "Activist",
      "Inspector",
      "Officer",
      "Judge",
      "Politician",
      "Executive",
      "Journalist",
      "Commando",
      "Evangelist",
      "Diplomat",
      "Hacker",
      "Investigator",
      "Celebrity",
      "TechMogul",
      "Scientist",
      "Astronaut",
      "Professor",
      "Tycoon"
   ],
   "RevisitNormal": "Y"
},
 {
   "dataName": "Waifu37",
   "string": "F_E17_05",
   "enable": true,
   "artComplete": true,
   "specific_person": "",
   "notes": "You Tanaka",
   "idleVideoYoung": "tayta_councilors/F_E17_05_Casual",
   "idleVideoOld": "tayta_councilors/F_E17_05_Casual",
   "portraitYoung": "tayta_councilors/F_E17_05_Casual",
   "portraitOld": "tayta_councilors/F_E17_05_Casual",
   "iconYoung": "tayta_councilors/F_E17_05_Casual_icon",
   "iconOld": "tayta_councilors/F_E17_05_Casual_icon",
   "allowedGenders": [
      "Female",
      "Nonbinary"
   ],
   "year": "",
   "allowedAncestries": [
      "Oceanic",
      "EastAsian"
   ],
   "allowedJobNames": [
      "Rebel",
      "Operative",
      "Fixer",
      "Spy",
      "Kingpin",
      "Activist",
      "Inspector",
      "Officer",
      "Judge",
      "Politician",
      "Executive",
      "Journalist",
      "Commando",
      "Evangelist",
      "Diplomat",
      "Hacker",
      "Investigator",
      "Celebrity",
      "TechMogul",
      "Scientist",
      "Astronaut",
      "Professor",
      "Tycoon"
   ],
   "RevisitNormal": "Y"
},
 {
   "dataName": "Waifu38",
   "string": "M_E17_01",
   "enable": true,
   "artComplete": true,
   "specific_person": "",
   "notes": "Takeshi",
   "idleVideoYoung": "tayta_councilors/M_E17_01_Casual",
   "idleVideoOld": "tayta_councilors/M_E17_01_Casual",
   "portraitYoung": "tayta_councilors/M_E17_01_Casual",
   "portraitOld": "tayta_councilors/M_E17_01_Casual",
   "iconYoung": "tayta_councilors/M_E17_01_Casual_icon",
   "iconOld": "tayta_councilors/M_E17_01_Casual_icon",
   "allowedGenders": [
      "Male",
      "Nonbinary"
   ],
   "year": "",
   "allowedAncestries": [
      "Oceanic",
      "EastAsian"
   ],
   "allowedJobNames": [
      "Rebel",
      "Operative",
      "Fixer",
      "Spy",
      "Kingpin",
      "Activist",
      "Inspector",
      "Officer",
      "Judge",
      "Politician",
      "Executive",
      "Journalist",
      "Commando",
      "Evangelist",
      "Diplomat",
      "Hacker",
      "Investigator",
      "Celebrity",
      "TechMogul",
      "Scientist",
      "Astronaut",
      "Professor",
      "Tycoon"
   ],
   "RevisitNormal": "Y"
},
 {
   "dataName": "Waifu39",
   "string": "M_E17_02",
   "enable": true,
   "artComplete": true,
   "specific_person": "",
   "notes": "Kid",
   "idleVideoYoung": "tayta_councilors/M_E17_02_Casual",
   "idleVideoOld": "tayta_councilors/M_E17_02_Casual",
   "portraitYoung": "tayta_councilors/M_E17_02_Casual",
   "portraitOld": "tayta_councilors/M_E17_02_Casual",
   "iconYoung": "tayta_councilors/M_E17_02_Casual_icon",
   "iconOld": "tayta_councilors/M_E17_02_Casual_icon",
   "allowedGenders": [
      "Male",
      "Nonbinary"
   ],
   "year": "",
   "allowedAncestries": [
      "Oceanic",
      "EastAsian"
   ],
   "allowedJobNames": [
      "Rebel",
      "Operative",
      "Fixer",
      "Spy",
      "Kingpin",
      "Activist",
      "Inspector",
      "Officer",
      "Judge",
      "Politician",
      "Executive",
      "Journalist",
      "Commando",
      "Evangelist",
      "Diplomat",
      "Hacker",
      "Investigator",
      "Celebrity",
      "TechMogul",
      "Scientist",
      "Astronaut",
      "Professor",
      "Tycoon"
   ],
   "RevisitNormal": "Y"
},
 {
   "dataName": "Waifu40",
   "string": "M_E17_03",
   "enable": true,
   "artComplete": true,
   "specific_person": "",
   "notes": "Horuto",
   "idleVideoYoung": "tayta_councilors/M_E17_03_Casual",
   "idleVideoOld": "tayta_councilors/M_E17_03_Casual",
   "portraitYoung": "tayta_councilors/M_E17_03_Casual",
   "portraitOld": "tayta_councilors/M_E17_03_Casual",
   "iconYoung": "tayta_councilors/M_E17_03_Casual_icon",
   "iconOld": "tayta_councilors/M_E17_03_Casual_icon",
   "allowedGenders": [
      "Male",
      "Nonbinary"
   ],
   "year": "",
   "allowedAncestries": [
      "Oceanic",
      "EastAsian"
   ],
   "allowedJobNames": [
      "Rebel",
      "Operative",
      "Fixer",
      "Spy",
      "Kingpin",
      "Activist",
      "Inspector",
      "Officer",
      "Judge",
      "Politician",
      "Executive",
      "Journalist",
      "Commando",
      "Evangelist",
      "Diplomat",
      "Hacker",
      "Investigator",
      "Celebrity",
      "TechMogul",
      "Scientist",
      "Astronaut",
      "Professor",
      "Tycoon"
   ],
   "RevisitNormal": "Y"
},
 {
   "dataName": "Waifu41",
   "string": "M_E17_04",
   "enable": true,
   "artComplete": true,
   "specific_person": "",
   "notes": "Takeshi",
   "idleVideoYoung": "tayta_councilors/M_E17_04_Casual",
   "idleVideoOld": "tayta_councilors/M_E17_04_Casual",
   "portraitYoung": "tayta_councilors/M_E17_04_Casual",
   "portraitOld": "tayta_councilors/M_E17_04_Casual",
   "iconYoung": "tayta_councilors/M_E17_04_Casual_icon",
   "iconOld": "tayta_councilors/M_E17_04_Casual_icon",
   "allowedGenders": [
      "Male",
      "Nonbinary"
   ],
   "year": "",
   "allowedAncestries": [
      "Oceanic",
      "EastAsian"
   ],
   "allowedJobNames": [
      "Rebel",
      "Operative",
      "Fixer",
      "Spy",
      "Kingpin",
      "Activist",
      "Inspector",
      "Officer",
      "Judge",
      "Politician",
      "Executive",
      "Journalist",
      "Commando",
      "Evangelist",
      "Diplomat",
      "Hacker",
      "Investigator",
      "Celebrity",
      "TechMogul",
      "Scientist",
      "Astronaut",
      "Professor",
      "Tycoon"
   ],
   "RevisitNormal": "Y"
},
 {
   "dataName": "Waifu42",
   "string": "F_R11_01",
   "enable": true,
   "artComplete": true,
   "specific_person": "",
   "notes": "Keiko Inubushi",
   "idleVideoYoung": "tayta_councilors/F_R11_01_Summer",
   "idleVideoOld": "tayta_councilors/F_R11_01_Summer",
   "portraitYoung": "tayta_councilors/F_R11_01_Summer",
   "portraitOld": "tayta_councilors/F_R11_01_Summer",
   "iconYoung": "tayta_councilors/F_R11_01_Summer_icon",
   "iconOld": "tayta_councilors/F_R11_01_Summer_icon",
   "allowedGenders": [
      "Female",
      "Nonbinary"
   ],
   "year": "",
   "allowedAncestries": [
      "Oceanic",
      "EastAsian"
   ],
   "allowedJobNames": [
      "Rebel",
      "Operative",
      "Fixer",
      "Spy",
      "Kingpin",
      "Activist",
      "Inspector",
      "Officer",
      "Judge",
      "Politician",
      "Executive",
      "Journalist",
      "Commando",
      "Evangelist",
      "Diplomat",
      "Hacker",
      "Investigator",
      "Celebrity",
      "TechMogul",
      "Scientist",
      "Astronaut",
      "Professor",
      "Tycoon"
   ],
   "RevisitNormal": "Y"
},
 {
   "dataName": "Waifu43",
   "string": "F_R11_02",
   "enable": true,
   "artComplete": true,
   "specific_person": "",
   "notes": "Hotori Suzukage",
   "idleVideoYoung": "tayta_councilors/F_R11_02",
   "idleVideoOld": "tayta_councilors/F_R11_02",
   "portraitYoung": "tayta_councilors/F_R11_02",
   "portraitOld": "tayta_councilors/F_R11_02",
   "iconYoung": "tayta_councilors/F_R11_02_icon",
   "iconOld": "tayta_councilors/F_R11_02_icon",
   "allowedGenders": [
      "Female",
      "Nonbinary"
   ],
   "year": "",
   "allowedAncestries": [
      "Oceanic",
      "EastAsian"
   ],
   "allowedJobNames": [
      "Rebel",
      "Operative",
      "Fixer",
      "Spy",
      "Kingpin",
      "Activist",
      "Inspector",
      "Officer",
      "Judge",
      "Politician",
      "Executive",
      "Journalist",
      "Commando",
      "Evangelist",
      "Diplomat",
      "Hacker",
      "Investigator",
      "Celebrity",
      "TechMogul",
      "Scientist",
      "Astronaut",
      "Professor",
      "Tycoon"
   ],
   "RevisitNormal": "Y"
},
 {
   "dataName": "Waifu44",
   "string": "F_R11_03",
   "enable": true,
   "artComplete": true,
   "specific_person": "",
   "notes": "Kali Utsumi",
   "idleVideoYoung": "tayta_councilors/F_R11_03_Summer",
   "idleVideoOld": "tayta_councilors/F_R11_03_Summer",
   "portraitYoung": "tayta_councilors/F_R11_03_Summer",
   "portraitOld": "tayta_councilors/F_R11_03_Summer",
   "iconYoung": "tayta_councilors/F_R11_03_Summer_icon",
   "iconOld": "tayta_councilors/F_R11_03_Summer_icon",
   "allowedGenders": [
      "Female",
      "Nonbinary"
   ],
   "year": "",
   "allowedAncestries": [
      "Oceanic",
      "EastAsian"
   ],
   "allowedJobNames": [
      "Rebel",
      "Operative",
      "Fixer",
      "Spy",
      "Kingpin",
      "Activist",
      "Inspector",
      "Officer",
      "Judge",
      "Politician",
      "Executive",
      "Journalist",
      "Commando",
      "Evangelist",
      "Diplomat",
      "Hacker",
      "Investigator",
      "Celebrity",
      "TechMogul",
      "Scientist",
      "Astronaut",
      "Professor",
      "Tycoon"
   ],
   "RevisitNormal": "Y"
},
 {
   "dataName": "Waifu45",
   "string": "F_R11_04",
   "enable": true,
   "artComplete": true,
   "specific_person": "",
   "notes": "Kokoro Fuyukawa",
   "idleVideoYoung": "tayta_councilors/F_R11_04_Summer",
   "idleVideoOld": "tayta_councilors/F_R11_04_Summer",
   "portraitYoung": "tayta_councilors/F_R11_04_Summer",
   "portraitOld": "tayta_councilors/F_R11_04_Summer",
   "iconYoung": "tayta_councilors/F_R11_04_Summer_icon",
   "iconOld": "tayta_councilors/F_R11_04_Summer_icon",
   "allowedGenders": [
      "Female",
      "Nonbinary"
   ],
   "year": "",
   "allowedAncestries": [
      "Oceanic",
      "EastAsian"
   ],
   "allowedJobNames": [
      "Rebel",
      "Operative",
      "Fixer",
      "Spy",
      "Kingpin",
      "Activist",
      "Inspector",
      "Officer",
      "Judge",
      "Politician",
      "Executive",
      "Journalist",
      "Commando",
      "Evangelist",
      "Diplomat",
      "Hacker",
      "Investigator",
      "Celebrity",
      "TechMogul",
      "Scientist",
      "Astronaut",
      "Professor",
      "Tycoon"
   ],
   "RevisitNormal": "Y"
},
 {
   "dataName": "Waifu46",
   "string": "F_R11_05",
   "enable": true,
   "artComplete": true,
   "specific_person": "",
   "notes": "Lin Mayuzumi",
   "idleVideoYoung": "tayta_councilors/F_R11_05_Summer",
   "idleVideoOld": "tayta_councilors/F_R11_05_Summer",
   "portraitYoung": "tayta_councilors/F_R11_05_Summer",
   "portraitOld": "tayta_councilors/F_R11_05_Summer",
   "iconYoung": "tayta_councilors/F_R11_05_Summer_icon",
   "iconOld": "tayta_councilors/F_R11_05_Summer_icon",
   "allowedGenders": [
      "Female",
      "Nonbinary"
   ],
   "year": "",
   "allowedAncestries": [
      "Oceanic",
      "EastAsian"
   ],
   "allowedJobNames": [
      "Rebel",
      "Operative",
      "Fixer",
      "Spy",
      "Kingpin",
      "Activist",
      "Inspector",
      "Officer",
      "Judge",
      "Politician",
      "Executive",
      "Journalist",
      "Commando",
      "Evangelist",
      "Diplomat",
      "Hacker",
      "Investigator",
      "Celebrity",
      "TechMogul",
      "Scientist",
      "Astronaut",
      "Professor",
      "Tycoon"
   ],
   "RevisitNormal": "Y"
},
 {
   "dataName": "Waifu47",
   "string": "F_R11_06",
   "enable": true,
   "artComplete": true,
   "specific_person": "",
   "notes": "Sayaka Yukidoh",
   "idleVideoYoung": "tayta_councilors/F_R11_06",
   "idleVideoOld": "tayta_councilors/F_R11_06",
   "portraitYoung": "tayta_councilors/F_R11_06",
   "portraitOld": "tayta_councilors/F_R11_06",
   "iconYoung": "tayta_councilors/F_R11_06_icon",
   "iconOld": "tayta_councilors/F_R11_06_icon",
   "allowedGenders": [
      "Female",
      "Nonbinary"
   ],
   "year": "",
   "allowedAncestries": [
      "Oceanic",
      "EastAsian"
   ],
   "allowedJobNames": [
      "Rebel",
      "Operative",
      "Fixer",
      "Spy",
      "Kingpin",
      "Activist",
      "Inspector",
      "Officer",
      "Judge",
      "Politician",
      "Executive",
      "Journalist",
      "Commando",
      "Evangelist",
      "Diplomat",
      "Hacker",
      "Investigator",
      "Celebrity",
      "TechMogul",
      "Scientist",
      "Astronaut",
      "Professor",
      "Tycoon"
   ],
   "RevisitNormal": "Y"
},
 {
   "dataName": "Waifu48",
   "string": "M_R11_01",
   "enable": true,
   "artComplete": true,
   "specific_person": "",
   "notes": "Naoya Enomoto",
   "idleVideoYoung": "tayta_councilors/M_R11_01_Summer",
   "idleVideoOld": "tayta_councilors/M_R11_01_Summer",
   "portraitYoung": "tayta_councilors/M_R11_01_Summer",
   "portraitOld": "tayta_councilors/M_R11_01_Summer",
   "iconYoung": "tayta_councilors/M_R11_01_Summer_icon",
   "iconOld": "tayta_councilors/M_R11_01_Summer_icon",
   "allowedGenders": [
      "Male",
      "Nonbinary"
   ],
   "year": "",
   "allowedAncestries": [
      "Oceanic",
      "EastAsian"
   ],
   "allowedJobNames": [
      "Rebel",
      "Operative",
      "Fixer",
      "Spy",
      "Kingpin",
      "Activist",
      "Inspector",
      "Officer",
      "Judge",
      "Politician",
      "Executive",
      "Journalist",
      "Commando",
      "Evangelist",
      "Diplomat",
      "Hacker",
      "Investigator",
      "Celebrity",
      "TechMogul",
      "Scientist",
      "Astronaut",
      "Professor",
      "Tycoon"
   ],
   "RevisitNormal": "Y"
},
 {
   "dataName": "Waifu49",
   "string": "M_R11_02",
   "enable": true,
   "artComplete": true,
   "specific_person": "",
   "notes": "Satoru Yukidoh",
   "idleVideoYoung": "tayta_councilors/M_R11_02_Summer",
   "idleVideoOld": "tayta_councilors/M_R11_02_Summer",
   "portraitYoung": "tayta_councilors/M_R11_02_Summer",
   "portraitOld": "tayta_councilors/M_R11_02_Summer",
   "iconYoung": "tayta_councilors/M_R11_02_Summer_icon",
   "iconOld": "tayta_councilors/M_R11_02_Summer_icon",
   "allowedGenders": [
      "Male",
      "Nonbinary"
   ],
   "year": "",
   "allowedAncestries": [
      "Oceanic",
      "EastAsian"
   ],
   "allowedJobNames": [
      "Rebel",
      "Operative",
      "Fixer",
      "Spy",
      "Kingpin",
      "Activist",
      "Inspector",
      "Officer",
      "Judge",
      "Politician",
      "Executive",
      "Journalist",
      "Commando",
      "Evangelist",
      "Diplomat",
      "Hacker",
      "Investigator",
      "Celebrity",
      "TechMogul",
      "Scientist",
      "Astronaut",
      "Professor",
      "Tycoon"
   ],
   "RevisitNormal": "Y"
},
 {
   "dataName": "Waifu50",
   "string": "M_R11_03",
   "enable": true,
   "artComplete": true,
   "specific_person": "",
   "notes": "Seiji Yomogi",
   "idleVideoYoung": "tayta_councilors/M_R11_03_Summer",
   "idleVideoOld": "tayta_councilors/M_R11_03_Summer",
   "portraitYoung": "tayta_councilors/M_R11_03_Summer",
   "portraitOld": "tayta_councilors/M_R11_03_Summer",
   "iconYoung": "tayta_councilors/M_R11_03_Summer_icon",
   "iconOld": "tayta_councilors/M_R11_03_Summer_icon",
   "allowedGenders": [
      "Male",
      "Nonbinary"
   ],
   "year": "",
   "allowedAncestries": [
      "Oceanic",
      "EastAsian"
   ],
   "allowedJobNames": [
      "Rebel",
      "Operative",
      "Fixer",
      "Spy",
      "Kingpin",
      "Activist",
      "Inspector",
      "Officer",
      "Judge",
      "Politician",
      "Executive",
      "Journalist",
      "Commando",
      "Evangelist",
      "Diplomat",
      "Hacker",
      "Investigator",
      "Celebrity",
      "TechMogul",
      "Scientist",
      "Astronaut",
      "Professor",
      "Tycoon"
   ],
   "RevisitNormal": "Y"
},
 {
   "dataName": "Waifu51",
   "string": "M_R11_04",
   "enable": true,
   "artComplete": true,
   "specific_person": "",
   "notes": "Yuni Kusuda",
   "idleVideoYoung": "tayta_councilors/M_R11_04_Summer",
   "idleVideoOld": "tayta_councilors/M_R11_04_Summer",
   "portraitYoung": "tayta_councilors/M_R11_04_Summer",
   "portraitOld": "tayta_councilors/M_R11_04_Summer",
   "iconYoung": "tayta_councilors/M_R11_04_Summer_icon",
   "iconOld": "tayta_councilors/M_R11_04_Summer_icon",
   "allowedGenders": [
      "Male",
      "Nonbinary"
   ],
   "year": "",
   "allowedAncestries": [
      "Oceanic",
      "EastAsian"
   ],
   "allowedJobNames": [
      "Rebel",
      "Operative",
      "Fixer",
      "Spy",
      "Kingpin",
      "Activist",
      "Inspector",
      "Officer",
      "Judge",
      "Politician",
      "Executive",
      "Journalist",
      "Commando",
      "Evangelist",
      "Diplomat",
      "Hacker",
      "Investigator",
      "Celebrity",
      "TechMogul",
      "Scientist",
      "Astronaut",
      "Professor",
      "Tycoon"
   ],
   "RevisitNormal": "Y"
},
 {
   "dataName": "Waifu52",
   "string": "F_RDB_01",
   "enable": true,
   "artComplete": true,
   "specific_person": "",
   "notes": "Ena Tsubakiyama",
   "idleVideoYoung": "tayta_councilors/F_RDB_01_Civilian",
   "idleVideoOld": "tayta_councilors/F_RDB_01_Civilian",
   "portraitYoung": "tayta_councilors/F_RDB_01_Civilian",
   "portraitOld": "tayta_councilors/F_RDB_01_Civilian",
   "iconYoung": "tayta_councilors/F_RDB_01_Civilian_icon",
   "iconOld": "tayta_councilors/F_RDB_01_Civilian_icon",
   "allowedGenders": [
      "Female",
      "Nonbinary"
   ],
   "year": "",
   "allowedAncestries": [
      "Oceanic",
      "EastAsian"
   ],
   "allowedJobNames": [
      "Rebel",
      "Operative",
      "Fixer",
      "Spy",
      "Kingpin",
      "Activist",
      "Inspector",
      "Officer",
      "Judge",
      "Politician",
      "Executive",
      "Journalist",
      "Commando",
      "Evangelist",
      "Diplomat",
      "Hacker",
      "Investigator",
      "Celebrity",
      "TechMogul",
      "Scientist",
      "Astronaut",
      "Professor",
      "Tycoon"
   ],
   "RevisitNormal": "Y"
},
 {
   "dataName": "Waifu53",
   "string": "F_RDB_02",
   "enable": true,
   "artComplete": true,
   "specific_person": "",
   "notes": "Jun Moribe",
   "idleVideoYoung": "tayta_councilors/F_RDB_02_Fatigues",
   "idleVideoOld": "tayta_councilors/F_RDB_02_Fatigues",
   "portraitYoung": "tayta_councilors/F_RDB_02_Fatigues",
   "portraitOld": "tayta_councilors/F_RDB_02_Fatigues",
   "iconYoung": "tayta_councilors/F_RDB_02_Fatigues_icon",
   "iconOld": "tayta_councilors/F_RDB_02_Fatigues_icon",
   "allowedGenders": [
      "Female",
      "Nonbinary"
   ],
   "year": "",
   "allowedAncestries": [
      "Oceanic",
      "EastAsian"
   ],
   "allowedJobNames": [
      "Rebel",
      "Operative",
      "Fixer",
      "Spy",
      "Kingpin",
      "Activist",
      "Inspector",
      "Officer",
      "Judge",
      "Politician",
      "Executive",
      "Journalist",
      "Commando",
      "Evangelist",
      "Diplomat",
      "Hacker",
      "Investigator",
      "Celebrity",
      "TechMogul",
      "Scientist",
      "Astronaut",
      "Professor",
      "Tycoon"
   ],
   "RevisitNormal": "Y"
},
 {
   "dataName": "Waifu54",
   "string": "F_RDB_03",
   "enable": true,
   "artComplete": true,
   "specific_person": "",
   "notes": "Kazami Tachibana",
   "idleVideoYoung": "tayta_councilors/F_RDB_03_Fatigues",
   "idleVideoOld": "tayta_councilors/F_RDB_03_Fatigues",
   "portraitYoung": "tayta_councilors/F_RDB_03_Fatigues",
   "portraitOld": "tayta_councilors/F_RDB_03_Fatigues",
   "iconYoung": "tayta_councilors/F_RDB_03_Fatigues_icon",
   "iconOld": "tayta_councilors/F_RDB_03_Fatigues_icon",
   "allowedGenders": [
      "Female",
      "Nonbinary"
   ],
   "year": "",
   "allowedAncestries": [
      "Oceanic",
      "EastAsian"
   ],
   "allowedJobNames": [
      "Rebel",
      "Operative",
      "Fixer",
      "Spy",
      "Kingpin",
      "Activist",
      "Inspector",
      "Officer",
      "Judge",
      "Politician",
      "Executive",
      "Journalist",
      "Commando",
      "Evangelist",
      "Diplomat",
      "Hacker",
      "Investigator",
      "Celebrity",
      "TechMogul",
      "Scientist",
      "Astronaut",
      "Professor",
      "Tycoon"
   ],
   "RevisitNormal": "Y"
},
 {
   "dataName": "Waifu55",
   "string": "F_RDB_04",
   "enable": true,
   "artComplete": true,
   "specific_person": "",
   "notes": "Mashiro Toba",
   "idleVideoYoung": "tayta_councilors/F_RDB_04_Summer",
   "idleVideoOld": "tayta_councilors/F_RDB_04_Summer",
   "portraitYoung": "tayta_councilors/F_RDB_04_Summer",
   "portraitOld": "tayta_councilors/F_RDB_04_Summer",
   "iconYoung": "tayta_councilors/F_RDB_04_Summer_icon",
   "iconOld": "tayta_councilors/F_RDB_04_Summer_icon",
   "allowedGenders": [
      "Female",
      "Nonbinary"
   ],
   "year": "",
   "allowedAncestries": [
      "Oceanic",
      "EastAsian"
   ],
   "allowedJobNames": [
      "Rebel",
      "Operative",
      "Fixer",
      "Spy",
      "Kingpin",
      "Activist",
      "Inspector",
      "Officer",
      "Judge",
      "Politician",
      "Executive",
      "Journalist",
      "Commando",
      "Evangelist",
      "Diplomat",
      "Hacker",
      "Investigator",
      "Celebrity",
      "TechMogul",
      "Scientist",
      "Astronaut",
      "Professor",
      "Tycoon"
   ],
   "RevisitNormal": "Y"
},
 {
   "dataName": "Waifu56",
   "string": "F_RDB_05",
   "enable": true,
   "artComplete": true,
   "specific_person": "",
   "notes": "Miyoko Tenkawa",
   "idleVideoYoung": "tayta_councilors/F_RDB_05_Civilian",
   "idleVideoOld": "tayta_councilors/F_RDB_05_Civilian",
   "portraitYoung": "tayta_councilors/F_RDB_05_Civilian",
   "portraitOld": "tayta_councilors/F_RDB_05_Civilian",
   "iconYoung": "tayta_councilors/F_RDB_05_Civilian_icon",
   "iconOld": "tayta_councilors/F_RDB_05_Civilian_icon",
   "allowedGenders": [
      "Female",
      "Nonbinary"
   ],
   "year": "",
   "allowedAncestries": [
      "Oceanic",
      "EastAsian"
   ],
   "allowedJobNames": [
      "Rebel",
      "Operative",
      "Fixer",
      "Spy",
      "Kingpin",
      "Activist",
      "Inspector",
      "Officer",
      "Judge",
      "Politician",
      "Executive",
      "Journalist",
      "Commando",
      "Evangelist",
      "Diplomat",
      "Hacker",
      "Investigator",
      "Celebrity",
      "TechMogul",
      "Scientist",
      "Astronaut",
      "Professor",
      "Tycoon"
   ],
   "RevisitNormal": "Y"
},
 {
   "dataName": "Waifu57",
   "string": "F_RDB_06",
   "enable": true,
   "artComplete": true,
   "specific_person": "",
   "notes": "Sannomiya Louise Yui",
   "idleVideoYoung": "tayta_councilors/F_RDB_06_Summer",
   "idleVideoOld": "tayta_councilors/F_RDB_06_Summer",
   "portraitYoung": "tayta_councilors/F_RDB_06_Summer",
   "portraitOld": "tayta_councilors/F_RDB_06_Summer",
   "iconYoung": "tayta_councilors/F_RDB_06_Summer_icon",
   "iconOld": "tayta_councilors/F_RDB_06_Summer_icon",
   "allowedGenders": [
      "Female",
      "Nonbinary"
   ],
   "year": "",
   "allowedAncestries": [
      "Oceanic",
      "EastAsian"
   ],
   "allowedJobNames": [
      "Rebel",
      "Operative",
      "Fixer",
      "Spy",
      "Kingpin",
      "Activist",
      "Inspector",
      "Officer",
      "Judge",
      "Politician",
      "Executive",
      "Journalist",
      "Commando",
      "Evangelist",
      "Diplomat",
      "Hacker",
      "Investigator",
      "Celebrity",
      "TechMogul",
      "Scientist",
      "Astronaut",
      "Professor",
      "Tycoon"
   ],
   "RevisitNormal": "Y"
},
 {
   "dataName": "Waifu58",
   "string": "F_RDB_07",
   "enable": true,
   "artComplete": true,
   "specific_person": "",
   "notes": "Subject N",
   "idleVideoYoung": "tayta_councilors/F_RDB_07_Summer",
   "idleVideoOld": "tayta_councilors/F_RDB_07_Summer",
   "portraitYoung": "tayta_councilors/F_RDB_07_Summer",
   "portraitOld": "tayta_councilors/F_RDB_07_Summer",
   "iconYoung": "tayta_councilors/F_RDB_07_Summer_icon",
   "iconOld": "tayta_councilors/F_RDB_07_Summer_icon",
   "allowedGenders": [
      "Female",
      "Nonbinary"
   ],
   "year": "",
   "allowedAncestries": [
      "Oceanic",
      "EastAsian"
   ],
   "allowedJobNames": [
      "Rebel",
      "Operative",
      "Fixer",
      "Spy",
      "Kingpin",
      "Activist",
      "Inspector",
      "Officer",
      "Judge",
      "Politician",
      "Executive",
      "Journalist",
      "Commando",
      "Evangelist",
      "Diplomat",
      "Hacker",
      "Investigator",
      "Celebrity",
      "TechMogul",
      "Scientist",
      "Astronaut",
      "Professor",
      "Tycoon"
   ],
   "RevisitNormal": "Y"
},
 {
   "dataName": "Waifu59",
   "string": "F_RDB_08",
   "enable": true,
   "artComplete": true,
   "specific_person": "",
   "notes": "Nagisa Tachibana",
   "idleVideoYoung": "tayta_councilors/F_RDB_08_Casual",
   "idleVideoOld": "tayta_councilors/F_RDB_08_Casual",
   "portraitYoung": "tayta_councilors/F_RDB_08_Casual",
   "portraitOld": "tayta_councilors/F_RDB_08_Casual",
   "iconYoung": "tayta_councilors/F_RDB_08_Casual_icon",
   "iconOld": "tayta_councilors/F_RDB_08_Casual_icon",
   "allowedGenders": [
      "Female",
      "Nonbinary"
   ],
   "year": "",
   "allowedAncestries": [
      "Oceanic",
      "EastAsian"
   ],
   "allowedJobNames": [
      "Rebel",
      "Operative",
      "Fixer",
      "Spy",
      "Kingpin",
      "Activist",
      "Inspector",
      "Officer",
      "Judge",
      "Politician",
      "Executive",
      "Journalist",
      "Commando",
      "Evangelist",
      "Diplomat",
      "Hacker",
      "Investigator",
      "Celebrity",
      "TechMogul",
      "Scientist",
      "Astronaut",
      "Professor",
      "Tycoon"
   ],
   "RevisitNormal": "Y"
},
 {
   "dataName": "Waifu60",
   "string": "F_RDB_09",
   "enable": true,
   "artComplete": true,
   "specific_person": "",
   "notes": "Yuuri Kotono",
   "idleVideoYoung": "tayta_councilors/F_RDB_09_Civilian",
   "idleVideoOld": "tayta_councilors/F_RDB_09_Civilian",
   "portraitYoung": "tayta_councilors/F_RDB_09_Civilian",
   "portraitOld": "tayta_councilors/F_RDB_09_Civilian",
   "iconYoung": "tayta_councilors/F_RDB_09_Civilian_icon",
   "iconOld": "tayta_councilors/F_RDB_09_Civilian_icon",
   "allowedGenders": [
      "Female",
      "Nonbinary"
   ],
   "year": "",
   "allowedAncestries": [
      "Oceanic",
      "EastAsian"
   ],
   "allowedJobNames": [
      "Rebel",
      "Operative",
      "Fixer",
      "Spy",
      "Kingpin",
      "Activist",
      "Inspector",
      "Officer",
      "Judge",
      "Politician",
      "Executive",
      "Journalist",
      "Commando",
      "Evangelist",
      "Diplomat",
      "Hacker",
      "Investigator",
      "Celebrity",
      "TechMogul",
      "Scientist",
      "Astronaut",
      "Professor",
      "Tycoon"
   ],
   "RevisitNormal": "Y"
},
 {
   "dataName": "Waifu61",
   "string": "F_RDB_10",
   "enable": true,
   "artComplete": true,
   "specific_person": "",
   "notes": "Wataru Kasasagi",
   "idleVideoYoung": "tayta_councilors/F_RDB_10_Casual",
   "idleVideoOld": "tayta_councilors/F_RDB_10_Casual",
   "portraitYoung": "tayta_councilors/F_RDB_10_Casual",
   "portraitOld": "tayta_councilors/F_RDB_10_Casual",
   "iconYoung": "tayta_councilors/F_RDB_10_Casual_icon",
   "iconOld": "tayta_councilors/F_RDB_10_Casual_icon",
   "allowedGenders": [
      "Female",
      "Nonbinary"
   ],
   "year": "",
   "allowedAncestries": [
      "Oceanic",
      "EastAsian"
   ],
   "allowedJobNames": [
      "Rebel",
      "Operative",
      "Fixer",
      "Spy",
      "Kingpin",
      "Activist",
      "Inspector",
      "Officer",
      "Judge",
      "Politician",
      "Executive",
      "Journalist",
      "Commando",
      "Evangelist",
      "Diplomat",
      "Hacker",
      "Investigator",
      "Celebrity",
      "TechMogul",
      "Scientist",
      "Astronaut",
      "Professor",
      "Tycoon"
   ],
   "RevisitNormal": "Y"
},
 {
   "dataName": "Waifu62",
   "string": "M_RDB_01",
   "enable": true,
   "artComplete": true,
   "specific_person": "",
   "notes": "Natsuhiko Tenkawa",
   "idleVideoYoung": "tayta_councilors/M_RDB_01_Summer",
   "idleVideoOld": "tayta_councilors/M_RDB_01_Summer",
   "portraitYoung": "tayta_councilors/M_RDB_01_Summer",
   "portraitOld": "tayta_councilors/M_RDB_01_Summer",
   "iconYoung": "tayta_councilors/M_RDB_01_Summer_icon",
   "iconOld": "tayta_councilors/M_RDB_01_Summer_icon",
   "allowedGenders": [
      "Male",
      "Nonbinary"
   ],
   "year": "",
   "allowedAncestries": [
      "Oceanic",
      "EastAsian"
   ],
   "allowedJobNames": [
      "Rebel",
      "Operative",
      "Fixer",
      "Spy",
      "Kingpin",
      "Activist",
      "Inspector",
      "Officer",
      "Judge",
      "Politician",
      "Executive",
      "Journalist",
      "Commando",
      "Evangelist",
      "Diplomat",
      "Hacker",
      "Investigator",
      "Celebrity",
      "TechMogul",
      "Scientist",
      "Astronaut",
      "Professor",
      "Tycoon"
   ],
   "RevisitNormal": "Y"
},
 {
   "dataName": "Waifu63",
   "string": "M_RDB_02",
   "enable": true,
   "artComplete": true,
   "specific_person": "",
   "notes": "Ukita Keiji",
   "idleVideoYoung": "tayta_councilors/M_RDB_02_Summer",
   "idleVideoOld": "tayta_councilors/M_RDB_02_Summer",
   "portraitYoung": "tayta_councilors/M_RDB_02_Summer",
   "portraitOld": "tayta_councilors/M_RDB_02_Summer",
   "iconYoung": "tayta_councilors/M_RDB_02_Summer_icon",
   "iconOld": "tayta_councilors/M_RDB_02_Summer_icon",
   "allowedGenders": [
      "Male",
      "Nonbinary"
   ],
   "year": "",
   "allowedAncestries": [
      "Oceanic",
      "EastAsian"
   ],
   "allowedJobNames": [
      "Rebel",
      "Operative",
      "Fixer",
      "Spy",
      "Kingpin",
      "Activist",
      "Inspector",
      "Officer",
      "Judge",
      "Politician",
      "Executive",
      "Journalist",
      "Commando",
      "Evangelist",
      "Diplomat",
      "Hacker",
      "Investigator",
      "Celebrity",
      "TechMogul",
      "Scientist",
      "Astronaut",
      "Professor",
      "Tycoon"
   ],
   "RevisitNormal": "Y"
},
 {
   "dataName": "Waifu64",
   "string": "M_RDB_03",
   "enable": true,
   "artComplete": true,
   "specific_person": "",
   "notes": "Watase Kasasagi",
   "idleVideoYoung": "tayta_councilors/M_RDB_03_Summer",
   "idleVideoOld": "tayta_councilors/M_RDB_03_Summer",
   "portraitYoung": "tayta_councilors/M_RDB_03_Summer",
   "portraitOld": "tayta_councilors/M_RDB_03_Summer",
   "iconYoung": "tayta_councilors/M_RDB_03_Summer_icon",
   "iconOld": "tayta_councilors/M_RDB_03_Summer_icon",
   "allowedGenders": [
      "Male",
      "Nonbinary"
   ],
   "year": "",
   "allowedAncestries": [
      "Oceanic",
      "EastAsian"
   ],
   "allowedJobNames": [
      "Rebel",
      "Operative",
      "Fixer",
      "Spy",
      "Kingpin",
      "Activist",
      "Inspector",
      "Officer",
      "Judge",
      "Politician",
      "Executive",
      "Journalist",
      "Commando",
      "Evangelist",
      "Diplomat",
      "Hacker",
      "Investigator",
      "Celebrity",
      "TechMogul",
      "Scientist",
      "Astronaut",
      "Professor",
      "Tycoon"
   ],
   "RevisitNormal": "Y"
}
]