<?xml version="1.0" encoding="UTF-8"?>
<objects serializationModel="Studio.02.01.00">
	<object class="Workspace" id="{6ac6a9b7-d1d1-4f5c-bd92-7b7dbe885a32}">
		<relationship name="projectSettings">
			<destination>{783d802a-6b3a-437c-8171-b04a276d93d3}</destination>
		</relationship>
		<relationship name="changelist">
			<destination>{2df2b7f3-e157-4d15-b2fa-7c5a84cbe6fc}</destination>
		</relationship>
	</object>
	<object class="ProjectSettings" id="{783d802a-6b3a-437c-8171-b04a276d93d3}">
		<relationship name="activePlatform">
			<destination>{8cbced86-391a-4e93-9a73-35a832e929f1}</destination>
		</relationship>
	</object>
	<object class="WorkspaceChangelist" id="{2df2b7f3-e157-4d15-b2fa-7c5a84cbe6fc}" />
</objects>
